cell,seed,target_n,survey_sd,transport_sd,oracle_cov_true,oracle_cov_tilde,oracle_width,plugin_cov_true,plugin_cov_tilde,plugin_width,da_wc_cov_true,da_wc_cov_tilde,da_wc_width,da_stud_cov_true,da_stud_width,da_stud_cov_tilde,da_stud_width_val
A_baseline,0,1500,0.01475975191177072,0.04352077610031385,1.0,1.0,0.1856937271643231,1.0,1.0,0.21339316764131597,1.0,1.0,0.27969957957816494,1.0,0.18240760123496474,1.0,0.1892478935641408
A_baseline,1,1500,0.013802674286889357,0.03535233058430106,1.0,1.0,0.155522845851725,1.0,1.0,0.19197083451407,1.0,1.0,0.26974599025740886,1.0,0.15470421297889686,1.0,0.17000585265172988
A_baseline,2,1500,0.01466821257989568,0.04026467872912303,1.0,1.0,0.17126269068520553,1.0,1.0,0.21893081111705945,1.0,1.0,0.3240996139164703,1.0,0.18454958449785033,1.0,0.19386792342775466
A_baseline,3,1500,0.013967838648923389,0.044902143638949565,1.0,1.0,0.2173053049206421,1.0,1.0,0.21315049801567615,1.0,1.0,0.2946061987210762,1.0,0.18782910351722942,1.0,0.19879839949403472
A_baseline,4,1500,0.014533310298142399,0.0433323491979707,1.0,1.0,0.1882985060913842,1.0,1.0,0.24958648231616304,1.0,1.0,0.2951099103157994,1.0,0.2121757643389174,1.0,0.22874768485754524
A_baseline,5,1500,0.013985094362053432,0.03801714124123563,1.0,1.0,0.20116656321329884,1.0,1.0,0.19443968029710368,1.0,1.0,0.2690884420217584,1.0,0.17753892253652503,1.0,0.18566189542975736
A_baseline,6,1500,0.014768716404858497,0.037384590476023764,1.0,1.0,0.1608972470291226,1.0,1.0,0.2017557044280273,1.0,1.0,0.26344200121641925,1.0,0.1866928746200685,1.0,0.20399329842390862
A_baseline,7,1500,0.01421174684939515,0.03630158597174098,1.0,0.0,0.16661928084622163,1.0,1.0,0.18495083647065555,1.0,1.0,0.2683184272326417,1.0,0.15757040487238752,1.0,0.1672658570049708
A_baseline,8,1500,0.014554822776048188,0.04424459619399479,1.0,1.0,0.2374156944899159,1.0,1.0,0.23467882233741982,1.0,1.0,0.2993009344151333,1.0,0.2254116941526175,1.0,0.24140711079838253
A_baseline,9,1500,0.014146865725130058,0.041979789269836705,1.0,1.0,0.1956213289299179,1.0,1.0,0.2152518894873628,1.0,1.0,0.2831587751335715,1.0,0.19470400620285216,1.0,0.20728884798817634
A_baseline,10,1500,0.014735000548017364,0.036656576438313306,1.0,1.0,0.1646422572778308,1.0,1.0,0.20145329027785897,1.0,1.0,0.2994605288624952,1.0,0.15824301538770563,1.0,0.1692598729173933
A_baseline,11,1500,0.014017891300951012,0.04080666667388781,1.0,1.0,0.16294992896687613,1.0,1.0,0.21497919007393013,1.0,1.0,0.28702787102400396,1.0,0.19557328930159884,1.0,0.20462401494136095
A_baseline,12,1500,0.01447923737108997,0.04311518678424196,1.0,1.0,0.18890106924130567,1.0,1.0,0.2286415640382707,1.0,1.0,0.32515378578480686,1.0,0.20224524691723778,1.0,0.20898383635638212
A_baseline,13,1500,0.014755006236888203,0.04185968686533253,1.0,1.0,0.17805725157275498,1.0,1.0,0.1669105422129053,1.0,1.0,0.2717734763910998,1.0,0.1581265550978282,1.0,0.1675276732559809
A_baseline,14,1500,0.014657493645490995,0.036699415851153716,1.0,1.0,0.16946685621223467,1.0,1.0,0.20997447181509332,1.0,1.0,0.28032906420319204,1.0,0.18202044746073742,1.0,0.19124685759074317
A_baseline,15,1500,0.014337566167965787,0.044476400093091145,1.0,1.0,0.21736663379234927,1.0,1.0,0.2387134969037509,1.0,1.0,0.29041112692612037,1.0,0.20745583704340112,1.0,0.2158933709879109
A_baseline,16,1500,0.014235081495276273,0.04995623406017334,1.0,1.0,0.20748174469177627,1.0,1.0,0.22716801652660706,1.0,1.0,0.3083731484543109,1.0,0.2051112961662386,1.0,0.2121990081112269
A_baseline,17,1500,0.014590397982216329,0.04432931893531585,1.0,0.0,0.19784681255309614,1.0,1.0,0.22748188965510402,1.0,1.0,0.2934936431502087,1.0,0.2051953280085188,1.0,0.22101776975316953
A_baseline,18,1500,0.014237348624158767,0.042667510525058946,1.0,1.0,0.22530314598771817,1.0,1.0,0.2367382453421653,1.0,1.0,0.30748989546849376,1.0,0.19834406798039275,1.0,0.2080659931229385
A_baseline,19,1500,0.014737163439780076,0.049292302456384295,1.0,1.0,0.23050278539606467,1.0,1.0,0.22472676797502827,1.0,1.0,0.3111287701529001,1.0,0.22040089082495523,1.0,0.23077995728552664
A_baseline,20,1500,0.014480680291033046,0.05251879404311034,1.0,1.0,0.24858773656888075,1.0,1.0,0.26452837025856113,1.0,1.0,0.3455822702584548,1.0,0.23929659010704823,1.0,0.24718059942723122
A_baseline,21,1500,0.01432693727571014,0.03688548070595886,1.0,1.0,0.19306720189926901,1.0,1.0,0.1685189785771004,1.0,1.0,0.2669342608294646,1.0,0.1415444020221504,1.0,0.15565943938616839
A_baseline,22,1500,0.014531594807932346,0.042668468235507455,1.0,1.0,0.18879489371567265,1.0,1.0,0.20297775317441716,1.0,1.0,0.275397477800281,1.0,0.18707786814853594,1.0,0.1939921342604798
A_baseline,23,1500,0.014883933488410932,0.04776604845186781,1.0,1.0,0.23419976690912642,1.0,1.0,0.24685996198539958,1.0,1.0,0.32084571204282,1.0,0.2245648424400944,1.0,0.2350888613957208
A_baseline,24,1500,0.014555569228396464,0.03879623541950668,1.0,1.0,0.2318291372616089,1.0,1.0,0.27430449724679157,1.0,1.0,0.3465546786569025,1.0,0.21180979842383135,1.0,0.22956185749629157
A_baseline,25,1500,0.01437756596559251,0.04301762788346466,0.0,1.0,0.16350720634269555,1.0,1.0,0.20978061410466092,1.0,1.0,0.27108339421431227,0.0,0.19079736700881036,1.0,0.20241549668995434
A_baseline,26,1500,0.014372699217943293,0.03831124826308431,1.0,0.0,0.19171620360455507,1.0,0.0,0.20057324626088274,1.0,1.0,0.2768157076797291,1.0,0.18820650572915604,1.0,0.20613843406187415
A_baseline,27,1500,0.014151449592438492,0.04383359046460496,1.0,0.0,0.21684674200797333,1.0,0.0,0.2535223340947173,1.0,1.0,0.33448995608365506,1.0,0.22415168919045692,0.0,0.23584533243450193
A_baseline,28,1500,0.014097362433875233,0.03693214911642305,1.0,1.0,0.16037695089241616,1.0,1.0,0.17419236769969978,1.0,1.0,0.2217535745121527,1.0,0.17001293501368475,1.0,0.18940040780732353
A_baseline,29,1500,0.01442922199491954,0.04495490099093956,1.0,1.0,0.2187739173342768,1.0,1.0,0.23514325790460372,1.0,1.0,0.30827757905206205,1.0,0.20770973560702752,1.0,0.21887945914399967
A_baseline,30,1500,0.014380527771287047,0.045460423964668296,1.0,1.0,0.19106370226410505,1.0,1.0,0.23037331716835188,1.0,1.0,0.3180940319761655,1.0,0.1969857862583578,1.0,0.20536828966918907
A_baseline,31,1500,0.014650816539212581,0.03657816268664632,1.0,0.0,0.16290464922062312,1.0,1.0,0.1770698594849915,1.0,1.0,0.24743002974566206,1.0,0.1439650356011747,1.0,0.15720747400718849
A_baseline,32,1500,0.014232706137801625,0.035360546261250306,1.0,1.0,0.16100285366332137,1.0,1.0,0.20355613548806,1.0,1.0,0.28676033075508,1.0,0.1829083214849928,1.0,0.1948206059825039
A_baseline,33,1500,0.014495352872061806,0.0380397491611742,1.0,1.0,0.1471913082135463,1.0,1.0,0.17573857438944535,1.0,1.0,0.25075053240701467,1.0,0.14528778352898564,1.0,0.1581123432371481
A_baseline,34,1500,0.014877765214046218,0.042031558887049,1.0,1.0,0.1840454197142156,1.0,1.0,0.22651572554080585,1.0,1.0,0.2780045360524842,1.0,0.19730090893961136,1.0,0.21004628428320893
A_baseline,35,1500,0.014510018288786092,0.041577886222549584,1.0,0.0,0.17357676436554476,1.0,0.0,0.1947821663957625,1.0,1.0,0.2610602534094487,1.0,0.17911465360364412,0.0,0.19559040630517066
A_baseline,36,1500,0.014736735889754979,0.04101958915185309,1.0,1.0,0.20093382535356175,1.0,1.0,0.1876915381447009,1.0,1.0,0.27679014266445356,1.0,0.16461991635901488,1.0,0.17595528871172117
A_baseline,37,1500,0.014475592108744642,0.0407396515018036,1.0,1.0,0.17561153005832794,1.0,1.0,0.18707535489755917,1.0,1.0,0.2659924967094878,1.0,0.1805309207810455,1.0,0.1895276891650078
A_baseline,38,1500,0.014416623213441707,0.046493245907156595,0.0,0.0,0.18875210153308558,1.0,0.0,0.22988703320484363,1.0,1.0,0.2987084794084064,0.0,0.1939198557736008,0.0,0.20368883266517496
A_baseline,39,1500,0.014455962321492816,0.037368891845144143,1.0,0.0,0.1802496197305413,1.0,0.0,0.17973217226924948,1.0,1.0,0.2676435048798652,0.0,0.15850284064832335,0.0,0.16636940077040324
A_baseline,40,1500,0.014680752062979946,0.04411700870893103,1.0,1.0,0.23221027223334287,1.0,1.0,0.2316208283242661,1.0,1.0,0.3195226991985144,1.0,0.19049744620341186,1.0,0.2045385633110662
A_baseline,41,1500,0.014754370396915349,0.03878769537385392,1.0,1.0,0.20336495480906353,1.0,1.0,0.2576937187928169,1.0,1.0,0.3386016520671802,1.0,0.20280942231887983,1.0,0.2108198034929706
A_baseline,42,1500,0.014473982698984453,0.03265026918276884,0.0,0.0,0.14007701494858238,1.0,0.0,0.1609897155240624,1.0,1.0,0.26344701533346476,0.0,0.1421084116711972,0.0,0.15667578512514424
A_baseline,43,1500,0.014201643859199423,0.04776246835947438,1.0,1.0,0.21493065547854462,1.0,1.0,0.2787512669614859,1.0,1.0,0.35813982866557026,1.0,0.24372624115373548,1.0,0.2552780514584832
A_baseline,44,1500,0.01480246463464781,0.04479754076504328,1.0,1.0,0.17402073236151858,1.0,1.0,0.21616940101845356,1.0,1.0,0.30742690562886626,1.0,0.19864932296572135,1.0,0.20976393756981712
A_baseline,45,1500,0.014655948342390927,0.04115083687847722,1.0,0.0,0.18643582621493163,1.0,0.0,0.19469346444871258,1.0,1.0,0.27196347674406457,0.0,0.18325989878263643,0.0,0.19193403955568258
A_baseline,46,1500,0.014474186781295416,0.043168905363825436,1.0,1.0,0.20301634641842575,1.0,1.0,0.2176728701785649,1.0,1.0,0.3052467417983423,1.0,0.20261076389045724,1.0,0.21389418614773378
A_baseline,47,1500,0.014497139380159087,0.037167876662041424,1.0,1.0,0.15866101786467718,1.0,1.0,0.19329956626417547,1.0,1.0,0.2732474696399708,1.0,0.14634238390350723,1.0,0.15731513548415685
A_baseline,48,1500,0.014991782812826116,0.04168069341329046,1.0,1.0,0.16591897858256943,1.0,1.0,0.2081484058024366,1.0,1.0,0.2884664657673565,1.0,0.18391031530954977,1.0,0.19189043984057014
A_baseline,49,1500,0.014468461780802478,0.041391937127016575,1.0,1.0,0.19170510314488687,1.0,1.0,0.21650007801081905,1.0,1.0,0.2944692249252399,1.0,0.18915910580962012,1.0,0.20215422240412922
A_baseline,50,1500,0.014541515782740532,0.039700307136646004,1.0,1.0,0.17949536833220212,1.0,1.0,0.20895498657042816,1.0,1.0,0.28445974526895906,1.0,0.18984430039755412,1.0,0.2034232341072471
A_baseline,51,1500,0.014269342510390037,0.049915526802703634,1.0,1.0,0.2371996815868176,1.0,1.0,0.27611558206658593,1.0,1.0,0.35016899820550706,1.0,0.25062832826627296,1.0,0.26260277942842636
A_baseline,52,1500,0.014925526443226506,0.0350351862870877,1.0,1.0,0.1509001014616924,1.0,1.0,0.1745556456597651,1.0,1.0,0.2545150401204372,1.0,0.15908072738093706,1.0,0.17400015687183532
A_baseline,53,1500,0.014089083241263236,0.042934768254689074,1.0,1.0,0.2005060730325116,1.0,1.0,0.20678766616255548,1.0,1.0,0.2795885742662604,1.0,0.19567786196379286,1.0,0.20503015073430877
A_baseline,54,1500,0.014247523426890708,0.039354821972073774,1.0,1.0,0.17747864822460552,1.0,1.0,0.1798311536331902,1.0,1.0,0.24823894729005902,1.0,0.1643331286085224,1.0,0.17586406412326896
A_baseline,55,1500,0.014503233840862901,0.05276703776754116,1.0,1.0,0.2522818727569588,1.0,1.0,0.2578843713826381,1.0,1.0,0.3390631143868891,1.0,0.23956524483265013,1.0,0.258089391423525
A_baseline,56,1500,0.014459420010915384,0.040131248481804514,1.0,1.0,0.20769123986283183,1.0,1.0,0.18490620461842494,1.0,1.0,0.26564992969044615,1.0,0.16615722123372426,1.0,0.17798742227976672
A_baseline,57,1500,0.014116754558148233,0.03666628559709949,1.0,1.0,0.17568881166746786,1.0,1.0,0.15325429230658838,1.0,1.0,0.23308535005009928,1.0,0.15337806432924386,1.0,0.16428612753479374
A_baseline,58,1500,0.014412074731760387,0.03880129860909376,0.0,0.0,0.1735533127286916,0.0,0.0,0.1847307197225811,0.0,1.0,0.275921859952718,0.0,0.17295843543770298,0.0,0.18335016834530327
A_baseline,59,1500,0.014687264263697179,0.035994882920768814,1.0,0.0,0.1785714534848285,1.0,1.0,0.19318998253015723,1.0,1.0,0.26757324433326024,1.0,0.17663476221702196,1.0,0.1923858134148672
A_baseline,60,1500,0.014454162678285863,0.04436404160332923,1.0,1.0,0.21054736316400008,1.0,1.0,0.20384673597529607,1.0,1.0,0.2643049220435557,1.0,0.19082499062719785,1.0,0.20486517177317937
A_baseline,61,1500,0.014410480183593812,0.040623764812100664,1.0,1.0,0.20959926364225662,1.0,1.0,0.23388796424819658,1.0,1.0,0.3166375086434235,1.0,0.2041789815764874,1.0,0.21203384454356305
A_baseline,62,1500,0.014620403465548085,0.041714111543160556,1.0,1.0,0.1648168649244055,1.0,1.0,0.19509191035131057,1.0,1.0,0.3109686421130316,1.0,0.18259489281475597,1.0,0.1929644771194132
A_baseline,63,1500,0.014341061422469216,0.04623756452425461,1.0,1.0,0.18113755696064102,1.0,1.0,0.21696606442249583,1.0,1.0,0.3105532153478017,1.0,0.18078547966879152,1.0,0.19659833462062318
A_baseline,64,1500,0.014657735269711867,0.03437082652017207,1.0,1.0,0.13575721356628975,1.0,1.0,0.1744954530765743,1.0,1.0,0.2454525911185496,1.0,0.15397379899790312,1.0,0.1728353915537097
A_baseline,65,1500,0.014620512682967534,0.048932727021104475,1.0,1.0,0.216528620646655,1.0,1.0,0.2528331425340933,1.0,1.0,0.3269769514877378,1.0,0.21120969463724046,1.0,0.21805054546676983
A_baseline,66,1500,0.014519019872067397,0.042960770528950934,1.0,1.0,0.23561459596190515,1.0,1.0,0.2551773984958161,1.0,1.0,0.34159575097706146,1.0,0.21034142920501378,1.0,0.22452971412696843
A_baseline,67,1500,0.014351344619668114,0.03799581307491872,1.0,1.0,0.18019494883997883,1.0,1.0,0.191039064953585,1.0,1.0,0.2564959899050067,1.0,0.15815971295012815,1.0,0.1717113608272079
A_baseline,68,1500,0.014794873561091753,0.03671592305370566,1.0,1.0,0.1644358351147502,1.0,1.0,0.18985102937583198,1.0,1.0,0.2659789414168157,1.0,0.1751172698281216,1.0,0.1886272824745058
A_baseline,69,1500,0.014710869073643757,0.03915731773387126,0.0,0.0,0.16354923412901196,0.0,0.0,0.16589319465160396,0.0,0.0,0.24971531694769222,0.0,0.1529770523011647,0.0,0.16186795801287354
A_baseline,70,1500,0.014319283695020904,0.04334675056568142,1.0,1.0,0.17176346111924395,1.0,1.0,0.2148850734799273,1.0,1.0,0.30410092731025584,0.0,0.18588915293803832,1.0,0.19738315648797347
A_baseline,71,1500,0.014563412391788856,0.03632126021204145,1.0,1.0,0.16632066637373497,1.0,1.0,0.16073520561408067,1.0,1.0,0.2422690393982961,1.0,0.13966289653356498,0.0,0.1484372740102511
A_baseline,72,1500,0.014385476621084674,0.04250201590303622,1.0,1.0,0.17668122953896065,1.0,1.0,0.21397865496870044,1.0,1.0,0.275993364144405,1.0,0.20498250590129574,1.0,0.2168772118899292
A_baseline,73,1500,0.014484998896123634,0.04515506264749401,1.0,1.0,0.2333698372595864,1.0,1.0,0.22139209097618276,1.0,1.0,0.3027957039387137,1.0,0.20232192937348556,1.0,0.2117267083335924
A_baseline,74,1500,0.014210321299514307,0.04987852611223614,1.0,1.0,0.1997100377166568,1.0,1.0,0.24678890381996768,1.0,1.0,0.31913801946463327,1.0,0.226850015677369,1.0,0.23363710738030977
A_baseline,75,1500,0.014389857981491318,0.040140323979245315,1.0,1.0,0.18401578184827283,1.0,0.0,0.16790255574725488,1.0,1.0,0.2892307898017049,1.0,0.14437716592459077,0.0,0.15571846190650246
A_baseline,76,1500,0.014174441876110144,0.044022357617078435,1.0,1.0,0.18981209929859952,1.0,1.0,0.2245638990037977,1.0,1.0,0.3107034753773844,1.0,0.2016219790085029,1.0,0.21465691390208108
A_baseline,77,1500,0.01467138443689824,0.039875530335127814,0.0,0.0,0.18616817983935427,0.0,0.0,0.18649180435789767,1.0,1.0,0.27567905168475126,0.0,0.1625041402453489,0.0,0.17748547081466132
A_baseline,78,1500,0.014939337931669997,0.045067636516833647,1.0,1.0,0.21736692422752535,1.0,1.0,0.23081370206449767,1.0,1.0,0.3205232979351001,1.0,0.2099177401582491,1.0,0.21887822192166323
A_baseline,79,1500,0.014250681637692672,0.042568580621829215,1.0,1.0,0.19950976135884776,1.0,1.0,0.18870363689427308,1.0,1.0,0.28583354959882384,1.0,0.17426014677140184,1.0,0.18442133508917846
A_baseline,80,1500,0.014522204644317816,0.042485227896487864,1.0,1.0,0.17296482723262877,1.0,1.0,0.20528390236534824,1.0,1.0,0.2792319303954801,1.0,0.18719328323235368,1.0,0.19449334482865943
A_baseline,81,1500,0.014297895353851717,0.04313653509890052,1.0,1.0,0.198487088189096,1.0,1.0,0.21472678862204306,1.0,1.0,0.2830957338449547,1.0,0.18532529969924058,0.0,0.1948641299183052
A_baseline,82,1500,0.014579980482060328,0.043433160107072384,1.0,1.0,0.21488611150544773,1.0,1.0,0.23686073104316402,1.0,1.0,0.340282186750476,1.0,0.2061809300166595,1.0,0.2152383519857099
A_baseline,83,1500,0.014841050176830477,0.04178544287737281,1.0,1.0,0.16525655099773523,1.0,1.0,0.19099163338347996,1.0,1.0,0.2527782226020586,1.0,0.17744526855185122,1.0,0.1923907565112237
A_baseline,84,1500,0.014150748740209444,0.045351510991191654,1.0,1.0,0.1978774927801059,1.0,1.0,0.2029880556770519,1.0,1.0,0.30355130672605046,1.0,0.19143205137117233,1.0,0.2010943958835525
A_baseline,85,1500,0.014405194037821886,0.055158668915957464,1.0,1.0,0.23855179824679434,1.0,1.0,0.2713823553842162,1.0,1.0,0.31008464238011274,1.0,0.2562608336447429,1.0,0.2620464743651615
A_baseline,86,1500,0.014509442781991386,0.04558760376848118,1.0,1.0,0.22672549675148082,1.0,1.0,0.23551586449440087,1.0,1.0,0.3313877272468985,1.0,0.21613039726124902,1.0,0.22706925093738511
A_baseline,87,1500,0.014456155945107794,0.04042693466310042,1.0,1.0,0.19284474806573904,1.0,1.0,0.2295060867909166,1.0,1.0,0.3098156668843509,1.0,0.17108741036679243,1.0,0.18157297922446364
A_baseline,88,1500,0.014976577871185998,0.03671284297081563,1.0,1.0,0.15847952844661958,1.0,1.0,0.18687124961768226,1.0,1.0,0.26815081455636114,1.0,0.1707935366650894,1.0,0.1809055763651249
A_baseline,89,1500,0.014361552501055329,0.03697416804059568,1.0,1.0,0.14749647698374854,1.0,1.0,0.20290132249046833,1.0,1.0,0.285644529624908,1.0,0.17059369554947962,1.0,0.1856824040423868
A_baseline,90,1500,0.013785456155285867,0.043045979044059025,1.0,0.0,0.16820517373326443,1.0,1.0,0.20541563483774744,1.0,1.0,0.3123229206331375,1.0,0.19870349601604176,1.0,0.20856601142285047
A_baseline,91,1500,0.014118669669520684,0.03896927767313532,1.0,1.0,0.19205363703082018,1.0,1.0,0.19247370163799707,1.0,1.0,0.2604768934144051,1.0,0.16592713608293053,1.0,0.17462585342076983
A_baseline,92,1500,0.014223836379911944,0.04193967027953346,1.0,1.0,0.17265344907976382,1.0,1.0,0.21081541283381852,1.0,1.0,0.26382488877143706,1.0,0.20283059346174176,1.0,0.214241163282653
A_baseline,93,1500,0.01450028222301361,0.040128002142136084,1.0,1.0,0.1656754561286255,1.0,1.0,0.19390730234220357,1.0,1.0,0.26131428046230576,1.0,0.16697639739734388,1.0,0.17723478851168706
A_baseline,94,1500,0.014521783467392779,0.04280181022407058,1.0,1.0,0.16763577461768414,1.0,1.0,0.19369680097680714,1.0,1.0,0.26193764800415203,1.0,0.18470249872340538,1.0,0.1955195684233591
A_baseline,95,1500,0.014285165522499274,0.04249893490904517,1.0,1.0,0.18240793133954863,1.0,1.0,0.2071178630651259,1.0,1.0,0.2887754290021753,1.0,0.19736334092133964,1.0,0.20409211984562692
A_baseline,96,1500,0.014374866006538528,0.042620716210570404,1.0,1.0,0.16861264601087694,1.0,1.0,0.207089915320962,1.0,1.0,0.2787243922613051,1.0,0.17985533206071025,1.0,0.18998936713802284
A_baseline,97,1500,0.014384954811390462,0.04850727541469303,1.0,1.0,0.20348915105205062,1.0,1.0,0.2300735327368467,1.0,1.0,0.2951632785880512,1.0,0.21239323544766467,1.0,0.22206628983354237
A_baseline,98,1500,0.014755323032261231,0.043784548768492804,1.0,1.0,0.2025397362477926,1.0,1.0,0.22701021843282643,1.0,1.0,0.348977858988028,1.0,0.1750276201038385,1.0,0.18406795351323307
A_baseline,99,1500,0.014822578441128139,0.03667247710749337,1.0,1.0,0.18737439193798283,1.0,1.0,0.1984895850924118,1.0,1.0,0.2902509281619373,1.0,0.17670714469815585,1.0,0.20512555460107382
A_baseline,100,1500,0.014496371786426281,0.03962558232473499,1.0,1.0,0.1776329423025462,1.0,1.0,0.2003675936132371,1.0,1.0,0.2593543193138975,1.0,0.16730767680272998,1.0,0.18564310836295292
A_baseline,101,1500,0.01443624399829309,0.04718489219365578,1.0,1.0,0.20028572989094565,1.0,1.0,0.19905227028475278,1.0,1.0,0.2630175313880258,1.0,0.17814345475192186,1.0,0.18737235110741632
A_baseline,102,1500,0.0143852413247973,0.042719848180328424,1.0,1.0,0.19669667793163043,1.0,1.0,0.214084710429895,1.0,1.0,0.2884073801580961,1.0,0.19781483737341224,1.0,0.2077215376665298
A_baseline,103,1500,0.01455297690542037,0.043369900015532974,1.0,1.0,0.18672905610856966,1.0,1.0,0.19259261489536472,1.0,1.0,0.3065385943012792,1.0,0.1735314722437239,1.0,0.1867193311221387
A_baseline,104,1500,0.01443787086463843,0.042020730587075394,1.0,1.0,0.19828701782492475,1.0,1.0,0.22084695249592867,1.0,1.0,0.31689305305025883,1.0,0.19381858025441723,1.0,0.2102571266220395
A_baseline,105,1500,0.014685895028068498,0.04840584186146141,1.0,1.0,0.22124920400211137,1.0,1.0,0.23215542259448232,1.0,1.0,0.3276620418072858,1.0,0.22006897318186486,1.0,0.22998897416079628
A_baseline,106,1500,0.014480430242380287,0.04342369287732062,1.0,1.0,0.2026715833990722,1.0,1.0,0.19795081921254268,1.0,1.0,0.27476996869568715,1.0,0.16447154441540188,1.0,0.17295648998169771
A_baseline,107,1500,0.014298802476733367,0.045794851220494814,1.0,1.0,0.16861694047582204,1.0,1.0,0.21011539000632218,1.0,1.0,0.27035916482007954,1.0,0.19620890038349298,1.0,0.20663783036598488
A_baseline,108,1500,0.014278593568029121,0.051592289238241294,1.0,1.0,0.24705709919609178,1.0,1.0,0.25146470948410604,1.0,1.0,0.3280709231676714,1.0,0.232134158755198,1.0,0.24665269366699832
A_baseline,109,1500,0.01428326947464912,0.04308170927775394,1.0,1.0,0.21685496091817935,1.0,1.0,0.20174965477279364,1.0,1.0,0.244846556149276,1.0,0.17108750197298606,1.0,0.18383738585053092
A_baseline,110,1500,0.014638718502324632,0.048588151914772545,1.0,1.0,0.2276272382219883,1.0,1.0,0.266561662860101,1.0,1.0,0.3473783720849558,1.0,0.24805803475036212,1.0,0.26076666690937556
A_baseline,111,1500,0.01423272589718439,0.04061303321904077,1.0,1.0,0.1986144853914813,1.0,1.0,0.21023412315132933,1.0,1.0,0.2789335133399312,1.0,0.17927316014674452,1.0,0.1897058997395234
A_baseline,112,1500,0.014432703170972555,0.0438045549148175,1.0,1.0,0.18859909054055346,1.0,1.0,0.20115400458656932,1.0,1.0,0.2781767559563746,1.0,0.18666437952436596,1.0,0.19443081589319075
A_baseline,113,1500,0.014566421402902645,0.041323173366822855,1.0,1.0,0.20351339162445972,1.0,1.0,0.21323123061578553,1.0,1.0,0.295740246287026,1.0,0.1893260344633429,1.0,0.20467010589766726
A_baseline,114,1500,0.01426090122116527,0.04609401849563449,1.0,1.0,0.18988611407414163,1.0,1.0,0.23119363301884793,1.0,1.0,0.3137644477765926,1.0,0.22132780129498597,1.0,0.2331611147011626
A_baseline,115,1500,0.014712343081244859,0.04360953506395028,1.0,1.0,0.1841051953306609,1.0,1.0,0.18479334237515277,1.0,1.0,0.2781929244144223,1.0,0.15523915420438666,1.0,0.1683850734909285
A_baseline,116,1500,0.014441041400805054,0.03982960171110897,1.0,1.0,0.17813486417357824,1.0,1.0,0.20042501515386918,1.0,1.0,0.30890433995753497,1.0,0.17791279305402882,1.0,0.18746268685875658
A_baseline,117,1500,0.014710025217453591,0.03214745457993423,1.0,1.0,0.13883872983989792,1.0,1.0,0.1518281486867677,1.0,1.0,0.22892343669044796,1.0,0.14086890985832462,1.0,0.15373612183189286
A_baseline,118,1500,0.014545109117755316,0.05290848202531202,1.0,1.0,0.27569265862064807,1.0,1.0,0.27601494197465026,1.0,1.0,0.3358300053136874,1.0,0.25980447567609144,1.0,0.2723100619137862
A_baseline,119,1500,0.01429534290950613,0.04333116453420231,0.0,0.0,0.1692887769095951,0.0,0.0,0.19919816287916495,1.0,1.0,0.25704589497591157,0.0,0.18807732458206564,0.0,0.19516334007224162
A_baseline,120,1500,0.014136454036122362,0.039456589121382155,1.0,1.0,0.16527593412237263,1.0,1.0,0.1811578967315471,1.0,1.0,0.26565230317399824,1.0,0.16783515406185923,1.0,0.17557947915561942
A_baseline,121,1500,0.014264568555219183,0.0459717063649896,1.0,1.0,0.24060898421048144,1.0,1.0,0.23985089711178348,1.0,1.0,0.33551201214874676,1.0,0.21520632840369655,1.0,0.2221536184678728
A_baseline,122,1500,0.01439719553044262,0.04163089286626991,1.0,1.0,0.20424316312643365,1.0,1.0,0.20014465360624864,1.0,1.0,0.2844220301896895,1.0,0.17288170822766424,1.0,0.18086527693875287
A_baseline,123,1500,0.014311157778830833,0.034215933805900774,1.0,0.0,0.1763106546579462,1.0,0.0,0.19717437197688942,1.0,1.0,0.29671883128341225,1.0,0.16446748878271117,0.0,0.17886583714346088
A_baseline,124,1500,0.014425451739516962,0.03655598711073083,0.0,1.0,0.17701432303420267,1.0,1.0,0.214074075562809,1.0,1.0,0.27996735696549624,1.0,0.195034268454165,1.0,0.20706034082812858
A_baseline,125,1500,0.014240630002636822,0.039947885639695466,1.0,1.0,0.18230998599620704,1.0,1.0,0.20253948246063444,1.0,1.0,0.27658647595156377,1.0,0.19155039111661304,1.0,0.20690725543933527
A_baseline,126,1500,0.0143483007218038,0.04573235038581104,1.0,0.0,0.2198950209718938,1.0,0.0,0.2292608045618433,1.0,1.0,0.28943475921444656,1.0,0.21898736078008746,0.0,0.22898039072945203
A_baseline,127,1500,0.014330143282324804,0.043830394035511686,1.0,1.0,0.22282708076597557,1.0,1.0,0.23357617237738637,1.0,1.0,0.3092482059202862,1.0,0.19338647312436116,0.0,0.20256814438147358
A_baseline,128,1500,0.014390983208540131,0.04549214866958079,1.0,1.0,0.23768925990952408,1.0,1.0,0.23843147900285055,1.0,1.0,0.2880739733612912,1.0,0.22739344857072386,1.0,0.23627575052423194
A_baseline,129,1500,0.014689201091075329,0.04485548511617294,1.0,1.0,0.18882662688544094,1.0,1.0,0.22697911051221484,1.0,1.0,0.29887024275430496,1.0,0.20148669004360625,1.0,0.2131077391448437
A_baseline,130,1500,0.015031699119641525,0.03680123110109584,1.0,0.0,0.17201363444937234,1.0,1.0,0.17887138686584864,1.0,1.0,0.2373466263317086,1.0,0.15668013609471082,1.0,0.17277589544397262
A_baseline,131,1500,0.014886842055592512,0.03733854195435875,1.0,1.0,0.19198548686658357,1.0,1.0,0.187821650488902,1.0,1.0,0.27104951412852624,1.0,0.151261555142812,1.0,0.16242086835450137
A_baseline,132,1500,0.014333730524587958,0.04129962910768915,1.0,1.0,0.18799994839214032,1.0,1.0,0.20369153529727996,1.0,1.0,0.2782168921872241,1.0,0.20276967965941178,1.0,0.2227296998071151
A_baseline,133,1500,0.014186550933295121,0.044623925798026334,1.0,1.0,0.20415319182312275,1.0,1.0,0.23848950663327298,1.0,1.0,0.31679710100011815,1.0,0.2062965061684722,1.0,0.21844169762673307
A_baseline,134,1500,0.01440536118851103,0.04577400564120631,0.0,0.0,0.1978216853374381,0.0,0.0,0.25417239920825335,1.0,1.0,0.31814607863662603,0.0,0.23971724063350922,0.0,0.25231112259458205
A_baseline,135,1500,0.014002756625145071,0.04086745029441386,1.0,1.0,0.18526082369968927,1.0,1.0,0.2334322878499194,1.0,1.0,0.29827181202111525,1.0,0.207103721905162,1.0,0.22134248133505174
A_baseline,136,1500,0.015103403141729633,0.041143704625222675,1.0,1.0,0.1741379715886236,1.0,1.0,0.22166109903177134,1.0,1.0,0.3114241967919238,1.0,0.1812929507666981,1.0,0.19232213102240883
A_baseline,137,1500,0.014587540615853573,0.040510746165484106,1.0,0.0,0.20625556077621338,0.0,0.0,0.1820907780406892,1.0,1.0,0.2921358839379603,0.0,0.15577837921228208,0.0,0.1634919364866942
A_baseline,138,1500,0.014115419784969543,0.03817446109108856,0.0,0.0,0.16960488832840115,1.0,1.0,0.19097912043199922,1.0,1.0,0.276614589732329,1.0,0.17747992927506145,1.0,0.18738568945516768
A_baseline,139,1500,0.014120251124200326,0.035703132344688276,0.0,0.0,0.16462524539466597,1.0,0.0,0.18047639328059975,1.0,1.0,0.26320331075128023,0.0,0.16127530531690928,0.0,0.17245484354213036
A_baseline,140,1500,0.013924916363384178,0.04468857074290727,1.0,1.0,0.21489846065731788,0.0,1.0,0.199691010772167,1.0,1.0,0.2554056546744881,0.0,0.18764185096763095,1.0,0.20119686664293895
A_baseline,141,1500,0.014537147917573197,0.041211937048846445,1.0,1.0,0.2269765673059867,1.0,1.0,0.2186139406273382,1.0,1.0,0.3311624688371218,1.0,0.17110598230940932,1.0,0.1808645180975489
A_baseline,142,1500,0.01434399635104663,0.049107242379169976,1.0,1.0,0.21754820888581908,1.0,1.0,0.21261360455824851,1.0,1.0,0.3200651708100454,1.0,0.21135772620909465,1.0,0.2207557792797578
A_baseline,143,1500,0.014481746095021151,0.048263221511362996,1.0,1.0,0.23882160786241063,1.0,1.0,0.23954586804347597,1.0,1.0,0.31586412084173954,1.0,0.2331661156357927,1.0,0.24656229257070353
A_baseline,144,1500,0.014525797967591922,0.04679638316507305,1.0,1.0,0.20085882050359008,1.0,1.0,0.2181665951884927,1.0,1.0,0.2947973048136714,1.0,0.20324843320214647,1.0,0.21083872273111764
A_baseline,145,1500,0.014084819274655675,0.04244902479421955,1.0,1.0,0.19251656353393418,1.0,1.0,0.21695386063588953,1.0,1.0,0.28632289116481624,1.0,0.2028313410103177,1.0,0.21581298556847156
A_baseline,146,1500,0.014511659133232295,0.036502883476654154,1.0,1.0,0.16777527463130057,1.0,1.0,0.18901265131664677,1.0,1.0,0.2776028164558662,1.0,0.16425593406096922,1.0,0.17778851971351167
A_baseline,147,1500,0.014559926790732097,0.04646757299489676,1.0,1.0,0.18267234359800175,1.0,1.0,0.23362138339527613,1.0,1.0,0.33212567538724647,1.0,0.21165144015463952,1.0,0.22045008854784526
A_baseline,148,1500,0.014278027125272888,0.04458674813313297,1.0,1.0,0.196842566696835,1.0,1.0,0.22065698110371793,1.0,1.0,0.29278963469383984,1.0,0.20873295214861778,1.0,0.21781474289005084
A_baseline,149,1500,0.01454038387481564,0.043769332220572534,1.0,0.0,0.1906723342685169,1.0,1.0,0.23427438850451449,1.0,1.0,0.2997405586580907,1.0,0.21183901800569743,0.0,0.2185400436204053
A_baseline,150,1500,0.013833214828556144,0.04407135354069554,1.0,1.0,0.1944477874826215,1.0,1.0,0.21089490226595578,1.0,1.0,0.2899223121639141,1.0,0.19804239563231235,1.0,0.2085790438141477
A_baseline,151,1500,0.013971186382875055,0.04688493536005921,1.0,1.0,0.19006537821928893,1.0,1.0,0.2172146327496603,1.0,1.0,0.2696833995522435,1.0,0.20383855734737782,1.0,0.2168092126646195
A_baseline,152,1500,0.014837181242425774,0.04056680745521455,1.0,1.0,0.20573444203475466,1.0,1.0,0.21145266785355651,1.0,1.0,0.2901358778396711,1.0,0.1718510050938497,1.0,0.18296355393581648
A_baseline,153,1500,0.014805192656801879,0.04288661002582691,1.0,1.0,0.19478633250870267,1.0,1.0,0.21294644280433483,1.0,1.0,0.3075146716269182,1.0,0.1920399003285795,1.0,0.20350464808458585
A_baseline,154,1500,0.01423674513608839,0.040772371930913306,1.0,1.0,0.18894188362986541,1.0,1.0,0.17451362751061325,1.0,1.0,0.25996910008034335,1.0,0.15754271413107696,1.0,0.16812376072010476
A_baseline,155,1500,0.014189802615435258,0.052655624996296266,1.0,1.0,0.22822378369250554,1.0,1.0,0.25202121850398723,1.0,1.0,0.3339429181669327,1.0,0.24126547245045388,1.0,0.24896654330644333
A_baseline,156,1500,0.014783857945307012,0.040236637739349594,1.0,1.0,0.1836876785385214,1.0,1.0,0.19855585183488528,1.0,1.0,0.2620556791537168,1.0,0.17009064744080216,1.0,0.1883495750315641
A_baseline,157,1500,0.014556848058018346,0.042745689070818355,1.0,1.0,0.19620204403884142,1.0,1.0,0.20672976836507734,1.0,1.0,0.28137945772718076,1.0,0.1923209903519096,1.0,0.2037573970552821
A_baseline,158,1500,0.013960334626136849,0.05129612547740799,1.0,1.0,0.24017169863130752,1.0,1.0,0.25056063440353565,1.0,1.0,0.32811936017561766,1.0,0.2409754410570863,1.0,0.25052844453150785
A_baseline,159,1500,0.014792943347864072,0.038807117814276454,1.0,1.0,0.1616153326863693,1.0,1.0,0.19396511303493205,1.0,1.0,0.29628142069412855,1.0,0.1800146486271319,1.0,0.19169090505564024
A_baseline,160,1500,0.013917152396272656,0.03583211500237484,1.0,1.0,0.1560500744563709,1.0,1.0,0.1743867165574336,1.0,1.0,0.2668875361863988,1.0,0.1565467540287236,1.0,0.1669559532264467
A_baseline,161,1500,0.014330378144917428,0.04014163726350595,1.0,1.0,0.18359965691359456,1.0,1.0,0.2306459119115746,1.0,1.0,0.302615209771523,1.0,0.19023544791335087,1.0,0.19712270287935518
A_baseline,162,1500,0.014926989854953117,0.04065185349760577,1.0,1.0,0.18012576397051477,1.0,1.0,0.19871418183148065,1.0,1.0,0.27137877476875677,1.0,0.1838734436464824,1.0,0.1967845406206157
A_baseline,163,1500,0.014571729971073217,0.05110780149823226,1.0,1.0,0.21425992342273759,1.0,1.0,0.2516799882656843,1.0,1.0,0.3042195582949042,1.0,0.24195608671364638,1.0,0.24923728895166236
A_baseline,164,1500,0.01438352277600199,0.04737761945233642,1.0,1.0,0.21288780915300382,1.0,1.0,0.20800715773827116,1.0,1.0,0.2920076694354418,1.0,0.17730903686172425,1.0,0.18825381066152608
A_baseline,165,1500,0.014354208230988156,0.04787227593044177,1.0,1.0,0.24835163821883852,1.0,1.0,0.2696984835425143,1.0,1.0,0.35715820242050555,1.0,0.23976279018638968,1.0,0.25229613414139773
A_baseline,166,1500,0.014481702446269602,0.04314353748748036,1.0,1.0,0.19415820040601178,1.0,1.0,0.20073966696018908,1.0,1.0,0.27685300449176137,1.0,0.1881681232324515,1.0,0.1977793507844936
A_baseline,167,1500,0.014521268485850204,0.0415530148274917,1.0,1.0,0.19103280941923445,1.0,1.0,0.21730434817418304,1.0,1.0,0.297006566012064,1.0,0.17147765396731085,1.0,0.18420336954559238
A_baseline,168,1500,0.014802706849365535,0.046236669785025684,1.0,1.0,0.2001122533971401,1.0,1.0,0.26404031579892717,1.0,1.0,0.35918068727871255,1.0,0.22734066846687323,1.0,0.23609265023040363
A_baseline,169,1500,0.01453900113616631,0.04638160817388648,1.0,1.0,0.1723632277656377,1.0,1.0,0.2326420899267755,1.0,1.0,0.2902912462159274,1.0,0.20986332362375776,1.0,0.21906201141042306
A_baseline,170,1500,0.01438603659356061,0.03716706967581697,1.0,1.0,0.18184671912882727,1.0,1.0,0.23296070093895427,1.0,1.0,0.300402500888907,1.0,0.2191798011407852,1.0,0.23839831275049855
A_baseline,171,1500,0.01494689515848166,0.0404405128041065,1.0,1.0,0.18107366709757347,1.0,1.0,0.18758326063498426,1.0,1.0,0.2697527353618614,1.0,0.16572602744034448,1.0,0.17631850055300338
A_baseline,172,1500,0.014051698151365652,0.04106282185209096,1.0,1.0,0.20121950346390563,1.0,1.0,0.23965610639293033,1.0,1.0,0.31086750597799045,1.0,0.20207697572486577,1.0,0.2114835336142124
A_baseline,173,1500,0.014278953994164493,0.04886261611889383,1.0,1.0,0.2350479699074715,1.0,1.0,0.24519521281943585,1.0,1.0,0.3169309656140218,1.0,0.20832158033025286,1.0,0.21619800872176217
A_baseline,174,1500,0.014870517683595538,0.04890029222059326,1.0,1.0,0.27210018954464854,1.0,1.0,0.2525220765167505,1.0,1.0,0.3311763719445656,1.0,0.2226878455394598,1.0,0.23358253914717308
A_baseline,175,1500,0.014278025641059296,0.04499878800540247,1.0,1.0,0.20498483494392983,1.0,1.0,0.21518662397307278,1.0,1.0,0.28614216379983226,1.0,0.1837778903946901,1.0,0.19058594163923187
A_baseline,176,1500,0.014562634817499863,0.04505887354339016,1.0,1.0,0.20074250059540583,1.0,1.0,0.2152984395096662,1.0,1.0,0.2707076675361514,1.0,0.20950772890477776,1.0,0.2181491615844961
A_baseline,177,1500,0.014144464957020556,0.037228203391871204,1.0,1.0,0.18545227768992617,1.0,1.0,0.18952887581141709,1.0,1.0,0.2687415651711178,1.0,0.16565925044176144,1.0,0.18184760389125076
A_baseline,178,1500,0.01409002201950646,0.041739439940313997,1.0,1.0,0.17901865686049082,1.0,1.0,0.20148868315509408,1.0,1.0,0.2728348261254655,1.0,0.1843603641862477,1.0,0.19321433987716674
A_baseline,179,1500,0.014467337482153234,0.035841117950069765,0.0,0.0,0.15948393890388807,1.0,0.0,0.18144165977254642,1.0,1.0,0.2578794379190268,0.0,0.15843215527263455,0.0,0.1724042958205687
A_baseline,180,1500,0.014742827840427974,0.03901643667060897,0.0,0.0,0.17359161574955384,1.0,1.0,0.23637786957900908,1.0,1.0,0.29636516630099585,0.0,0.18563575064322366,0.0,0.202243358720259
A_baseline,181,1500,0.014744505523661602,0.043532128357079085,1.0,1.0,0.18959213222266974,1.0,1.0,0.19928550546933985,1.0,1.0,0.28245656589587087,1.0,0.1596291199720022,1.0,0.16837065911801974
A_baseline,182,1500,0.014667817896372745,0.04706255408654712,1.0,1.0,0.20942312240797306,1.0,1.0,0.24129276291645438,1.0,1.0,0.33981730455364023,1.0,0.2330994478428236,1.0,0.2429222530342403
A_baseline,183,1500,0.014894607073881674,0.03747901397657097,1.0,1.0,0.19170513620926039,1.0,1.0,0.25101383207304073,1.0,1.0,0.3212137170924186,1.0,0.20347275667395448,1.0,0.22138389271993725
A_baseline,184,1500,0.01432900926576581,0.04117969120036043,1.0,1.0,0.17842909892587733,1.0,1.0,0.1882327998567316,1.0,1.0,0.277412460681593,1.0,0.1661057910848059,1.0,0.17565404568471796
A_baseline,185,1500,0.014492667216635361,0.0413492987218726,1.0,1.0,0.19191291199606017,1.0,1.0,0.1959533252189512,1.0,1.0,0.26239679687751954,1.0,0.17866790812765157,1.0,0.18931403256066243
A_baseline,186,1500,0.014600148299639862,0.037518068402055404,1.0,1.0,0.17551171064886092,1.0,1.0,0.2191307624029805,1.0,1.0,0.29255030202442306,1.0,0.20821094854496067,1.0,0.2226296066260109
A_baseline,187,1500,0.014537659709503135,0.04566813994396716,0.0,0.0,0.21734689283853997,1.0,0.0,0.21695477598485047,1.0,0.0,0.27504595595879133,0.0,0.1970351486313085,0.0,0.21195404793712913
A_baseline,188,1500,0.014197126762765765,0.03836882082501996,1.0,1.0,0.16914144911016987,1.0,1.0,0.19137651549458493,1.0,1.0,0.25904064047887226,1.0,0.1697132852778453,1.0,0.18227257043692188
A_baseline,189,1500,0.014314863608631344,0.051727062278198274,1.0,1.0,0.20142682505085707,1.0,1.0,0.24645950709276704,1.0,1.0,0.3240676300391776,1.0,0.23511851347999974,1.0,0.24557824118610455
A_baseline,190,1500,0.01427321825937304,0.04212954492710043,1.0,1.0,0.17833266974786277,1.0,1.0,0.2332849963786499,1.0,1.0,0.3100846417972163,1.0,0.2129496689180604,1.0,0.22312356740047737
A_baseline,191,1500,0.01413356179847973,0.03853037806627681,1.0,1.0,0.21411448530437482,1.0,1.0,0.2217063780297673,1.0,1.0,0.3047793150404171,1.0,0.18898236713433988,1.0,0.2066969739465224
A_baseline,192,1500,0.01430615366259748,0.04498248165973735,1.0,0.0,0.21135105535677487,1.0,1.0,0.2201982793986176,1.0,1.0,0.31067269135182873,0.0,0.19296390509276562,0.0,0.20487480200816943
A_baseline,193,1500,0.014544515876703563,0.040959148937777884,1.0,1.0,0.1647899153267689,1.0,1.0,0.17369572784192794,1.0,1.0,0.25107064623529196,1.0,0.16375131957823216,1.0,0.1725864309439133
A_baseline,194,1500,0.014729829193724427,0.045498271701297416,1.0,1.0,0.204600724738044,1.0,1.0,0.2374594137408848,1.0,1.0,0.31168113493456495,1.0,0.21552738364611645,1.0,0.22700460830377897
A_baseline,195,1500,0.014747273980478565,0.03032821445194923,1.0,1.0,0.13787262200260433,1.0,1.0,0.17249862720946746,1.0,1.0,0.23911078171635558,1.0,0.14830520276863027,1.0,0.17307138909311165
A_baseline,196,1500,0.01478238444757215,0.04100157166080033,1.0,1.0,0.18605766374836077,1.0,1.0,0.18871874009341835,1.0,1.0,0.25484598494743055,1.0,0.172930356686625,1.0,0.18525077714148988
A_baseline,197,1500,0.014841842343715304,0.0408034728105252,1.0,1.0,0.20477995826352938,1.0,1.0,0.199079936515171,1.0,1.0,0.2724731564263083,1.0,0.18981044702801916,1.0,0.19840816240246115
A_baseline,198,1500,0.014667312058412638,0.03851306921089761,0.0,0.0,0.16711588253608461,0.0,0.0,0.18498155756384255,1.0,0.0,0.2749348456944392,0.0,0.15827460601862708,0.0,0.1746603496677076
A_baseline,199,1500,0.01476443345258464,0.045958737977739424,1.0,1.0,0.2372571545378491,1.0,1.0,0.26040274614153336,1.0,1.0,0.3704033099714699,1.0,0.23598200996626645,1.0,0.24660200998361534
A_baseline,200,1500,0.014435814958887568,0.04688076487762707,1.0,1.0,0.23756244004280389,1.0,1.0,0.2314498851296773,1.0,1.0,0.3020286916811624,1.0,0.2133027899920695,1.0,0.22230321648542697
A_baseline,201,1500,0.014549197355889025,0.04236248722468894,1.0,1.0,0.19454028767051607,1.0,1.0,0.21885290739425695,1.0,1.0,0.2868075213657688,1.0,0.18232925858148136,1.0,0.20101358166290068
A_baseline,202,1500,0.014026389716938837,0.04349161083223674,1.0,1.0,0.1962025128672499,1.0,1.0,0.2301086395878748,1.0,1.0,0.33849971762186326,1.0,0.1792054727370908,1.0,0.18833555901634721
A_baseline,203,1500,0.014377522507734298,0.04341495342981672,1.0,1.0,0.21833149611281083,1.0,1.0,0.21217172363820339,1.0,1.0,0.29238958421482464,1.0,0.17560375217900143,1.0,0.18932513190222647
A_baseline,204,1500,0.013799658515648896,0.0433936179727553,1.0,1.0,0.2017336731138178,1.0,1.0,0.2441340358415524,1.0,1.0,0.30235125650919004,0.0,0.20824977243742948,1.0,0.22546381163977225
A_baseline,205,1500,0.014337303287334163,0.032385107291215645,1.0,1.0,0.16296795900095734,1.0,1.0,0.1615300082675981,1.0,1.0,0.2489651158883714,1.0,0.1373260954878147,1.0,0.15491062825662025
A_baseline,206,1500,0.014288864992308766,0.03869828920762641,1.0,1.0,0.17662654094903105,1.0,1.0,0.21018168475114427,1.0,1.0,0.3214057939101329,0.0,0.15334598474976238,1.0,0.16348681512130508
A_baseline,207,1500,0.014558078068552053,0.04377934082449724,1.0,1.0,0.2101258992520097,1.0,1.0,0.23303231458987614,1.0,1.0,0.30031986481610906,1.0,0.22168189898046586,1.0,0.23329807686941123
A_baseline,208,1500,0.014264204296831414,0.038940675685345275,1.0,1.0,0.21123726256544093,1.0,1.0,0.20778003317240468,1.0,1.0,0.309758204811997,1.0,0.18218002244983866,1.0,0.19413097633245394
A_baseline,209,1500,0.014339270534129056,0.039904007095830335,1.0,1.0,0.20553065074789983,1.0,1.0,0.22106282622365425,1.0,1.0,0.2895973226865344,1.0,0.20679776248791776,1.0,0.21974578584749485
A_baseline,210,1500,0.014366681043342324,0.047453999160483616,1.0,1.0,0.2396541468788583,1.0,1.0,0.2669802581268364,1.0,1.0,0.3286986508070925,1.0,0.24344813052161554,1.0,0.25691992742440556
A_baseline,211,1500,0.01475419851097834,0.04808406272631546,1.0,1.0,0.229199084437459,1.0,1.0,0.24645827224457034,1.0,1.0,0.3089567056665741,1.0,0.23377780580280266,1.0,0.24394847938238134
A_baseline,212,1500,0.014763627698893174,0.04416427386107038,1.0,1.0,0.18191231747821518,1.0,1.0,0.22764426732202825,1.0,1.0,0.30618002184721593,1.0,0.19719887167952277,1.0,0.2048984782101531
A_baseline,213,1500,0.014547753333921037,0.04819677584049089,0.0,0.0,0.1931522349500959,1.0,0.0,0.23254239368111113,1.0,1.0,0.3495577663471219,1.0,0.2057618336978952,0.0,0.213420646216241
A_baseline,214,1500,0.01467205722617188,0.04024337657382451,1.0,1.0,0.1977029228489961,1.0,1.0,0.19429746672187326,1.0,1.0,0.2619997824625035,1.0,0.18066678355322024,1.0,0.19994572913187927
A_baseline,215,1500,0.014635135924831382,0.04247021855358652,1.0,1.0,0.20144422748186308,1.0,1.0,0.21241717151925946,1.0,1.0,0.3034423826902261,1.0,0.18921277314596038,1.0,0.20506615283816698
A_baseline,216,1500,0.014087461171247364,0.04443037113951907,1.0,1.0,0.17900370263075477,1.0,1.0,0.24036833025973822,1.0,1.0,0.30934679822814665,1.0,0.22209184549472916,1.0,0.23474867067271635
A_baseline,217,1500,0.01448690615263559,0.03877747803657312,1.0,1.0,0.18910978469032894,1.0,1.0,0.17973202257580165,1.0,1.0,0.26890777453312703,1.0,0.15780951770686721,1.0,0.16987573387885618
A_baseline,218,1500,0.014547954925638968,0.03917642537695703,1.0,1.0,0.19488218493306786,1.0,1.0,0.19390339219561992,1.0,1.0,0.2905302653626035,1.0,0.16850453882115735,1.0,0.17972202687375688
A_baseline,219,1500,0.014134852492598332,0.05213401873411625,1.0,1.0,0.25780847134817503,1.0,1.0,0.2781813613985007,1.0,1.0,0.34723220169992686,1.0,0.25840147889053916,1.0,0.2649442592396728
A_baseline,220,1500,0.014656959893659014,0.04455586815432623,1.0,1.0,0.23613643012549085,1.0,1.0,0.23730904185232946,1.0,1.0,0.3239554054262654,1.0,0.2107232314699649,1.0,0.2212902100676601
A_baseline,221,1500,0.014854047445863001,0.033828432944935934,1.0,1.0,0.14480019748883846,1.0,1.0,0.16288167733797435,1.0,1.0,0.2080696472143236,1.0,0.14114894462094543,1.0,0.1612816225792875
A_baseline,222,1500,0.014194904596939114,0.04413461320624712,1.0,1.0,0.21097733733253135,1.0,1.0,0.22082558153090712,1.0,1.0,0.29096488952798055,1.0,0.20407849867095643,1.0,0.21213011825008685
A_baseline,223,1500,0.01387181790508613,0.04139686640253924,1.0,1.0,0.2016775958745276,1.0,1.0,0.21401969285053743,1.0,1.0,0.27911773390333605,1.0,0.200921344024429,1.0,0.2165641259946694
A_baseline,224,1500,0.014177630828499875,0.03982263576758711,1.0,1.0,0.19638274883372742,1.0,1.0,0.2218767569390189,1.0,1.0,0.2842374856895302,1.0,0.18985820415225896,1.0,0.20688090096139491
A_baseline,225,1500,0.014368243095947052,0.041435524468826264,1.0,1.0,0.18360682272518367,1.0,1.0,0.1897107495480405,1.0,1.0,0.3075432000738259,1.0,0.168275237603971,1.0,0.1812082901290605
A_baseline,226,1500,0.014755716615083283,0.03986623850285058,1.0,0.0,0.17311523139464405,1.0,0.0,0.16393423778080568,1.0,1.0,0.2431238392180252,1.0,0.14472638509085844,0.0,0.15614106468776362
A_baseline,227,1500,0.014386826008059912,0.0453909406015162,1.0,1.0,0.20000121006938548,1.0,1.0,0.2225411148049011,1.0,1.0,0.3119500868861406,1.0,0.18733541075743437,1.0,0.19674750242950104
A_baseline,228,1500,0.01478816367352555,0.039654099225445744,1.0,1.0,0.1818525341402243,1.0,1.0,0.23008715921692788,1.0,1.0,0.28927016754247037,1.0,0.21366542043488018,1.0,0.22394512947553666
A_baseline,229,1500,0.014231035362043105,0.05078648138031451,1.0,1.0,0.2267267096155221,1.0,1.0,0.28719384795961067,1.0,1.0,0.3512173616786812,1.0,0.242844953284801,1.0,0.24842399982915028
A_baseline,230,1500,0.014507844684044209,0.04733224691738526,1.0,1.0,0.1952625796464797,1.0,1.0,0.2597121906293739,1.0,1.0,0.3325737153358729,1.0,0.25087711573425536,1.0,0.26936066931399294
A_baseline,231,1500,0.014190566524580702,0.03588324690804606,1.0,1.0,0.16757505451698634,1.0,1.0,0.17097702668348688,1.0,1.0,0.2350118522701586,1.0,0.14165848859876548,1.0,0.15525461167749538
A_baseline,232,1500,0.014527943415622824,0.04181696984308162,1.0,1.0,0.16306981582642074,1.0,1.0,0.20043859341206388,1.0,1.0,0.2741736018438361,1.0,0.18277076323938593,1.0,0.19368534104999333
A_baseline,233,1500,0.01442155611450194,0.046344405610682524,1.0,1.0,0.23866391837621426,1.0,1.0,0.24291358002077373,1.0,1.0,0.31507209020353394,1.0,0.20173444502901483,1.0,0.21329942940707286
A_baseline,234,1500,0.014433299359676157,0.05029544261508593,0.0,0.0,0.21822519604194374,0.0,0.0,0.18923398997389201,0.0,0.0,0.26357249649302256,0.0,0.17872601306125557,0.0,0.18567040278914354
A_baseline,235,1500,0.014296117762524607,0.038998612026348384,0.0,0.0,0.149501548971737,0.0,0.0,0.15855402216895256,0.0,0.0,0.25605549394656035,0.0,0.15059092700007665,0.0,0.15957001497961948
A_baseline,236,1500,0.01444830114684334,0.03785511279723634,1.0,0.0,0.15529181511129564,1.0,1.0,0.16118276694845055,1.0,1.0,0.23554133274051736,1.0,0.15247455523202386,1.0,0.16772998900090244
A_baseline,237,1500,0.014522241907363866,0.03892319190235462,1.0,1.0,0.18066866762250997,1.0,1.0,0.1765265913805481,1.0,1.0,0.2671420064536023,1.0,0.15487687442813006,1.0,0.1690511742001542
A_baseline,238,1500,0.01414005943105893,0.038109211971663184,1.0,0.0,0.18667222894511784,1.0,0.0,0.1863793573729101,1.0,1.0,0.2547024410799149,1.0,0.17434017526773204,1.0,0.19615239838134726
A_baseline,239,1500,0.014111596082697082,0.04088496582403799,1.0,1.0,0.211703236673971,1.0,1.0,0.23479137842544162,1.0,1.0,0.32585056915887406,1.0,0.1982430281480408,1.0,0.2102145588524967
A_baseline,240,1500,0.014625344914834866,0.04488204931068211,1.0,1.0,0.20723328157260168,1.0,1.0,0.21633159167906912,1.0,1.0,0.31785944553946227,1.0,0.1987901235540362,1.0,0.21077258485557476
A_baseline,241,1500,0.014080646533281517,0.041282014337153436,1.0,1.0,0.21367328087656928,1.0,1.0,0.24172077249206797,1.0,1.0,0.3018763034637071,1.0,0.21297606048075926,1.0,0.22033978548994657
A_baseline,242,1500,0.014551243810169805,0.041839802756165737,0.0,0.0,0.1787938224028777,0.0,0.0,0.18679723414030197,1.0,1.0,0.2921788737716823,0.0,0.17895209783688845,0.0,0.1907639526031011
A_baseline,243,1500,0.013826805152476947,0.040762467873467996,1.0,1.0,0.18564298013514752,1.0,1.0,0.2201597607404604,1.0,1.0,0.27377499174094666,1.0,0.20655245277773798,1.0,0.2191387776521257
A_baseline,244,1500,0.014455465789624046,0.043847876966485136,1.0,1.0,0.20559031003698366,1.0,1.0,0.2447322994145805,1.0,1.0,0.316807792339823,1.0,0.21060821908634705,1.0,0.22082353451772008
A_baseline,245,1500,0.01466628413113693,0.03937550813927714,0.0,1.0,0.16880922121504643,0.0,1.0,0.18926518972759585,1.0,1.0,0.24989960382709137,0.0,0.16866389333224802,1.0,0.178999273808797
A_baseline,246,1500,0.014647030222173472,0.047499032738679746,1.0,1.0,0.2453445339899424,1.0,1.0,0.24167647114398244,1.0,1.0,0.33159741393037956,1.0,0.21394024575223453,1.0,0.22111638573078576
A_baseline,247,1500,0.014750048271227357,0.043199939290782294,1.0,1.0,0.17482636525586467,1.0,1.0,0.23371301966881813,1.0,1.0,0.3212085923270991,1.0,0.1995881288670836,1.0,0.21077624796126843
A_baseline,248,1500,0.014476651281097258,0.04242380946127221,1.0,1.0,0.17247538946632981,1.0,1.0,0.19486518143834505,1.0,1.0,0.25510307196184073,1.0,0.1742837539457511,1.0,0.18438874643691897
A_baseline,249,1500,0.014300671412060513,0.043051809657084314,0.0,0.0,0.2108777916682123,0.0,0.0,0.19243270897484646,0.0,0.0,0.26839815860227645,0.0,0.17943657388337259,0.0,0.20231662663550556
A_baseline,250,1500,0.014342945413874781,0.04659263844629066,1.0,1.0,0.2383102294137137,1.0,1.0,0.2581198001464192,1.0,1.0,0.3225763000874989,1.0,0.23375319853012672,1.0,0.24529093869694085
A_baseline,251,1500,0.014058999176153004,0.04131729664298488,0.0,1.0,0.1919489584130107,1.0,1.0,0.22658669082013275,1.0,1.0,0.2717847146151785,1.0,0.19626265558120526,1.0,0.20905830737996745
A_baseline,252,1500,0.014610886109903801,0.04101367472597241,1.0,1.0,0.20438420313766387,1.0,1.0,0.2414136547629968,1.0,1.0,0.29760660218648083,1.0,0.21937413894029553,1.0,0.2321030442479685
A_baseline,253,1500,0.014367016324058386,0.03766952695784925,1.0,1.0,0.1701501315268683,1.0,1.0,0.20221747695221123,1.0,1.0,0.2594081322776811,1.0,0.17672136558080961,1.0,0.18895933477432325
A_baseline,254,1500,0.014078216550920916,0.04039863922462229,1.0,1.0,0.2359014853559238,1.0,1.0,0.24842852440475452,1.0,1.0,0.3292035615094925,1.0,0.21305079454508347,1.0,0.2242545215217516
A_baseline,255,1500,0.015154019346173943,0.04294772353619661,1.0,1.0,0.19448697016226785,1.0,1.0,0.19306136958466555,1.0,1.0,0.2941723566207076,1.0,0.17581954627142957,1.0,0.18479332978778476
A_baseline,256,1500,0.014074850629867488,0.04455266169694871,1.0,1.0,0.19872984106165814,1.0,1.0,0.20891937768356109,1.0,1.0,0.33121570543933776,1.0,0.20163494956126735,1.0,0.21563162115042167
A_baseline,257,1500,0.014758603401862557,0.03985551766192653,1.0,1.0,0.20091623306837877,1.0,1.0,0.22613104572808557,1.0,1.0,0.2878984275814374,1.0,0.18026500511142748,1.0,0.190818721965144
A_baseline,258,1500,0.014480406878209166,0.03927432376114705,1.0,1.0,0.18317710325533368,1.0,1.0,0.19906570886783226,1.0,1.0,0.2673699653840885,1.0,0.18181079892389418,1.0,0.19437162226949734
A_baseline,259,1500,0.014809059092092127,0.03793328569025632,1.0,1.0,0.16735988931378676,1.0,1.0,0.15941148362007404,1.0,1.0,0.2399310942501212,1.0,0.14923172842269444,1.0,0.15960172563338254
A_baseline,260,1500,0.014305046464542209,0.04448124827309802,1.0,1.0,0.20810420629554233,1.0,1.0,0.2008087636125115,1.0,1.0,0.32447941155875537,1.0,0.1749397083465571,1.0,0.1852229619274642
A_baseline,261,1500,0.014300175961592007,0.03597671983715175,1.0,1.0,0.16748053546146582,1.0,1.0,0.17971893314952286,1.0,1.0,0.28392611557212033,1.0,0.15868013518233487,1.0,0.17186621803475652
A_baseline,262,1500,0.014334061908475,0.039653718507640025,1.0,1.0,0.19387718469652104,1.0,1.0,0.21103910395618,1.0,1.0,0.30456957368624504,1.0,0.190093373895942,1.0,0.20429706152341134
A_baseline,263,1500,0.014379640670849788,0.042846341778611095,0.0,0.0,0.18480863148470886,0.0,0.0,0.2030189287001619,0.0,1.0,0.27089979486717053,0.0,0.18141875259258547,0.0,0.18961270256806856
A_baseline,264,1500,0.014643720685271913,0.04285129247274265,1.0,1.0,0.1845130519508899,1.0,1.0,0.19072674630310066,1.0,1.0,0.2695467894083019,1.0,0.17227521227044246,1.0,0.18403294629106
A_baseline,265,1500,0.014778832536711839,0.044778928618827187,1.0,1.0,0.2101785194003519,1.0,1.0,0.2309571374131784,1.0,1.0,0.30924847902711255,1.0,0.21123927956141833,1.0,0.22020224229252872
A_baseline,266,1500,0.014342380334808287,0.039506312814432586,1.0,1.0,0.19913512141685596,1.0,1.0,0.21532825916877602,1.0,1.0,0.30644917870118793,1.0,0.17645550267995339,1.0,0.1912519574262241
A_baseline,267,1500,0.014892185494738946,0.0403207754669412,0.0,0.0,0.16359960600304874,0.0,0.0,0.19018038966353767,0.0,1.0,0.25227708996340253,0.0,0.15727754377318567,0.0,0.16914799214433476
A_baseline,268,1500,0.014275550683626341,0.03827341670753198,1.0,1.0,0.1877609562237983,1.0,1.0,0.16257698151621253,1.0,1.0,0.25360703118293987,1.0,0.14923203673642338,1.0,0.16411712881019064
A_baseline,269,1500,0.01412170541587633,0.03987088915682067,1.0,1.0,0.18740518551272511,1.0,1.0,0.2083118513884953,1.0,1.0,0.2564342538317047,1.0,0.18779393299636685,1.0,0.20441364700066736
A_baseline,270,1500,0.014381645260129618,0.043698212648850925,1.0,1.0,0.21449937797229204,1.0,1.0,0.19815663685240442,1.0,1.0,0.30050042331134974,1.0,0.20716120317084769,1.0,0.21728810356471673
A_baseline,271,1500,0.014606701259732081,0.04178372878113603,1.0,1.0,0.1724756169623871,1.0,1.0,0.21850486563485952,1.0,1.0,0.2948421676314279,1.0,0.19875441162724145,1.0,0.21200504090591393
A_baseline,272,1500,0.014342659084673852,0.048643513664781146,1.0,1.0,0.24048119749367586,1.0,1.0,0.26394725560903964,1.0,1.0,0.3470545265180719,1.0,0.21680527759155743,1.0,0.22541391957498602
A_baseline,273,1500,0.01418917847245239,0.04817881172324737,1.0,1.0,0.24510691372492968,1.0,1.0,0.2534256639775544,1.0,1.0,0.3479571873908987,1.0,0.21440228280196605,1.0,0.22060162251273674
A_baseline,274,1500,0.014451963027590407,0.03932977803799443,1.0,1.0,0.14370364540205077,1.0,1.0,0.2044536920478545,1.0,1.0,0.3075526781669974,1.0,0.17709696622011795,1.0,0.18984493242252426
A_baseline,275,1500,0.014498114384591823,0.044693601793588174,0.0,0.0,0.18619134656043895,1.0,0.0,0.21653664309304116,1.0,1.0,0.2974400684674768,0.0,0.21148042099727898,1.0,0.22426474234003954
A_baseline,276,1500,0.014664267154185479,0.04683593273606567,1.0,1.0,0.18855018413983352,1.0,1.0,0.22056300670430576,1.0,1.0,0.3302565444586838,1.0,0.20323201284208386,1.0,0.2142312618129178
A_baseline,277,1500,0.014233768232334645,0.04754041908094665,0.0,0.0,0.2347755856583591,0.0,0.0,0.25822202847795744,1.0,0.0,0.3236074848356227,0.0,0.24023500862037936,0.0,0.25540731258741883
A_baseline,278,1500,0.014674106009008803,0.039994846787612184,1.0,1.0,0.1517623978364477,1.0,1.0,0.20201041539304115,1.0,1.0,0.26777468937337356,1.0,0.18268952661821486,1.0,0.19123753288591627
A_baseline,279,1500,0.014666098450220108,0.030632662101932513,1.0,1.0,0.13536833976674056,1.0,1.0,0.16864732506345054,1.0,1.0,0.23726752334312487,1.0,0.13359794811878245,1.0,0.1544477853438612
A_baseline,280,1500,0.014130286729702271,0.04531743286638162,1.0,1.0,0.22843783474933152,1.0,1.0,0.21891796408304773,1.0,1.0,0.2699651765527963,1.0,0.21116466352055469,1.0,0.22278355442313674
A_baseline,281,1500,0.014151390487398946,0.03768035331634027,1.0,1.0,0.19435966221301654,1.0,1.0,0.20416513788373641,1.0,1.0,0.34002117643012786,1.0,0.17472860998176695,1.0,0.18777728844035818
A_baseline,282,1500,0.014484521766409622,0.03709635604550326,1.0,1.0,0.17631733851198,1.0,1.0,0.18371391105860183,1.0,1.0,0.2773845410250767,1.0,0.16767689148376588,1.0,0.18297366243809757
A_baseline,283,1500,0.014858302585839507,0.050752273714678595,1.0,1.0,0.2239930128902929,1.0,1.0,0.26556503401588727,1.0,1.0,0.32613118014859954,1.0,0.2494427438760088,1.0,0.2599284957065432
A_baseline,284,1500,0.014709974547086582,0.040970565205813006,1.0,1.0,0.2072135770129139,1.0,1.0,0.20710201785103172,1.0,1.0,0.2760397136287223,1.0,0.178035959736217,1.0,0.1872383959522867
A_baseline,285,1500,0.014813323488100286,0.037866394805053494,0.0,0.0,0.16624925576759844,0.0,0.0,0.1913209887400521,1.0,1.0,0.28258220834663683,0.0,0.16562281604680815,1.0,0.17767318669736676
A_baseline,286,1500,0.01428619215287474,0.04498414556108975,1.0,1.0,0.2115169438294986,1.0,1.0,0.22938023592823412,1.0,1.0,0.2792407167396377,1.0,0.20714165001472332,1.0,0.21549792156533024
A_baseline,287,1500,0.014710729907074262,0.04239275015940834,1.0,1.0,0.21278762848387783,1.0,1.0,0.18358852941746803,1.0,1.0,0.29169823789847615,1.0,0.1664165661708398,1.0,0.1765252813236354
A_baseline,288,1500,0.01397725676963747,0.04846956488641434,1.0,1.0,0.22678348382038824,1.0,1.0,0.2518509876414063,1.0,1.0,0.3514711641318371,1.0,0.22796935948875227,1.0,0.23714911327066815
A_baseline,289,1500,0.014616854848711888,0.038965303688713926,1.0,1.0,0.17421686318578944,1.0,1.0,0.17886323310459007,1.0,1.0,0.2565151114854364,1.0,0.16937378691110744,1.0,0.18197615473926013
A_baseline,290,1500,0.014219971358030683,0.04452726575242034,0.0,0.0,0.20488394024454068,0.0,0.0,0.2083179907074899,0.0,0.0,0.29456200980799613,0.0,0.19248153945876384,0.0,0.20423969340053322
A_baseline,291,1500,0.014375645133087776,0.04655375646807143,1.0,1.0,0.19797915417501175,1.0,1.0,0.27722783062639433,1.0,1.0,0.3357304055611109,1.0,0.23301866579521002,1.0,0.24138123991251112
A_baseline,292,1500,0.014508199875576588,0.04467049784222131,0.0,0.0,0.1934175192431485,1.0,1.0,0.2070735903839346,1.0,1.0,0.26392647171899863,0.0,0.1842292114064226,1.0,0.19135465832815704
A_baseline,293,1500,0.014571335583313949,0.043971124991702124,1.0,1.0,0.21200190851103615,1.0,1.0,0.21195105530924446,1.0,1.0,0.29944627844213173,1.0,0.18624870263834487,1.0,0.19735592167165147
A_baseline,294,1500,0.014976852089565696,0.03301758807969079,1.0,1.0,0.1558479530510367,1.0,1.0,0.1588762715004804,1.0,1.0,0.2466884820032183,1.0,0.1394143154590798,1.0,0.1569358839440623
A_baseline,295,1500,0.014444363949959176,0.04388816061516133,1.0,1.0,0.18609370154388113,1.0,1.0,0.20009286049496106,1.0,1.0,0.27353547431064335,1.0,0.17992249275703892,1.0,0.1903943843856517
A_baseline,296,1500,0.014411019479074078,0.04048663284027064,1.0,1.0,0.17019891876821402,1.0,1.0,0.19309544177636961,1.0,1.0,0.2837070300517715,1.0,0.17314225798719945,1.0,0.18648965904221898
A_baseline,297,1500,0.014727538524312737,0.041751001503364575,1.0,0.0,0.1771474256551909,1.0,1.0,0.20872047216644107,1.0,1.0,0.2736639597438531,1.0,0.1648695761446315,0.0,0.1743493677417563
A_baseline,298,1500,0.014113764228699036,0.04105498949590978,1.0,1.0,0.19348798236845163,1.0,1.0,0.21818967448028678,1.0,1.0,0.29202308577703623,1.0,0.19554226879395673,1.0,0.20700222025286505
A_baseline,299,1500,0.014642888431811616,0.04441725361685696,1.0,1.0,0.2283569600923725,1.0,1.0,0.2844280042805269,1.0,1.0,0.35357922100229067,1.0,0.24123368764005354,1.0,0.2528984222936382
A_baseline,300,1500,0.014441963518394605,0.03905479436417654,0.0,0.0,0.16520588403995728,0.0,0.0,0.1802833944450924,1.0,1.0,0.26348997507286614,0.0,0.16110238535328625,1.0,0.1835392882479055
A_baseline,301,1500,0.014034247845238953,0.0408308543794991,1.0,1.0,0.170168870333388,1.0,1.0,0.21303900802785933,1.0,1.0,0.27213677644999823,1.0,0.1912360791717151,1.0,0.20247620080563172
A_baseline,302,1500,0.014197456835607553,0.03593433496562612,1.0,1.0,0.17425190351546554,1.0,1.0,0.1879841300932581,1.0,1.0,0.2532229717706813,1.0,0.16753127591136885,1.0,0.1802164295658422
A_baseline,303,1500,0.014526301999133786,0.039881448460928996,1.0,1.0,0.19489907743094825,1.0,1.0,0.20023746337799703,1.0,1.0,0.28468104631284874,1.0,0.18047267303513265,1.0,0.1999730201262465
A_baseline,304,1500,0.014240095459962123,0.05240182984922383,1.0,1.0,0.23611466205865966,1.0,1.0,0.2669222599266778,1.0,1.0,0.35878076937591036,1.0,0.24305433668018894,1.0,0.25149850357460046
A_baseline,305,1500,0.014401255687993874,0.04109218586240607,1.0,1.0,0.1842661895868763,1.0,1.0,0.19732083432098532,1.0,1.0,0.28022262545711285,1.0,0.17275404960219692,1.0,0.1896940660353113
A_baseline,306,1500,0.014925434766422033,0.039648878585557205,1.0,1.0,0.16906922206851444,1.0,1.0,0.1852204681692186,1.0,1.0,0.27535280365129533,0.0,0.14453080138422897,1.0,0.1584557516387814
A_baseline,307,1500,0.01481007270115488,0.05596515126131929,1.0,1.0,0.28329016592844747,1.0,1.0,0.2587641543036136,1.0,1.0,0.3380303347452104,1.0,0.2364964305044555,1.0,0.24409433764193955
A_baseline,308,1500,0.014306213803732088,0.038229303444438166,1.0,1.0,0.1792910800657623,1.0,1.0,0.2109140448750395,1.0,1.0,0.2617945496303661,1.0,0.19466237714563445,1.0,0.20801543947008402
A_baseline,309,1500,0.014679347532485924,0.042391839686517926,1.0,0.0,0.20018275897758517,1.0,0.0,0.21817923001245232,1.0,1.0,0.2920775695459447,1.0,0.1945466479118302,1.0,0.2113104075201247
A_baseline,310,1500,0.013940283539138438,0.03878432142980033,1.0,1.0,0.1787540341997455,1.0,1.0,0.18565982441114054,1.0,1.0,0.275639586232466,1.0,0.16872622112312505,1.0,0.17784927647317977
A_baseline,311,1500,0.014548834743385083,0.044132795699560974,1.0,1.0,0.21016298935133176,1.0,1.0,0.19138374779409215,1.0,1.0,0.28385818144022446,1.0,0.1793787790168199,1.0,0.19168515437415498
A_baseline,312,1500,0.014305161019672944,0.044512689157822895,1.0,1.0,0.2099951438981472,1.0,1.0,0.22913660492229065,1.0,1.0,0.29883705749793654,1.0,0.20068525314653868,1.0,0.21194068552554138
A_baseline,313,1500,0.014254375051250516,0.042577620368136906,1.0,1.0,0.18461158929666907,1.0,1.0,0.22615158698342128,1.0,1.0,0.28822859575491017,1.0,0.21417838654417834,1.0,0.22469492036648603
A_baseline,314,1500,0.014939924408224182,0.04357125407897297,1.0,1.0,0.1892466613533372,1.0,1.0,0.20303150194701733,1.0,1.0,0.29171074921715767,1.0,0.18853730014002462,1.0,0.20268473031922385
A_baseline,315,1500,0.014119591847158233,0.04149222135058865,1.0,0.0,0.21979039951363788,1.0,0.0,0.2072145653938981,1.0,0.0,0.26617853076447073,0.0,0.16856205703736532,0.0,0.1755456690340365
A_baseline,316,1500,0.014349073494315632,0.04501649736580694,1.0,1.0,0.183527856491838,1.0,1.0,0.2248992771717159,1.0,1.0,0.2826006376945979,1.0,0.2094789916565422,1.0,0.21596369567767484
A_baseline,317,1500,0.014327228233765662,0.0437396662765885,1.0,1.0,0.18833171167764734,1.0,1.0,0.21055577853014568,1.0,1.0,0.3048713192450455,1.0,0.18932633446186475,1.0,0.1988722804988547
A_baseline,318,1500,0.014636421340542086,0.03917298345359212,1.0,1.0,0.15663740686224178,1.0,1.0,0.1869126333275006,1.0,1.0,0.2729407189775417,1.0,0.16389135237113445,1.0,0.17891093729307045
A_baseline,319,1500,0.014049342783109486,0.04151002877883781,1.0,0.0,0.21092361909677146,1.0,1.0,0.22546108768733922,1.0,1.0,0.2886855141497952,1.0,0.20898251496225811,1.0,0.22012883721182597
A_baseline,320,1500,0.014738938791022341,0.04203967758283746,1.0,1.0,0.17773806621354943,1.0,1.0,0.23587997390976634,1.0,1.0,0.3032758490195132,1.0,0.19808887649270923,1.0,0.2110200491435787
A_baseline,321,1500,0.014464917337817176,0.042380088812543334,0.0,1.0,0.16331930261061495,0.0,1.0,0.19523566023622774,1.0,1.0,0.29134326245121406,0.0,0.17311705756456225,1.0,0.18491886729430881
A_baseline,322,1500,0.01471313279302482,0.05090370401628134,1.0,1.0,0.20370149027936585,1.0,1.0,0.23932718079085666,1.0,1.0,0.34359076623522633,1.0,0.22510813563659707,1.0,0.23136017734556935
A_baseline,323,1500,0.014637538379256678,0.045772462071086664,1.0,1.0,0.2045547376696522,1.0,1.0,0.2309328990785998,1.0,1.0,0.29325607694374045,1.0,0.18999684528357075,1.0,0.2028822890380381
A_baseline,324,1500,0.014684017062786455,0.040272096420686146,1.0,1.0,0.1901955022893041,1.0,1.0,0.18470699095749168,1.0,1.0,0.2818867178796074,1.0,0.1634398782278957,1.0,0.17791391854396746
A_baseline,325,1500,0.014146027867904339,0.035442483271448624,1.0,1.0,0.15494519119602163,1.0,1.0,0.1603715546609892,1.0,1.0,0.23525771102882218,1.0,0.1409993148909074,1.0,0.15273004804311302
A_baseline,326,1500,0.014137055479329955,0.044013048798486464,1.0,1.0,0.1818841215187566,1.0,1.0,0.2159033440161639,1.0,1.0,0.28468841972947107,1.0,0.20053173980327688,1.0,0.2113480301971571
A_baseline,327,1500,0.01407531370801015,0.04578917801488058,1.0,1.0,0.211407032571523,1.0,1.0,0.20431964484911447,1.0,1.0,0.2496259873408639,1.0,0.19142194417570008,1.0,0.204189421952614
A_baseline,328,1500,0.014805919623370979,0.0391047885825606,1.0,0.0,0.15675034468911075,1.0,0.0,0.1770362941009767,1.0,0.0,0.24938411385766876,1.0,0.16806932422311716,0.0,0.18896867556834734
A_baseline,329,1500,0.01482028665963874,0.048502393055665775,1.0,1.0,0.21364335718375288,1.0,1.0,0.252038319980801,1.0,1.0,0.3018984822465588,1.0,0.21899932224569385,1.0,0.225174835536536
A_baseline,330,1500,0.01431708045532978,0.051971420002219625,1.0,1.0,0.24474991770696475,1.0,1.0,0.26307562915858346,1.0,1.0,0.3435416678019091,1.0,0.2546929805775307,1.0,0.26217194643903124
A_baseline,331,1500,0.014445305957860413,0.04179579642846483,1.0,1.0,0.2190919042286493,1.0,1.0,0.2108845432711794,1.0,1.0,0.3000767986634595,1.0,0.19002298860658218,1.0,0.19925173887682388
A_baseline,332,1500,0.01393498866682115,0.04267400509185583,1.0,1.0,0.1684368176862834,1.0,1.0,0.2028928509351806,1.0,1.0,0.30124944090401823,1.0,0.18978215741150486,1.0,0.19678483690676557
A_baseline,333,1500,0.014634244463855837,0.04274314600574351,1.0,1.0,0.17870333943277544,1.0,1.0,0.1811871391124053,1.0,1.0,0.2559594879866012,1.0,0.17276446889496427,1.0,0.18402089323087253
A_baseline,334,1500,0.013768029067673557,0.036834201932724235,0.0,0.0,0.15844823725365803,0.0,0.0,0.18938357025543034,0.0,0.0,0.2561819969193476,0.0,0.17709676323714713,0.0,0.19145688147388804
A_baseline,335,1500,0.01419514159515234,0.042607939390023684,1.0,1.0,0.17751555238018973,1.0,1.0,0.20099712635398387,1.0,1.0,0.29016475718248286,1.0,0.18580571871295043,1.0,0.2009944566155756
A_baseline,336,1500,0.014478038074493327,0.03515796384440294,1.0,0.0,0.15853895404178636,1.0,0.0,0.18110613335650505,1.0,1.0,0.2539301104830533,1.0,0.15875466732114474,1.0,0.17455030205557884
A_baseline,337,1500,0.014252701785126935,0.03722243629655548,1.0,1.0,0.16937502419881936,1.0,1.0,0.16391956404310415,1.0,1.0,0.24997887141235683,1.0,0.14055245014017842,1.0,0.15495101654695004
A_baseline,338,1500,0.014166819799923284,0.03919666253931457,1.0,1.0,0.1681813956750346,1.0,1.0,0.19719129001277136,1.0,1.0,0.29045399549394874,1.0,0.17190822674782452,1.0,0.18277314594436492
A_baseline,339,1500,0.014572230253947407,0.036194218372535295,1.0,0.0,0.15128433828593588,1.0,1.0,0.17414615039209505,1.0,1.0,0.23625778230360797,1.0,0.16306059294171224,1.0,0.17803424739505558
A_baseline,340,1500,0.014861985270949106,0.048142599675737016,1.0,1.0,0.21611386895733026,1.0,0.0,0.20325937523851687,1.0,1.0,0.26857675592897523,1.0,0.19068348816758224,0.0,0.19881378257613996
A_baseline,341,1500,0.014396735798106108,0.043711079000732345,1.0,1.0,0.21481732129756673,1.0,1.0,0.22835118424289463,1.0,1.0,0.31124681813641264,1.0,0.21640070939851333,1.0,0.23708765543714252
A_baseline,342,1500,0.0142780641607611,0.03785697915321964,1.0,1.0,0.1636728092942996,1.0,1.0,0.2295904877685823,1.0,1.0,0.32273040391616886,1.0,0.18682850090799302,1.0,0.19746954487695736
A_baseline,343,1500,0.014491465098130566,0.03802519560397721,0.0,0.0,0.16878773417125703,0.0,0.0,0.17410331032501203,1.0,1.0,0.2609613071964372,0.0,0.15939371045614445,0.0,0.16769577664058438
A_baseline,344,1500,0.014723221809936326,0.04337513140894439,1.0,1.0,0.20352444773610726,1.0,1.0,0.2611050965549897,1.0,1.0,0.34363150953143917,1.0,0.2010526233645348,1.0,0.21270799908395852
A_baseline,345,1500,0.014963621676362336,0.04125559717292298,1.0,1.0,0.21077024736004574,1.0,1.0,0.22741174515350143,1.0,1.0,0.33836811202281897,1.0,0.19441108867532594,1.0,0.20691081102430164
A_baseline,346,1500,0.014100692158139949,0.0426420646649197,1.0,1.0,0.19654762866526482,1.0,1.0,0.20565744561079596,1.0,1.0,0.26785609467730254,1.0,0.18980037744353218,1.0,0.20020328586666292
A_baseline,347,1500,0.014403672942941719,0.044220204049350516,1.0,1.0,0.2083100029709569,1.0,1.0,0.24998395027569523,1.0,1.0,0.2903563174152726,1.0,0.23811425062516064,1.0,0.24606551591535047
A_baseline,348,1500,0.014340638999226914,0.03946056294306752,1.0,1.0,0.1818523853595207,1.0,1.0,0.20710891507901366,1.0,1.0,0.31645387359634736,1.0,0.18138975662737727,1.0,0.18960314919299998
A_baseline,349,1500,0.014316915022230623,0.04478812547778786,1.0,1.0,0.20769623569320786,1.0,1.0,0.21269134807204343,1.0,1.0,0.3010334216966074,1.0,0.2067991409389612,1.0,0.21419965300563568
A_baseline,350,1500,0.01450030865858684,0.04383450864203113,1.0,1.0,0.19672985732813683,1.0,1.0,0.24353217856901485,1.0,1.0,0.335771887145182,1.0,0.19523420688970483,1.0,0.20612765740049827
A_baseline,351,1500,0.014228973847485794,0.04151621249675442,1.0,1.0,0.18899320441610862,1.0,1.0,0.1954043206404813,1.0,1.0,0.2724210372553991,1.0,0.1736910415085648,1.0,0.18222196082446804
A_baseline,352,1500,0.014326216858352229,0.046829245151943005,1.0,1.0,0.2186776014666257,1.0,1.0,0.22037732306124772,1.0,1.0,0.2940055908582492,1.0,0.20742726828030317,1.0,0.21672866326281418
A_baseline,353,1500,0.014627586710157122,0.04329477816817755,0.0,0.0,0.1888414135574083,1.0,0.0,0.23291589994592882,1.0,1.0,0.2859534817533902,1.0,0.19104998185602412,0.0,0.20267709667833844
A_baseline,354,1500,0.014742400959532873,0.046994336695418665,1.0,1.0,0.21613546638459313,1.0,1.0,0.2357180600557026,1.0,1.0,0.31519633055539337,1.0,0.2195073432202376,1.0,0.22906607895234837
A_baseline,355,1500,0.014294662612817659,0.04206120175970953,1.0,1.0,0.18678239249208473,1.0,1.0,0.22177386870987537,1.0,1.0,0.2959128208687531,1.0,0.18805700032919953,1.0,0.1993054169224812
A_baseline,356,1500,0.014075590652785316,0.0428930285884718,1.0,1.0,0.15700164433629163,1.0,1.0,0.20262726986278395,1.0,1.0,0.3107157896825329,1.0,0.1868588209685459,1.0,0.19570693817077253
A_baseline,357,1500,0.014246943856749728,0.04430352812012561,1.0,1.0,0.19237879159686552,1.0,1.0,0.23204154386773626,1.0,1.0,0.29688398976638053,1.0,0.19782858031766815,1.0,0.20919081495691536
A_baseline,358,1500,0.014778070998262513,0.036716439917311355,1.0,1.0,0.1853094179901784,1.0,1.0,0.19393383234233602,1.0,1.0,0.2950931168464916,1.0,0.1741685174141059,1.0,0.18722207461728807
A_baseline,359,1500,0.014665606719415993,0.03391546936318044,1.0,1.0,0.14411014539967498,1.0,1.0,0.1643240424051326,1.0,1.0,0.24272320286063237,1.0,0.12929066642513518,1.0,0.13912041599044242
A_baseline,360,1500,0.01457555446836341,0.04717326880473678,1.0,1.0,0.19987409553267263,1.0,1.0,0.2058487115206758,1.0,1.0,0.29341611910543886,1.0,0.18673114740194327,1.0,0.19388580109741566
A_baseline,361,1500,0.014125136190474797,0.04069042696832244,1.0,1.0,0.17969513431078815,1.0,1.0,0.20739135024116173,1.0,1.0,0.2622921139494102,1.0,0.1955377120252662,1.0,0.2084064387096496
A_baseline,362,1500,0.014461692988068793,0.044672524939882136,1.0,1.0,0.22522164744545017,1.0,1.0,0.23747504804859107,1.0,1.0,0.29770044432881854,1.0,0.21140955941849474,1.0,0.21917258630328681
A_baseline,363,1500,0.014270836995107849,0.04239578668243942,1.0,1.0,0.18478311055695987,1.0,1.0,0.21705805955034405,1.0,1.0,0.2633175361320267,1.0,0.18817231929922013,1.0,0.19846004024744274
A_baseline,364,1500,0.014268122683636336,0.03908216393604068,1.0,1.0,0.18091444378717858,1.0,1.0,0.19057061630077207,1.0,1.0,0.29055664997257924,1.0,0.18333136379406345,1.0,0.19389253985691918
A_baseline,365,1500,0.014510238228495483,0.040604604131725765,1.0,1.0,0.2014390645911747,1.0,1.0,0.20792329752179003,1.0,1.0,0.31509054266266634,1.0,0.17391027737790582,1.0,0.1837177325458653
A_baseline,366,1500,0.014152485622958866,0.034795200298946394,1.0,1.0,0.15876834499242926,1.0,1.0,0.16062390958030598,1.0,1.0,0.2226595168574541,1.0,0.14945664080553206,1.0,0.16412837029675398
A_baseline,367,1500,0.013963054795876253,0.03949299131182442,1.0,1.0,0.16923520001956324,1.0,1.0,0.1812179031439139,1.0,1.0,0.23348736383573848,1.0,0.17314063085821563,1.0,0.17850085939372368
A_baseline,368,1500,0.014331765001456147,0.04628871393799493,1.0,1.0,0.22974711862488806,1.0,1.0,0.20675001665438053,1.0,1.0,0.2940530085741376,1.0,0.16725733865872586,1.0,0.17509330999039907
A_baseline,369,1500,0.013965174641673208,0.05390521852269298,1.0,1.0,0.23944038075129978,1.0,1.0,0.25483230373550103,1.0,1.0,0.3264666237291697,1.0,0.2265943472370752,1.0,0.23295097664149114
A_baseline,370,1500,0.014121277713950187,0.03845908292689903,0.0,0.0,0.17255398841843947,0.0,0.0,0.1860487911138574,0.0,0.0,0.27709688380690023,0.0,0.16184360929237612,0.0,0.1722359466764174
A_baseline,371,1500,0.015097222128068565,0.05156615172313248,1.0,1.0,0.2081287684052922,1.0,1.0,0.22464987460921373,1.0,1.0,0.3097025510682202,1.0,0.20852728391068176,1.0,0.21471448977245436
A_baseline,372,1500,0.01423776157602066,0.04402970663710672,1.0,1.0,0.1918913209283381,1.0,1.0,0.216043051076351,1.0,1.0,0.3359223891410772,1.0,0.17626557266761297,1.0,0.18773096641297055
A_baseline,373,1500,0.014718213586196922,0.055644761742488794,1.0,1.0,0.24393434590118718,1.0,1.0,0.26498703304809623,1.0,1.0,0.35618597414713976,1.0,0.24961843654093382,1.0,0.2537573005326649
A_baseline,374,1500,0.014481440558334878,0.04462007259687924,1.0,1.0,0.1725296634424615,1.0,1.0,0.2291710436103902,1.0,1.0,0.3058991437543182,1.0,0.20202976262106542,1.0,0.21205397716718796
A_baseline,375,1500,0.014085610555507952,0.04909389240271593,1.0,1.0,0.19462247287167847,1.0,1.0,0.26397970905747314,1.0,1.0,0.3070017952736853,1.0,0.24484595668514117,1.0,0.25521374750905274
A_baseline,376,1500,0.014474341329646777,0.043494042622632,1.0,1.0,0.18739788824029327,1.0,1.0,0.21270827690861194,1.0,1.0,0.288744202050619,1.0,0.20117050880894577,1.0,0.20857329520009035
A_baseline,377,1500,0.014529680024786565,0.036976602738420114,1.0,1.0,0.16340610290019764,1.0,1.0,0.1834337622384539,1.0,1.0,0.2790808563105077,1.0,0.16459950707383736,1.0,0.17944423444647314
A_baseline,378,1500,0.014208009142447344,0.044204175835574344,1.0,0.0,0.2000503182101582,1.0,1.0,0.23039490411986976,1.0,1.0,0.3042768636973103,1.0,0.2112994495781403,1.0,0.22218393040730344
A_baseline,379,1500,0.01424013473544747,0.04389699058212894,1.0,1.0,0.21837566402252265,1.0,1.0,0.24618999313935438,1.0,1.0,0.2862875989424918,1.0,0.21516699558502678,1.0,0.22860296234873995
A_baseline,380,1500,0.014342074285772229,0.04241768260874883,1.0,1.0,0.19063678308207954,1.0,1.0,0.24047890360455035,1.0,1.0,0.2926989379628554,1.0,0.1763914991950071,1.0,0.18871139992618466
A_baseline,381,1500,0.014518841323369294,0.03746092716277371,1.0,0.0,0.17531821224569039,1.0,0.0,0.18169459187546644,1.0,1.0,0.24527109969564495,1.0,0.1581987255297899,1.0,0.17739841766935438
A_baseline,382,1500,0.014747390200851751,0.046271482952173024,1.0,1.0,0.23688660600381306,1.0,1.0,0.2443856737701417,1.0,1.0,0.30966250663379774,1.0,0.22570858430416738,1.0,0.23388485356828684
A_baseline,383,1500,0.0139789088687476,0.04320330978633984,1.0,1.0,0.16773861806628781,1.0,1.0,0.2070575557215338,1.0,1.0,0.2812808837352175,1.0,0.19870537888445775,1.0,0.20795017267068241
A_baseline,384,1500,0.014785328124764255,0.04700179162692932,1.0,1.0,0.21310479355868478,1.0,1.0,0.262890244221252,1.0,1.0,0.34574195672796587,1.0,0.23320280119110856,1.0,0.24656941089465123
A_baseline,385,1500,0.014713987583064138,0.04439401944176032,1.0,1.0,0.19978822236126997,1.0,1.0,0.17568988132523333,1.0,1.0,0.26736459123291845,1.0,0.15719573194842798,1.0,0.16867732778896777
A_baseline,386,1500,0.014501011678633734,0.042436926415134094,1.0,1.0,0.1994891380961326,1.0,1.0,0.2030887262912663,1.0,1.0,0.2679555180837657,1.0,0.1812154657568863,1.0,0.18915177805677696
A_baseline,387,1500,0.014370871613986747,0.04157167942360137,1.0,1.0,0.15374238585283564,1.0,1.0,0.19035659823535778,1.0,1.0,0.26766824815802454,1.0,0.1762513747692654,1.0,0.18496868372712655
A_baseline,388,1500,0.01444487792460301,0.046749894701593894,1.0,1.0,0.21557161298163763,1.0,1.0,0.20527814815065265,1.0,1.0,0.3122326580554601,1.0,0.19239355978050585,1.0,0.2028217683643831
A_baseline,389,1500,0.014206586019531614,0.04245771506977968,1.0,1.0,0.18987520605962438,1.0,1.0,0.1854764512796082,1.0,1.0,0.2727257029030188,1.0,0.1621362790973812,1.0,0.16921686262646965
A_baseline,390,1500,0.014662987737368245,0.04411977503601493,0.0,0.0,0.22627328145652886,0.0,0.0,0.23294064314659665,1.0,1.0,0.33981634164925556,0.0,0.19262333682677543,0.0,0.20464501806752772
A_baseline,391,1500,0.014103791302144907,0.03770948644379529,1.0,1.0,0.20672100582720415,1.0,1.0,0.23261210319264958,1.0,1.0,0.32501761264631857,1.0,0.1793735779091701,1.0,0.18922515532588638
A_baseline,392,1500,0.01464208989611139,0.042965365571647054,1.0,1.0,0.2008320087848166,1.0,1.0,0.22360752062457392,1.0,1.0,0.3117427622439911,1.0,0.1781833475983092,1.0,0.1925089391573788
A_baseline,393,1500,0.014779540548652478,0.0455191596314651,1.0,1.0,0.21524556912563764,1.0,1.0,0.22514272688383735,1.0,1.0,0.32049013763398054,1.0,0.20703552783593177,1.0,0.22555884595804665
A_baseline,394,1500,0.014743022106863674,0.04145851067748713,1.0,1.0,0.1944232337355364,1.0,1.0,0.20932031121249045,1.0,1.0,0.2730501562140171,1.0,0.1924651028030107,1.0,0.20668497788194679
A_baseline,395,1500,0.014571854239336244,0.047058851076156344,1.0,1.0,0.2165753013741965,1.0,1.0,0.22982610840773657,1.0,1.0,0.32211969891856507,1.0,0.20138679638119433,1.0,0.20950617599764634
A_baseline,396,1500,0.014476435558437608,0.05174784775355691,1.0,0.0,0.2442601785247036,1.0,0.0,0.24841651324151703,1.0,1.0,0.31195753272712967,0.0,0.23153009672291072,0.0,0.23754792279667955
A_baseline,397,1500,0.014180966595326503,0.03544128034581606,1.0,0.0,0.1462520204531214,1.0,1.0,0.1601582040663562,1.0,1.0,0.23249156346462066,1.0,0.15435342081477094,1.0,0.16896543295016855
A_baseline,398,1500,0.014198358168288216,0.04239956511652337,1.0,1.0,0.18378801813615503,1.0,1.0,0.22682114012428567,1.0,1.0,0.30804127253023905,1.0,0.19812381676301488,1.0,0.20975030953758605
A_baseline,399,1500,0.014423915344691248,0.04390104652692154,1.0,1.0,0.18459634372579442,1.0,1.0,0.2056514001870206,1.0,1.0,0.27822808713638253,1.0,0.198137696107626,1.0,0.21096050818159967
A_baseline,400,1500,0.014607903321212156,0.05570455132426742,1.0,1.0,0.26290023796758627,1.0,1.0,0.2682794886443082,1.0,1.0,0.35970514578795054,1.0,0.2606172115919532,1.0,0.2708948212489686
A_baseline,401,1500,0.014051120046219804,0.04672868291407387,1.0,1.0,0.2522341676241777,1.0,1.0,0.19340986841463148,1.0,1.0,0.28001835180488827,1.0,0.18374502002808396,1.0,0.19018970037342456
A_baseline,402,1500,0.014232571095258207,0.05131473602978002,1.0,1.0,0.26013369591780605,1.0,1.0,0.2681424386965982,1.0,1.0,0.37254897776925777,1.0,0.24281399623754796,1.0,0.2567588488764202
A_baseline,403,1500,0.014333945255525225,0.04505713093988629,0.0,0.0,0.20170654601687285,0.0,0.0,0.21937275861939076,1.0,0.0,0.2875995250654072,0.0,0.18317659382698107,0.0,0.19965535410616053
A_baseline,404,1500,0.014716506103777088,0.03988271185650373,1.0,1.0,0.1630614925047646,1.0,1.0,0.21225380412710154,1.0,1.0,0.2981736119056523,1.0,0.17035732479107157,1.0,0.18101568880934565
A_baseline,405,1500,0.014640717224096374,0.03635757266388575,1.0,1.0,0.17763112809580664,1.0,1.0,0.17943792562599842,1.0,1.0,0.2518560993001107,1.0,0.1645788185657171,1.0,0.1771363257635326
A_baseline,406,1500,0.014435944270846896,0.0450573994495851,1.0,1.0,0.19279074341030503,1.0,1.0,0.21553875186529972,1.0,1.0,0.27855995311221565,1.0,0.18899317766721274,1.0,0.1996875376522126
A_baseline,407,1500,0.014521047418448842,0.03726189576845344,1.0,1.0,0.16221743299675245,1.0,1.0,0.1881163199320763,1.0,1.0,0.27433677311609966,1.0,0.16215219452988944,1.0,0.18006636574596183
A_baseline,408,1500,0.014587583563096146,0.04398506693173724,1.0,1.0,0.22089860806066808,1.0,1.0,0.20066657644412636,1.0,1.0,0.28022776374135805,1.0,0.1832671727163636,1.0,0.2020433375346876
A_baseline,409,1500,0.014584584610633002,0.0399989912167932,1.0,1.0,0.15880774762690733,1.0,1.0,0.21652199016272755,1.0,1.0,0.2825915061375378,1.0,0.18889999672682087,1.0,0.19893446388204147
A_baseline,410,1500,0.014030974597118698,0.04998571769618018,1.0,1.0,0.22355493177322888,1.0,1.0,0.23102544660541194,1.0,1.0,0.2976268099318961,1.0,0.22310426082291812,1.0,0.23303674589264958
A_baseline,411,1500,0.0151276515100178,0.03970901846833056,1.0,1.0,0.1865266914366723,1.0,1.0,0.20988061126588886,1.0,1.0,0.29227240101335394,1.0,0.1797633075844306,1.0,0.19817456585478285
A_baseline,412,1500,0.014007576239884635,0.04989905929384194,1.0,0.0,0.19708483041267472,1.0,1.0,0.2435844348965972,1.0,1.0,0.33044769378502287,1.0,0.23293227715398607,1.0,0.24228107732420182
A_baseline,413,1500,0.014387348733799673,0.038327382343958605,1.0,1.0,0.23711493889218546,1.0,1.0,0.24705073384824477,1.0,1.0,0.3150870629019347,1.0,0.2339754989415593,1.0,0.24455190362226525
A_baseline,414,1500,0.014291619480374851,0.03779939311688076,1.0,1.0,0.1899541049754585,1.0,1.0,0.20064154947822782,1.0,1.0,0.26215333548782593,1.0,0.1693413042202842,1.0,0.18237137836612155
A_baseline,415,1500,0.014708684264422494,0.042930517079178304,1.0,1.0,0.18216718679851712,1.0,1.0,0.20267591200443397,1.0,1.0,0.27855952825437197,1.0,0.19060709856401442,1.0,0.19957666991860487
A_baseline,416,1500,0.014358128510207204,0.03760955020115182,1.0,0.0,0.18654020987520556,1.0,0.0,0.1909246761394708,1.0,1.0,0.2609669576354866,1.0,0.18109386915999606,0.0,0.1921875081703266
A_baseline,417,1500,0.014255042699935811,0.034040431594119014,1.0,1.0,0.13731762939514375,1.0,1.0,0.15795162210462996,1.0,1.0,0.24276073638497314,1.0,0.1306453115455181,1.0,0.14254788320241227
A_baseline,418,1500,0.01456957507962403,0.03802218976465587,1.0,1.0,0.1506432683817734,1.0,1.0,0.16349259141800881,1.0,1.0,0.23385202939581612,1.0,0.13840914042325644,1.0,0.15494629355593348
A_baseline,419,1500,0.014380076950187426,0.04270526173520755,0.0,0.0,0.20233394388491446,1.0,0.0,0.2390996184920871,1.0,1.0,0.3300253558072768,1.0,0.21412747857244216,0.0,0.22969285953052765
A_baseline,420,1500,0.014400212066928604,0.034931437114258564,1.0,1.0,0.16131822715411062,1.0,1.0,0.17895144975419924,1.0,1.0,0.26963700133806456,1.0,0.16122691408691003,1.0,0.17629544835981503
A_baseline,421,1500,0.01460625524372852,0.03714293188099186,1.0,1.0,0.1721938102223762,1.0,1.0,0.1799279082716267,1.0,1.0,0.2838166646201485,1.0,0.15652491183672335,1.0,0.17003173030100358
A_baseline,422,1500,0.01408450691501305,0.044244932778360356,1.0,1.0,0.1938849143077028,1.0,1.0,0.20893158157500755,1.0,1.0,0.2952886394872845,1.0,0.1952997753054095,1.0,0.20529515594944145
A_baseline,423,1500,0.01388868909119681,0.047054442002828566,1.0,1.0,0.1989950285687571,1.0,1.0,0.21987070719815938,1.0,1.0,0.30785276608771117,0.0,0.20582944296559305,1.0,0.21310705236285915
A_baseline,424,1500,0.01459470663018077,0.04206394293197953,1.0,1.0,0.18733033459870313,1.0,1.0,0.21571034659061317,1.0,1.0,0.29637994327314876,1.0,0.1991786546362829,1.0,0.20776356474369972
A_baseline,425,1500,0.014215415407640772,0.038988588531438495,1.0,1.0,0.15082813867254857,1.0,1.0,0.19990339782722627,1.0,1.0,0.2879683082770659,1.0,0.18081808543405536,1.0,0.1979083053363073
A_baseline,426,1500,0.014350735993954561,0.040021338862520704,1.0,1.0,0.18176190677158705,1.0,1.0,0.17790482594207355,1.0,1.0,0.2686372733863961,1.0,0.1671966099356181,1.0,0.1774557248310741
A_baseline,427,1500,0.014461623152761451,0.040870152364647215,1.0,1.0,0.18169388782160692,1.0,1.0,0.19622948181548697,1.0,1.0,0.26262905963471517,1.0,0.18685755831786344,1.0,0.19964506761245704
A_baseline,428,1500,0.01478974273267582,0.04233338625295259,1.0,1.0,0.20992165523702963,1.0,1.0,0.2171555554709939,1.0,1.0,0.3041278895100306,1.0,0.193227685349778,1.0,0.20435899296005333
A_baseline,429,1500,0.014521229804332922,0.035677965663486244,1.0,1.0,0.16618107692501327,1.0,1.0,0.17898561225578505,1.0,1.0,0.28157348264538695,1.0,0.15439702745190825,1.0,0.16338817334954675
A_baseline,430,1500,0.01425684106934136,0.050409221253157235,0.0,0.0,0.1894469766896074,0.0,0.0,0.23726386938167385,1.0,1.0,0.29705079236787546,0.0,0.21769718639027644,0.0,0.22686730110590164
A_baseline,431,1500,0.014660480559122413,0.04151964336650238,1.0,1.0,0.18293238507569218,1.0,1.0,0.18924936137210713,1.0,1.0,0.25824804412957975,1.0,0.1584616106734896,1.0,0.169576164694288
A_baseline,432,1500,0.014437119280640849,0.036576959910217685,1.0,1.0,0.16181725765926383,1.0,1.0,0.19852938402540776,1.0,1.0,0.2918001653864518,1.0,0.1703310721567021,1.0,0.17805082945314582
A_baseline,433,1500,0.014921865972190187,0.04334889878542868,1.0,1.0,0.18894359909016517,1.0,1.0,0.19420704294685293,1.0,1.0,0.27202375417070146,1.0,0.17750516856013845,1.0,0.1870798533415037
A_baseline,434,1500,0.014528732349747608,0.051748639945960594,1.0,0.0,0.23378131405494312,1.0,0.0,0.25761282943257113,1.0,1.0,0.37905920591832654,1.0,0.2489414667977651,0.0,0.25586582290643356
A_baseline,435,1500,0.014462466813845045,0.03779583956026426,1.0,1.0,0.1631329920149171,1.0,1.0,0.18536941170205096,1.0,1.0,0.2657425427768195,0.0,0.16880904286589973,1.0,0.17776999337521132
A_baseline,436,1500,0.01461910781856735,0.04124144519231322,1.0,1.0,0.2177041764295154,1.0,1.0,0.22732990998087726,1.0,1.0,0.3008999021424607,1.0,0.18878840726862264,1.0,0.1983683515349555
A_baseline,437,1500,0.014469365925411383,0.04803080307915607,0.0,0.0,0.19638450798902923,1.0,0.0,0.23510262774101048,1.0,1.0,0.3055288301964888,1.0,0.2204606834523795,0.0,0.23078797429444795
A_baseline,438,1500,0.01392605580223131,0.041176466861881714,1.0,1.0,0.20970975366040218,1.0,1.0,0.22121891228009138,1.0,1.0,0.26309993365083695,1.0,0.21383955071910243,1.0,0.23154030160553235
A_baseline,439,1500,0.014417738501842407,0.041545114309127405,1.0,1.0,0.18608913774077496,1.0,1.0,0.17624744952568222,1.0,1.0,0.25878186164549144,1.0,0.1641422922715089,1.0,0.17894028016804117
A_baseline,440,1500,0.014222683653435937,0.04314648932573905,1.0,1.0,0.17588829758761867,1.0,1.0,0.20735584356708014,1.0,1.0,0.2813486309941861,1.0,0.19613610525174266,1.0,0.2107659075346718
A_baseline,441,1500,0.01438596236758369,0.04192275122860205,1.0,1.0,0.1953844865071936,1.0,1.0,0.2008435116803497,1.0,1.0,0.28304039751763826,1.0,0.17922600686672954,1.0,0.18764692622024853
A_baseline,442,1500,0.014509903627541077,0.03676243644729003,1.0,1.0,0.1816767629003706,1.0,1.0,0.20105600867214496,1.0,1.0,0.24774753989105366,1.0,0.17100110699677967,1.0,0.1799087873596031
A_baseline,443,1500,0.014400088670440389,0.043848299608375094,1.0,1.0,0.215258449343145,1.0,1.0,0.20940208230263951,1.0,1.0,0.3018569720011578,1.0,0.18785681874244334,1.0,0.19826743126948504
A_baseline,444,1500,0.014596021035755715,0.03831854404504751,0.0,0.0,0.14211584012123624,1.0,1.0,0.19853277247483758,1.0,1.0,0.2761250028189981,1.0,0.1803480164662585,1.0,0.19313948936362507
A_baseline,445,1500,0.014182524693470814,0.04859422986411889,1.0,1.0,0.25727806462305935,1.0,1.0,0.27423694326655257,1.0,1.0,0.34497138529420945,1.0,0.2475698359054098,1.0,0.25915191482526356
A_baseline,446,1500,0.014515047274182255,0.04413413537372996,1.0,1.0,0.1911858163806504,1.0,1.0,0.24019433417683417,1.0,1.0,0.2999139399593089,1.0,0.20109508434614706,1.0,0.2117746795174739
A_baseline,447,1500,0.014724381690269026,0.03975082143973192,1.0,1.0,0.18090736987051317,1.0,1.0,0.18723577303528266,1.0,1.0,0.2812549035441066,1.0,0.16896997972835956,1.0,0.18036824301891582
A_baseline,448,1500,0.013869068682489683,0.03604808790301567,1.0,1.0,0.19296762675767845,1.0,1.0,0.21399995104144343,1.0,1.0,0.31077361261972886,1.0,0.2065893327534088,1.0,0.21873369578043014
A_baseline,449,1500,0.01464745160574506,0.04166696022508608,1.0,1.0,0.1621267834085371,1.0,1.0,0.18597449337088612,1.0,1.0,0.26457693746109334,1.0,0.16360614126290587,1.0,0.1734231671794728
A_baseline,450,1500,0.014187916936112295,0.04107616755205602,1.0,1.0,0.20658823519704708,1.0,1.0,0.2140992230859557,1.0,1.0,0.2762107420283675,1.0,0.2062019891117453,1.0,0.22343408734562908
A_baseline,451,1500,0.014465401332283495,0.03701493868651838,1.0,1.0,0.15702551242795987,1.0,1.0,0.1919308107719157,1.0,1.0,0.2809690640202954,1.0,0.1567084372707256,1.0,0.1775654847821669
A_baseline,452,1500,0.014714306028121871,0.050965894596922835,1.0,1.0,0.22787764760136847,1.0,1.0,0.23771503765879293,1.0,1.0,0.30359058871142547,1.0,0.22094110570768702,1.0,0.23226746227115241
A_baseline,453,1500,0.014706669526518775,0.0416112373877167,1.0,1.0,0.17563202863720767,1.0,1.0,0.22090587570414102,1.0,1.0,0.30486433184145073,1.0,0.19473137811586813,1.0,0.20392289058437846
A_baseline,454,1500,0.01427682229103063,0.05256207626141968,1.0,1.0,0.26213091007765865,1.0,1.0,0.21468355137513276,1.0,1.0,0.30583795331102875,1.0,0.20392675953138334,1.0,0.20929628904704484
A_baseline,455,1500,0.014434093224989314,0.03660688275711767,1.0,1.0,0.18875422441874332,1.0,1.0,0.2078837217561913,1.0,1.0,0.2804147796872825,1.0,0.17514744773403332,1.0,0.1879306531963058
A_baseline,456,1500,0.01478470176228175,0.03421476019980631,1.0,1.0,0.15010662166740418,1.0,1.0,0.1745239097633872,1.0,1.0,0.25377964935801617,1.0,0.14405654458604694,1.0,0.15599146727086766
A_baseline,457,1500,0.014498282299771638,0.04263232036394411,0.0,0.0,0.16614847445196645,0.0,0.0,0.18700514452718267,0.0,0.0,0.27460980412936786,0.0,0.16616988194885068,0.0,0.176915364904319
A_baseline,458,1500,0.014289773740869646,0.04139209289011463,1.0,1.0,0.18499631241938563,1.0,1.0,0.22264955064190833,1.0,1.0,0.27434346026699286,1.0,0.2001220429352514,1.0,0.21109481007749142
A_baseline,459,1500,0.014893967730170307,0.04322059322683258,1.0,1.0,0.18583718940706526,1.0,1.0,0.21014328347804495,1.0,1.0,0.3216587734325227,1.0,0.18654840468948922,1.0,0.20147894176100545
A_baseline,460,1500,0.014264437701680259,0.04045756655393449,1.0,1.0,0.18591811121656104,1.0,1.0,0.19602546677682584,1.0,1.0,0.2718416146671185,1.0,0.18550741944246235,1.0,0.19557265674833446
A_baseline,461,1500,0.014644662874340414,0.0438942131642534,1.0,1.0,0.17238202316161963,1.0,1.0,0.21695805250630745,1.0,1.0,0.31219695075027426,1.0,0.1801485991912119,1.0,0.19116153153804957
A_baseline,462,1500,0.01420446952501375,0.03912771871187296,1.0,1.0,0.1590003725729317,1.0,1.0,0.17424950384276539,1.0,1.0,0.22908824541609335,1.0,0.16394261615685474,1.0,0.17528697515407815
A_baseline,463,1500,0.014578368709737258,0.04701215631072841,1.0,1.0,0.19724150724121206,1.0,1.0,0.22277581379900732,1.0,1.0,0.292923105660685,1.0,0.20039224930602692,1.0,0.20833207758811928
A_baseline,464,1500,0.014411336807971124,0.037217904450364124,1.0,1.0,0.20583806011736588,1.0,1.0,0.2203217667335514,1.0,1.0,0.3049571995452922,1.0,0.185366688905748,1.0,0.2051440671147068
A_baseline,465,1500,0.014170717873848446,0.03898946505625439,1.0,1.0,0.18107752325973445,1.0,1.0,0.17100536847950154,1.0,1.0,0.26733082757042237,1.0,0.15945908373684942,1.0,0.17313192301771493
A_baseline,466,1500,0.014299039336740817,0.04081035477213244,1.0,1.0,0.1606390006313862,1.0,1.0,0.19936854788349173,1.0,1.0,0.29221298291019693,1.0,0.16478780254603467,1.0,0.17473082971404308
A_baseline,467,1500,0.013947020062671437,0.03924120556228063,1.0,1.0,0.16875520937086275,1.0,1.0,0.19572570734048952,1.0,1.0,0.2611870889187243,1.0,0.17604240461509352,1.0,0.1864118177855017
A_baseline,468,1500,0.014174033367631017,0.04079231641103401,1.0,1.0,0.19136677656598983,1.0,1.0,0.2076513623706547,1.0,1.0,0.2827547230262019,1.0,0.18771449786348118,1.0,0.19898015922384393
A_baseline,469,1500,0.014513373027904907,0.04668986861521312,1.0,1.0,0.18802630060672904,1.0,1.0,0.23660079419182942,1.0,1.0,0.29387799814906856,1.0,0.2250379617034822,1.0,0.24016266621864174
A_baseline,470,1500,0.01457644553283995,0.03556125834378454,1.0,0.0,0.14492356543565368,1.0,1.0,0.16687121629860416,1.0,1.0,0.24647744286858134,1.0,0.1484510173799963,1.0,0.15941467725230038
A_baseline,471,1500,0.01412391482272508,0.04121563403847325,1.0,1.0,0.1928089954366687,1.0,1.0,0.21596383428568208,1.0,1.0,0.2965137504088406,1.0,0.1759287798996954,1.0,0.18494339176929137
A_baseline,472,1500,0.014917510738260536,0.03418685489952137,1.0,1.0,0.14711636371125722,1.0,1.0,0.18719236328368835,1.0,1.0,0.2826054095460915,1.0,0.15112233930062044,1.0,0.1593159090984474
A_baseline,473,1500,0.01427187481991926,0.04340684442786409,1.0,1.0,0.16782165922999376,1.0,1.0,0.2008432232007252,1.0,1.0,0.2804212381276764,1.0,0.19462966485280833,1.0,0.20392280996656184
A_baseline,474,1500,0.014778176255123768,0.043255447780396035,1.0,1.0,0.17573335272351803,1.0,1.0,0.19399412535043792,1.0,1.0,0.2775107934525436,1.0,0.17918738937008566,1.0,0.18784163821912758
A_baseline,475,1500,0.014748954262553078,0.037184401185333345,1.0,1.0,0.17981235146987895,1.0,1.0,0.1859094180123116,1.0,1.0,0.27135112757106183,1.0,0.16258257387446706,1.0,0.1842032301302672
A_baseline,476,1500,0.014018290590592489,0.04217855570244009,1.0,1.0,0.18526576039484705,1.0,1.0,0.19128613587059867,1.0,1.0,0.27762334263435967,1.0,0.1703413505597621,1.0,0.18262376525933793
A_baseline,477,1500,0.014845137567271271,0.03733813015738319,1.0,1.0,0.16230271566177604,1.0,1.0,0.19859591080433286,1.0,1.0,0.2675685979161237,1.0,0.1776182144777476,1.0,0.18562626267843757
A_baseline,478,1500,0.014539418632691863,0.0496067015403736,1.0,1.0,0.23529888266525822,1.0,1.0,0.23968152832299544,1.0,1.0,0.308994092099004,1.0,0.2237987399497851,1.0,0.23366998039960993
A_baseline,479,1500,0.01444211535638473,0.044987509846455144,1.0,1.0,0.20127084963269687,1.0,1.0,0.24889643246573362,1.0,1.0,0.3272926490083202,1.0,0.21400021854787615,1.0,0.22234150252994533
A_baseline,480,1500,0.014740924473816861,0.04401950815060005,1.0,1.0,0.19803681064711645,1.0,1.0,0.19787345388583177,1.0,1.0,0.28270686295723396,1.0,0.18102360664156578,1.0,0.19417732339626148
A_baseline,481,1500,0.014677786630659596,0.031985006448973986,1.0,1.0,0.15012164902458197,1.0,1.0,0.17172771243328994,1.0,1.0,0.2995884687312034,1.0,0.13990923268278982,1.0,0.1631402647504474
A_baseline,482,1500,0.014431222603136819,0.040151868956340854,1.0,1.0,0.20730445926541008,1.0,1.0,0.23863431956719028,1.0,1.0,0.2906982891629504,1.0,0.21974290357628715,1.0,0.22848921224001068
A_baseline,483,1500,0.01452041005496284,0.048792145232805305,1.0,1.0,0.20744350782152843,1.0,1.0,0.21942342321749267,1.0,1.0,0.29279601925999266,1.0,0.20463238584665797,1.0,0.21150857103341142
A_baseline,484,1500,0.014566119260384997,0.04935483170886001,1.0,1.0,0.20298680477429962,1.0,1.0,0.25136257840529763,1.0,1.0,0.3286910372556859,1.0,0.22848350835477857,1.0,0.23477003724541348
A_baseline,485,1500,0.014410496014314213,0.04430224787350888,0.0,0.0,0.19411325270601673,0.0,0.0,0.21928384902042924,1.0,1.0,0.34037527029162556,0.0,0.18036332402225988,0.0,0.18863612740962915
A_baseline,486,1500,0.014489562505783801,0.04438196824856214,1.0,1.0,0.2179664737049356,1.0,1.0,0.2668599411560903,1.0,1.0,0.3526432540578662,1.0,0.2336670358225014,1.0,0.24095689258702171
A_baseline,487,1500,0.014413009263712825,0.04528530546773117,1.0,1.0,0.21843997005835,1.0,1.0,0.21166249185336966,1.0,1.0,0.29546109985740876,1.0,0.20404095023691501,1.0,0.21823503620305948
A_baseline,488,1500,0.014636911790518679,0.05025210923755867,0.0,0.0,0.19673029719700347,0.0,0.0,0.20961632678319816,1.0,0.0,0.30523069742661146,0.0,0.19764931883830975,0.0,0.20549290514680912
A_baseline,489,1500,0.014599021475579609,0.034805694197621966,1.0,1.0,0.1670720535184663,1.0,1.0,0.19720584290926468,1.0,1.0,0.29996279264363335,1.0,0.16547878905693342,1.0,0.1789624855015885
A_baseline,490,1500,0.014266610117641921,0.04500360268601803,1.0,1.0,0.2071345221904985,1.0,1.0,0.2174095331173572,1.0,1.0,0.2993969913954982,1.0,0.199314536530248,1.0,0.210123853414322
A_baseline,491,1500,0.014283617497221979,0.04919214505583509,1.0,1.0,0.21305710903981204,1.0,1.0,0.24457018581074458,1.0,1.0,0.29714868859657556,1.0,0.23105449488167346,1.0,0.2396212948987037
A_baseline,492,1500,0.013948054940001259,0.04906036710658061,1.0,1.0,0.23507814319690673,1.0,1.0,0.24019036916609374,1.0,1.0,0.31371818135665325,1.0,0.216139123187659,1.0,0.22692434983876372
A_baseline,493,1500,0.013828240251399653,0.04076708765265999,1.0,0.0,0.17863307617268254,1.0,1.0,0.2074366027840049,1.0,1.0,0.26334897506266464,1.0,0.20285132795507033,1.0,0.21519036441291864
A_baseline,494,1500,0.014024463296602953,0.03798358607880342,1.0,0.0,0.1506393484227142,1.0,0.0,0.1694858113210239,1.0,1.0,0.2536321637699493,1.0,0.13797677646639855,0.0,0.1494168820709662
A_baseline,495,1500,0.014527578903531428,0.04288806419737066,0.0,0.0,0.18458770872824154,0.0,0.0,0.20947745041364757,0.0,0.0,0.28189042957839655,0.0,0.1872168088346481,0.0,0.20114286252903382
A_baseline,496,1500,0.01449293481607162,0.04211622169848835,1.0,1.0,0.1751221361890675,1.0,1.0,0.20132402076421788,1.0,1.0,0.2656901457691624,1.0,0.18877503919242136,1.0,0.19720841371773773
A_baseline,497,1500,0.014151036836020514,0.039179919103882785,1.0,1.0,0.19059418276304332,1.0,1.0,0.199228495652422,1.0,1.0,0.3080868410576836,1.0,0.18447306628436183,1.0,0.19949746031757526
A_baseline,498,1500,0.01492587597365712,0.041295885242501475,0.0,0.0,0.1754307774981922,1.0,1.0,0.2077528601569903,1.0,1.0,0.2711141155100188,0.0,0.181297618903654,1.0,0.19882618005729089
A_baseline,499,1500,0.014474182887808454,0.03580390370841251,1.0,1.0,0.17255223992675547,1.0,1.0,0.2034513592480543,1.0,1.0,0.2739886493649363,1.0,0.181297296568432,1.0,0.1947441845860934
B_noisy_survey,10000,600,0.03172648856523758,0.04327611893646012,1.0,0.0,0.2230998321950941,1.0,1.0,0.2942249619278786,1.0,1.0,0.4671762308861431,1.0,0.2002903872190706,1.0,0.30975535221266315
B_noisy_survey,10001,600,0.035057387986984066,0.035178862998800804,1.0,1.0,0.13951648724350918,1.0,1.0,0.2568221402288155,1.0,1.0,0.4074398410825018,1.0,0.20885589898895862,1.0,0.2671306054037214
B_noisy_survey,10002,600,0.03506419056971882,0.03857196749051906,1.0,1.0,0.20754984245518654,1.0,1.0,0.27956959273698423,1.0,1.0,0.4969182412396422,1.0,0.175074827727215,1.0,0.23692857132101927
B_noisy_survey,10003,600,0.03295096702562657,0.038006318304558445,1.0,1.0,0.18213186839020237,1.0,1.0,0.25066131341296105,1.0,1.0,0.42653672685787497,1.0,0.20373480387772638,1.0,0.25384770988059774
B_noisy_survey,10004,600,0.0321364442895379,0.03945433449537948,1.0,1.0,0.17464976066070836,1.0,1.0,0.24785243986623406,1.0,1.0,0.3774283239803463,1.0,0.17976240534872437,1.0,0.22098493662142263
B_noisy_survey,10005,600,0.033067779828483794,0.050232592125694406,1.0,1.0,0.21977827814564105,1.0,1.0,0.3071018121223891,1.0,1.0,0.49231864874427556,1.0,0.24121771007348367,1.0,0.41979284300707276
B_noisy_survey,10006,600,0.03373492245585153,0.04092366332680095,1.0,0.0,0.1990162045946082,1.0,0.0,0.2842918923589437,1.0,1.0,0.4353375307255488,1.0,0.22870692740907148,0.0,0.2554864964237934
B_noisy_survey,10007,600,0.03005945142748769,0.0426010491470525,1.0,1.0,0.18448264522019997,1.0,1.0,0.20871602333170597,1.0,1.0,0.3408922980293997,1.0,0.18304817240757595,1.0,0.22250277464329787
B_noisy_survey,10008,600,0.032207085850363,0.03774456706720582,1.0,0.0,0.15418936281586332,1.0,0.0,0.2722623085280006,1.0,1.0,0.42725786107289243,1.0,0.2016617911921436,0.0,0.27653904665553325
B_noisy_survey,10009,600,0.034811065702097535,0.04768982388881114,1.0,1.0,0.24099253065420267,1.0,1.0,0.32784400595007535,1.0,1.0,0.4973249740033703,1.0,0.24130530861689065,1.0,0.28427919923498357
B_noisy_survey,10010,600,0.032486222283661444,0.036549277854252146,0.0,0.0,0.16392403318501814,1.0,1.0,0.2514006292859232,1.0,1.0,0.39138242530120904,1.0,0.20905095393333495,1.0,0.29703676606297935
B_noisy_survey,10011,600,0.03258671666246866,0.03739560883882213,1.0,1.0,0.17088889285548942,1.0,1.0,0.2941472157459553,1.0,1.0,0.5065496898632778,1.0,0.21801818712002694,1.0,0.25923513093123496
B_noisy_survey,10012,600,0.03496666673089301,0.04771640592840526,1.0,1.0,0.2554264035935878,1.0,1.0,0.30810040538713246,1.0,1.0,0.49348353413540796,1.0,0.2509980062947344,1.0,0.2713566673585192
B_noisy_survey,10013,600,0.03425075772185509,0.03898764358303228,1.0,0.0,0.18978195825742597,1.0,1.0,0.22155306830532712,1.0,1.0,0.4120731224321606,1.0,0.16844999132517774,1.0,0.24746719302221112
B_noisy_survey,10014,600,0.03482306611469235,0.037407671778094745,0.0,0.0,0.16878281185745989,1.0,0.0,0.2482058468641187,1.0,0.0,0.4097090074602332,0.0,0.18835554756444625,0.0,0.20416900916409153
B_noisy_survey,10015,600,0.03393111068612907,0.04367307146259854,1.0,1.0,0.1798624714056227,1.0,1.0,0.26480713665545874,1.0,1.0,0.4451737466872343,1.0,0.2159184138599713,1.0,0.2609615800350332
B_noisy_survey,10016,600,0.0333238877227906,0.048751283976089986,1.0,1.0,0.21912665451512198,1.0,1.0,0.31628055431724933,1.0,1.0,0.49553319080588565,1.0,0.2389530517334056,1.0,0.27537726802334184
B_noisy_survey,10017,600,0.03334839545359924,0.040620005113812405,1.0,1.0,0.18741594016006244,1.0,1.0,0.2321907681054302,1.0,1.0,0.4467277534124543,1.0,0.17950318960572775,1.0,0.23370795572818226
B_noisy_survey,10018,600,0.0343269565208178,0.04402254107539551,1.0,1.0,0.22614960487843438,1.0,1.0,0.2873107234511935,1.0,1.0,0.42947665729763873,1.0,0.2537567560422632,1.0,0.31818675348459785
B_noisy_survey,10019,600,0.032131680921393325,0.035800766936133266,1.0,1.0,0.1428146895023334,1.0,1.0,0.26429805247633786,1.0,1.0,0.4010930702759784,1.0,0.1868981249412297,1.0,0.2242243057553873
B_noisy_survey,10020,600,0.03340346743471145,0.03878188003974313,1.0,1.0,0.16255133103858369,1.0,1.0,0.2888411080087604,1.0,1.0,0.41874495590202077,1.0,0.19915126928274401,1.0,0.23915604204023508
B_noisy_survey,10021,600,0.030618742075359296,0.04500538409255805,1.0,1.0,0.20904764127523984,1.0,1.0,0.25753230367418684,1.0,1.0,0.41471816347565704,1.0,0.23456038799828915,1.0,0.2649688883093869
B_noisy_survey,10022,600,0.033713373971348014,0.043154210036185185,1.0,1.0,0.22083445991756734,1.0,1.0,0.2984851551097608,1.0,1.0,0.4716784796172644,1.0,0.2636667089619768,1.0,0.2899565174189648
B_noisy_survey,10023,600,0.03285858473521137,0.04228150161141694,1.0,1.0,0.16387707251078737,1.0,1.0,0.26196926555583006,1.0,1.0,0.39819909409422455,1.0,0.1823029737113757,1.0,0.21779198344914796
B_noisy_survey,10024,600,0.029264442128065865,0.0430559989380783,1.0,1.0,0.19223818630690298,1.0,1.0,0.23599023214417186,1.0,1.0,0.35138816816213414,1.0,0.19739238727745187,1.0,0.255436193914348
B_noisy_survey,10025,600,0.034746919794541115,0.039287723097286384,1.0,1.0,0.1648167904128926,1.0,1.0,0.24788190685660502,1.0,1.0,0.4008527070375784,0.0,0.15350828436941893,1.0,0.20881039637543503
B_noisy_survey,10026,600,0.0326310187823149,0.04026409995524427,1.0,1.0,0.17474552940769666,1.0,1.0,0.26904083039939886,1.0,1.0,0.39268593695363946,1.0,0.20898392235501734,1.0,0.29735003041714264
B_noisy_survey,10027,600,0.031416459540508625,0.03991140681093209,1.0,0.0,0.17544564149497066,1.0,0.0,0.24095750299761018,1.0,1.0,0.41269024287919887,1.0,0.19456238650219448,0.0,0.2697293453320298
B_noisy_survey,10028,600,0.03306394113573893,0.04409017889645757,1.0,1.0,0.19925608066915526,1.0,1.0,0.305447318230884,1.0,1.0,0.4546961271861468,1.0,0.23016304542704918,1.0,0.31366244819017564
B_noisy_survey,10029,600,0.031126483056516004,0.03556626980018796,1.0,1.0,0.16935221656500185,1.0,1.0,0.29281469915600045,1.0,1.0,0.4720322037570776,1.0,0.22054422738559093,1.0,0.2492027546129038
B_noisy_survey,10030,600,0.03267296911351489,0.03999580657918837,0.0,0.0,0.18407714503192427,1.0,0.0,0.25280418156139794,1.0,1.0,0.3810786652142254,0.0,0.20515495135456838,0.0,0.2854647196931458
B_noisy_survey,10031,600,0.034163962418507644,0.040651489688465985,1.0,1.0,0.23768594018680939,1.0,1.0,0.2793692429537732,1.0,1.0,0.4716919423787479,1.0,0.20677128631612426,1.0,0.2742145856221952
B_noisy_survey,10032,600,0.032985787830908594,0.040381124046562446,0.0,0.0,0.16436313226046217,1.0,0.0,0.2699670386666838,1.0,1.0,0.4216837878799783,1.0,0.23791120849640265,1.0,0.3222450817567059
B_noisy_survey,10033,600,0.03454313484114159,0.04051432140088358,1.0,1.0,0.20138051772189325,1.0,1.0,0.3066393321406039,1.0,1.0,0.44850061319338047,1.0,0.24058377588139016,1.0,0.3030167498830195
B_noisy_survey,10034,600,0.03391482987612984,0.04193786942030354,1.0,1.0,0.21419188262756608,1.0,1.0,0.28763015294928457,1.0,1.0,0.4340629038042465,1.0,0.22625724721499174,1.0,0.29678803703392664
B_noisy_survey,10035,600,0.031695135198067874,0.042763688995343004,1.0,1.0,0.18322082347881746,1.0,1.0,0.28998952317782284,1.0,1.0,0.41983737172881463,1.0,0.2522270918229989,1.0,0.2888274451946323
B_noisy_survey,10036,600,0.034777612291824994,0.03796742892646103,1.0,1.0,0.1496608676424272,1.0,1.0,0.29845766384718303,1.0,1.0,0.4507026357448572,1.0,0.22215550906506826,1.0,0.24700260073041838
B_noisy_survey,10037,600,0.03398962532742377,0.042625868757939,1.0,1.0,0.18366711344621095,1.0,1.0,0.2658958979329019,1.0,1.0,0.39391037430107134,1.0,0.19022167486540123,1.0,0.25262227931546694
B_noisy_survey,10038,600,0.03381560645118759,0.037901914259227974,1.0,0.0,0.17023192242475177,1.0,1.0,0.25940825373754944,1.0,1.0,0.4424212934608751,1.0,0.17722497481026514,0.0,0.2682878409396032
B_noisy_survey,10039,600,0.03304090433025456,0.036998366926070524,1.0,1.0,0.18393138898411363,1.0,1.0,0.24876342067832388,1.0,1.0,0.4155237166804907,1.0,0.18252977696949127,1.0,0.2060657871709301
B_noisy_survey,10040,600,0.03291153243746333,0.03797572747269167,1.0,0.0,0.17450967969413422,1.0,1.0,0.23843309102491972,1.0,1.0,0.4201589563790561,1.0,0.1670786047919967,0.0,0.2357504377706327
B_noisy_survey,10041,600,0.0325462925824838,0.035316542697915856,1.0,0.0,0.1417697386019714,1.0,1.0,0.29038519054247425,1.0,1.0,0.46505979359928273,1.0,0.19917514018926824,1.0,0.24616460063823747
B_noisy_survey,10042,600,0.03278606074749335,0.036099134560800654,1.0,1.0,0.15469149766739188,1.0,1.0,0.25003204422179337,1.0,1.0,0.42424070034144423,1.0,0.19802886020632296,1.0,0.2972424282838947
B_noisy_survey,10043,600,0.034931282586160836,0.042813340876210956,1.0,0.0,0.18046727500592452,1.0,1.0,0.3201679519556874,1.0,1.0,0.46719787211154784,1.0,0.2544824392261023,1.0,0.31942516388193526
B_noisy_survey,10044,600,0.033105422739003035,0.03966152391192333,1.0,1.0,0.20321530233055712,1.0,1.0,0.28159907788976685,1.0,1.0,0.48123464659795195,1.0,0.16901069683658396,1.0,0.24204220226849973
B_noisy_survey,10045,600,0.03342433699329086,0.035414491828773854,1.0,0.0,0.14099083798060824,1.0,1.0,0.2878869164162736,1.0,1.0,0.40735046339592185,1.0,0.25262167221591525,1.0,0.28055469313848724
B_noisy_survey,10046,600,0.03377711951564968,0.04503835723893755,1.0,0.0,0.20999336654697975,1.0,0.0,0.25225131519224675,1.0,1.0,0.49162251279751956,0.0,0.21798904824753498,0.0,0.25728028821913657
B_noisy_survey,10047,600,0.033046808771787416,0.03413602591442153,1.0,0.0,0.1454395756008992,1.0,1.0,0.22773253593719542,1.0,1.0,0.3669510822558905,1.0,0.1581071541865817,1.0,0.2706045403864212
B_noisy_survey,10048,600,0.03315590169609092,0.04308585056554191,1.0,1.0,0.19380071052752781,1.0,1.0,0.2788631502513593,1.0,1.0,0.4804906119589537,1.0,0.1679639077304172,1.0,0.18919203521741584
B_noisy_survey,10049,600,0.0346267468726666,0.03844160423353098,0.0,0.0,0.1784361874882553,1.0,1.0,0.24915891527510778,1.0,1.0,0.44256210317541866,0.0,0.16831478057413737,0.0,0.21985747925564683
B_noisy_survey,10050,600,0.0346843246519049,0.04484424357693765,1.0,0.0,0.17375617905847984,1.0,0.0,0.2987187013261349,1.0,1.0,0.5088150218190264,1.0,0.20886122653447595,0.0,0.3240204081036196
B_noisy_survey,10051,600,0.031003259853039606,0.037742576263052635,1.0,1.0,0.17099045496341272,1.0,1.0,0.297679910606958,1.0,1.0,0.4562821627397593,1.0,0.25721251651153904,1.0,0.288302176399409
B_noisy_survey,10052,600,0.0365369930769674,0.04013882643909771,0.0,0.0,0.17202828216955646,0.0,0.0,0.21260117175819065,1.0,1.0,0.41223716017295187,0.0,0.12978045611677907,0.0,0.19027447496758448
B_noisy_survey,10053,600,0.03656040330783117,0.03908393562062229,1.0,1.0,0.16469788960629148,1.0,1.0,0.25615416804255897,1.0,1.0,0.45453203862927366,1.0,0.16539292533034425,1.0,0.23104430102350276
B_noisy_survey,10054,600,0.03296130340940591,0.04095160714000211,1.0,0.0,0.20421184658834718,1.0,1.0,0.27987047105469653,1.0,1.0,0.48021252918272384,0.0,0.1998139352639961,1.0,0.22538066855245126
B_noisy_survey,10055,600,0.03224189388333113,0.03851042011324669,1.0,1.0,0.19059686498893916,1.0,1.0,0.24142239755442593,1.0,1.0,0.3921979801608185,0.0,0.16557543704828998,1.0,0.27729224359999227
B_noisy_survey,10056,600,0.03347470940167186,0.035606879997233234,1.0,0.0,0.15185668411124678,1.0,1.0,0.23095494868500613,1.0,1.0,0.39013883218863477,1.0,0.16216715557024355,1.0,0.25725013744887126
B_noisy_survey,10057,600,0.03412705442096082,0.04560576944213995,1.0,1.0,0.19808509297375068,1.0,1.0,0.26627866051585636,1.0,1.0,0.4175329503805596,1.0,0.22112302388652322,1.0,0.3088299653255469
B_noisy_survey,10058,600,0.033421684491246155,0.045114642537118554,1.0,1.0,0.2022309804688768,1.0,1.0,0.30449143996782296,1.0,1.0,0.44018748401334984,1.0,0.1914518104521009,1.0,0.21402020200714972
B_noisy_survey,10059,600,0.031557843502418984,0.04259245423875025,0.0,0.0,0.15929082829379232,0.0,0.0,0.271186797868902,0.0,1.0,0.4119337659087757,0.0,0.1953028796064554,0.0,0.216992778894402
B_noisy_survey,10060,600,0.031668940299743056,0.038201979184232404,1.0,1.0,0.19174064375068564,1.0,1.0,0.29762449514466527,1.0,1.0,0.42926895431870005,1.0,0.1854803177227923,1.0,0.2359201240411375
B_noisy_survey,10061,600,0.03395952832171048,0.04623264562406147,1.0,0.0,0.21829554187015687,1.0,1.0,0.2907815007503827,1.0,1.0,0.4206279926889258,1.0,0.2407591899741986,1.0,0.2752744816993204
B_noisy_survey,10062,600,0.0345298565917478,0.04921873996061708,1.0,1.0,0.25879871476390615,1.0,1.0,0.3544407776712454,1.0,1.0,0.550114877606583,1.0,0.21394151169149658,1.0,0.23757319973506213
B_noisy_survey,10063,600,0.03282543120839829,0.03652060666245112,1.0,0.0,0.15455425638662468,1.0,1.0,0.2833497141962044,1.0,1.0,0.41747622611986,1.0,0.21136306950874034,1.0,0.29081720825933
B_noisy_survey,10064,600,0.031833540057625745,0.03814670950293945,1.0,1.0,0.17543229593595905,1.0,1.0,0.2437326315259544,1.0,1.0,0.4196293085191526,1.0,0.1927939235293121,1.0,0.21879647382081702
B_noisy_survey,10065,600,0.03127336538075811,0.04922695202644715,1.0,1.0,0.25856334834211003,1.0,1.0,0.26071807334567454,1.0,1.0,0.3915102447499411,1.0,0.21775018340809593,1.0,0.26112018799891384
B_noisy_survey,10066,600,0.03260721516850612,0.037651109044032,1.0,1.0,0.15349117489773656,1.0,1.0,0.23646712469017706,1.0,1.0,0.42715079686967306,1.0,0.20419371025720806,1.0,0.23224474252419253
B_noisy_survey,10067,600,0.033909078877487626,0.03773852722673258,1.0,1.0,0.17974419293766328,1.0,1.0,0.2788926080302194,1.0,1.0,0.4725379404820721,1.0,0.20228819312224347,1.0,0.2502041610356273
B_noisy_survey,10068,600,0.03175166085186712,0.04310711969730864,1.0,1.0,0.18547088713086235,1.0,1.0,0.3059796550444295,1.0,1.0,0.48381284478983755,1.0,0.2985369609010237,1.0,0.37220222957228477
B_noisy_survey,10069,600,0.03216068756460566,0.033886636868264604,1.0,1.0,0.1588322078097311,1.0,1.0,0.26858220070777866,1.0,1.0,0.4090697610587893,1.0,0.21796627234042515,1.0,0.26055327679220697
B_noisy_survey,10070,600,0.03551845518801132,0.03984476141056858,1.0,1.0,0.17708747635786487,1.0,1.0,0.2698107884654696,1.0,1.0,0.4597584375870546,1.0,0.2128668637338909,1.0,0.22454008441404766
B_noisy_survey,10071,600,0.03674891608313488,0.042661337010802894,1.0,1.0,0.1670995912595869,1.0,1.0,0.30723567209023195,1.0,1.0,0.5143935081199708,1.0,0.20860558638538196,1.0,0.2526004584632822
B_noisy_survey,10072,600,0.03279184580297856,0.04220433479889517,1.0,1.0,0.1724564069302663,1.0,1.0,0.2695892340772085,1.0,1.0,0.42474657943996724,1.0,0.2119381753172845,1.0,0.2437110049039922
B_noisy_survey,10073,600,0.03466002306411018,0.04118897160992863,1.0,1.0,0.21324652538645542,1.0,1.0,0.30703821519875135,1.0,1.0,0.4693905784942765,1.0,0.18279544052422533,1.0,0.2033847870615335
B_noisy_survey,10074,600,0.03472849413419957,0.03371778111006761,1.0,1.0,0.14442856018611966,1.0,1.0,0.32516388568187427,1.0,1.0,0.4663707570899763,1.0,0.2004764413789053,1.0,0.24099173123561074
B_noisy_survey,10075,600,0.03746062107098197,0.03963192539423634,0.0,1.0,0.18616199400507888,0.0,1.0,0.2532526115415915,1.0,1.0,0.40140647583297107,0.0,0.1843244347000618,0.0,0.20638364169325119
B_noisy_survey,10076,600,0.03090675687287439,0.036957238526473105,1.0,1.0,0.17021293288233794,1.0,1.0,0.31307233546092705,1.0,1.0,0.46964014940671384,1.0,0.21731644351236828,1.0,0.2832331666546605
B_noisy_survey,10077,600,0.036078523725109175,0.04723437347685783,1.0,1.0,0.20590564877841366,1.0,1.0,0.2990678468905768,1.0,1.0,0.4650620572213625,1.0,0.24185978617991663,1.0,0.2831319083289892
B_noisy_survey,10078,600,0.032904104373776104,0.03748147507932374,1.0,0.0,0.17128443642165375,1.0,0.0,0.19682979975196896,1.0,1.0,0.3724980538182203,1.0,0.18044727182281534,1.0,0.21349584946890515
B_noisy_survey,10079,600,0.03262210888598769,0.04733878001533479,1.0,0.0,0.2004241716977535,1.0,1.0,0.28645862803192473,1.0,1.0,0.4383136160262923,1.0,0.2324722749058643,1.0,0.2548107277062031
B_noisy_survey,10080,600,0.029665084716052042,0.050711731178182506,1.0,1.0,0.19472833502100234,1.0,1.0,0.2901792702594466,1.0,1.0,0.47571400299355304,1.0,0.2218542554756095,1.0,0.2803283353940625
B_noisy_survey,10081,600,0.03251116999195545,0.04889860607926973,1.0,1.0,0.2345645185562637,1.0,1.0,0.32604677000461996,1.0,1.0,0.5094465246989013,1.0,0.23249302815458686,1.0,0.2676522411446743
B_noisy_survey,10082,600,0.03592687950883635,0.039576642015983314,1.0,1.0,0.1844398267804715,1.0,1.0,0.30997620135023174,1.0,1.0,0.5002087727925262,1.0,0.18757340253512617,1.0,0.31918734618341876
B_noisy_survey,10083,600,0.03430849950074021,0.043755820487408614,1.0,0.0,0.17278011436909993,1.0,0.0,0.2296825204401915,1.0,1.0,0.3888559472327204,1.0,0.18300720664404438,1.0,0.3675376168750012
B_noisy_survey,10084,600,0.03444106616858159,0.04018249666787714,1.0,1.0,0.18609866449790372,1.0,1.0,0.23744867195824176,1.0,1.0,0.4144378981514681,1.0,0.15261507241142142,1.0,0.1964143247952474
B_noisy_survey,10085,600,0.03480538554737039,0.03977591273290642,1.0,0.0,0.1565511552604105,1.0,1.0,0.3426498058363438,1.0,1.0,0.49396743175448876,1.0,0.19492710186662623,1.0,0.22181514423960627
B_noisy_survey,10086,600,0.032965061120655885,0.043806252243773894,1.0,1.0,0.20777191073033743,1.0,1.0,0.25155878638100104,1.0,1.0,0.4167267938922052,1.0,0.22208101602887442,1.0,0.2665529272211198
B_noisy_survey,10087,600,0.032516965986137805,0.04228064006432618,1.0,1.0,0.19594481563792426,1.0,1.0,0.2510531261517768,1.0,1.0,0.4452401862901471,1.0,0.19937300883837314,1.0,0.23468074291731358
B_noisy_survey,10088,600,0.03253858833648148,0.04919725379344715,1.0,1.0,0.24022599058386493,1.0,1.0,0.3083654319277767,1.0,1.0,0.4308563129173654,1.0,0.20780716537446042,1.0,0.24893523990067362
B_noisy_survey,10089,600,0.03518470742481235,0.04409147551522888,1.0,1.0,0.21377410653263432,1.0,1.0,0.2938051047826208,1.0,1.0,0.4671595992166068,1.0,0.20973644199794172,1.0,0.23960393046159098
B_noisy_survey,10090,600,0.031145281516493945,0.03879469886750016,1.0,1.0,0.14278743962398427,1.0,1.0,0.2848242462895606,1.0,1.0,0.41021091709276314,1.0,0.2613263589289609,1.0,0.2908997979195562
B_noisy_survey,10091,600,0.0339661526963358,0.04010553379755258,1.0,0.0,0.1765458121626266,1.0,0.0,0.2888584527308665,1.0,1.0,0.4300037104616835,1.0,0.18765930926181157,0.0,0.2224463360398392
B_noisy_survey,10092,600,0.03061416730854286,0.03605946987582147,1.0,1.0,0.14616737353624956,1.0,1.0,0.2512135531604357,1.0,1.0,0.4075921152456489,1.0,0.20681609832065312,1.0,0.23996852949706607
B_noisy_survey,10093,600,0.03154118590086696,0.04012907287334585,1.0,1.0,0.1956377153015829,1.0,1.0,0.30013512100864503,1.0,1.0,0.44115940331806874,1.0,0.23773509189562075,1.0,0.25298631856865017
B_noisy_survey,10094,600,0.03375609323725581,0.03960606697166823,1.0,1.0,0.15114459610736336,1.0,1.0,0.297253289514373,1.0,1.0,0.4386191386272059,1.0,0.2136177866910925,1.0,0.2887374698418732
B_noisy_survey,10095,600,0.03429002959540926,0.04237785329373735,1.0,1.0,0.17230306096372464,1.0,1.0,0.2587235491843335,1.0,1.0,0.4013482215340648,1.0,0.1845516864341445,1.0,0.23307981833558616
B_noisy_survey,10096,600,0.03198540779551033,0.043798857289496014,1.0,1.0,0.20075426320750633,1.0,1.0,0.33854906942154284,1.0,1.0,0.494908717262168,1.0,0.2875265937685922,1.0,0.31228780230787534
B_noisy_survey,10097,600,0.031032426932004153,0.04332699928624133,1.0,1.0,0.19843738840090028,1.0,1.0,0.313794034842493,1.0,1.0,0.4819167954194475,1.0,0.22906117434022927,1.0,0.26142521052790146
B_noisy_survey,10098,600,0.03296686172484937,0.033867352370229795,1.0,1.0,0.13886218908673437,1.0,1.0,0.26903512370062266,1.0,1.0,0.42652749821111835,1.0,0.17910312011053175,1.0,0.23110521750577723
B_noisy_survey,10099,600,0.03241136123348354,0.04110381239392785,1.0,1.0,0.20208169646078886,1.0,1.0,0.2655756289892625,1.0,1.0,0.44833782402267,1.0,0.21237221682542767,1.0,0.2761377267929535
B_noisy_survey,10100,600,0.031498802751483986,0.047779315972388096,1.0,1.0,0.20326728603099956,1.0,1.0,0.3235103779316257,1.0,1.0,0.45842736272799894,1.0,0.2338681485905445,1.0,0.30339899567870954
B_noisy_survey,10101,600,0.034400501936405904,0.04690385538205767,1.0,0.0,0.2195950213951058,1.0,0.0,0.24237798591851717,1.0,1.0,0.4079552212785817,1.0,0.1952584683837792,0.0,0.23568853655412053
B_noisy_survey,10102,600,0.03360434112736633,0.04551669249397562,1.0,1.0,0.194365092590128,1.0,1.0,0.3055869124657854,1.0,1.0,0.4673289411814306,1.0,0.2481701300229954,1.0,0.32395060361914085
B_noisy_survey,10103,600,0.03239979566138369,0.04731374989723149,1.0,1.0,0.25631637365906934,1.0,1.0,0.3429635898822777,1.0,1.0,0.47618624214117905,1.0,0.19777548211435356,1.0,0.21381552617640748
B_noisy_survey,10104,600,0.032335733412615905,0.04043377432933916,1.0,1.0,0.1752857929390061,1.0,1.0,0.3348867156859455,1.0,1.0,0.5439342534278804,1.0,0.22125558423204952,1.0,0.2667695551993056
B_noisy_survey,10105,600,0.03353790525292808,0.042132236264575976,1.0,1.0,0.1953328386431821,1.0,1.0,0.27104085849996085,1.0,1.0,0.3963000967499406,1.0,0.19283034975368352,1.0,0.2375151003634149
B_noisy_survey,10106,600,0.032723391509237885,0.044937416462260474,1.0,1.0,0.18987721081756692,1.0,1.0,0.29927837108441174,1.0,1.0,0.4678286977396011,1.0,0.22532216054936044,1.0,0.2460114354721587
B_noisy_survey,10107,600,0.03311989758198733,0.03955929904479501,1.0,0.0,0.15895708284800644,1.0,1.0,0.2954030856649966,1.0,1.0,0.4191847880326243,1.0,0.23415709453720082,1.0,0.2748763898659846
B_noisy_survey,10108,600,0.03498521301227747,0.037066586121419214,0.0,0.0,0.1703556597502142,1.0,1.0,0.2849979071505849,1.0,1.0,0.4967374017130874,1.0,0.1737160687978978,0.0,0.19557140920642613
B_noisy_survey,10109,600,0.03561135815050724,0.041111246678015474,1.0,1.0,0.17961901860569413,1.0,1.0,0.3154001657890411,1.0,1.0,0.5274610601866863,1.0,0.22725114580489278,1.0,0.25103719753808945
B_noisy_survey,10110,600,0.033177086051144715,0.041861596577606394,1.0,0.0,0.1844977046389808,1.0,0.0,0.25894574430419254,1.0,0.0,0.3917359239733896,1.0,0.1878504088742023,0.0,0.31872861720931783
B_noisy_survey,10111,600,0.03475848045626795,0.04262760693029737,1.0,1.0,0.1830703796756316,1.0,1.0,0.25839094228543674,1.0,1.0,0.4408440702872466,1.0,0.2291615049204132,1.0,0.3108705573345598
B_noisy_survey,10112,600,0.03342400655470971,0.044184128697973016,1.0,1.0,0.18415783447167708,1.0,1.0,0.27771496721959227,1.0,1.0,0.44283158640528414,1.0,0.2374234958311657,1.0,0.27120648628495025
B_noisy_survey,10113,600,0.032926608943712916,0.042349748756451436,1.0,1.0,0.18887019509082972,1.0,1.0,0.2783710476941096,1.0,1.0,0.41738937982640456,1.0,0.21137277848651187,1.0,0.24445234620659537
B_noisy_survey,10114,600,0.033364563657665505,0.04571983270178627,1.0,1.0,0.2130491322516718,1.0,1.0,0.26923816841547066,1.0,1.0,0.431063861416776,1.0,0.16906932860013196,1.0,0.2074299729010211
B_noisy_survey,10115,600,0.03225477286273028,0.04128944670156252,1.0,0.0,0.1797394538511149,1.0,1.0,0.27631435287473044,1.0,1.0,0.44581809989447735,1.0,0.20469661152882299,1.0,0.2327134391626248
B_noisy_survey,10116,600,0.03333837542673995,0.03947083638136722,1.0,0.0,0.15887767793634924,1.0,1.0,0.2731924768588619,1.0,1.0,0.4743156420083987,1.0,0.18156394663602163,1.0,0.21097947932880173
B_noisy_survey,10117,600,0.03168652046155707,0.039190815861010184,1.0,0.0,0.1476937714672333,1.0,1.0,0.2832129439623837,1.0,1.0,0.45927160997310956,1.0,0.19213962855413297,1.0,0.24075761138269672
B_noisy_survey,10118,600,0.0311126581417874,0.049036214499935435,1.0,0.0,0.19404643618505507,1.0,1.0,0.294749759943275,1.0,1.0,0.43310233461714376,1.0,0.2365265281985113,1.0,0.3569867769610596
B_noisy_survey,10119,600,0.032151447423576424,0.0386576184894408,1.0,0.0,0.1802029911705297,1.0,0.0,0.2627222492781126,1.0,1.0,0.46308178025996344,0.0,0.21481557429431505,1.0,0.3123134718766122
B_noisy_survey,10120,600,0.03348871503994502,0.040077738416601706,1.0,1.0,0.1781683820069087,1.0,1.0,0.25587864164223334,1.0,1.0,0.42740763832313383,1.0,0.18887369076991178,1.0,0.2563381637988217
B_noisy_survey,10121,600,0.03420656595714026,0.035817249922248315,1.0,0.0,0.14654938176586663,1.0,1.0,0.24036108730540845,1.0,1.0,0.38532455059008686,1.0,0.152170782935442,1.0,0.26617448862274795
B_noisy_survey,10122,600,0.031506331079484584,0.04310621955821642,1.0,1.0,0.1908784966018658,1.0,1.0,0.2755099744948537,1.0,1.0,0.4361287505925464,1.0,0.20688839086315855,1.0,0.2940996330252656
B_noisy_survey,10123,600,0.03500394116313335,0.037366134357205955,0.0,0.0,0.17805265605440077,1.0,0.0,0.2449491826141741,1.0,1.0,0.41908096421061697,0.0,0.14595897151884818,1.0,0.36193754835679026
B_noisy_survey,10124,600,0.03273357878225961,0.03810841275565567,1.0,1.0,0.18849094892735474,1.0,1.0,0.23978998421345632,1.0,1.0,0.4002732430336479,1.0,0.21111199288325158,1.0,0.25153154840802205
B_noisy_survey,10125,600,0.034457426827695085,0.04175855268069065,1.0,1.0,0.19240231150768808,1.0,1.0,0.34641457110877677,1.0,1.0,0.5297699660596735,1.0,0.26121845818835326,1.0,0.3014363702920179
B_noisy_survey,10126,600,0.0324628139008676,0.039577223324760116,1.0,1.0,0.14681372848689184,1.0,1.0,0.23064338540652618,1.0,1.0,0.38737381755999845,1.0,0.1941718854906416,1.0,0.253261220858075
B_noisy_survey,10127,600,0.03269435476484998,0.040591851686890563,1.0,0.0,0.17465278276610796,1.0,1.0,0.22481695061485985,1.0,1.0,0.40749142689245926,1.0,0.16115911629364207,1.0,0.21326542196406478
B_noisy_survey,10128,600,0.032626034367376905,0.038059215389380396,1.0,1.0,0.14085504525651565,1.0,1.0,0.22234655650797103,1.0,1.0,0.40645343645046494,1.0,0.21913192289639244,1.0,0.3737250007042324
B_noisy_survey,10129,600,0.032754603416188244,0.04512912637183374,1.0,0.0,0.1771039464126632,1.0,1.0,0.32704472589264544,1.0,1.0,0.47798152904447544,1.0,0.23395765430100898,1.0,0.32522138791222
B_noisy_survey,10130,600,0.03166813185179265,0.0410483257201376,1.0,0.0,0.20200789989979268,1.0,0.0,0.2526184416130489,1.0,1.0,0.39189030173159073,0.0,0.16296267613193122,0.0,0.2105403042737474
B_noisy_survey,10131,600,0.03133559327797194,0.03710522981035057,1.0,0.0,0.16758592952538684,1.0,1.0,0.30074044805971284,1.0,1.0,0.45758005501043064,1.0,0.2333599075514286,1.0,0.28652974593736913
B_noisy_survey,10132,600,0.033008524676257284,0.04210529484714556,0.0,0.0,0.15841304227819683,1.0,1.0,0.2763148900895778,1.0,1.0,0.4293463598559818,0.0,0.2275990095573059,1.0,0.27823977017988316
B_noisy_survey,10133,600,0.034593834551324205,0.04357677554240334,1.0,1.0,0.21739767372081947,1.0,1.0,0.30437657984437366,1.0,1.0,0.4934088082988959,1.0,0.2542764644907728,1.0,0.2844811488243519
B_noisy_survey,10134,600,0.03453751605058533,0.0428046901348268,0.0,0.0,0.19731747310535616,0.0,0.0,0.2459993347143687,1.0,1.0,0.45485864201693005,0.0,0.17411235558203703,0.0,0.20367582056096262
B_noisy_survey,10135,600,0.034437240081861734,0.03784884131565355,1.0,1.0,0.1598587846687647,1.0,1.0,0.2643321376281057,1.0,1.0,0.44527245897912887,1.0,0.18761197109621702,1.0,0.2247095479279108
B_noisy_survey,10136,600,0.035168219293097915,0.04096260945887665,1.0,1.0,0.18324576904496437,1.0,1.0,0.27811079422639173,1.0,1.0,0.4604352439723889,1.0,0.19788254865789018,1.0,0.24025984888929902
B_noisy_survey,10137,600,0.03279824794170712,0.044175743442845514,1.0,1.0,0.1653199121068683,1.0,1.0,0.27433670350078637,1.0,1.0,0.44959796044485695,1.0,0.2271276366494721,1.0,0.25371504925294436
B_noisy_survey,10138,600,0.032382073629445556,0.04034716562271981,1.0,1.0,0.1823138203697871,1.0,1.0,0.24644352043188036,1.0,1.0,0.42021598324525034,1.0,0.21319336933709723,1.0,0.25091132611703487
B_noisy_survey,10139,600,0.033367882348501375,0.041200587304697806,1.0,1.0,0.15647693038058866,1.0,1.0,0.2581056258257318,1.0,1.0,0.4243498224855859,1.0,0.1923416600228414,1.0,0.29237245125809436
B_noisy_survey,10140,600,0.034349097856283324,0.04073939924589948,1.0,1.0,0.18782094762633367,1.0,1.0,0.2761511425254345,1.0,1.0,0.45107072929636616,1.0,0.22800834329505698,1.0,0.2813776946986412
B_noisy_survey,10141,600,0.03082250476145232,0.03786634826911515,1.0,1.0,0.1783598481929341,1.0,1.0,0.26427055050830267,1.0,1.0,0.36362178723323973,1.0,0.20338605687118722,1.0,0.29087336715978906
B_noisy_survey,10142,600,0.03014839588171924,0.03969614871526424,1.0,0.0,0.17446514374344274,1.0,1.0,0.28553133166231554,1.0,1.0,0.4443633056588836,1.0,0.22348984293524538,1.0,0.27285218612700834
B_noisy_survey,10143,600,0.035180148108759655,0.036608194855352404,1.0,0.0,0.17085889230544088,1.0,1.0,0.2567330544182721,1.0,1.0,0.4566631955948594,1.0,0.1855502354347212,1.0,0.23114626574037073
B_noisy_survey,10144,600,0.032231658374401444,0.03427541541738388,1.0,0.0,0.1330227940172242,1.0,1.0,0.22346104920501997,1.0,1.0,0.3790262235662495,1.0,0.19494087028602092,1.0,0.2758382742099685
B_noisy_survey,10145,600,0.03308856568837409,0.046410818673228806,1.0,1.0,0.24687902900832454,1.0,1.0,0.2743937297368261,1.0,1.0,0.4517574953514699,1.0,0.1997350663994291,1.0,0.30869819502027684
B_noisy_survey,10146,600,0.03211168647579449,0.039371672275944805,1.0,1.0,0.18550830218321226,1.0,1.0,0.24298036299199266,1.0,1.0,0.37547703362074103,1.0,0.1904869715208335,1.0,0.3060367279002003
B_noisy_survey,10147,600,0.032562822938310754,0.044515805773106445,1.0,1.0,0.18735869549769088,1.0,1.0,0.28511858012624536,1.0,1.0,0.4502031232897112,1.0,0.23158432269592155,1.0,0.26360812690650604
B_noisy_survey,10148,600,0.03222781853885838,0.046227529835473374,1.0,1.0,0.22534207149501043,1.0,1.0,0.339621283474625,1.0,1.0,0.5151189573644176,1.0,0.27474937882207906,1.0,0.30982466794260793
B_noisy_survey,10149,600,0.0328101216248272,0.03927898642173216,1.0,1.0,0.1595011730343298,1.0,1.0,0.3210475888253325,1.0,1.0,0.4594941561593805,1.0,0.25310722078986075,1.0,0.29906605499262934
B_noisy_survey,10150,600,0.03393969492691369,0.0450181360063634,1.0,1.0,0.1885913356081262,1.0,1.0,0.2655482309041199,1.0,1.0,0.43296542187657233,1.0,0.19875667724250234,1.0,0.22055793032855178
B_noisy_survey,10151,600,0.03368637343033278,0.04117570883661571,1.0,0.0,0.21783005568779798,1.0,0.0,0.2255694647325424,1.0,0.0,0.3873007038231203,1.0,0.15511673780745927,1.0,0.3471309645937226
B_noisy_survey,10152,600,0.035102679127669296,0.03507762714843455,1.0,1.0,0.17191237388517722,1.0,1.0,0.33046261661071286,1.0,1.0,0.4538874019343595,1.0,0.19930072305352062,1.0,0.21542317685433324
B_noisy_survey,10153,600,0.0329984109936896,0.041548176097547115,1.0,1.0,0.19080615282259497,1.0,1.0,0.3348880232437205,1.0,1.0,0.539768825654967,1.0,0.21869036589729757,1.0,0.23474722094832176
B_noisy_survey,10154,600,0.03119219599309968,0.04047975019295185,1.0,1.0,0.17167983828603503,1.0,1.0,0.23683569930515064,1.0,1.0,0.40125671210004105,1.0,0.1975538607333799,1.0,0.22101022669542364
B_noisy_survey,10155,600,0.031890246193160075,0.04029004306719798,1.0,1.0,0.178584384774846,1.0,1.0,0.2672288778712525,1.0,1.0,0.4016549699506625,1.0,0.2305216276395285,1.0,0.28303855428152397
B_noisy_survey,10156,600,0.030400191141034566,0.0384247363055385,0.0,0.0,0.1719967638477242,1.0,1.0,0.24856506140128526,1.0,1.0,0.4146425641587482,0.0,0.18249882178955726,1.0,0.22721620674773885
B_noisy_survey,10157,600,0.03212662865048955,0.039876011126738414,0.0,0.0,0.17013672600049362,1.0,0.0,0.22505951121366358,1.0,0.0,0.42908950458762585,0.0,0.18003075877030236,1.0,0.344614524844199
B_noisy_survey,10158,600,0.03316488640883442,0.04423569268261281,1.0,1.0,0.1697712891741927,1.0,1.0,0.2517713154945529,1.0,1.0,0.3973240896599036,1.0,0.19505533304700182,1.0,0.2384525575044018
B_noisy_survey,10159,600,0.03200753722263174,0.03721009088731161,1.0,0.0,0.1635312457237534,1.0,1.0,0.3099726733240721,1.0,1.0,0.4162465065873139,1.0,0.20154820439966253,0.0,0.21931852223371312
B_noisy_survey,10160,600,0.03186316742981075,0.042140269082008616,1.0,0.0,0.188895529422015,1.0,1.0,0.3402474233409294,1.0,1.0,0.47025859332627445,1.0,0.22295789570113347,1.0,0.2764991899525518
B_noisy_survey,10161,600,0.03358736563317413,0.04582710302954683,1.0,1.0,0.21820630472735117,1.0,1.0,0.3179005790592737,1.0,1.0,0.49563019083087845,1.0,0.2348614127106286,1.0,0.2859593424263239
B_noisy_survey,10162,600,0.03623013388894595,0.03957715266094168,1.0,0.0,0.1543088836281393,1.0,1.0,0.26692888257942204,1.0,1.0,0.4190106890809008,1.0,0.20341789296600146,1.0,0.230666562694892
B_noisy_survey,10163,600,0.032890380591033275,0.045841731573839826,1.0,1.0,0.21141446331844954,1.0,1.0,0.31781965385658073,1.0,1.0,0.47657726658681365,1.0,0.22964016624788366,1.0,0.2947190052474991
B_noisy_survey,10164,600,0.0318874703028414,0.04973012265785107,1.0,1.0,0.21424663053320653,1.0,1.0,0.27315189378063487,1.0,1.0,0.42141930740652855,1.0,0.23298141093710995,1.0,0.2626369125452649
B_noisy_survey,10165,600,0.03535102743466878,0.040289147062037546,1.0,1.0,0.1797788849760284,1.0,1.0,0.3383580188327505,1.0,1.0,0.47068096202499154,1.0,0.21774419761744257,1.0,0.26087940808463506
B_noisy_survey,10166,600,0.03076659010775851,0.036755115599171065,1.0,1.0,0.18151510783885585,1.0,1.0,0.29352921656107,1.0,1.0,0.43813496713990724,1.0,0.238398729854754,1.0,0.27000306089557463
B_noisy_survey,10167,600,0.03348002870436401,0.03736966166884263,1.0,0.0,0.1460523593893961,1.0,0.0,0.2564623779936131,1.0,1.0,0.39818510489305253,1.0,0.2217303823042819,1.0,0.4837199954775036
B_noisy_survey,10168,600,0.03380932682960376,0.03634323005098082,1.0,1.0,0.1794500131355592,1.0,1.0,0.2802190697669059,1.0,1.0,0.43048665281815446,1.0,0.16747377559634868,1.0,0.1990102369342744
B_noisy_survey,10169,600,0.03164418076881313,0.03656480633091093,1.0,1.0,0.18269721674401213,1.0,1.0,0.23384192868586556,1.0,1.0,0.41283705153528,1.0,0.15169329401074927,1.0,0.2034022136944893
B_noisy_survey,10170,600,0.031985632773833934,0.04890264870315114,1.0,0.0,0.19153052023634323,1.0,1.0,0.3310392923381941,1.0,1.0,0.4708553778909871,1.0,0.2653828296800763,1.0,0.3135823019797515
B_noisy_survey,10171,600,0.03190246014719608,0.0416393227218935,0.0,0.0,0.166555583362587,1.0,0.0,0.27694817845247394,1.0,1.0,0.46572368834093075,0.0,0.19883784084967596,0.0,0.24578739154478554
B_noisy_survey,10172,600,0.03463168922811609,0.0440022162434145,1.0,1.0,0.21014798230677104,1.0,1.0,0.32694309277482647,1.0,1.0,0.49886734656105636,1.0,0.21732717293625523,1.0,0.24346124093110166
B_noisy_survey,10173,600,0.0338553633155972,0.043608771476215114,1.0,1.0,0.22443236941219108,1.0,1.0,0.2896919739620689,1.0,1.0,0.47827901955458535,1.0,0.2035065651146919,1.0,0.23524499184205866
B_noisy_survey,10174,600,0.03653955187151258,0.04814319093693156,1.0,1.0,0.21363944907513285,1.0,1.0,0.2991690399059624,1.0,1.0,0.43141782597253026,1.0,0.25440295550424535,1.0,0.2740831978305983
B_noisy_survey,10175,600,0.0349948321019927,0.04476945891680541,1.0,0.0,0.2174906529827568,1.0,1.0,0.27563967104279863,1.0,1.0,0.462081436455753,0.0,0.18353508242665312,0.0,0.23498264962068777
B_noisy_survey,10176,600,0.03542601975728336,0.04126704719777329,1.0,1.0,0.19070146427776086,1.0,1.0,0.3638500662407652,1.0,1.0,0.5282967901903883,1.0,0.22791635144670802,1.0,0.2768510712711613
B_noisy_survey,10177,600,0.03358454129281842,0.03854300236439659,1.0,1.0,0.16487704345394696,1.0,1.0,0.23900293580823484,1.0,1.0,0.39768860085457797,1.0,0.18881928062372216,1.0,0.258862301866795
B_noisy_survey,10178,600,0.03438733446783678,0.04183768921780383,1.0,0.0,0.19183879702468382,1.0,1.0,0.36645249195811314,1.0,1.0,0.46499641500655453,1.0,0.2265609692478736,1.0,0.260114177606741
B_noisy_survey,10179,600,0.035790247662704056,0.043044379878714255,1.0,1.0,0.183377988449074,1.0,1.0,0.2844013680021965,1.0,1.0,0.4885210129213916,1.0,0.20317598642855278,1.0,0.26993305194649364
B_noisy_survey,10180,600,0.036647119298922205,0.03802031679009404,1.0,1.0,0.17883253752434655,1.0,1.0,0.28226766052883817,1.0,1.0,0.44916755937487096,1.0,0.1845771430237046,1.0,0.24276470906035863
B_noisy_survey,10181,600,0.0334271982360624,0.03951100264153604,0.0,0.0,0.185448547816649,0.0,0.0,0.23276903124884316,1.0,1.0,0.42298291893249357,0.0,0.17440744062234295,0.0,0.18980241394408445
B_noisy_survey,10182,600,0.03191354668056627,0.04203560314027082,1.0,0.0,0.19745679508628022,1.0,1.0,0.24489837727416322,1.0,1.0,0.43854396074037305,1.0,0.19901213860686723,1.0,0.25283461792829154
B_noisy_survey,10183,600,0.033168197414112255,0.03865523518562088,1.0,1.0,0.17168430167976956,1.0,1.0,0.2623009390894865,1.0,1.0,0.46648613578447484,1.0,0.18130632557271115,1.0,0.21872786952916262
B_noisy_survey,10184,600,0.03456832108881967,0.03296541627843549,1.0,0.0,0.14996437534391283,1.0,1.0,0.25413383267183887,1.0,1.0,0.39306826873958,1.0,0.18359839315483828,1.0,0.20970634990605735
B_noisy_survey,10185,600,0.03313709516552966,0.05236839891425856,1.0,1.0,0.19762170542105775,1.0,1.0,0.31066738387194814,1.0,1.0,0.4879551322884302,1.0,0.2453750057683294,1.0,0.27088014288177165
B_noisy_survey,10186,600,0.03326563868981911,0.03978994230118377,1.0,1.0,0.17528991328821114,1.0,1.0,0.2931333941090124,1.0,1.0,0.4196770647251176,1.0,0.2009785415366184,1.0,0.28548416383222197
B_noisy_survey,10187,600,0.036364406071078915,0.04269541504409252,1.0,0.0,0.17630553903166715,1.0,1.0,0.2590664720994443,1.0,1.0,0.4596804430778576,1.0,0.1763810657863873,1.0,0.19708131506219836
B_noisy_survey,10188,600,0.03159184686315355,0.037056810544152344,1.0,1.0,0.14209522651991843,1.0,1.0,0.22705030967637807,1.0,1.0,0.3855935720538529,1.0,0.1725667486198831,1.0,0.2056980754593324
B_noisy_survey,10189,600,0.034595375570989885,0.04403689917909366,1.0,1.0,0.204528184320628,1.0,1.0,0.23759946844034766,1.0,1.0,0.4275267867315279,1.0,0.1820220493228054,1.0,0.22182900568148192
B_noisy_survey,10190,600,0.030363452804755803,0.03890088432590759,1.0,0.0,0.17063039682897602,1.0,1.0,0.2893145635731869,1.0,1.0,0.46501222032308503,1.0,0.24863330272014839,1.0,0.2940109376994344
B_noisy_survey,10191,600,0.03386391981903713,0.03838925905851891,1.0,1.0,0.17477062337796873,1.0,1.0,0.30078319966795136,1.0,1.0,0.45487802774622405,1.0,0.20298616911994155,1.0,0.24444377739297315
B_noisy_survey,10192,600,0.03200306952512686,0.040057485875226014,0.0,0.0,0.1723646878989819,1.0,0.0,0.2660237049090239,1.0,1.0,0.4819460539141627,0.0,0.24069747461988383,1.0,0.2970819446943568
B_noisy_survey,10193,600,0.03225484338238754,0.04193410656529039,1.0,0.0,0.18213111508602792,1.0,1.0,0.3230334989081109,1.0,1.0,0.42117984022422583,1.0,0.21796449885943972,1.0,0.3015149178888834
B_noisy_survey,10194,600,0.03421552458101217,0.04261094765763553,1.0,1.0,0.18253847138663687,1.0,1.0,0.23679329616184078,1.0,1.0,0.441297292795061,1.0,0.17729146909823712,1.0,0.21989653986956487
B_noisy_survey,10195,600,0.033642440285642235,0.051420961417794384,1.0,1.0,0.269357683120616,1.0,1.0,0.27472499539165807,1.0,1.0,0.4771874733590016,1.0,0.23187505266491115,1.0,0.25157159520699535
B_noisy_survey,10196,600,0.032077245994053434,0.0475193638862674,1.0,1.0,0.21163668649744208,1.0,1.0,0.3678440137139803,1.0,1.0,0.47612575319160777,1.0,0.3099576007186612,1.0,0.414576645083186
B_noisy_survey,10197,600,0.035218916057966655,0.04208799806833287,1.0,0.0,0.17936649815791278,1.0,1.0,0.2804319684460593,1.0,1.0,0.4635184793143269,1.0,0.203994322376348,1.0,0.24043925592886453
B_noisy_survey,10198,600,0.0358981206936581,0.046273911344887626,1.0,1.0,0.20572182254485916,1.0,1.0,0.22666359600919744,1.0,1.0,0.42148205872196076,1.0,0.15273647635979215,1.0,0.1972551720996348
B_noisy_survey,10199,600,0.03228234078130275,0.04120684775497034,1.0,1.0,0.18271169051314257,1.0,1.0,0.25261176057974016,1.0,1.0,0.4336548587570553,1.0,0.18518117925278538,1.0,0.21224663991904072
B_noisy_survey,10200,600,0.0326817845867979,0.03788619237711762,0.0,1.0,0.1855213316900476,1.0,1.0,0.2272701532789032,1.0,1.0,0.39323558075901455,0.0,0.21927931800766576,1.0,0.29715444176883177
B_noisy_survey,10201,600,0.03327296116479301,0.05298798535308671,1.0,1.0,0.21002751174940998,1.0,1.0,0.35355987485505536,1.0,1.0,0.4768441847630405,1.0,0.27601348368310136,1.0,0.2897346991242014
B_noisy_survey,10202,600,0.033551121485646956,0.04168543333318985,1.0,0.0,0.17800033516333225,1.0,1.0,0.283191647660605,1.0,1.0,0.4818347320121125,1.0,0.22411807174663698,1.0,0.2764976907997944
B_noisy_survey,10203,600,0.034404797585184395,0.03897609737981514,1.0,0.0,0.15784664990865976,1.0,0.0,0.23697784424419144,1.0,1.0,0.393261922715178,1.0,0.1825306084235512,1.0,0.26868074810173
B_noisy_survey,10204,600,0.03429308313644009,0.03894891851900469,0.0,1.0,0.16026943314335143,1.0,1.0,0.2911671519241187,1.0,1.0,0.45980287739891545,1.0,0.1982633278121852,1.0,0.22816080542179334
B_noisy_survey,10205,600,0.03342130399089505,0.040428922511212884,1.0,1.0,0.1764806010578906,1.0,1.0,0.2760307714190492,1.0,1.0,0.44272538185088256,1.0,0.1973645485840987,1.0,0.23166734987525534
B_noisy_survey,10206,600,0.031125223149704558,0.045122876294579985,1.0,0.0,0.21146374589740274,1.0,1.0,0.25704159998081033,1.0,1.0,0.46782769233170757,1.0,0.21585038833104447,1.0,0.2355321825974245
B_noisy_survey,10207,600,0.03368224208792992,0.044905696378766805,1.0,1.0,0.21562582011952874,1.0,1.0,0.23566541347326025,1.0,1.0,0.4117432441329337,1.0,0.20760948475838875,1.0,0.25283444030913793
B_noisy_survey,10208,600,0.03414005779019944,0.03838383185806078,1.0,1.0,0.15883709782710692,1.0,1.0,0.2690038394731401,1.0,1.0,0.4315908165117013,1.0,0.1999180838015327,1.0,0.2584583717006173
B_noisy_survey,10209,600,0.03561264823046192,0.04187931271093495,1.0,1.0,0.19740342925710302,1.0,1.0,0.2580485966975404,1.0,1.0,0.39980690779239564,1.0,0.16665001648532157,1.0,0.2340801662623087
B_noisy_survey,10210,600,0.032287333817831554,0.04409880344869851,1.0,1.0,0.20343227263996275,1.0,1.0,0.2553960163610217,1.0,1.0,0.42772959339239264,1.0,0.2163488034008861,1.0,0.25580201662228547
B_noisy_survey,10211,600,0.03501626534075878,0.041915600177325395,1.0,1.0,0.17113049266383976,1.0,1.0,0.2799687441259368,1.0,1.0,0.47358467771592483,1.0,0.22930186927858562,1.0,0.2716954786423894
B_noisy_survey,10212,600,0.030408735960327754,0.04505720342521015,1.0,1.0,0.17885987693007127,1.0,1.0,0.2925832337800155,1.0,1.0,0.45439607809904253,1.0,0.22483423809962183,1.0,0.2643055323852173
B_noisy_survey,10213,600,0.0329696153748178,0.046890659632546905,1.0,1.0,0.2111684552688604,1.0,1.0,0.32758255381020707,1.0,1.0,0.4815190651467914,1.0,0.21166236842977781,1.0,0.24993333351031755
B_noisy_survey,10214,600,0.033218057829041324,0.04484142747717136,1.0,0.0,0.21403619588874898,1.0,1.0,0.3535798387534824,1.0,1.0,0.4978422500655241,1.0,0.28019681823058207,1.0,0.35730244946024736
B_noisy_survey,10215,600,0.03247745109199514,0.04497887896444216,1.0,1.0,0.18104391602502823,1.0,1.0,0.2826551829905442,1.0,1.0,0.45712351998779416,1.0,0.20978052470728253,1.0,0.2522505149454768
B_noisy_survey,10216,600,0.034475789330769356,0.04178189707703635,1.0,1.0,0.2159973623593136,1.0,1.0,0.3925538278571854,1.0,1.0,0.567580493997937,1.0,0.22686495741398663,1.0,0.2520009777895199
B_noisy_survey,10217,600,0.03246702813876065,0.03701264196099699,1.0,0.0,0.14707739709427975,1.0,1.0,0.21302630259598035,1.0,1.0,0.4052709933696267,1.0,0.14158680751506364,0.0,0.20741296567856896
B_noisy_survey,10218,600,0.03528237857488464,0.04060429095942693,1.0,1.0,0.1862857631411104,1.0,1.0,0.3211950996370794,1.0,1.0,0.5037218513083388,1.0,0.20440402072554825,1.0,0.23303527724427014
B_noisy_survey,10219,600,0.03486710358568925,0.0462934991423712,0.0,0.0,0.1964520696927448,1.0,1.0,0.3082444509218255,1.0,1.0,0.45899681851046975,1.0,0.23657611383728874,1.0,0.273939871308999
B_noisy_survey,10220,600,0.03127612078698908,0.043252497516724366,1.0,1.0,0.204586078431646,1.0,1.0,0.2974844313969637,1.0,1.0,0.4519638780314061,1.0,0.20772690854585676,0.0,0.23557869174236648
B_noisy_survey,10221,600,0.031193720736853635,0.038956788073827235,1.0,1.0,0.17659578484219138,1.0,1.0,0.2597880859982313,1.0,1.0,0.43433182401482506,1.0,0.19904898869890694,1.0,0.24938548051478898
B_noisy_survey,10222,600,0.032197469337505266,0.045583700930718,1.0,1.0,0.20268734313143916,1.0,1.0,0.340464891118897,1.0,1.0,0.4693340914532847,1.0,0.2561547424487224,1.0,0.29740975797079916
B_noisy_survey,10223,600,0.03299386087173356,0.045943094626481176,1.0,0.0,0.18626903198815653,1.0,1.0,0.3514585330884474,1.0,1.0,0.47758970614877627,1.0,0.26406584728681637,1.0,0.29299617201294836
B_noisy_survey,10224,600,0.03264298017999734,0.043069275817384164,1.0,0.0,0.15453747856726774,1.0,1.0,0.2962309074955253,1.0,1.0,0.44868938902777716,1.0,0.21014277445358154,1.0,0.23681130360433994
B_noisy_survey,10225,600,0.029829106057695304,0.03739240148644839,0.0,0.0,0.1767864810229899,1.0,0.0,0.2208883100765529,1.0,1.0,0.3583503518840859,0.0,0.1777959576627997,0.0,0.22920985445870395
B_noisy_survey,10226,600,0.035994364146379125,0.033702313190692605,1.0,1.0,0.1326772988509627,1.0,1.0,0.2600304005548983,1.0,1.0,0.48025608720384244,1.0,0.1854096314822457,1.0,0.25680878379028205
B_noisy_survey,10227,600,0.031822663653234357,0.04008404588744458,1.0,0.0,0.1787325761595226,1.0,1.0,0.2802305063536824,1.0,1.0,0.4328392928960292,1.0,0.2220901795651796,1.0,0.3603116853393965
B_noisy_survey,10228,600,0.03369164456738102,0.04815672534383305,1.0,1.0,0.2294661330170133,1.0,1.0,0.2559124643975706,1.0,1.0,0.4395628581996675,1.0,0.1935380946337256,1.0,0.27176001207557643
B_noisy_survey,10229,600,0.03301476066842918,0.04478756069038806,1.0,1.0,0.1797525271555443,1.0,1.0,0.2968479425474859,1.0,1.0,0.5067172593499919,1.0,0.23261057403106467,1.0,0.3152169118405538
B_noisy_survey,10230,600,0.034869868450770336,0.04941680316708208,1.0,1.0,0.2103183081134845,1.0,1.0,0.3326238179350921,1.0,1.0,0.5130019739683953,1.0,0.22829708718256664,1.0,0.2629843225543239
B_noisy_survey,10231,600,0.031003776234176047,0.043367565602637284,1.0,1.0,0.17005564792366318,1.0,1.0,0.30970437525003647,1.0,1.0,0.4584870598441701,1.0,0.2194022454813574,1.0,0.24997163746965909
B_noisy_survey,10232,600,0.033880464035290325,0.04121826939795996,1.0,1.0,0.1912497284821592,1.0,1.0,0.2862092073425279,1.0,1.0,0.4492998174389548,1.0,0.19738790389705613,1.0,0.2648888499391007
B_noisy_survey,10233,600,0.032837544735511516,0.04214530830814428,1.0,1.0,0.23637883608903962,1.0,1.0,0.35611565521639343,1.0,1.0,0.4901424782241749,1.0,0.26077702345853543,1.0,0.3252467022763435
B_noisy_survey,10234,600,0.03474845644699291,0.04472431026696755,1.0,1.0,0.2013189776582788,1.0,1.0,0.2815086968605484,1.0,1.0,0.4722799255301446,1.0,0.20401308130893375,1.0,0.26658721997175966
B_noisy_survey,10235,600,0.03161267352541249,0.03163544725876957,1.0,0.0,0.1422591804894638,1.0,0.0,0.2417132014622449,1.0,0.0,0.43258512454127046,1.0,0.17959335239554286,0.0,0.2522627770934531
B_noisy_survey,10236,600,0.03248210501786383,0.036374837244481914,1.0,0.0,0.1470555222856583,1.0,1.0,0.2823616334307384,1.0,1.0,0.4443713757459465,1.0,0.20891571851803228,1.0,0.23165492756241676
B_noisy_survey,10237,600,0.03306358870578202,0.04112938069238615,1.0,1.0,0.18914178236757873,1.0,1.0,0.25787067876099046,1.0,1.0,0.47722825499232957,1.0,0.21028303243752436,1.0,0.23654508613971706
B_noisy_survey,10238,600,0.0329378335983366,0.04254017247120616,1.0,0.0,0.22057773337339728,1.0,0.0,0.2522757920457109,1.0,1.0,0.38332533555372345,0.0,0.14723189301711495,0.0,0.2067229779489078
B_noisy_survey,10239,600,0.03400369003592536,0.04125786818899173,1.0,1.0,0.20036558805254248,1.0,1.0,0.28883834095488614,1.0,1.0,0.502856936713276,1.0,0.2176597930593458,1.0,0.2535742027591687
B_noisy_survey,10240,600,0.033413970021841946,0.04356968682514792,1.0,1.0,0.18448080843642428,1.0,1.0,0.27710835261662414,1.0,1.0,0.4467049187900307,1.0,0.21648431937308116,1.0,0.2520720047217696
B_noisy_survey,10241,600,0.03279292060006008,0.040441874034734746,1.0,0.0,0.1873543967417054,1.0,0.0,0.28790626250777773,1.0,1.0,0.52187904203676,1.0,0.22687542267813904,0.0,0.2525346598930215
B_noisy_survey,10242,600,0.03111122184724266,0.04110462418349977,1.0,1.0,0.2036638496708465,1.0,1.0,0.24695525290062217,1.0,1.0,0.4129536981911321,1.0,0.1868336289298139,1.0,0.2148893594245918
B_noisy_survey,10243,600,0.03466017696880018,0.036393809559562076,1.0,0.0,0.1596513412333113,1.0,1.0,0.2706351427366675,1.0,1.0,0.444978073736298,1.0,0.212902396009717,1.0,0.302798704127453
B_noisy_survey,10244,600,0.03376907894677744,0.04750476826428336,1.0,1.0,0.23086460317161245,1.0,1.0,0.33581991167288966,1.0,1.0,0.4979439286779354,1.0,0.24358971346751163,1.0,0.2635831661266632
B_noisy_survey,10245,600,0.032719293434708266,0.04272953319717314,0.0,0.0,0.18586896650192097,1.0,0.0,0.3408109562045808,1.0,1.0,0.5077944168432446,1.0,0.2774225526870115,0.0,0.29538126437504497
B_noisy_survey,10246,600,0.030289120788500185,0.038848905369715275,1.0,1.0,0.15585901837396715,1.0,1.0,0.25451315449008005,1.0,1.0,0.4305775326032234,1.0,0.1762328236152217,1.0,0.22134950098223963
B_noisy_survey,10247,600,0.03252710506028314,0.03483269219632478,1.0,0.0,0.14728723157845844,1.0,1.0,0.2975234423168166,1.0,1.0,0.39996560801641295,1.0,0.20178472864674452,1.0,0.3593475922738888
B_noisy_survey,10248,600,0.03729070652599202,0.045483191365688534,0.0,0.0,0.19265471607130913,1.0,0.0,0.26728654817724273,1.0,1.0,0.43470893131860666,0.0,0.21116142532064583,0.0,0.2656112084926976
B_noisy_survey,10249,600,0.034642587628473734,0.04504251976183826,1.0,1.0,0.2064449517464853,1.0,1.0,0.3644419944461767,1.0,1.0,0.5103063190787597,1.0,0.26147708889608257,1.0,0.2915082530728222
B_noisy_survey,10250,600,0.031777660743590286,0.04488782008576951,1.0,1.0,0.18433831328066022,1.0,1.0,0.27178452017529897,1.0,1.0,0.4195329818527299,1.0,0.22383277568079896,1.0,0.2555589089765875
B_noisy_survey,10251,600,0.03492198976171086,0.04331840824683648,1.0,1.0,0.18444742095773298,1.0,1.0,0.2999589166935973,1.0,1.0,0.47698381602098483,1.0,0.2584562272513199,1.0,0.28557496523325526
B_noisy_survey,10252,600,0.03506497235068981,0.042748501015934276,1.0,1.0,0.21501163731672124,1.0,1.0,0.28611083867834036,1.0,1.0,0.45133157093332443,1.0,0.20407461593184104,1.0,0.23917739496742008
B_noisy_survey,10253,600,0.03471726547839917,0.04790387234752394,1.0,1.0,0.2046054762094509,1.0,1.0,0.2833698197381624,1.0,1.0,0.4058345641490574,1.0,0.22845497240923143,1.0,0.315706097459363
B_noisy_survey,10254,600,0.032748876478497224,0.03583503153764817,1.0,0.0,0.19146881595321597,1.0,0.0,0.29997443165056153,1.0,1.0,0.4380370433982895,1.0,0.20226314214664237,1.0,0.32755485888317953
B_noisy_survey,10255,600,0.03617930338443207,0.04670169665519685,1.0,1.0,0.17318815559305115,1.0,1.0,0.2782569294140213,1.0,1.0,0.4903305773631354,1.0,0.21764065425383042,1.0,0.2611122135525867
B_noisy_survey,10256,600,0.03255432961852157,0.04445164207671569,1.0,1.0,0.1992296014613763,1.0,1.0,0.2696380515476609,1.0,1.0,0.41919882066330977,1.0,0.2450086268094815,1.0,0.27364914647685323
B_noisy_survey,10257,600,0.03212469174433644,0.04357485534046588,0.0,0.0,0.19476222160136442,0.0,0.0,0.25585059031036017,1.0,1.0,0.4036157876729319,0.0,0.2392499342107089,1.0,0.27726127134926937
B_noisy_survey,10258,600,0.03421140383692624,0.044611252594109016,1.0,1.0,0.19536061327277218,1.0,1.0,0.28888813598019897,1.0,1.0,0.47189520327271506,1.0,0.2172569860743468,1.0,0.23888461238137265
B_noisy_survey,10259,600,0.033579686830151015,0.035803415200467675,1.0,0.0,0.16085119578365217,1.0,1.0,0.246361742229983,1.0,1.0,0.4353154739782445,1.0,0.2041588663369836,1.0,0.2547415347986349
B_noisy_survey,10260,600,0.03184213086925551,0.03969865632864221,1.0,0.0,0.19022699630065057,1.0,1.0,0.2788776465581347,1.0,1.0,0.4077971487846794,1.0,0.22827694275968077,1.0,0.3003784984789191
B_noisy_survey,10261,600,0.033100496026989605,0.03973948701275329,1.0,1.0,0.17504242847564866,1.0,1.0,0.2816626220570136,1.0,1.0,0.45513113538085215,1.0,0.22679007362610976,1.0,0.2615823543456772
B_noisy_survey,10262,600,0.032693191158674514,0.04922620090707407,1.0,1.0,0.1974748527496842,1.0,1.0,0.2631034832242379,1.0,1.0,0.35399915132735826,1.0,0.1859350633387621,1.0,0.2070333970001486
B_noisy_survey,10263,600,0.03214164002863366,0.034189240532791494,1.0,1.0,0.16182954455006274,1.0,1.0,0.2262981614412242,1.0,1.0,0.3896341079621541,1.0,0.19276207636397694,1.0,0.24609973258073103
B_noisy_survey,10264,600,0.03158258070018911,0.04247414158653833,1.0,0.0,0.18474324189040078,1.0,1.0,0.30025557617196125,1.0,1.0,0.4400231477686375,1.0,0.23502731237145894,1.0,0.27747027404394997
B_noisy_survey,10265,600,0.03367189691062545,0.03508191927188724,1.0,1.0,0.14821452609922153,1.0,1.0,0.2310666966363729,1.0,1.0,0.34958627745403864,0.0,0.1733162748897457,1.0,0.25977171227179513
B_noisy_survey,10266,600,0.037818353047727,0.041010677589704524,1.0,0.0,0.1987101097559832,1.0,1.0,0.2909301887374579,1.0,1.0,0.4470983777794536,1.0,0.1634303366550518,0.0,0.21153720957975372
B_noisy_survey,10267,600,0.03142181859379064,0.03742020511776374,0.0,0.0,0.1758323968842927,1.0,0.0,0.300053793399206,1.0,1.0,0.4550858177378183,0.0,0.20601786295006602,0.0,0.24081235714738297
B_noisy_survey,10268,600,0.034510656954450755,0.04406982347573018,0.0,0.0,0.20151700750840756,1.0,1.0,0.272816621750365,1.0,1.0,0.4884990928431172,1.0,0.2641659111289256,1.0,0.2943538007229598
B_noisy_survey,10269,600,0.03359425289704598,0.0374006867696942,1.0,0.0,0.15635837257239532,1.0,1.0,0.28187067180816827,1.0,1.0,0.4464708926554889,1.0,0.22975687902181754,1.0,0.2460655682950334
B_noisy_survey,10270,600,0.03572302977041128,0.03939086811478381,1.0,0.0,0.16867796926259102,1.0,0.0,0.2721995776587572,1.0,1.0,0.42749207726284427,1.0,0.21656003261580947,1.0,0.3349856896526548
B_noisy_survey,10271,600,0.031474719630905326,0.04113649349031421,0.0,0.0,0.19018619727038255,1.0,1.0,0.26583086379829357,1.0,1.0,0.3678798965791078,1.0,0.24367525681583882,1.0,0.3211009461430995
B_noisy_survey,10272,600,0.03141669111019801,0.04615535010008954,1.0,1.0,0.2405488894740056,1.0,1.0,0.33734100984300325,1.0,1.0,0.4632528118809881,1.0,0.2490415805604827,1.0,0.27437606792380015
B_noisy_survey,10273,600,0.03281037410170857,0.03937616543813231,1.0,1.0,0.19028625599546592,1.0,1.0,0.28470659258369774,1.0,1.0,0.457617886365842,1.0,0.18118451807447486,1.0,0.22577094124386693
B_noisy_survey,10274,600,0.03182761019117176,0.04258694618703266,1.0,1.0,0.20469229366681335,1.0,1.0,0.2716279313640898,1.0,1.0,0.4311458483144658,1.0,0.23140913770012644,1.0,0.259607156802487
B_noisy_survey,10275,600,0.03378830248756278,0.051277416406705224,1.0,0.0,0.2041718795129898,1.0,1.0,0.3453549545345248,1.0,1.0,0.4912300483614784,1.0,0.24545659100208467,1.0,0.2930643086141866
B_noisy_survey,10276,600,0.032716336136558576,0.040833284804383495,1.0,1.0,0.20341431365191523,1.0,1.0,0.338830812819108,1.0,1.0,0.4593952870284947,1.0,0.2772934192188595,1.0,0.3186152715514895
B_noisy_survey,10277,600,0.03061976167148044,0.03824347060603312,1.0,1.0,0.15942410896405415,1.0,1.0,0.2192424706270429,1.0,1.0,0.3603001507834732,1.0,0.18711544584886727,1.0,0.24771491579505583
B_noisy_survey,10278,600,0.03264390146624561,0.04547825273997522,1.0,1.0,0.1780304449597152,1.0,1.0,0.2865410264793644,1.0,1.0,0.43672143460701324,1.0,0.22130109540570517,1.0,0.28873892431803905
B_noisy_survey,10279,600,0.03395934670030163,0.0349782155795537,1.0,0.0,0.16549619440844274,1.0,0.0,0.2543673649325938,1.0,1.0,0.45752253571797025,1.0,0.19363214431240572,1.0,0.29632157167136386
B_noisy_survey,10280,600,0.03124593040788547,0.038156408402404876,0.0,1.0,0.16082087294799197,1.0,1.0,0.2876603464925994,1.0,1.0,0.44172474044442167,0.0,0.21335157774871477,1.0,0.2760256408779468
B_noisy_survey,10281,600,0.031246930227084944,0.041523110932266925,1.0,1.0,0.18781865249906032,1.0,1.0,0.26987449187473866,1.0,1.0,0.4119293955824494,1.0,0.22518681461002413,1.0,0.2475467527328723
B_noisy_survey,10282,600,0.03460298960327764,0.03703604476554513,1.0,0.0,0.18021269476391383,1.0,1.0,0.26265889251653596,1.0,1.0,0.5273039459428064,1.0,0.21535812868394286,1.0,0.2667006477374927
B_noisy_survey,10283,600,0.033056505554177905,0.03882152876113386,1.0,1.0,0.17292652692382843,1.0,1.0,0.23139477438287354,1.0,1.0,0.4139834955013666,1.0,0.14961637097894215,1.0,0.21390764362177017
B_noisy_survey,10284,600,0.03191765471318922,0.04544851194415291,1.0,1.0,0.20120957029740444,1.0,1.0,0.3402443640195755,1.0,1.0,0.5352730637395191,1.0,0.21942241082803754,1.0,0.23535145944659724
B_noisy_survey,10285,600,0.03054679890201521,0.04171725037096905,0.0,1.0,0.18588768253750762,1.0,1.0,0.2634776188190373,1.0,1.0,0.40914815666560067,0.0,0.20446724559090562,1.0,0.22691414770413676
B_noisy_survey,10286,600,0.03197710769438506,0.04087459386148625,1.0,1.0,0.17892998647429437,1.0,1.0,0.27844269846561487,1.0,1.0,0.41468673236749165,1.0,0.2105235952570359,1.0,0.2745516619889495
B_noisy_survey,10287,600,0.03351177690385981,0.042722945695356465,1.0,1.0,0.18699674392566373,1.0,1.0,0.2422461149514071,1.0,1.0,0.3896358182371614,1.0,0.212833143070886,1.0,0.24388300824031325
B_noisy_survey,10288,600,0.03336539856244768,0.03764511106101738,1.0,0.0,0.1544365125783882,1.0,1.0,0.312359720119446,1.0,1.0,0.44829615336111994,1.0,0.19370830134504927,1.0,0.22629396771533505
B_noisy_survey,10289,600,0.034387119193282197,0.043825742106453645,1.0,1.0,0.19803879364785107,1.0,1.0,0.2517294803530921,1.0,1.0,0.452507105840058,1.0,0.1761831162259478,1.0,0.19648583577547712
B_noisy_survey,10290,600,0.03116939817184354,0.0437414263622123,1.0,1.0,0.22275110280383448,1.0,1.0,0.27565610216895076,1.0,1.0,0.44873992993816386,1.0,0.2266888809998691,1.0,0.27279668135015467
B_noisy_survey,10291,600,0.03237880985340373,0.03481429182714317,1.0,1.0,0.14581223967200663,1.0,1.0,0.26894222944670726,1.0,1.0,0.4123172881253524,1.0,0.16057603951654623,1.0,0.21539995604576384
B_noisy_survey,10292,600,0.03044622455670807,0.04041351068061764,1.0,1.0,0.20132400829758607,1.0,1.0,0.28062541660990237,1.0,1.0,0.4430654412136705,1.0,0.22416503586018863,1.0,0.33139716509490114
B_noisy_survey,10293,600,0.031920519425014914,0.03871751105146619,1.0,0.0,0.1750184699414067,1.0,1.0,0.26473939651442063,1.0,1.0,0.47552268145632404,1.0,0.23867538759637846,1.0,0.3053112272278701
B_noisy_survey,10294,600,0.03251113374528306,0.03707714836124858,1.0,1.0,0.1909278670316617,1.0,1.0,0.2480758607658041,1.0,1.0,0.43003548190762214,1.0,0.2066024451801609,1.0,0.2580330930608244
B_noisy_survey,10295,600,0.03142019722963867,0.04065170367351707,1.0,1.0,0.22951135192354077,1.0,1.0,0.2406754734643041,1.0,1.0,0.3889248535576638,1.0,0.18255256756366528,1.0,0.21711970916616963
B_noisy_survey,10296,600,0.033880643311982823,0.049894379097963355,1.0,1.0,0.21865255574049228,1.0,1.0,0.3238779921259373,1.0,1.0,0.4707528141794536,1.0,0.286001033516587,1.0,0.3072796565738492
B_noisy_survey,10297,600,0.036296615887118466,0.045535541907099,1.0,1.0,0.21152607614836927,1.0,1.0,0.3625920048592967,1.0,1.0,0.49966120491544375,1.0,0.21415589716590278,1.0,0.28642283349347863
B_noisy_survey,10298,600,0.03450436790180101,0.030389151300809224,1.0,1.0,0.11881606842842729,1.0,1.0,0.21462801946405197,1.0,1.0,0.37086656097616644,1.0,0.1838475649950397,1.0,0.2445153675713707
B_noisy_survey,10299,600,0.03203065471474203,0.043018958805432,1.0,1.0,0.20217607594699957,1.0,1.0,0.34747269978798573,1.0,1.0,0.5626088742587777,1.0,0.2515547683489001,1.0,0.27623477101942673
B_noisy_survey,10300,600,0.033075782022654175,0.042267590844910996,1.0,1.0,0.16996355490906048,1.0,1.0,0.24865482016532114,1.0,1.0,0.41316329622436293,1.0,0.19708648533012035,1.0,0.23325325318490542
B_noisy_survey,10301,600,0.03498583262812452,0.04160539257184314,1.0,0.0,0.18301691997113495,1.0,1.0,0.3064400732488991,1.0,1.0,0.4714347962576525,1.0,0.21086584032723668,1.0,0.2350493697300136
B_noisy_survey,10302,600,0.03234650951708338,0.04422606606079416,1.0,1.0,0.19717970206223306,1.0,1.0,0.2927526904586702,1.0,1.0,0.4630089941560501,1.0,0.23434666269907822,1.0,0.2898261837054235
B_noisy_survey,10303,600,0.034890936546656946,0.03596175528789364,1.0,1.0,0.17355530968602478,1.0,1.0,0.22426842120625468,1.0,1.0,0.3812022228787312,0.0,0.16449771046690911,1.0,0.2163849812017295
B_noisy_survey,10304,600,0.03436878529585029,0.04263133849388439,1.0,1.0,0.19037241926437126,1.0,1.0,0.29758750743481555,1.0,1.0,0.4962718421204708,1.0,0.20110150982929617,1.0,0.24059657404323778
B_noisy_survey,10305,600,0.0330889206929095,0.04372725385235213,1.0,1.0,0.2100959653542595,1.0,1.0,0.2947789813416569,1.0,1.0,0.4681689500081486,1.0,0.24302260904159714,1.0,0.2659064162782161
B_noisy_survey,10306,600,0.03569867387969499,0.037783769220780486,1.0,1.0,0.1732457325410544,1.0,1.0,0.2981464548525808,1.0,1.0,0.49631332884109824,1.0,0.18450859262593355,1.0,0.21251784624235848
B_noisy_survey,10307,600,0.03202590500004106,0.038029171324040614,1.0,1.0,0.16098149884715096,1.0,1.0,0.22401070399219228,1.0,1.0,0.392819160178716,1.0,0.16352797859871165,1.0,0.1846520306934689
B_noisy_survey,10308,600,0.03394410283493282,0.0390283849111663,1.0,0.0,0.14461323915542582,1.0,1.0,0.22541452873344756,1.0,1.0,0.4010440090674813,1.0,0.17031503819353075,1.0,0.28894557992758285
B_noisy_survey,10309,600,0.034015219784808294,0.03872504878440749,1.0,0.0,0.16914286482262364,1.0,0.0,0.25813942623321406,1.0,1.0,0.47707482490438363,1.0,0.20114682179626656,1.0,0.26304828404457703
B_noisy_survey,10310,600,0.034874104204610165,0.037830718656551146,1.0,1.0,0.15243245746025424,1.0,1.0,0.27999927756593807,1.0,1.0,0.4406782310581917,1.0,0.19312085593323974,1.0,0.2411956107301257
B_noisy_survey,10311,600,0.031694765802543746,0.04658440338946545,0.0,0.0,0.1822916350456596,0.0,0.0,0.29081614201611805,1.0,1.0,0.46382662792583884,0.0,0.25104500002104374,0.0,0.29336772069488415
B_noisy_survey,10312,600,0.034640517882025934,0.04108015402444251,1.0,1.0,0.1774163909205213,1.0,1.0,0.2829174043293357,1.0,1.0,0.46906846967957827,1.0,0.22207614066410136,1.0,0.24894477350621283
B_noisy_survey,10313,600,0.030583914367050036,0.03817769525654076,1.0,1.0,0.1710000240900234,1.0,1.0,0.23675121772333768,1.0,1.0,0.437705485489747,1.0,0.15306391960604065,1.0,0.19085415042411286
B_noisy_survey,10314,600,0.03465494910848327,0.04280655006534645,1.0,0.0,0.19260303344822716,1.0,0.0,0.24847121574454717,1.0,1.0,0.4376527949026353,1.0,0.19600639902184358,0.0,0.2425435505995556
B_noisy_survey,10315,600,0.03290777846010341,0.04183223047242772,1.0,0.0,0.16132105015941411,1.0,1.0,0.25499446592477576,1.0,1.0,0.42630965585965797,1.0,0.19637356865516026,1.0,0.23548035368829545
B_noisy_survey,10316,600,0.03270792047764576,0.038465382702027894,1.0,1.0,0.16188971447056466,1.0,1.0,0.28493137258883344,1.0,1.0,0.42656923161465876,1.0,0.1979794988232751,1.0,0.24198480642085843
B_noisy_survey,10317,600,0.0315584371414513,0.04493779740121649,1.0,1.0,0.19390829878703156,1.0,1.0,0.29753595244984776,1.0,1.0,0.4799179913274954,1.0,0.2582676218592007,1.0,0.31111267091786027
B_noisy_survey,10318,600,0.03432132782327789,0.041219842593761234,1.0,1.0,0.17461400826439186,1.0,1.0,0.2897513653011327,1.0,1.0,0.40712613988143626,1.0,0.22288764515370482,1.0,0.2577384897600239
B_noisy_survey,10319,600,0.03372161417018603,0.045495469475780356,1.0,1.0,0.1718127016958571,1.0,1.0,0.272442843465363,1.0,1.0,0.4365459168143963,1.0,0.2180405913343649,1.0,0.28162722631118
B_noisy_survey,10320,600,0.031166102626751128,0.037602492980512485,1.0,1.0,0.1735774908413641,1.0,1.0,0.23099025203257728,1.0,1.0,0.4236046627294157,1.0,0.20047194581916,1.0,0.2558264077362278
B_noisy_survey,10321,600,0.03658155214863254,0.034026817918583065,1.0,0.0,0.14719507245425387,1.0,1.0,0.2638108655902466,1.0,1.0,0.4216156037291741,1.0,0.17714659299252547,0.0,0.1988568269015879
B_noisy_survey,10322,600,0.03317007292403656,0.044372215065514246,1.0,0.0,0.19840122134411398,1.0,1.0,0.294503499710725,1.0,1.0,0.47699334290041956,1.0,0.19834410225257687,1.0,0.22510431935577016
B_noisy_survey,10323,600,0.03452968441360143,0.034576754629486436,0.0,0.0,0.13805049443133666,1.0,1.0,0.2568606474868179,1.0,1.0,0.46845902200673795,1.0,0.19470313974986836,1.0,0.24363918241691734
B_noisy_survey,10324,600,0.03358865984203963,0.041128657545074526,1.0,1.0,0.1986615332845366,1.0,1.0,0.30865796047774147,1.0,1.0,0.4383128692556422,1.0,0.25308171297407955,1.0,0.31076964255225886
B_noisy_survey,10325,600,0.03307350661113736,0.03292890407014791,1.0,1.0,0.15056026836658934,1.0,1.0,0.2282295558300901,1.0,1.0,0.43019929442324234,1.0,0.12825582734446975,1.0,0.22027247472707714
B_noisy_survey,10326,600,0.033294188078008505,0.03795448835518655,1.0,0.0,0.1804689175908749,1.0,1.0,0.31101496206114243,1.0,1.0,0.47700486093433847,1.0,0.1995139998245378,1.0,0.24353003351081243
B_noisy_survey,10327,600,0.029821740759448438,0.03833689984365327,1.0,1.0,0.16764518671336284,1.0,1.0,0.265442463602093,1.0,1.0,0.43746558375390016,1.0,0.22241811501452985,1.0,0.3135640959696553
B_noisy_survey,10328,600,0.03138502370993236,0.04391885509024022,1.0,0.0,0.22036648559855337,1.0,1.0,0.30870935024030566,1.0,1.0,0.4998377001213883,1.0,0.2481167182564868,1.0,0.26119910189725865
B_noisy_survey,10329,600,0.033470216536964824,0.03631066222263307,1.0,1.0,0.18503999808399316,1.0,1.0,0.29638598714722236,1.0,1.0,0.47562740150862554,1.0,0.2219610561281975,1.0,0.27175317040378644
B_noisy_survey,10330,600,0.032009174546031985,0.04752990314807084,1.0,1.0,0.21088274601006693,1.0,1.0,0.31482890147259235,1.0,1.0,0.458070679534101,1.0,0.22242827534426532,1.0,0.283266226778796
B_noisy_survey,10331,600,0.0351356296448984,0.039835577659929185,1.0,1.0,0.1719312647564299,1.0,1.0,0.31203144615193557,1.0,1.0,0.44989579053687156,1.0,0.22132329182304034,1.0,0.3032082361809925
B_noisy_survey,10332,600,0.03464506457801892,0.04366261395505389,1.0,1.0,0.1864524504972037,1.0,1.0,0.3221392433703737,1.0,1.0,0.4608795837455311,1.0,0.22115981737400997,1.0,0.25172531944646
B_noisy_survey,10333,600,0.035082156554109276,0.04521733989354208,1.0,1.0,0.18240737631739506,1.0,1.0,0.3055173243366186,1.0,1.0,0.511051375754374,1.0,0.22310232534639535,1.0,0.24415055675503483
B_noisy_survey,10334,600,0.03355948598333559,0.038045721436758176,1.0,0.0,0.20616068302196347,1.0,1.0,0.32468828982901304,1.0,1.0,0.48591305400805024,1.0,0.24105569930680354,1.0,0.287779021737984
B_noisy_survey,10335,600,0.032590772657318766,0.043270328795403976,1.0,0.0,0.18441889179397913,1.0,1.0,0.28603521171214796,1.0,1.0,0.4480850186924165,1.0,0.20490600102433865,1.0,0.3943946060134616
B_noisy_survey,10336,600,0.035020495032481065,0.04614862503018673,0.0,0.0,0.22252359599774957,0.0,0.0,0.26944418037436146,1.0,1.0,0.4546158580892926,0.0,0.160021090216314,0.0,0.2266164342807325
B_noisy_survey,10337,600,0.03269527150630212,0.0442047797915566,1.0,0.0,0.18678262707863494,1.0,1.0,0.2906473574676448,1.0,1.0,0.41537299939261974,1.0,0.21665664578691196,1.0,0.34937786655642594
B_noisy_survey,10338,600,0.03605628055213196,0.041098752865859844,1.0,0.0,0.18910259046097572,1.0,1.0,0.29720148948959046,1.0,1.0,0.45815907247344495,1.0,0.20265878317495328,1.0,0.27893535668155256
B_noisy_survey,10339,600,0.03270362997292559,0.040082865583711276,1.0,1.0,0.17462292319831357,1.0,1.0,0.2677425286102906,1.0,1.0,0.3791093175472793,1.0,0.2131917076214594,1.0,0.2752081750195864
B_noisy_survey,10340,600,0.03450871118244237,0.038274750509783864,1.0,1.0,0.15566515883424925,1.0,1.0,0.27752583171317735,1.0,1.0,0.44195495341639457,1.0,0.20387552488608005,1.0,0.24200857930843284
B_noisy_survey,10341,600,0.03426812982364522,0.04409046455424408,1.0,1.0,0.1776728849821204,1.0,1.0,0.3051324153625436,1.0,1.0,0.49965535460485705,1.0,0.22533129264217977,1.0,0.2581283830641845
B_noisy_survey,10342,600,0.03058870754010334,0.040615685968220974,1.0,1.0,0.18333905761072716,1.0,1.0,0.2693844256537574,1.0,1.0,0.3795579859179482,1.0,0.2013490859318455,1.0,0.24445831945236018
B_noisy_survey,10343,600,0.03205689454721294,0.03828535780171865,1.0,0.0,0.17991787055058786,1.0,1.0,0.25997121053304284,1.0,1.0,0.45200691288048206,1.0,0.19555786562990404,1.0,0.2756564398152202
B_noisy_survey,10344,600,0.033715582812258275,0.034227650800320246,1.0,1.0,0.1332690157251371,1.0,1.0,0.2609651407427145,1.0,1.0,0.40454359932339967,1.0,0.1620902929751473,1.0,0.2990868207837408
B_noisy_survey,10345,600,0.03270341391397981,0.03880667718988691,1.0,1.0,0.1691731550879978,1.0,1.0,0.26264054633420014,1.0,1.0,0.42217315915437637,1.0,0.21267613550755665,1.0,0.2376871669235511
B_noisy_survey,10346,600,0.03317524084839576,0.042556797238448206,1.0,1.0,0.20629890461066552,1.0,1.0,0.31970154016799124,1.0,1.0,0.4717269375300347,1.0,0.22011077561293607,1.0,0.2515421494052193
B_noisy_survey,10347,600,0.03449531701538932,0.04094760782033173,1.0,0.0,0.18068902206202447,1.0,1.0,0.26722478075082046,1.0,1.0,0.42340871941345287,1.0,0.19428219334293967,1.0,0.22922517710530038
B_noisy_survey,10348,600,0.033250454903957706,0.035312659115612835,1.0,1.0,0.15563592997854808,1.0,1.0,0.23789468942728612,1.0,1.0,0.41258157689365743,1.0,0.1771030083841401,1.0,0.20967095587260784
B_noisy_survey,10349,600,0.031159361291040966,0.038332142990348574,1.0,0.0,0.16764325351948764,1.0,1.0,0.28713514243799776,1.0,1.0,0.46531116860647115,1.0,0.20941915475170925,1.0,0.28895660344488605
B_noisy_survey,10350,600,0.03325034698036705,0.04572614439624315,0.0,0.0,0.18698398028841512,1.0,1.0,0.3479096622254369,1.0,1.0,0.5044114510759888,0.0,0.22074065296197992,0.0,0.2634972596297934
B_noisy_survey,10351,600,0.030450411417155848,0.04279524371293578,1.0,1.0,0.19689926732767685,1.0,1.0,0.2915381945135966,1.0,1.0,0.4705792937338874,1.0,0.24053934761533097,1.0,0.26138759900061653
B_noisy_survey,10352,600,0.03376835432777798,0.033051200554767055,1.0,0.0,0.1345270106479814,1.0,1.0,0.23647971392935277,1.0,1.0,0.4045284062675975,1.0,0.18560032828785294,1.0,0.2193704078358833
B_noisy_survey,10353,600,0.035525026676424966,0.04681764131971447,1.0,1.0,0.20214904017854077,1.0,1.0,0.32532023956739226,1.0,1.0,0.49297895842641637,1.0,0.25572620525830453,1.0,0.28408593259743553
B_noisy_survey,10354,600,0.032598737795281135,0.0526370923490456,1.0,1.0,0.22857346925162517,1.0,1.0,0.3481859766796301,1.0,1.0,0.48775100809604155,1.0,0.25463117236847,1.0,0.3011798441160026
B_noisy_survey,10355,600,0.03368162576159673,0.04243847854305064,1.0,0.0,0.18649839498645918,1.0,1.0,0.273339579867822,1.0,1.0,0.3949553608929381,1.0,0.19385714277675012,1.0,0.2905041602171808
B_noisy_survey,10356,600,0.03531065635329877,0.0414051975743443,1.0,1.0,0.18536694179558372,1.0,1.0,0.33854176886042586,1.0,1.0,0.5054800187763222,1.0,0.2337692083828405,1.0,0.2513483786423544
B_noisy_survey,10357,600,0.035418672917583605,0.035596043706358244,1.0,0.0,0.19426356282169677,1.0,1.0,0.2616518069289201,1.0,1.0,0.43510063705182256,1.0,0.18823911777146923,1.0,0.21703077052794498
B_noisy_survey,10358,600,0.036233037541317,0.04167763249905566,1.0,1.0,0.21917393801561982,1.0,1.0,0.2915825382921143,1.0,1.0,0.46843764800338156,1.0,0.18481249437685499,1.0,0.2265815702468604
B_noisy_survey,10359,600,0.03368540944624623,0.04434579876494579,1.0,1.0,0.17592516297747202,1.0,1.0,0.3210474260402686,1.0,1.0,0.457957748643957,1.0,0.2393010601737735,1.0,0.3498830556785903
B_noisy_survey,10360,600,0.03102824729913383,0.04217534121521092,1.0,0.0,0.1996328506302758,1.0,0.0,0.29865511287722946,1.0,1.0,0.45940900388532846,1.0,0.24919698134289797,0.0,0.27498215574787777
B_noisy_survey,10361,600,0.03354190727145793,0.031921159577649245,1.0,1.0,0.14442337561438362,1.0,1.0,0.26099772421411654,1.0,1.0,0.38375642146327876,1.0,0.2450638666455455,1.0,0.29852376711522777
B_noisy_survey,10362,600,0.0363226977318451,0.04462460550379071,1.0,1.0,0.176094587598928,1.0,1.0,0.2895579083507258,1.0,1.0,0.4327344235224578,1.0,0.2230701008742217,1.0,0.2675565634938353
B_noisy_survey,10363,600,0.032606077309881284,0.035544688633146033,1.0,1.0,0.17321297822861775,1.0,1.0,0.23520592104937948,1.0,1.0,0.41536560010593204,1.0,0.18096423924897842,1.0,0.2113004046278605
B_noisy_survey,10364,600,0.03417925956480972,0.04642398242701682,1.0,1.0,0.20365387914608535,1.0,1.0,0.3778878157700509,1.0,1.0,0.5217109743443281,1.0,0.2627435464321143,1.0,0.3316270491062027
B_noisy_survey,10365,600,0.033040777930418846,0.04560281926842396,1.0,0.0,0.20532897572075387,1.0,0.0,0.28048325835533916,1.0,1.0,0.42495963817752147,1.0,0.23796011746563206,1.0,0.3559611048864589
B_noisy_survey,10366,600,0.03264653020857005,0.035667848742773955,1.0,1.0,0.1867226822800893,1.0,1.0,0.23904404888592007,1.0,1.0,0.3908773730433429,1.0,0.18640057878134267,1.0,0.23192785971599106
B_noisy_survey,10367,600,0.032995909644817405,0.04044761003946035,1.0,0.0,0.1864479606700629,1.0,0.0,0.2511660252753827,1.0,1.0,0.3949099540186015,0.0,0.19962375895251958,0.0,0.24011445883304666
B_noisy_survey,10368,600,0.033190672495416414,0.045873411381324766,1.0,1.0,0.2267928162185841,1.0,1.0,0.32500130871269894,1.0,1.0,0.46910800261355223,1.0,0.19499952138164472,1.0,0.24403129677653776
B_noisy_survey,10369,600,0.03470927830102172,0.04427851592801337,1.0,0.0,0.194706718462259,1.0,1.0,0.35754320606519263,1.0,1.0,0.4895228596815433,1.0,0.21834678289122786,1.0,0.264633596638887
B_noisy_survey,10370,600,0.031825501708441645,0.038141747602905125,1.0,0.0,0.1643116112662192,1.0,1.0,0.2261992311828998,1.0,1.0,0.4006872154287292,0.0,0.14977514461975802,1.0,0.21005481555196362
B_noisy_survey,10371,600,0.03206709468031898,0.03700080866513523,1.0,0.0,0.17656746455856032,1.0,1.0,0.24891564274664635,1.0,1.0,0.3964837645164349,0.0,0.19084809373490666,1.0,0.28650915071906774
B_noisy_survey,10372,600,0.03439459104732083,0.03769329962171679,1.0,1.0,0.19060379445812947,1.0,1.0,0.24122934637225263,1.0,1.0,0.39477690028846657,1.0,0.16835186445311745,1.0,0.23128645186443703
B_noisy_survey,10373,600,0.03566665554516857,0.03874259249619845,1.0,1.0,0.16443582123754535,1.0,1.0,0.21136887455043646,1.0,1.0,0.3465271018144448,1.0,0.16539463681653208,1.0,0.2302608733921178
B_noisy_survey,10374,600,0.03209907817351125,0.04340691486161313,0.0,0.0,0.19648378715658102,1.0,0.0,0.2559253541831333,1.0,1.0,0.4061855340593712,0.0,0.22590804388621138,0.0,0.26106310837538926
B_noisy_survey,10375,600,0.030357412375760603,0.04591455776808999,1.0,1.0,0.21408232105093336,1.0,1.0,0.3229150238403313,1.0,1.0,0.4963004442370151,1.0,0.22685653495375674,1.0,0.24658210177288403
B_noisy_survey,10376,600,0.03410201265020791,0.04271210039693802,1.0,1.0,0.20191603644533504,1.0,1.0,0.28023448907291587,1.0,1.0,0.44093950845959184,1.0,0.2186124289599439,1.0,0.25651243274778024
B_noisy_survey,10377,600,0.03674112630122296,0.040652458238790636,1.0,1.0,0.19281441811458339,1.0,1.0,0.26078863397188423,1.0,1.0,0.4128320246824956,1.0,0.15949746915025986,1.0,0.2917926071468746
B_noisy_survey,10378,600,0.03246461961933757,0.04283678280536709,1.0,1.0,0.2005895633768394,1.0,1.0,0.2838604614201755,1.0,1.0,0.36904871124957495,1.0,0.23004731555317828,1.0,0.320434614454815
B_noisy_survey,10379,600,0.03180061467588086,0.04673575105903334,1.0,1.0,0.20806354907490682,1.0,1.0,0.31903133675569856,1.0,1.0,0.5147171946576987,1.0,0.1965280656825027,1.0,0.24056827780226647
B_noisy_survey,10380,600,0.035417268544747825,0.04944585166054571,1.0,1.0,0.24187319136057733,1.0,1.0,0.3353024286000294,1.0,1.0,0.47011623383700646,0.0,0.2069755423150145,1.0,0.26266077200904675
B_noisy_survey,10381,600,0.032403009783122196,0.04396956601717917,1.0,1.0,0.19826441141931384,1.0,1.0,0.2691854916200634,1.0,1.0,0.39968621872123544,1.0,0.21799791692954,1.0,0.24315977946948825
B_noisy_survey,10382,600,0.035127719757521644,0.04064570328813597,0.0,1.0,0.1816656382963982,1.0,1.0,0.2963124119635965,1.0,1.0,0.4425364426091372,0.0,0.17587713514181308,1.0,0.19878978080229034
B_noisy_survey,10383,600,0.036111554600540094,0.044232070933813566,1.0,1.0,0.20882459695506667,1.0,1.0,0.31184462453101175,1.0,1.0,0.5236180855689845,1.0,0.24767855035519876,1.0,0.295628018057846
B_noisy_survey,10384,600,0.03410353430384804,0.04250087608740398,1.0,1.0,0.1570389279970327,1.0,1.0,0.27853509910862323,1.0,1.0,0.430616079424161,1.0,0.18405798752931946,1.0,0.23436666446986906
B_noisy_survey,10385,600,0.031840155678367864,0.03906940819461649,1.0,0.0,0.1552364808192314,1.0,0.0,0.3002469542137013,1.0,1.0,0.4498868845594545,1.0,0.21423239765989796,0.0,0.2529860895612724
B_noisy_survey,10386,600,0.03404755404329011,0.041047972247663836,1.0,1.0,0.15935704782911628,1.0,1.0,0.2864396828172704,1.0,1.0,0.4138921373683958,1.0,0.19718550226594597,1.0,0.23451690057867758
B_noisy_survey,10387,600,0.0329298479884168,0.036494481113933774,1.0,0.0,0.16372355656732707,1.0,0.0,0.22645650906028383,1.0,1.0,0.4227392623044467,1.0,0.16081879468266347,0.0,0.2151596423288172
B_noisy_survey,10388,600,0.033873342773664564,0.04291770285619516,1.0,0.0,0.17445463764803093,1.0,1.0,0.2786504057627271,1.0,1.0,0.42157589690926944,1.0,0.20852895031021612,1.0,0.3801500311204465
B_noisy_survey,10389,600,0.033421867953856835,0.04386197834096028,1.0,1.0,0.2059533005827933,1.0,1.0,0.23250682343438264,1.0,1.0,0.4136381218506854,1.0,0.17964009791536956,1.0,0.21895067076453162
B_noisy_survey,10390,600,0.03342149851856534,0.035786335138602285,1.0,0.0,0.14825928114493658,1.0,0.0,0.25342954499690784,1.0,1.0,0.43347445919815986,1.0,0.23861624717532653,0.0,0.2949705599224329
B_noisy_survey,10391,600,0.0322033745862937,0.04469908352000947,1.0,1.0,0.21890225062717966,1.0,1.0,0.32150310162456064,1.0,1.0,0.5009966197392329,1.0,0.24392402959874335,1.0,0.26697658179297495
B_noisy_survey,10392,600,0.03328770090861751,0.047805847649666944,1.0,1.0,0.2252325776909661,1.0,1.0,0.3125760244100427,1.0,1.0,0.4792001198165304,1.0,0.24886491069180874,1.0,0.30676944353963226
B_noisy_survey,10393,600,0.034313321192063824,0.04322598608809603,1.0,0.0,0.19191529443624317,1.0,1.0,0.327777472852147,1.0,1.0,0.4858456097274126,1.0,0.2443019761184193,1.0,0.2677383916458189
B_noisy_survey,10394,600,0.031560058192139834,0.04055791500685614,1.0,0.0,0.15586206218648346,1.0,1.0,0.2498823917294471,1.0,1.0,0.40408134418703534,1.0,0.21783867450133715,1.0,0.2364059336613912
B_noisy_survey,10395,600,0.03367139459411828,0.04619667287470561,1.0,1.0,0.2163898310263212,1.0,1.0,0.2701336568594453,1.0,1.0,0.43868481488177846,1.0,0.200755907107892,1.0,0.2242564699283882
B_noisy_survey,10396,600,0.03486781775076279,0.04115347412626143,1.0,0.0,0.1619912352027814,1.0,0.0,0.27660392647870957,1.0,1.0,0.43399107902989364,0.0,0.18006556874281343,0.0,0.21715468507910693
B_noisy_survey,10397,600,0.03284954668604405,0.040450709616422935,1.0,1.0,0.19789088998572593,1.0,1.0,0.22962085959860187,1.0,1.0,0.4530321278888495,1.0,0.1758474087698075,0.0,0.242678817130614
B_noisy_survey,10398,600,0.03470328908384983,0.04378401699711675,0.0,0.0,0.1805527429883769,1.0,1.0,0.24656926943631713,1.0,1.0,0.46071916457678724,0.0,0.19883763246927305,1.0,0.2904471402162539
B_noisy_survey,10399,600,0.03537774077915518,0.038440667270876215,1.0,0.0,0.14100298419191795,1.0,0.0,0.24549861521622054,1.0,1.0,0.44006632072119345,1.0,0.16901084832532123,1.0,0.24035873935742477
B_noisy_survey,10400,600,0.03370525431867388,0.04459113326859331,1.0,1.0,0.17900921931764888,1.0,1.0,0.2931019875479429,1.0,1.0,0.46755300546604933,1.0,0.23878661799399253,1.0,0.26387803108123775
B_noisy_survey,10401,600,0.03660946153762154,0.038507908641187846,1.0,1.0,0.16791843641260046,1.0,1.0,0.23630837291550785,1.0,1.0,0.4318402655846314,1.0,0.1585754216295717,1.0,0.20008425977625036
B_noisy_survey,10402,600,0.03198237807162658,0.03784940467633061,1.0,1.0,0.1859627029767368,1.0,1.0,0.27878038867296395,1.0,1.0,0.3892657330173295,1.0,0.21059334864443127,1.0,0.2569969058873246
B_noisy_survey,10403,600,0.036879089168039024,0.03599379171123535,1.0,1.0,0.1539214374763504,1.0,1.0,0.3073982733150945,1.0,1.0,0.4893434874632957,1.0,0.20655760613736546,1.0,0.28775892752830384
B_noisy_survey,10404,600,0.033049771782381866,0.04141061734858109,0.0,0.0,0.18798755099549155,1.0,1.0,0.2675507651636528,1.0,1.0,0.4499677162792374,0.0,0.19905212672101913,1.0,0.23036306143352414
B_noisy_survey,10405,600,0.035303889335314996,0.043708847800407506,1.0,0.0,0.18267927276017415,1.0,0.0,0.2594797450598908,1.0,1.0,0.4707356272638911,0.0,0.1972008791725885,1.0,0.2978822485277379
B_noisy_survey,10406,600,0.03558218020836492,0.04331326696323181,1.0,1.0,0.18178364580866593,1.0,1.0,0.3452139091911723,1.0,1.0,0.5109395633832349,1.0,0.213772551260978,1.0,0.2550722031105351
B_noisy_survey,10407,600,0.03139259754158909,0.04048497582560716,1.0,1.0,0.2014887542406462,1.0,1.0,0.2734683708495032,1.0,1.0,0.4592620962810364,1.0,0.24078675310368194,1.0,0.289121115395508
B_noisy_survey,10408,600,0.03389549304743764,0.040641233141653195,1.0,1.0,0.17821596827465958,1.0,1.0,0.29449413712962136,1.0,1.0,0.4760989944870375,1.0,0.19205857266400025,1.0,0.2175115802380887
B_noisy_survey,10409,600,0.035240937365934685,0.0490486068719628,1.0,0.0,0.2315223174830916,1.0,1.0,0.31554293039942005,1.0,1.0,0.5376706235464471,1.0,0.23535381853842727,1.0,0.25817127662330314
B_noisy_survey,10410,600,0.03217004063080431,0.04011743778094706,1.0,1.0,0.17641566697159855,1.0,1.0,0.2451516145196694,1.0,1.0,0.4105196475170172,1.0,0.22308680221778593,1.0,0.29433061588702325
B_noisy_survey,10411,600,0.032888222487616414,0.045688009186935476,1.0,1.0,0.2175005106246643,1.0,1.0,0.2654896147481131,1.0,1.0,0.4244132473729172,1.0,0.20301506521991025,1.0,0.23935962902437255
B_noisy_survey,10412,600,0.0313880652747389,0.0478549873046129,1.0,1.0,0.24458426241258507,1.0,1.0,0.3005629215677383,1.0,1.0,0.47455147350087945,1.0,0.2706045898181212,1.0,0.33075060195255246
B_noisy_survey,10413,600,0.0333072323395418,0.04820487681506578,1.0,1.0,0.21512578027510817,1.0,1.0,0.3198005811791986,1.0,1.0,0.47632690590744964,1.0,0.22045639309001297,1.0,0.24750002307682237
B_noisy_survey,10414,600,0.034447758734159895,0.04036499374071795,1.0,0.0,0.1745458882268963,1.0,0.0,0.3014917576744931,1.0,1.0,0.49306098647171226,1.0,0.23891377109853612,1.0,0.3261021945088044
B_noisy_survey,10415,600,0.031006027853389892,0.04243121257424538,1.0,1.0,0.1824103125648321,1.0,1.0,0.2645667602007793,1.0,1.0,0.4096574548273647,1.0,0.18750537831348055,1.0,0.2330484713674051
B_noisy_survey,10416,600,0.03427189804998724,0.04837494099460632,1.0,1.0,0.25932035795042735,1.0,1.0,0.2594700431386561,1.0,1.0,0.47020173766625745,1.0,0.20409002482867217,1.0,0.23473395465382701
B_noisy_survey,10417,600,0.03241004487666639,0.03537644697265309,1.0,1.0,0.14531468441133727,1.0,1.0,0.2554675632347808,1.0,1.0,0.4120081264091569,1.0,0.19707674246427168,1.0,0.22903380432852968
B_noisy_survey,10418,600,0.03234103855258824,0.03899209999989248,1.0,0.0,0.16986115430610407,1.0,1.0,0.2502128046909696,1.0,1.0,0.4214168730172242,1.0,0.19771451276721227,1.0,0.2817747836947935
B_noisy_survey,10419,600,0.03558736115612225,0.04995559255985616,1.0,1.0,0.24175671473862836,1.0,1.0,0.3042539545952897,1.0,1.0,0.5068081325375201,1.0,0.23213094812924856,1.0,0.28958953476567245
B_noisy_survey,10420,600,0.03207528076388146,0.04037726045628607,1.0,1.0,0.16402274358588775,1.0,1.0,0.2474750552649901,1.0,1.0,0.3836594352113517,1.0,0.1948932042245793,1.0,0.21936272558783293
B_noisy_survey,10421,600,0.03456354017287586,0.03941634032584812,1.0,0.0,0.15466487687247837,1.0,1.0,0.2869881911898103,1.0,1.0,0.43841857505413256,1.0,0.19137970311324035,0.0,0.21560717519082218
B_noisy_survey,10422,600,0.03356259364392631,0.03946185681729035,1.0,0.0,0.18087372211421898,1.0,1.0,0.27343564383379243,1.0,1.0,0.4650128704590724,1.0,0.20452040691978918,1.0,0.2393832187918666
B_noisy_survey,10423,600,0.033994497920596556,0.03753969291013332,0.0,0.0,0.18038048716074337,0.0,0.0,0.2357626905841994,1.0,0.0,0.41609110543923356,0.0,0.19974385893482952,0.0,0.23022817798332557
B_noisy_survey,10424,600,0.0343606427386331,0.04143317874915807,1.0,1.0,0.19875882955295907,1.0,1.0,0.28788112728338444,1.0,1.0,0.5272604567191566,0.0,0.2029195245237278,1.0,0.2472200432444577
B_noisy_survey,10425,600,0.03227990782039976,0.03884945349551473,1.0,1.0,0.1652083160790114,1.0,1.0,0.2580965423041344,1.0,1.0,0.44811893470444825,1.0,0.2082078320985239,1.0,0.2506607424721511
B_noisy_survey,10426,600,0.03358149890132971,0.04061141681716607,1.0,0.0,0.1625453023888688,1.0,1.0,0.25800158184073413,1.0,1.0,0.395774041396527,1.0,0.18202027579172658,1.0,0.230415167283133
B_noisy_survey,10427,600,0.030935516904521905,0.045372606223750445,1.0,1.0,0.1783788629091895,1.0,1.0,0.3414268115507529,1.0,1.0,0.5247951130448756,1.0,0.2451695143368231,1.0,0.3147643444367109
B_noisy_survey,10428,600,0.03356236102636404,0.03945048406121386,1.0,1.0,0.18641052605240477,1.0,1.0,0.22014695808328383,1.0,1.0,0.3750469875187667,1.0,0.16061095942484974,1.0,0.2424828732729125
B_noisy_survey,10429,600,0.03215204005788202,0.040931934011590024,1.0,1.0,0.24271907878043217,1.0,1.0,0.2724339217871596,1.0,1.0,0.436147575810719,1.0,0.1922730334074048,1.0,0.2837852695415868
B_noisy_survey,10430,600,0.031352021635266326,0.04342840986953797,1.0,1.0,0.2024954762746872,1.0,1.0,0.2690759042964261,1.0,1.0,0.43277285873145804,1.0,0.21019583429719044,1.0,0.33275013447095003
B_noisy_survey,10431,600,0.03172682179089496,0.042170592214359544,1.0,1.0,0.1819277402710889,1.0,1.0,0.274787082253183,1.0,1.0,0.4184450489838336,1.0,0.20983472196952518,1.0,0.2521412582916616
B_noisy_survey,10432,600,0.029567531146742883,0.0347586483216363,1.0,1.0,0.16986726474638456,1.0,1.0,0.30767485511340675,1.0,1.0,0.4481303719647431,1.0,0.2732395655290538,1.0,0.31759828243626914
B_noisy_survey,10433,600,0.03395141970297486,0.04842381314854236,1.0,1.0,0.20793757150212228,1.0,1.0,0.3087653346900403,1.0,1.0,0.44793142013766174,1.0,0.2564485997830292,1.0,0.3384415336660848
B_noisy_survey,10434,600,0.032252387291960886,0.04112771406121618,1.0,0.0,0.1849513817166694,1.0,1.0,0.31819154518568216,1.0,1.0,0.507541314231974,1.0,0.21883897965537508,1.0,0.23990722902796108
B_noisy_survey,10435,600,0.03481045155910118,0.034545260465474244,1.0,0.0,0.15028545993258025,1.0,1.0,0.2692660487825763,1.0,1.0,0.42784510802429165,1.0,0.21311316593942284,1.0,0.26433723569213247
B_noisy_survey,10436,600,0.034208852603878924,0.03259366163110049,1.0,1.0,0.1384468351748845,1.0,1.0,0.22075590830999553,1.0,1.0,0.39192142043647393,1.0,0.1540901095798017,1.0,0.19515710276285886
B_noisy_survey,10437,600,0.03175757249852313,0.041940040313152474,0.0,0.0,0.1947578117208515,1.0,1.0,0.2444653620517551,1.0,1.0,0.4321167657348258,0.0,0.17365088512881122,1.0,0.22365333999351647
B_noisy_survey,10438,600,0.033125660739914846,0.03812677549499181,1.0,1.0,0.16074874507296916,1.0,1.0,0.26460100544042464,1.0,1.0,0.42334911373072004,1.0,0.1738518758895146,1.0,0.20105376312263995
B_noisy_survey,10439,600,0.034296359574189014,0.038778907013159586,1.0,1.0,0.1771862367609236,1.0,1.0,0.28503988646989187,1.0,1.0,0.42723423436828545,1.0,0.1963006793231355,1.0,0.2520043838565388
B_noisy_survey,10440,600,0.03290115740814657,0.03749237373425755,1.0,0.0,0.1714415203114819,1.0,1.0,0.26068318286165887,1.0,1.0,0.41816405338232415,1.0,0.18562090357386096,1.0,0.2156602310243716
B_noisy_survey,10441,600,0.03218653432467829,0.039135785608504434,1.0,0.0,0.1695909852836519,1.0,0.0,0.25286567838094864,1.0,1.0,0.36996999201429065,1.0,0.19234165669708952,0.0,0.28153629911990563
B_noisy_survey,10442,600,0.03325316279321281,0.048386021355622456,1.0,1.0,0.2557133476731779,1.0,1.0,0.26991832352579104,1.0,1.0,0.4681919728307661,1.0,0.22008474630627442,1.0,0.2636064120707212
B_noisy_survey,10443,600,0.033632395175082624,0.047580871944407126,1.0,1.0,0.21108868502328804,1.0,1.0,0.2784637924610564,1.0,1.0,0.4185810226446719,1.0,0.2660085340311443,1.0,0.28774399915524645
B_noisy_survey,10444,600,0.035920853514342994,0.03561326594651615,0.0,0.0,0.1848868813682015,1.0,1.0,0.246681763408523,1.0,1.0,0.47409476242211845,0.0,0.23091997047544172,1.0,0.3285504529411173
B_noisy_survey,10445,600,0.032850421198508103,0.042762680585830784,1.0,1.0,0.21815645290150898,1.0,1.0,0.30769059594972437,1.0,1.0,0.46050836284874475,1.0,0.1987701303168033,1.0,0.29347462847078
B_noisy_survey,10446,600,0.035664632301272155,0.038907811078298195,1.0,1.0,0.18001705053090555,1.0,1.0,0.28978670454247657,1.0,1.0,0.4213216600482406,0.0,0.21412980505090315,1.0,0.2591083727636557
B_noisy_survey,10447,600,0.03317613763277882,0.029520257799887338,0.0,0.0,0.12639630120816497,1.0,1.0,0.2564364861558762,1.0,1.0,0.3768460293371188,0.0,0.17637516048109325,1.0,0.26952425501895516
B_noisy_survey,10448,600,0.03304795980194839,0.04135531398422107,1.0,0.0,0.16230869427272054,1.0,1.0,0.2902025766559409,1.0,1.0,0.42021802415067466,1.0,0.19299521349569299,1.0,0.2298869796917235
B_noisy_survey,10449,600,0.0325237409016943,0.040178328667274985,0.0,1.0,0.19080181188291032,1.0,1.0,0.25125710445350335,1.0,1.0,0.3972332730927152,0.0,0.18929325491745225,1.0,0.2701558898389842
B_noisy_survey,10450,600,0.03450823137316882,0.04460457649620012,1.0,1.0,0.2138266231846549,1.0,1.0,0.29341273267710016,1.0,1.0,0.49353129424361775,1.0,0.21796261487752072,1.0,0.2878438328265884
B_noisy_survey,10451,600,0.03315734409505988,0.04955969469380418,1.0,0.0,0.19313760522417145,1.0,1.0,0.28009032634056313,1.0,1.0,0.4568377815819845,1.0,0.2229193309981378,1.0,0.26188705676570617
B_noisy_survey,10452,600,0.033141163188706614,0.03707094828009471,0.0,0.0,0.1611984444016635,1.0,1.0,0.25804762798842995,1.0,1.0,0.4174734144200093,1.0,0.21038695775322774,1.0,0.2307699540305208
B_noisy_survey,10453,600,0.03521141528705385,0.042317905192519656,1.0,1.0,0.23517620054998162,1.0,1.0,0.3063037757477255,1.0,1.0,0.5247934053620037,1.0,0.2135637370788829,1.0,0.2394569496131708
B_noisy_survey,10454,600,0.0367450032541261,0.04540238534554249,1.0,1.0,0.23178562344474124,1.0,1.0,0.3343250559647246,1.0,1.0,0.48526258496509456,1.0,0.24072903276819763,1.0,0.280599600522799
B_noisy_survey,10455,600,0.03279464404071412,0.04333509060868849,1.0,0.0,0.19184364495807438,1.0,1.0,0.29958024893797947,1.0,1.0,0.49788364065465035,1.0,0.2257498790198071,1.0,0.38452767472728727
B_noisy_survey,10456,600,0.036002080238278736,0.0419772061346802,1.0,0.0,0.1868059839441119,1.0,1.0,0.2899595276443819,1.0,1.0,0.4979321850563384,1.0,0.1982462613669857,1.0,0.2231806444252161
B_noisy_survey,10457,600,0.03387338363875009,0.039126389526261976,1.0,0.0,0.190181800275556,1.0,1.0,0.3110920474140172,1.0,1.0,0.5055674305892894,1.0,0.17299566347605347,1.0,0.21627981618070705
B_noisy_survey,10458,600,0.03497948508489864,0.04343395918549448,1.0,0.0,0.1669961613631024,1.0,1.0,0.2987047686283065,1.0,1.0,0.4183110796711739,1.0,0.20679652053412437,0.0,0.2263257997767278
B_noisy_survey,10459,600,0.035239292543323315,0.041696883136746694,1.0,1.0,0.20064075029535622,1.0,1.0,0.23636560915064103,1.0,1.0,0.38994920125433,1.0,0.177912310554516,1.0,0.22495629723384064
B_noisy_survey,10460,600,0.037019121473879105,0.0447155570537435,1.0,0.0,0.18700413350550021,1.0,1.0,0.35921220152233746,1.0,1.0,0.46317084517602447,1.0,0.2726680163166823,1.0,0.3049196436458451
B_noisy_survey,10461,600,0.03265435937835575,0.0382386036483636,1.0,0.0,0.15624730145269777,1.0,1.0,0.2805719845675669,1.0,1.0,0.4289572018844382,1.0,0.23488187538291044,1.0,0.301919417536923
B_noisy_survey,10462,600,0.03530172573559705,0.04200533944848177,1.0,0.0,0.18856521016928035,1.0,1.0,0.24079756316696938,1.0,1.0,0.39616702064032283,1.0,0.18836219910397572,1.0,0.2404365579896992
B_noisy_survey,10463,600,0.03385976073751197,0.03933443683075811,1.0,1.0,0.21322756891687175,1.0,1.0,0.317289079704752,1.0,1.0,0.46028997816517575,1.0,0.22678545624206697,1.0,0.2594621119784483
B_noisy_survey,10464,600,0.031198914323086344,0.04473140024048178,1.0,1.0,0.18383816349674523,1.0,1.0,0.2977599212669589,1.0,1.0,0.42284189433827624,1.0,0.23839593059393688,1.0,0.25974112213509276
B_noisy_survey,10465,600,0.034981483260012734,0.0388764904556249,1.0,1.0,0.18638943385906825,1.0,1.0,0.21221038878413276,1.0,1.0,0.3865120450984215,1.0,0.11712737173217036,1.0,0.23988062043427633
B_noisy_survey,10466,600,0.03288541977915162,0.0377324391471436,0.0,0.0,0.17762756106725178,1.0,0.0,0.23698820002812565,1.0,1.0,0.42295631099259995,1.0,0.21078012293389117,0.0,0.25196173844864533
B_noisy_survey,10467,600,0.0327317941812778,0.047191762611434866,1.0,0.0,0.2180961759903841,1.0,1.0,0.28232792777475996,1.0,1.0,0.4053983572711128,1.0,0.24273673573332633,1.0,0.40404260016974
B_noisy_survey,10468,600,0.03308407150163983,0.03951474526087908,1.0,1.0,0.19343711089721716,1.0,1.0,0.2796334272673328,1.0,1.0,0.4184813881430608,1.0,0.20003051886594064,1.0,0.2296586841372291
B_noisy_survey,10469,600,0.03062712375541136,0.04312595372337107,0.0,0.0,0.18792625850511666,0.0,1.0,0.2843444992293241,1.0,1.0,0.42153695363007626,0.0,0.23865539474530162,1.0,0.2797639323559359
B_noisy_survey,10470,600,0.035050451366350405,0.037936135636114844,1.0,0.0,0.17242352059159788,1.0,1.0,0.2839929950690695,1.0,1.0,0.43337070864805505,1.0,0.22993447900778205,1.0,0.31848602369684287
B_noisy_survey,10471,600,0.03393445616616349,0.04041389304147964,1.0,1.0,0.19495972253398045,1.0,1.0,0.29155639630609953,1.0,1.0,0.4777109372241556,1.0,0.2310911894167421,1.0,0.3083545176282271
B_noisy_survey,10472,600,0.03596570764880023,0.04248364828905267,1.0,1.0,0.2017825082219542,1.0,1.0,0.28379234843744106,1.0,1.0,0.4471381612779261,1.0,0.1883105718333583,1.0,0.26310596976390727
B_noisy_survey,10473,600,0.03389832444370741,0.04218339120414759,1.0,1.0,0.17015034472690024,1.0,1.0,0.25284307870165523,1.0,1.0,0.37480945170076924,1.0,0.1839475241764728,1.0,0.23151561508416646
B_noisy_survey,10474,600,0.033502835942234424,0.039825028689624446,1.0,1.0,0.17924908462205844,1.0,1.0,0.28938086016923303,1.0,1.0,0.4641551107304801,1.0,0.2302200508797375,1.0,0.25601487492734665
B_noisy_survey,10475,600,0.03290865058396717,0.049832089203731736,1.0,1.0,0.2100218547025002,1.0,1.0,0.2512547860880997,1.0,1.0,0.48798072997744313,1.0,0.27036148933244886,1.0,0.35097145419066433
B_noisy_survey,10476,600,0.03452301117141128,0.048644225852074355,1.0,1.0,0.21296116396071726,1.0,1.0,0.31083466555944284,1.0,1.0,0.4723255839816517,1.0,0.22967397106411774,1.0,0.2783996720113242
B_noisy_survey,10477,600,0.03219729524692755,0.044708911351481695,1.0,1.0,0.20260608222229495,1.0,1.0,0.2958781403615144,1.0,1.0,0.46023682027062984,1.0,0.23394766913401127,1.0,0.2707852250811844
B_noisy_survey,10478,600,0.03378858392922717,0.0404612114858861,1.0,1.0,0.21199179945280427,1.0,1.0,0.24486274768913097,1.0,1.0,0.43687330105131156,1.0,0.18628940328190124,1.0,0.26107284996621105
B_noisy_survey,10479,600,0.033891707621307686,0.03901623174402347,1.0,1.0,0.17827415512243727,1.0,1.0,0.2937178716849694,1.0,1.0,0.42798329016521935,1.0,0.20869241553346965,1.0,0.25704561861125086
B_noisy_survey,10480,600,0.03397715619857041,0.04492918550247779,1.0,1.0,0.2233610132402771,1.0,1.0,0.2345658219261489,1.0,1.0,0.45259276769897117,1.0,0.19538171876638566,1.0,0.21849142181536055
B_noisy_survey,10481,600,0.033382999294620325,0.03956651034302898,1.0,1.0,0.1866746163435393,1.0,1.0,0.30995526298757203,1.0,1.0,0.500408267287184,1.0,0.20510585676024626,1.0,0.2657358122646654
B_noisy_survey,10482,600,0.03538252469297297,0.05133581324103472,1.0,1.0,0.21784529432843608,1.0,1.0,0.34339786057488064,1.0,1.0,0.4652386271179386,1.0,0.21329207601121647,1.0,0.23833133848185367
B_noisy_survey,10483,600,0.03405596007028359,0.04514498399135524,1.0,1.0,0.19782818845415334,1.0,1.0,0.3283504128335029,1.0,1.0,0.5237082805290585,1.0,0.25960524654368844,1.0,0.30046816569553736
B_noisy_survey,10484,600,0.032904426719873654,0.040806877046694695,1.0,1.0,0.20040648065892103,1.0,1.0,0.27569650220186875,1.0,1.0,0.42379089850737656,1.0,0.2174283319641459,1.0,0.25703801292875894
B_noisy_survey,10485,600,0.029590560125077686,0.04324808214829991,0.0,0.0,0.19100252569989146,1.0,0.0,0.28358522223505966,1.0,1.0,0.4284626366834815,0.0,0.22295873094658236,0.0,0.24920831153124162
B_noisy_survey,10486,600,0.03378851678056853,0.04544940558353417,1.0,1.0,0.19068261568646763,1.0,1.0,0.24977610067633577,1.0,1.0,0.4578049435489661,1.0,0.19230528635145544,1.0,0.23542256480275708
B_noisy_survey,10487,600,0.030284525611268293,0.0411255100036146,1.0,0.0,0.17366840616484228,1.0,1.0,0.2532106709294807,1.0,1.0,0.3580008741279616,1.0,0.20444382261893548,1.0,0.26383843253843925
B_noisy_survey,10488,600,0.035399600359998284,0.04393011862027944,1.0,1.0,0.2219491001075753,1.0,1.0,0.2504662195966337,1.0,1.0,0.4583640289981742,1.0,0.19495560951809843,1.0,0.27200382602054896
B_noisy_survey,10489,600,0.03246945091804459,0.04043805132686052,1.0,1.0,0.18432331925407297,1.0,1.0,0.2503319526613307,1.0,1.0,0.416105329171416,1.0,0.2173499683868557,1.0,0.2390959021799859
B_noisy_survey,10490,600,0.03340851545414839,0.045855653555989244,1.0,0.0,0.18910614735998618,1.0,1.0,0.3187141055722561,1.0,1.0,0.47327247798991545,1.0,0.21325268336209743,1.0,0.2721236921279898
B_noisy_survey,10491,600,0.03248284385338866,0.045140499598338615,1.0,1.0,0.19577128720171158,1.0,1.0,0.2669431043616612,1.0,1.0,0.45243136560832625,1.0,0.25148224925664964,1.0,0.34008221883193207
B_noisy_survey,10492,600,0.0332333294146432,0.044549458117421156,1.0,1.0,0.21700841808241117,1.0,1.0,0.2512880777455978,1.0,1.0,0.4268625768381454,1.0,0.1630074954902211,1.0,0.23887735976502142
B_noisy_survey,10493,600,0.0347102679388467,0.04065453651653257,1.0,1.0,0.19376291118852057,1.0,1.0,0.2672802412940817,1.0,1.0,0.45220732583576695,1.0,0.18294458632251706,1.0,0.2991069461195219
B_noisy_survey,10494,600,0.03391311292825164,0.04099920269342227,1.0,1.0,0.18554322788433256,1.0,1.0,0.2591529116741501,1.0,1.0,0.48224119926375975,1.0,0.19979202668503154,1.0,0.2633328953890978
B_noisy_survey,10495,600,0.032773365792562355,0.035110089900818195,0.0,0.0,0.1634801879465033,1.0,1.0,0.3180737433335739,1.0,1.0,0.5037906517708872,0.0,0.20027392796109938,0.0,0.22600406087180688
B_noisy_survey,10496,600,0.03297660834538634,0.03847561877086163,1.0,1.0,0.15304904562078686,1.0,1.0,0.2740654033932199,1.0,1.0,0.46481712653212676,1.0,0.19710629978527167,1.0,0.22727362445960703
B_noisy_survey,10497,600,0.035055096606627485,0.03807360957909426,1.0,0.0,0.18546111785058597,1.0,1.0,0.23166078298485654,1.0,1.0,0.3895352571127869,1.0,0.16765839492238716,1.0,0.24293749985152707
B_noisy_survey,10498,600,0.03380199744911387,0.04117161788311504,1.0,1.0,0.18730249685797945,1.0,1.0,0.2706272841209249,1.0,1.0,0.4628512502796996,1.0,0.20786320561403365,1.0,0.28053687703554414
B_noisy_survey,10499,600,0.03232754851780098,0.038184086388360086,0.0,0.0,0.17286635574326056,1.0,0.0,0.2473102331268974,1.0,1.0,0.4587131894012261,1.0,0.18640614606563413,0.0,0.2576874690999646
C_heterogeneous,20000,2500,0.02091303370183143,0.04401020813650139,1.0,1.0,0.2134049361233481,1.0,1.0,0.24465783594248855,1.0,1.0,0.34486162514513474,1.0,0.1910631817081836,1.0,0.19552694023509887
C_heterogeneous,20001,2500,0.02132078540523438,0.03804176246053028,1.0,1.0,0.15101565887007867,1.0,1.0,0.2308874080885137,1.0,1.0,0.3339863819660856,1.0,0.17886927580878803,1.0,0.18428926732091191
C_heterogeneous,20002,1500,0.019161528065495415,0.04644496636086218,1.0,1.0,0.18412073879641633,1.0,1.0,0.25967398503862404,1.0,1.0,0.36066523631846203,1.0,0.199283491259362,1.0,0.2112171021336009
C_heterogeneous,20003,1500,0.018085595341560134,0.04012429366881867,1.0,1.0,0.18500381412663724,1.0,1.0,0.2235192404293172,1.0,1.0,0.31836688920220346,1.0,0.16421210185012827,1.0,0.17257952032632326
C_heterogeneous,20004,600,0.018872170795007463,0.04361509322724501,1.0,0.0,0.18843640375599552,1.0,1.0,0.24100152136841074,1.0,1.0,0.34052163978893096,1.0,0.19468374403422242,0.0,0.21379285159851097
C_heterogeneous,20005,600,0.02088315227846644,0.04311990727842632,1.0,1.0,0.21942412188256039,1.0,1.0,0.2252058816198624,1.0,1.0,0.38588777906958294,1.0,0.20901907215950005,1.0,0.27195024717801464
C_heterogeneous,20006,1500,0.021561251183452326,0.045975380842953426,1.0,1.0,0.2075876027418722,1.0,1.0,0.3036837182874852,1.0,1.0,0.4138895094160949,1.0,0.20592339722013775,1.0,0.21836086981221361
C_heterogeneous,20007,1500,0.023015595805684953,0.055259491696608765,1.0,1.0,0.29520947396584063,1.0,1.0,0.37358082486898164,1.0,1.0,0.45068336285249017,1.0,0.35806045311117185,1.0,0.3677986556592489
C_heterogeneous,20008,600,0.021222423577552878,0.03593244975011363,0.0,1.0,0.17376429644097638,1.0,1.0,0.2763308524295837,1.0,1.0,0.43831672321355375,1.0,0.20416241399123955,1.0,0.25242308477031933
C_heterogeneous,20009,600,0.019237488843871546,0.04500680628901705,1.0,1.0,0.22916518382151008,1.0,1.0,0.2717152051680859,1.0,1.0,0.39895181903359445,1.0,0.24316226085658368,1.0,0.35008561602962374
C_heterogeneous,20010,2500,0.017988193575817206,0.047274960760870226,1.0,1.0,0.23727818228342565,1.0,1.0,0.27829826935355745,1.0,1.0,0.38825635003695214,1.0,0.240723649351885,1.0,0.24397498098992282
C_heterogeneous,20011,600,0.019113015871512568,0.03915942901542279,1.0,1.0,0.17922122533401802,1.0,1.0,0.2211347701713367,1.0,1.0,0.34078284524629715,1.0,0.18439961891678486,1.0,0.24501325664566292
C_heterogeneous,20012,1500,0.01786240352522841,0.04606177853974897,1.0,1.0,0.17451397762243978,1.0,1.0,0.2415589679845532,1.0,1.0,0.3490993612484837,1.0,0.21524692105959028,1.0,0.22601412159784234
C_heterogeneous,20013,2500,0.019623726120806966,0.04455087759299759,1.0,1.0,0.18145608903390584,1.0,1.0,0.30166581414883525,1.0,1.0,0.4319040956735677,1.0,0.27086157600502725,1.0,0.27530922841066463
C_heterogeneous,20014,1500,0.023252567687499365,0.03488271032447142,1.0,0.0,0.1617529356095549,1.0,1.0,0.25384727036824406,1.0,1.0,0.42904547085804057,1.0,0.189433379035077,0.0,0.19770456042370416
C_heterogeneous,20015,600,0.017003731779516116,0.05021817879130689,1.0,1.0,0.24518426214933964,1.0,1.0,0.30614573139824847,1.0,1.0,0.42870748188496266,1.0,0.2557200024416862,1.0,0.39425896438753916
C_heterogeneous,20016,600,0.01972425704800262,0.04145415015832366,1.0,1.0,0.18090742312733313,1.0,1.0,0.2469052466884923,1.0,1.0,0.3326247380249071,1.0,0.20787115850223592,1.0,0.2268907299140205
C_heterogeneous,20017,600,0.020369218855715802,0.040313158020352804,1.0,1.0,0.18964691418135357,1.0,1.0,0.24277052022846185,1.0,1.0,0.4392445087627153,1.0,0.17303966166665846,1.0,0.22365569792773243
C_heterogeneous,20018,2500,0.014854226209804245,0.04641617834148441,1.0,1.0,0.2082758448878038,1.0,1.0,0.23699404554078138,1.0,1.0,0.30096697455832505,1.0,0.19928171721997162,1.0,0.20251876824023807
C_heterogeneous,20019,600,0.02088923702400374,0.04764526527927384,1.0,1.0,0.19545165779884693,1.0,1.0,0.27181699927948627,1.0,1.0,0.40161477763775155,1.0,0.21667212444874848,1.0,0.2388390461218049
C_heterogeneous,20020,2500,0.020976448213666576,0.040639765239050774,1.0,1.0,0.18374362369038305,1.0,1.0,0.249178790601567,1.0,1.0,0.45106668223920476,1.0,0.17863248375338517,1.0,0.1824673954690857
C_heterogeneous,20021,2500,0.025511617756967246,0.03977655703142259,1.0,1.0,0.16615630919081226,1.0,1.0,0.22982908978105393,1.0,1.0,0.43455165788071837,1.0,0.1584708666817915,1.0,0.1672605894114999
C_heterogeneous,20022,1500,0.01717728585808788,0.04377259968131002,1.0,0.0,0.20661009255145918,1.0,0.0,0.23559400342434814,1.0,1.0,0.3443800005266627,1.0,0.2024905504358639,0.0,0.21281260209501252
C_heterogeneous,20023,1500,0.019745552883762348,0.04612859552676341,1.0,1.0,0.23131258597404242,1.0,1.0,0.25184657472934424,1.0,1.0,0.3733730063772647,1.0,0.23694207219423835,1.0,0.24363340474978729
C_heterogeneous,20024,600,0.01605334941788076,0.0437133023930058,1.0,1.0,0.20905870810064506,1.0,1.0,0.2365120329751756,1.0,1.0,0.3976370923400049,1.0,0.21125078772646938,1.0,0.3079920869870579
C_heterogeneous,20025,600,0.020594013553124697,0.033430657985839184,1.0,0.0,0.14902796197813634,1.0,1.0,0.20409791810410613,1.0,1.0,0.3409283020208175,1.0,0.17425676844935423,1.0,0.22001269087859346
C_heterogeneous,20026,1500,0.02147207423632096,0.03679828827324086,1.0,1.0,0.15863334786395683,1.0,1.0,0.27611354471829935,1.0,1.0,0.47491344650008643,1.0,0.17316272697758164,1.0,0.18732476335392267
C_heterogeneous,20027,1500,0.018341738586880003,0.03899649360991532,1.0,0.0,0.17557238446048234,1.0,1.0,0.25767490969937656,1.0,1.0,0.3451128372489002,1.0,0.19377008107445015,1.0,0.20671551130875163
C_heterogeneous,20028,600,0.01682804392348308,0.04799708205293808,1.0,1.0,0.19798063603306082,1.0,1.0,0.2172972941554503,1.0,1.0,0.29850342364331794,1.0,0.20176596141594388,1.0,0.24031521891970584
C_heterogeneous,20029,2500,0.017603960093692625,0.04162001614894492,1.0,1.0,0.1733914200527646,1.0,1.0,0.24271257725064732,1.0,1.0,0.34636990617391905,1.0,0.19922423263508576,1.0,0.20372677713553616
C_heterogeneous,20030,1500,0.018049943537822563,0.04276391255449863,0.0,0.0,0.18353854060721062,0.0,0.0,0.23560867990856824,1.0,0.0,0.36917428646396255,0.0,0.19005863201679982,0.0,0.20144332666709602
C_heterogeneous,20031,1500,0.022516039876513957,0.040712351585673365,1.0,1.0,0.21007237447206967,1.0,1.0,0.2350084127241674,1.0,1.0,0.469132302607397,1.0,0.17459131531073352,1.0,0.18287272410443248
C_heterogeneous,20032,600,0.02297717644215539,0.04043696453853861,1.0,0.0,0.1874060153490234,1.0,1.0,0.2134485227034666,1.0,1.0,0.4032160210022432,1.0,0.17991001043564903,1.0,0.23838516772612556
C_heterogeneous,20033,2500,0.01991749266690959,0.038353666344884706,0.0,0.0,0.20362833916039808,1.0,1.0,0.2387093551598592,1.0,1.0,0.35217353583481203,0.0,0.18018273211128952,0.0,0.18535758495415564
C_heterogeneous,20034,1500,0.018976714432501835,0.0392028029782909,0.0,0.0,0.1816410857310379,0.0,0.0,0.21583093304389084,1.0,1.0,0.3088761978756561,0.0,0.16928794702444547,0.0,0.1785609914573066
C_heterogeneous,20035,2500,0.018052415700514225,0.051051000402939126,1.0,1.0,0.2231072698576276,0.0,1.0,0.19869951402114652,1.0,1.0,0.34383040007123,0.0,0.18905009007210866,1.0,0.19305773243720833
C_heterogeneous,20036,2500,0.01822552764310919,0.038071879437929494,1.0,1.0,0.21952231873601374,1.0,1.0,0.2678249186777653,1.0,1.0,0.32236481798256406,1.0,0.22512518275381826,1.0,0.23338860817669804
C_heterogeneous,20037,1500,0.025969415804591528,0.037447421261452486,1.0,1.0,0.14676199069027263,1.0,1.0,0.2526738743500947,1.0,1.0,0.5785629274070326,1.0,0.1660405268026664,1.0,0.17930078255117735
C_heterogeneous,20038,2500,0.01740596307580038,0.046549589797285754,1.0,1.0,0.20374499328781984,1.0,1.0,0.1999299697679649,1.0,1.0,0.3751729214396353,1.0,0.1912434656900664,1.0,0.19452373847369966
C_heterogeneous,20039,2500,0.021541911972727718,0.04871173053180405,1.0,1.0,0.22252517717545447,1.0,1.0,0.25684504119426127,1.0,1.0,0.42709203646996396,1.0,0.18961132556881793,1.0,0.1927224778356933
C_heterogeneous,20040,600,0.022533072634726432,0.04385126109802525,1.0,1.0,0.1930701791486397,1.0,1.0,0.23712293897006168,1.0,1.0,0.4050200538238221,1.0,0.1891377623434374,1.0,0.23210582797761514
C_heterogeneous,20041,1500,0.02083731447757029,0.045263657302534566,1.0,1.0,0.183977814611667,1.0,1.0,0.2405307357162628,1.0,1.0,0.3719292265805123,1.0,0.21206975274073417,1.0,0.22284861432306569
C_heterogeneous,20042,2500,0.01789110800171955,0.03765176488828416,1.0,1.0,0.16297792361292657,1.0,1.0,0.15073573391070344,1.0,1.0,0.2309030435963772,1.0,0.13324425283474134,1.0,0.13929857416984878
C_heterogeneous,20043,600,0.022305404318120902,0.036446504623633,1.0,1.0,0.1470906010709138,1.0,1.0,0.2251924316616849,1.0,1.0,0.3587551663862877,1.0,0.17304466596163598,1.0,0.272576499207769
C_heterogeneous,20044,600,0.019954459734305808,0.0351856461813256,1.0,1.0,0.15711068787278146,1.0,1.0,0.23718072864258408,1.0,1.0,0.3834655573409064,1.0,0.16791028789583323,1.0,0.20344258455858108
C_heterogeneous,20045,2500,0.01714136773071714,0.04412311599800901,1.0,1.0,0.229257236274945,1.0,1.0,0.24825656819241265,1.0,1.0,0.36521614033947014,1.0,0.21933518181254746,1.0,0.2250426866762103
C_heterogeneous,20046,1500,0.016864924770367287,0.04235055017402077,1.0,1.0,0.17757852614020805,1.0,1.0,0.22038890166457636,1.0,1.0,0.32405000068363743,1.0,0.19437429836969478,1.0,0.20856430694782394
C_heterogeneous,20047,600,0.017322082942456938,0.04057739545138471,1.0,1.0,0.1846874072936404,1.0,1.0,0.26343211758109586,1.0,1.0,0.3807592828706884,1.0,0.18429402309736756,1.0,0.2678772804463427
C_heterogeneous,20048,600,0.01902210125610609,0.041380094827351124,1.0,0.0,0.22934234313916452,1.0,0.0,0.27422996506305447,1.0,1.0,0.402700671194746,1.0,0.24088095295077924,1.0,0.36822587741979895
C_heterogeneous,20049,2500,0.021641293376642945,0.043754537809932395,1.0,1.0,0.18615285021666225,1.0,1.0,0.2132534263576833,1.0,1.0,0.38407184928832516,1.0,0.17742564210590106,1.0,0.18094809153441924
C_heterogeneous,20050,600,0.020518399784195212,0.04435922185034684,1.0,1.0,0.18385990414702863,1.0,1.0,0.24587582033844696,1.0,1.0,0.47687253778813093,1.0,0.18703514403780136,1.0,0.24763848652951284
C_heterogeneous,20051,600,0.019150766525252504,0.03271159403043859,1.0,0.0,0.14865986772096465,1.0,1.0,0.2613974977170222,1.0,1.0,0.4630614078507186,1.0,0.2068800380011968,1.0,0.27428974258870614
C_heterogeneous,20052,2500,0.021048319867683102,0.04533648353606415,1.0,1.0,0.20667853510711262,1.0,1.0,0.24205214949971823,1.0,1.0,0.3859315964404931,1.0,0.21360344364001974,1.0,0.21723920421428655
C_heterogeneous,20053,600,0.023255232716098213,0.03946352528978485,0.0,0.0,0.18679853422392984,1.0,0.0,0.22500516773147608,1.0,1.0,0.3908762402027683,0.0,0.1876853971985214,0.0,0.22638726882443602
C_heterogeneous,20054,2500,0.019753782992123405,0.04517721762980851,1.0,1.0,0.2333081942629646,1.0,1.0,0.23504782699229737,1.0,1.0,0.37977474326170163,1.0,0.16765242871665878,1.0,0.17093777851657713
C_heterogeneous,20055,2500,0.019936668234041423,0.0404669946714552,1.0,1.0,0.17484997859167412,1.0,1.0,0.2522699413566623,1.0,1.0,0.4642540310991457,1.0,0.16175453990664393,1.0,0.1648010620856723
C_heterogeneous,20056,600,0.018193305359995155,0.03967680518421106,0.0,1.0,0.18791137779967387,1.0,1.0,0.21424169588805383,1.0,1.0,0.370092662972607,0.0,0.1784532773461235,1.0,0.22006616740468057
C_heterogeneous,20057,2500,0.019662226854430587,0.035357219389551345,1.0,1.0,0.14948359143830778,1.0,1.0,0.21030138537670756,1.0,1.0,0.34959810259435,1.0,0.17080538869963516,1.0,0.17689749518605016
C_heterogeneous,20058,1500,0.02083583141357881,0.03917420962470949,1.0,1.0,0.1689457346520324,1.0,1.0,0.2302422508931107,1.0,1.0,0.4720710907196287,1.0,0.16696126641400152,1.0,0.18353158951239928
C_heterogeneous,20059,600,0.017841420075563937,0.04074985958200177,1.0,0.0,0.20038515788519443,1.0,1.0,0.23574699371521976,1.0,1.0,0.41182616777597847,1.0,0.21660312735883336,1.0,0.30108484570091826
C_heterogeneous,20060,600,0.020614893247453515,0.048511287281206086,1.0,1.0,0.25445067300088275,1.0,1.0,0.27636746698767367,1.0,1.0,0.3745211213644379,1.0,0.22250080999067828,1.0,0.31191243282396297
C_heterogeneous,20061,1500,0.022218943757115882,0.03957078843877436,1.0,1.0,0.19301364293314816,1.0,1.0,0.24102145329535613,1.0,1.0,0.3904365128280235,1.0,0.20424973394945267,1.0,0.22066939130299268
C_heterogeneous,20062,2500,0.02189113081688506,0.03785594622290073,0.0,0.0,0.17002330950181915,0.0,0.0,0.19998531120443547,1.0,1.0,0.3609085589836757,0.0,0.1595821041603291,0.0,0.16774312364203853
C_heterogeneous,20063,1500,0.020318365701662587,0.04363616438749457,0.0,1.0,0.19916532389081962,1.0,1.0,0.2636959391025203,1.0,1.0,0.36830493643173506,1.0,0.19873081930175446,1.0,0.20664436018482935
C_heterogeneous,20064,1500,0.01769082852292924,0.03640625976003718,1.0,1.0,0.17528757603997008,1.0,1.0,0.21039363366527333,1.0,1.0,0.34506532979137083,1.0,0.18061831327227673,1.0,0.19293975659244628
C_heterogeneous,20065,1500,0.02072790306387619,0.04337401380513731,0.0,0.0,0.19796607223791418,1.0,0.0,0.31065467637694993,1.0,1.0,0.4501554202473955,0.0,0.23321221985452567,0.0,0.240317655771943
C_heterogeneous,20066,600,0.02196255070060674,0.039922153772531645,1.0,1.0,0.16846389843159004,1.0,1.0,0.3113067355990889,1.0,1.0,0.474462716925341,1.0,0.21135332580362318,1.0,0.26181107800925957
C_heterogeneous,20067,2500,0.020330791786226703,0.03675507038116005,1.0,1.0,0.15950532054498728,1.0,1.0,0.25215014026383664,1.0,1.0,0.4044542068746706,1.0,0.18397900354310676,1.0,0.18873232325053185
C_heterogeneous,20068,2500,0.019546998452361675,0.038633191008817645,1.0,1.0,0.17344702125533484,1.0,1.0,0.2734609303175192,1.0,1.0,0.4350501399305351,1.0,0.1868728640566552,1.0,0.18973021740421736
C_heterogeneous,20069,2500,0.019191184443128846,0.04285494077280044,1.0,1.0,0.1745874281949565,1.0,1.0,0.24088711617865535,1.0,1.0,0.3526257080565137,1.0,0.20611999624492244,1.0,0.21102309016648596
C_heterogeneous,20070,600,0.018975496995805984,0.04931728790915212,1.0,0.0,0.2144512152373709,1.0,1.0,0.33474375775191445,1.0,1.0,0.4401235761508099,1.0,0.24548428492185698,1.0,0.3368073298191038
C_heterogeneous,20071,600,0.024339451741312013,0.05711220817960576,1.0,0.0,0.26840520729473405,1.0,0.0,0.2616846123867707,1.0,1.0,0.4216713451595477,1.0,0.22665572001960843,0.0,0.24716874120579918
C_heterogeneous,20072,2500,0.02474938626952781,0.04244125265069651,1.0,0.0,0.17711216250997605,1.0,1.0,0.3065375729983536,1.0,1.0,0.38568807030140545,1.0,0.2056539857938458,1.0,0.20839377103841591
C_heterogeneous,20073,1500,0.017220033178143794,0.042824045520875834,1.0,0.0,0.17646656815432687,1.0,1.0,0.27449014230835317,1.0,1.0,0.3833012284831992,1.0,0.2351401026284316,1.0,0.24446993660880514
C_heterogeneous,20074,600,0.019982878759248725,0.04904482753716951,1.0,0.0,0.22194425725560912,1.0,0.0,0.2973500417815241,1.0,1.0,0.4261157662358942,1.0,0.24532054192999472,1.0,0.31363240259091585
C_heterogeneous,20075,1500,0.018764978014309902,0.04489623839208323,1.0,1.0,0.18473173725649614,1.0,1.0,0.23421315334467002,1.0,1.0,0.32726631675021667,1.0,0.22020101825715602,1.0,0.23221462978059754
C_heterogeneous,20076,600,0.018573304965822608,0.046018804116791816,1.0,1.0,0.2136665124418328,1.0,1.0,0.2696182764814227,1.0,1.0,0.38613029927784975,1.0,0.23362190362639926,1.0,0.2624170670605625
C_heterogeneous,20077,1500,0.019736348736237565,0.03568721047622054,1.0,0.0,0.17974727463358833,1.0,1.0,0.20576387706743135,1.0,1.0,0.35532274712983003,1.0,0.17935349522386188,1.0,0.1937250484167331
C_heterogeneous,20078,1500,0.02047779120455406,0.0449355745533528,1.0,1.0,0.2334598957526909,1.0,1.0,0.29016461841581853,1.0,1.0,0.49836169076277326,1.0,0.24089327224088616,1.0,0.2553006272816526
C_heterogeneous,20079,600,0.02036434285481523,0.04004227127700073,1.0,0.0,0.17551382423032336,1.0,0.0,0.23589631832582816,1.0,1.0,0.34734341498144383,1.0,0.19992827585373898,1.0,0.32909765070019187
C_heterogeneous,20080,600,0.017520867538962776,0.04604253649708198,1.0,1.0,0.19270162523239615,1.0,1.0,0.2408550604987508,1.0,1.0,0.37241427904513125,1.0,0.1984289251275512,1.0,0.3457019210268757
C_heterogeneous,20081,600,0.019979744066775693,0.04394554606398775,1.0,1.0,0.21375152820511883,1.0,1.0,0.2542436394750302,1.0,1.0,0.3428995106214153,1.0,0.18645401898287853,1.0,0.30076764681444484
C_heterogeneous,20082,2500,0.022341030098420016,0.041229651174076926,1.0,1.0,0.19090887765615797,1.0,1.0,0.2322526627971929,1.0,1.0,0.37134645091305873,1.0,0.1918050404029273,1.0,0.19590141333205668
C_heterogeneous,20083,2500,0.016032116577527445,0.040769539196940804,1.0,1.0,0.21297809905887172,1.0,1.0,0.25809391366168655,1.0,1.0,0.3201051363692775,1.0,0.24859524230384186,1.0,0.2529497576661207
C_heterogeneous,20084,1500,0.017281863244243013,0.04000962973860826,1.0,1.0,0.1834215752429273,1.0,1.0,0.1936574781201456,1.0,1.0,0.32267618601340725,1.0,0.18523935509189093,1.0,0.20427030431396598
C_heterogeneous,20085,1500,0.022866622794640676,0.04144118050661379,1.0,1.0,0.20937708817200357,1.0,1.0,0.27316732204097416,1.0,1.0,0.46193501680824645,1.0,0.20463094667046286,1.0,0.22008026652926
C_heterogeneous,20086,1500,0.01885967620836379,0.03934304730409894,1.0,1.0,0.14277155685363357,1.0,1.0,0.2119397362880145,1.0,1.0,0.3422954104108163,1.0,0.19715703723396827,1.0,0.20940292701803948
C_heterogeneous,20087,600,0.02035133051832773,0.04367885661614402,1.0,1.0,0.18486225104682394,1.0,1.0,0.24710528958181407,1.0,1.0,0.3469006483321758,1.0,0.20780152570754148,1.0,0.23566914915031748
C_heterogeneous,20088,1500,0.018479877687804624,0.043976005824085146,1.0,1.0,0.20166060424172247,1.0,1.0,0.2544870242213901,1.0,1.0,0.38239213603970235,1.0,0.20458093261809215,1.0,0.21348044093927276
C_heterogeneous,20089,600,0.01854362786622602,0.039362433338559336,1.0,0.0,0.1894723352457057,1.0,1.0,0.26227059897567795,1.0,1.0,0.43505735396012446,1.0,0.1846303260941708,1.0,0.2605765715660027
C_heterogeneous,20090,2500,0.019610856641647245,0.047466495909586445,1.0,1.0,0.2094952720534371,1.0,1.0,0.30349691264171186,1.0,1.0,0.36245560583770275,1.0,0.22281429167246794,1.0,0.22688372586682504
C_heterogeneous,20091,2500,0.01864471556579079,0.049414642802909595,1.0,1.0,0.21042299599256306,1.0,1.0,0.22820364490996353,1.0,1.0,0.35525974566087354,1.0,0.20342154727514297,1.0,0.20603127755567793
C_heterogeneous,20092,2500,0.02025399408281302,0.04229371971974562,1.0,1.0,0.1966965548823168,1.0,1.0,0.22590767677738985,1.0,1.0,0.3597952319993534,0.0,0.15216084304019353,0.0,0.15752970206302863
C_heterogeneous,20093,600,0.016628897588435054,0.040396599659638335,1.0,0.0,0.1578623507343793,1.0,1.0,0.21401978336023858,1.0,1.0,0.308268373036373,1.0,0.24059139067994986,1.0,0.3325904800653444
C_heterogeneous,20094,600,0.02134106640369295,0.03848009685492428,1.0,0.0,0.16211504940018512,1.0,0.0,0.256986774284068,1.0,0.0,0.4517022930645015,1.0,0.22115105758029485,1.0,0.40607162268766733
C_heterogeneous,20095,600,0.01959852656324866,0.03909392806809692,1.0,1.0,0.16478671986702367,1.0,1.0,0.2416735238844649,1.0,1.0,0.4521245232138685,1.0,0.18711317682750786,1.0,0.20940750026958527
C_heterogeneous,20096,1500,0.02065623704179705,0.037956210991475794,1.0,1.0,0.16506557975408398,1.0,1.0,0.1980585980284916,1.0,1.0,0.36824483403746167,1.0,0.16252820051519207,1.0,0.18255569335860677
C_heterogeneous,20097,600,0.022898009819633473,0.03822060555792173,1.0,1.0,0.16714673156626417,1.0,1.0,0.2880665483192867,1.0,1.0,0.3865711717541636,1.0,0.2072351898352524,1.0,0.24861841218067404
C_heterogeneous,20098,1500,0.018308944071442335,0.049886612042110076,1.0,1.0,0.2192442453199988,1.0,1.0,0.2814951804565632,1.0,1.0,0.36840993566741115,1.0,0.26390888864492884,1.0,0.27605070564299095
C_heterogeneous,20099,600,0.019164053544847875,0.04579208969438924,1.0,1.0,0.22917810830307966,1.0,1.0,0.2887978298450234,1.0,1.0,0.44223631343366315,1.0,0.24654714418669332,1.0,0.29757656674180405
C_heterogeneous,20100,1500,0.02235576202756833,0.03672146239803921,1.0,0.0,0.15144449641363616,1.0,1.0,0.23672057106097616,1.0,1.0,0.3694193021459371,1.0,0.1693625056597054,1.0,0.17745903397859938
C_heterogeneous,20101,600,0.023219372460669824,0.03848055880773033,1.0,0.0,0.1747335190594927,1.0,1.0,0.23231515862864266,1.0,1.0,0.43447956560469836,0.0,0.1889013183604936,1.0,0.2623905959767322
C_heterogeneous,20102,2500,0.02346004702271991,0.0433796879444359,1.0,1.0,0.1834348100010118,1.0,1.0,0.228433995843858,1.0,1.0,0.4322303537824094,1.0,0.23249282969110202,1.0,0.23699434634249467
C_heterogeneous,20103,2500,0.020912229364283,0.04719162019900082,1.0,1.0,0.20482487223361864,1.0,1.0,0.2704135849934465,1.0,1.0,0.39446224386881606,1.0,0.2079119655119725,1.0,0.2108472129363434
C_heterogeneous,20104,2500,0.019769646926325907,0.04271040425359858,1.0,1.0,0.20239119287941829,1.0,1.0,0.22593917558525187,1.0,1.0,0.3757724324232509,1.0,0.21623973058153098,1.0,0.22215171622525923
C_heterogeneous,20105,600,0.01836007473287954,0.04000854650948481,1.0,0.0,0.18990255296989794,1.0,0.0,0.22485620030002176,1.0,1.0,0.3421095948869385,1.0,0.1901797258540785,1.0,0.21638976441898455
C_heterogeneous,20106,600,0.017496492910661184,0.03593447615624662,0.0,1.0,0.1561820788759243,1.0,1.0,0.2155871450200654,1.0,1.0,0.30718950327491135,0.0,0.18244041806243835,1.0,0.24701014154398981
C_heterogeneous,20107,600,0.01885894073816416,0.04182931620010204,1.0,0.0,0.1565596131316326,1.0,1.0,0.23168554714501544,1.0,1.0,0.3842641268441006,1.0,0.19728266030494856,1.0,0.2383891813859605
C_heterogeneous,20108,600,0.018695117046868766,0.04212544198313785,1.0,1.0,0.18616879063668107,1.0,1.0,0.2582260886463922,1.0,1.0,0.4210277176168999,1.0,0.19456865634752504,1.0,0.24106400219354168
C_heterogeneous,20109,600,0.021185965187118936,0.047405247180082065,1.0,0.0,0.2098254432998047,1.0,1.0,0.31324900564899705,1.0,1.0,0.4393161581898867,1.0,0.2206102537227581,1.0,0.2871744540467961
C_heterogeneous,20110,1500,0.020178249711530122,0.04441723434856663,1.0,1.0,0.2411669761678697,1.0,1.0,0.23646952265971385,1.0,1.0,0.3776752671753404,1.0,0.19044414512181815,1.0,0.20476688402127546
C_heterogeneous,20111,1500,0.019970423448324177,0.04927747057871163,1.0,1.0,0.24416232844845503,1.0,1.0,0.24856079878257015,1.0,1.0,0.3957090937382814,1.0,0.19876024743052917,1.0,0.2058025376778702
C_heterogeneous,20112,1500,0.0202989229848688,0.04443880940322711,1.0,1.0,0.19145834653088575,1.0,1.0,0.2194006246338322,1.0,1.0,0.3731848123057023,1.0,0.21086198920514806,1.0,0.22532362827418329
C_heterogeneous,20113,2500,0.01815437417975541,0.04293772767135273,1.0,1.0,0.2244700817091029,1.0,1.0,0.22722921596584386,1.0,1.0,0.3485475934891139,1.0,0.20752906805071766,1.0,0.2136430444061581
C_heterogeneous,20114,1500,0.017392569900079622,0.03868759557480629,1.0,1.0,0.16512263206028255,1.0,1.0,0.18977340828477174,1.0,1.0,0.3405794323574694,1.0,0.1768592399556527,1.0,0.19490461311715812
C_heterogeneous,20115,2500,0.02191599707962571,0.03788739839736852,1.0,1.0,0.1839701281361747,1.0,1.0,0.23349549133463054,1.0,1.0,0.3974563291448999,1.0,0.19214150515817033,1.0,0.1975841974055676
C_heterogeneous,20116,2500,0.022959631613997552,0.0401652359711928,1.0,1.0,0.18075206986111608,1.0,1.0,0.25425738433685396,1.0,1.0,0.38902526803427306,1.0,0.19597922907835835,1.0,0.19882559802105945
C_heterogeneous,20117,1500,0.02419397417979089,0.044213634244855804,1.0,1.0,0.22400463211087537,1.0,1.0,0.25585703245788516,1.0,1.0,0.47926084016266535,1.0,0.23939172882861254,1.0,0.2523862156275242
C_heterogeneous,20118,600,0.016865494676648423,0.043675254431146095,1.0,1.0,0.21003786121488083,1.0,1.0,0.23297511353450656,1.0,1.0,0.3329306051584448,1.0,0.20526419150732217,1.0,0.29171826316058586
C_heterogeneous,20119,2500,0.020459438679479143,0.041570088605366824,1.0,1.0,0.1798842593330253,1.0,1.0,0.2789431023001411,1.0,1.0,0.4069074089503766,1.0,0.21482349576560927,1.0,0.2182559415213352
C_heterogeneous,20120,2500,0.019196197867624994,0.041292090138508535,1.0,1.0,0.17582437153919508,1.0,1.0,0.24142611451100593,1.0,1.0,0.3410080277624032,1.0,0.199232302558855,1.0,0.20316236010195327
C_heterogeneous,20121,1500,0.023392659946568545,0.039546052958103005,1.0,1.0,0.18701694031697375,1.0,1.0,0.34337895059097023,1.0,1.0,0.43335547726216356,1.0,0.234346483415536,1.0,0.24018939437044837
C_heterogeneous,20122,1500,0.019668557992128976,0.041773071704447204,1.0,1.0,0.21322501811775746,1.0,1.0,0.29077302489270956,1.0,1.0,0.38387309422907967,1.0,0.2219211298053398,1.0,0.23425919373978726
C_heterogeneous,20123,2500,0.01987011872853493,0.04197603824115052,1.0,1.0,0.21570939023409386,1.0,1.0,0.2488590819671086,1.0,1.0,0.3573048390663865,1.0,0.23670486565131585,1.0,0.24333992745386626
C_heterogeneous,20124,1500,0.01616349456645517,0.04218497752338041,1.0,1.0,0.18147498222670042,1.0,1.0,0.22413975585036297,1.0,1.0,0.34114767490869996,1.0,0.2035635156552038,1.0,0.21494812657092616
C_heterogeneous,20125,1500,0.02367328519412558,0.03919396201506455,1.0,1.0,0.19401135969010835,1.0,1.0,0.2509157052944322,1.0,1.0,0.4066748898369628,1.0,0.1847910783612968,1.0,0.19981639875064905
C_heterogeneous,20126,2500,0.023056870127893155,0.04267609228189293,1.0,1.0,0.18708192423431597,1.0,1.0,0.3129746957737459,1.0,1.0,0.44912785033396496,1.0,0.20913302486481616,1.0,0.21179518621449755
C_heterogeneous,20127,2500,0.017887689468163836,0.04063711444239953,1.0,1.0,0.18614268554582117,1.0,1.0,0.24155660696410125,1.0,1.0,0.34252969833566616,1.0,0.18478967721342254,1.0,0.18819488781665303
C_heterogeneous,20128,2500,0.019522379783165962,0.04257647078883507,1.0,1.0,0.20053695186910767,1.0,1.0,0.21492480064919023,1.0,1.0,0.3757602050043155,1.0,0.20301183409743753,1.0,0.20790817182217727
C_heterogeneous,20129,600,0.019261681165257366,0.03567452549596105,1.0,1.0,0.19839932553208947,1.0,1.0,0.28976013679179996,1.0,1.0,0.39761807700695206,1.0,0.2227977261441656,1.0,0.34122623052780254
C_heterogeneous,20130,600,0.02005619698235013,0.039631957613277105,1.0,1.0,0.19795750771145343,1.0,1.0,0.22237250598596106,1.0,1.0,0.34101227737666095,1.0,0.20209170762927692,1.0,0.2931343524296697
C_heterogeneous,20131,2500,0.02261018867085932,0.04305961490318188,1.0,1.0,0.2194554743993641,1.0,1.0,0.2786847841119879,1.0,1.0,0.44696661819983463,0.0,0.2184590650749751,1.0,0.22274491516394387
C_heterogeneous,20132,2500,0.01861353913756392,0.03308855421584837,1.0,1.0,0.15620144957915755,1.0,1.0,0.20764452983211545,1.0,1.0,0.30424133228826405,1.0,0.1641363365880548,1.0,0.17096611119825952
C_heterogeneous,20133,1500,0.017839454593471606,0.03668017076566192,0.0,0.0,0.16672109618488903,0.0,0.0,0.1902194585316099,1.0,1.0,0.2936649537601229,0.0,0.1699445623000963,0.0,0.1899834407283585
C_heterogeneous,20134,600,0.01894559633958559,0.03710299482705236,1.0,0.0,0.15743317614938795,1.0,0.0,0.21138638347216016,1.0,1.0,0.3698802204532664,1.0,0.20755697646642393,0.0,0.2507327748363543
C_heterogeneous,20135,2500,0.021629871267384398,0.04261585184556348,1.0,1.0,0.18745445401962402,1.0,1.0,0.2748150115692726,1.0,1.0,0.36167657509300966,1.0,0.23145327960522474,1.0,0.23598043510421865
C_heterogeneous,20136,600,0.019594308577763984,0.04975821059188111,1.0,1.0,0.22006906240359042,1.0,1.0,0.3466344426741722,1.0,1.0,0.4312799492801457,1.0,0.2688792268053529,1.0,0.43822649616443066
C_heterogeneous,20137,600,0.020156887789064406,0.042628606043512055,1.0,1.0,0.19959942320201773,1.0,1.0,0.2223858444019789,1.0,1.0,0.360399639309546,1.0,0.18890494798088006,1.0,0.35895882881048913
C_heterogeneous,20138,1500,0.02079108380470372,0.04568089482398613,1.0,1.0,0.20311880678240052,1.0,1.0,0.23225045240140804,1.0,1.0,0.4093202578987647,1.0,0.2321471497438617,1.0,0.24554977634158665
C_heterogeneous,20139,600,0.019458235633459126,0.03801900024576076,1.0,1.0,0.17868315528883397,1.0,1.0,0.262475418581325,1.0,1.0,0.394818658187465,1.0,0.2329403239434506,1.0,0.2606099038055259
C_heterogeneous,20140,1500,0.01765324191658638,0.04312214683150448,1.0,1.0,0.19453137637153242,1.0,1.0,0.2567669571935829,1.0,1.0,0.40424025711889194,1.0,0.2325204298513123,1.0,0.23923880192406358
C_heterogeneous,20141,1500,0.02096688892824219,0.046424709752174456,1.0,1.0,0.2330960694132825,1.0,1.0,0.2239509271072137,1.0,1.0,0.4015398604638004,1.0,0.18676962210840897,1.0,0.2007049503494899
C_heterogeneous,20142,2500,0.01997993329657298,0.03863038898948162,1.0,1.0,0.18257543433559142,1.0,1.0,0.23068500866921132,1.0,1.0,0.40404583339687133,1.0,0.1998363671704121,1.0,0.20544868418695889
C_heterogeneous,20143,600,0.01946544467378964,0.04327532241418113,1.0,1.0,0.19947059103106257,1.0,1.0,0.2581905529679309,1.0,1.0,0.45099197145508174,1.0,0.2188665530400918,1.0,0.2890687862601423
C_heterogeneous,20144,2500,0.020970360796525405,0.037982775689455205,1.0,1.0,0.1663903927034665,1.0,1.0,0.2003533616704319,1.0,1.0,0.37365306094830847,1.0,0.1906200476740603,1.0,0.19560388312733543
C_heterogeneous,20145,2500,0.02143152479324584,0.04145311232467768,0.0,0.0,0.15523287826932847,1.0,1.0,0.25080970285180354,1.0,1.0,0.3633928948795855,0.0,0.20032604720209868,0.0,0.2030353936306267
C_heterogeneous,20146,1500,0.019041882015990018,0.039744943546426395,1.0,1.0,0.16988290573588155,1.0,1.0,0.24269552227838315,1.0,1.0,0.3593354694956087,1.0,0.21350989792333008,1.0,0.22481876101308612
C_heterogeneous,20147,600,0.024200767418105017,0.043749903536758526,1.0,1.0,0.18879374893121145,1.0,1.0,0.22851940093915052,1.0,1.0,0.3843059671669987,1.0,0.21890526318432357,1.0,0.2573316495721508
C_heterogeneous,20148,1500,0.017338606093714546,0.0425085426958912,1.0,1.0,0.2013309140511262,1.0,1.0,0.20930316816569464,1.0,1.0,0.38670062361106294,1.0,0.18767976124735897,1.0,0.19649819986908115
C_heterogeneous,20149,600,0.01943573858932406,0.03571852668193519,1.0,1.0,0.20452813017329818,1.0,1.0,0.19970594209018122,1.0,1.0,0.3649662463353417,1.0,0.18777846575243068,1.0,0.24145997996916818
C_heterogeneous,20150,1500,0.016862990744268565,0.04122993053259092,1.0,1.0,0.1896667966244977,1.0,1.0,0.23581738391776225,1.0,1.0,0.4137322063667705,1.0,0.20825899908445117,1.0,0.2191259262523883
C_heterogeneous,20151,2500,0.02191093763854199,0.0445979046807362,1.0,1.0,0.1919900258863687,1.0,1.0,0.2540815844259999,1.0,1.0,0.4179274662800697,1.0,0.2258030900366991,1.0,0.22933135275337965
C_heterogeneous,20152,2500,0.018281244579587318,0.035627730942889665,1.0,1.0,0.15957410718644716,1.0,1.0,0.22120537683868774,1.0,1.0,0.2962986184862849,1.0,0.18104908103709771,1.0,0.18414459303530467
C_heterogeneous,20153,2500,0.019018309638766762,0.045296062340421515,1.0,1.0,0.21635688287531413,1.0,1.0,0.27188987810063875,1.0,1.0,0.3781406843834706,1.0,0.18842093804965318,1.0,0.1936023628244637
C_heterogeneous,20154,1500,0.019478163117083648,0.05266290400015631,1.0,1.0,0.2226092229197037,1.0,1.0,0.2769871708826767,1.0,1.0,0.40617989800226795,1.0,0.22812380600123072,1.0,0.23783739384774752
C_heterogeneous,20155,600,0.01628625621009002,0.041805317924890055,1.0,1.0,0.19749689357946207,1.0,1.0,0.27412895539676196,1.0,1.0,0.3832740961387244,1.0,0.22990096693792816,1.0,0.2787773442802341
C_heterogeneous,20156,600,0.01841750306491389,0.040758323321250435,1.0,1.0,0.20946205749872954,1.0,1.0,0.2190843161406802,1.0,1.0,0.3844757913933309,1.0,0.20795402516388828,1.0,0.2380909865240778
C_heterogeneous,20157,2500,0.019459841656864988,0.045755010643268486,1.0,1.0,0.20371052480877774,1.0,1.0,0.20812726850653968,1.0,1.0,0.32433050280325537,1.0,0.1844139773981502,1.0,0.1884219055076749
C_heterogeneous,20158,600,0.017129938956228854,0.033229163487905035,0.0,1.0,0.1416377691313963,1.0,1.0,0.2026375833588943,1.0,1.0,0.32592487886080046,1.0,0.16328886988902486,1.0,0.18796359303090593
C_heterogeneous,20159,600,0.020553093228649136,0.040818547250959285,1.0,0.0,0.1835953947709354,1.0,1.0,0.2911645467682674,1.0,1.0,0.4583073068093242,1.0,0.2355938040317366,1.0,0.2687023016627805
C_heterogeneous,20160,1500,0.018758334119446322,0.03915858113203894,1.0,1.0,0.16254340933295536,1.0,1.0,0.1955810732291938,1.0,1.0,0.3634406050810273,1.0,0.1713342900993941,1.0,0.18949326633193453
C_heterogeneous,20161,2500,0.019991442134761762,0.04695915425134674,1.0,1.0,0.220725425847756,1.0,1.0,0.2683238320950766,1.0,1.0,0.3735275904925519,1.0,0.23264603404655912,1.0,0.2371531335631647
C_heterogeneous,20162,1500,0.01744848450359751,0.04355521893528697,0.0,0.0,0.20242228501552056,0.0,0.0,0.23144203452004466,0.0,1.0,0.3323770596350274,0.0,0.21292500447564047,0.0,0.22735536681916851
C_heterogeneous,20163,600,0.019235660386855778,0.03846166593283173,1.0,1.0,0.18941145483375657,1.0,1.0,0.22585337508684367,1.0,1.0,0.36494910179682616,1.0,0.1936480346624648,1.0,0.29624901221327216
C_heterogeneous,20164,2500,0.017802785470905916,0.04925882305365244,1.0,1.0,0.2042279899501634,1.0,1.0,0.2771710898500469,1.0,1.0,0.37611154108325173,1.0,0.2167637719635122,1.0,0.2202825676337204
C_heterogeneous,20165,1500,0.024076822720560456,0.04207546184448735,1.0,1.0,0.16601102638036005,1.0,1.0,0.296985586939518,1.0,1.0,0.4358948372157526,1.0,0.24329157504078097,1.0,0.25571495992795434
C_heterogeneous,20166,1500,0.01750080428132724,0.050423905912260494,1.0,1.0,0.2081334905025912,1.0,1.0,0.27105488868324235,1.0,1.0,0.408688759328441,1.0,0.22805847781914457,1.0,0.24156743827587177
C_heterogeneous,20167,1500,0.018154964634260928,0.04789965069288512,1.0,1.0,0.2197817347139841,1.0,1.0,0.27999154622487316,1.0,1.0,0.39147042350958294,1.0,0.23130805981070407,1.0,0.23826864960027624
C_heterogeneous,20168,600,0.020318555518936857,0.03845650169650672,0.0,0.0,0.16654331683626086,0.0,0.0,0.22563320816936985,1.0,1.0,0.38345679125358734,0.0,0.1736928854228877,0.0,0.19825323208904339
C_heterogeneous,20169,1500,0.01797979839130296,0.043941101162456905,1.0,0.0,0.2055864194869689,1.0,1.0,0.26241318623567433,1.0,1.0,0.39650474938143415,1.0,0.24685707386309835,1.0,0.2556520195405054
C_heterogeneous,20170,1500,0.022480650259568094,0.043847765487599805,1.0,1.0,0.19105906355167876,1.0,1.0,0.2565127164992233,1.0,1.0,0.4338012793393332,1.0,0.1916050562771684,1.0,0.20424076001500469
C_heterogeneous,20171,1500,0.019063807219841297,0.04078524028341906,1.0,1.0,0.215494427235906,1.0,1.0,0.2681264302432963,1.0,1.0,0.4119127878148804,1.0,0.24174109446697126,1.0,0.25258590678695164
C_heterogeneous,20172,1500,0.01779913823430724,0.04165528529939518,1.0,1.0,0.2055519623545617,1.0,1.0,0.25491241936585834,1.0,1.0,0.37446349351904484,1.0,0.22349042601919572,1.0,0.2323279384810742
C_heterogeneous,20173,600,0.020716106606903418,0.04362945069065658,1.0,0.0,0.17954359680659615,1.0,0.0,0.23684700791804286,1.0,1.0,0.37183653416537904,1.0,0.18610444772804735,1.0,0.2693480721137682
C_heterogeneous,20174,600,0.021827698106275772,0.037593768220994604,1.0,0.0,0.1617666873141373,1.0,1.0,0.24281632494179273,1.0,1.0,0.3951837689978427,1.0,0.15945698327041904,1.0,0.2522555192035064
C_heterogeneous,20175,2500,0.022403552716405786,0.044226194905462146,1.0,1.0,0.20276153086342324,1.0,1.0,0.29698836965639985,1.0,1.0,0.4254462390933478,1.0,0.23946745257191465,1.0,0.24328560094266222
C_heterogeneous,20176,1500,0.019185515738216564,0.04794263811258996,1.0,1.0,0.22212022562470973,1.0,1.0,0.30004568201564247,1.0,1.0,0.48599023460615864,1.0,0.24436393267246315,1.0,0.25284881794889574
C_heterogeneous,20177,2500,0.018459280089121337,0.04094513491020947,1.0,1.0,0.19943690759701138,1.0,1.0,0.28362616254530587,1.0,1.0,0.40826459654497455,1.0,0.22137613086474267,1.0,0.2248700626649144
C_heterogeneous,20178,600,0.02098720070858281,0.041931833057342285,1.0,1.0,0.18312170397525057,1.0,1.0,0.26349166402063223,1.0,1.0,0.41689344551928187,1.0,0.22217992366418815,1.0,0.2792401348343064
C_heterogeneous,20179,600,0.018199568715183075,0.038603881747552096,1.0,1.0,0.17936204384145898,1.0,1.0,0.22610018048849573,1.0,1.0,0.3344024864027376,1.0,0.21396916437977653,1.0,0.262374905346728
C_heterogeneous,20180,2500,0.020988061319045525,0.039499273369363264,1.0,1.0,0.16707708065726706,1.0,1.0,0.21682543242505278,1.0,1.0,0.42482174952068014,1.0,0.2134592933732628,1.0,0.2205655942479034
C_heterogeneous,20181,600,0.017686724798363175,0.04953447187905069,1.0,0.0,0.2458564161202057,1.0,1.0,0.3085363671034557,1.0,1.0,0.42828235813582943,1.0,0.2933407097333803,1.0,0.3318783708581533
C_heterogeneous,20182,600,0.021129148544432638,0.0401128290553929,0.0,0.0,0.20337658222892535,0.0,0.0,0.21143278071136837,1.0,1.0,0.3650416914335012,0.0,0.20207579641216747,1.0,0.2959525605334654
C_heterogeneous,20183,600,0.02022262951075448,0.05287205161506978,1.0,1.0,0.2630531952312231,1.0,1.0,0.30358658397600347,1.0,1.0,0.4828679820887749,1.0,0.26481431514038,1.0,0.2915043778562171
C_heterogeneous,20184,600,0.018280205819102252,0.05053955052350051,1.0,1.0,0.2623053582447117,1.0,1.0,0.27994484959468324,1.0,1.0,0.40133133485186134,1.0,0.2531569324618334,1.0,0.29047030640272736
C_heterogeneous,20185,2500,0.017740701876511687,0.04615813857109431,1.0,1.0,0.19951582215423397,1.0,1.0,0.23700348771774368,1.0,1.0,0.3816553284944494,1.0,0.2245396797178812,1.0,0.23009985043361114
C_heterogeneous,20186,2500,0.02144708253529597,0.043909178554160926,1.0,1.0,0.21343366549017354,1.0,1.0,0.2792909022100215,1.0,1.0,0.3656842424559005,1.0,0.21800258152537816,1.0,0.22278910878030533
C_heterogeneous,20187,1500,0.0168730026860814,0.039399297436030684,1.0,1.0,0.20950143203917052,1.0,1.0,0.2255567052219396,1.0,1.0,0.2999726104458157,1.0,0.20805703734130598,1.0,0.2294927133410432
C_heterogeneous,20188,1500,0.016446295937061966,0.045401149165894654,1.0,1.0,0.21562089190100364,1.0,1.0,0.25274435056508315,1.0,1.0,0.35958313402560854,1.0,0.20599991647429033,1.0,0.21433344902175056
C_heterogeneous,20189,1500,0.020805622025820928,0.043378822131694535,0.0,0.0,0.1751963790310716,1.0,1.0,0.3119934654807222,1.0,1.0,0.41973649213475495,0.0,0.25229398001376574,1.0,0.2622348170694239
C_heterogeneous,20190,1500,0.01791195875449795,0.049326071805088315,1.0,1.0,0.2554759090577412,1.0,1.0,0.28585560684008593,1.0,1.0,0.39074719604594926,1.0,0.25809595586189393,1.0,0.26733616755973433
C_heterogeneous,20191,600,0.02047526365421872,0.03775287013247806,1.0,1.0,0.18599685274204497,1.0,1.0,0.20868138607216444,1.0,1.0,0.37757274242063493,1.0,0.17525341666802344,1.0,0.22982760671683727
C_heterogeneous,20192,600,0.018578139442211677,0.04838035326837251,1.0,1.0,0.21652010544042466,1.0,1.0,0.2590896479040043,1.0,1.0,0.42751347545789775,1.0,0.24555054838168194,1.0,0.28461882424961027
C_heterogeneous,20193,2500,0.021147735433101677,0.034425341128000664,1.0,1.0,0.15490438684385616,1.0,1.0,0.2113457390009878,1.0,1.0,0.3748301865568459,1.0,0.14798465320428583,1.0,0.1529458168675138
C_heterogeneous,20194,600,0.01982801935133012,0.045779047223531766,1.0,1.0,0.20550761054951822,1.0,1.0,0.24602821865783486,1.0,1.0,0.3328633989786499,1.0,0.22481064718982996,1.0,0.24083063010635217
C_heterogeneous,20195,600,0.018830420880421514,0.03788370694610691,1.0,0.0,0.15589934929564464,1.0,0.0,0.20201869006788836,1.0,1.0,0.35751238608247593,1.0,0.1742311089315249,0.0,0.21699301332707935
C_heterogeneous,20196,2500,0.020243888070591857,0.04888102019068171,1.0,1.0,0.20399643315904853,1.0,1.0,0.2908861252656391,1.0,1.0,0.4474935722050655,1.0,0.252709878564418,1.0,0.25686503095905444
C_heterogeneous,20197,1500,0.022130047167582885,0.04504809358883995,1.0,1.0,0.2078871592900302,1.0,1.0,0.23423335851972168,1.0,1.0,0.3932125021612013,1.0,0.18218392777198023,1.0,0.193463781575041
C_heterogeneous,20198,600,0.0202515945289421,0.04695849963449841,1.0,1.0,0.2111259962469118,1.0,1.0,0.24341048560874484,1.0,1.0,0.38000560832646835,1.0,0.2098806706581448,1.0,0.26297881904086673
C_heterogeneous,20199,600,0.020200366733431962,0.048101242091597586,1.0,1.0,0.204984805485672,1.0,1.0,0.2535673768992347,1.0,1.0,0.4463409865561997,1.0,0.2025029097027363,1.0,0.2515104453034369
C_heterogeneous,20200,600,0.019047742854819263,0.04435752416839965,1.0,0.0,0.2007849127355959,1.0,0.0,0.2494468901044417,1.0,1.0,0.3657931152227667,1.0,0.23403562125522043,1.0,0.34218920568400746
C_heterogeneous,20201,1500,0.01770456363978875,0.041275999452413795,1.0,1.0,0.18993230515091403,1.0,1.0,0.22237420146379466,1.0,1.0,0.4040672660514118,1.0,0.21104041191795608,1.0,0.2196107046282682
C_heterogeneous,20202,600,0.017148737173073685,0.03600204340469173,1.0,0.0,0.1446086050633014,1.0,1.0,0.23889504580996865,1.0,1.0,0.3603339443961452,1.0,0.21340541300821708,1.0,0.2888526980418412
C_heterogeneous,20203,1500,0.020341305046986786,0.04079745047101478,1.0,1.0,0.17635054455025173,1.0,1.0,0.2368278662432774,1.0,1.0,0.37143715487839146,1.0,0.19778417689967057,1.0,0.20724860093402636
C_heterogeneous,20204,1500,0.020883838716657777,0.04431144713500641,1.0,1.0,0.19507848083733398,1.0,1.0,0.21480632649196912,1.0,1.0,0.4170242479920109,1.0,0.20021353584981486,1.0,0.20935752795828205
C_heterogeneous,20205,600,0.018263831401829207,0.04361469015677586,1.0,1.0,0.226343464115273,1.0,1.0,0.25130277741569296,1.0,1.0,0.3331443844728396,1.0,0.20695633045050474,1.0,0.2714620644993837
C_heterogeneous,20206,1500,0.021093633761182305,0.04442887860405743,1.0,1.0,0.23678456231226033,1.0,1.0,0.2707030559488305,1.0,1.0,0.4389229662330615,1.0,0.2224416372379685,1.0,0.23410854378688387
C_heterogeneous,20207,2500,0.0175283798888312,0.04404320116922868,1.0,1.0,0.16548488136837042,1.0,1.0,0.19325370457712882,1.0,1.0,0.3288248960117948,1.0,0.190198786412685,1.0,0.19370408522753285
C_heterogeneous,20208,600,0.021619319026350572,0.04355145730661743,1.0,0.0,0.1997502654950285,1.0,0.0,0.24091407201721787,1.0,1.0,0.38298166470788947,1.0,0.2059131510027135,0.0,0.248489537943891
C_heterogeneous,20209,600,0.021902543162280252,0.037008347281865875,1.0,0.0,0.14786479852236495,1.0,1.0,0.19991439953572537,1.0,1.0,0.35156478280517706,1.0,0.1537349128624074,1.0,0.24678537527913802
C_heterogeneous,20210,1500,0.017993621139583627,0.040687324691450116,0.0,0.0,0.20928633740395278,0.0,0.0,0.2008669297848104,1.0,1.0,0.37150112011874137,0.0,0.18347018277092536,0.0,0.192251135689198
C_heterogeneous,20211,2500,0.021529270217892617,0.04031665907193473,1.0,1.0,0.1970075048589463,1.0,1.0,0.24079357983291333,1.0,1.0,0.40076891541574317,1.0,0.2094448821093259,1.0,0.21467288798644368
C_heterogeneous,20212,2500,0.021519939905464275,0.044896895568867105,1.0,1.0,0.21258756517723715,1.0,1.0,0.24109406843767367,1.0,1.0,0.3698687784961203,1.0,0.23338422057399968,1.0,0.23786622069419022
C_heterogeneous,20213,1500,0.023207303224964677,0.045705049213871037,1.0,1.0,0.23302901955317257,1.0,1.0,0.3038138773489702,1.0,1.0,0.47357204776225326,1.0,0.2208434382522857,1.0,0.22812001525360834
C_heterogeneous,20214,1500,0.02105453595645141,0.040721566144834825,0.0,0.0,0.16617100932149773,1.0,0.0,0.23545933514250267,1.0,1.0,0.42770243638623484,0.0,0.19574177612415528,0.0,0.20754625362634274
C_heterogeneous,20215,1500,0.021694431753689795,0.0457454747928379,1.0,1.0,0.23515110849116522,1.0,1.0,0.2818288395409465,1.0,1.0,0.44408389654959046,1.0,0.2186397392567571,1.0,0.23258296899454214
C_heterogeneous,20216,2500,0.02265499803833406,0.04247904934524167,1.0,1.0,0.16226240786777169,1.0,1.0,0.2501297472883025,1.0,1.0,0.3637168864295617,1.0,0.19653707840215234,1.0,0.20050757958468735
C_heterogeneous,20217,2500,0.018558021896117997,0.03950891273959663,1.0,1.0,0.17305196478848914,1.0,1.0,0.24107795824211467,1.0,1.0,0.34035957768289404,0.0,0.1664412048602028,0.0,0.17070008848650903
C_heterogeneous,20218,600,0.023247047237929218,0.03991363433215682,1.0,0.0,0.15693451489106594,1.0,0.0,0.26747193118155027,1.0,0.0,0.38952822210386256,1.0,0.20706153701236069,1.0,0.4164669503727965
C_heterogeneous,20219,1500,0.021264291170800767,0.039584081771722776,1.0,1.0,0.16020475065106224,1.0,1.0,0.24839634622287746,1.0,1.0,0.34324978961145797,1.0,0.18673913662542943,1.0,0.1966593675563888
C_heterogeneous,20220,2500,0.01876223282965686,0.040832469030273114,1.0,1.0,0.18936110449395918,1.0,1.0,0.2210690895626548,1.0,1.0,0.3726399193470734,1.0,0.17966580533327012,1.0,0.18400636809579493
C_heterogeneous,20221,600,0.019437677760823988,0.04537823886805263,1.0,1.0,0.2336646219237875,1.0,1.0,0.3122487078346603,1.0,1.0,0.4515054192679962,1.0,0.24005676260324688,1.0,0.28335596440031496
C_heterogeneous,20222,1500,0.02114584847982912,0.03939107381765988,1.0,1.0,0.19737765306113791,1.0,1.0,0.271121597272962,1.0,1.0,0.49207873928316725,1.0,0.19613123052799397,1.0,0.21039137407508104
C_heterogeneous,20223,1500,0.023307969311257663,0.04454600943181277,1.0,1.0,0.22248702558221764,1.0,1.0,0.3048289801739156,1.0,1.0,0.495987005012152,1.0,0.1875334855619252,1.0,0.1968560152447237
C_heterogeneous,20224,2500,0.018731979807886802,0.03925555998264365,1.0,1.0,0.1642293101729233,1.0,1.0,0.3155893591162501,1.0,1.0,0.43502369221700005,1.0,0.22848660836623585,1.0,0.23264415109072462
C_heterogeneous,20225,2500,0.01970112621535575,0.04352487053865052,1.0,0.0,0.19469050890456166,1.0,1.0,0.2680288109928849,1.0,1.0,0.4282209453009302,1.0,0.222004856810564,1.0,0.2264100569357299
C_heterogeneous,20226,2500,0.021067416044570655,0.036127543552260236,1.0,1.0,0.1817859976606518,1.0,1.0,0.25666250735925916,1.0,1.0,0.3873790349515392,1.0,0.18415329729245442,1.0,0.19033388990451536
C_heterogeneous,20227,1500,0.021246517608734306,0.051838331387099035,0.0,1.0,0.23902451813098055,1.0,1.0,0.316038070032918,1.0,1.0,0.44749299503401774,0.0,0.23833755760675332,1.0,0.24697400514842674
C_heterogeneous,20228,2500,0.0224210174208926,0.04153951668206946,1.0,1.0,0.20680450115139476,1.0,1.0,0.2327039400959427,1.0,1.0,0.3561048662440962,1.0,0.20755782601788866,1.0,0.2113768731909071
C_heterogeneous,20229,600,0.015780259777401516,0.03846574496725056,1.0,0.0,0.17233103200369376,1.0,1.0,0.19114475313965792,1.0,1.0,0.3557719383327651,1.0,0.17051861680375024,1.0,0.20981267932414757
C_heterogeneous,20230,1500,0.022659047816414608,0.041615344715460675,1.0,1.0,0.1965456922259275,1.0,1.0,0.2873753543369352,1.0,1.0,0.44835918548421433,1.0,0.21715386766324213,1.0,0.2249552477681224
C_heterogeneous,20231,600,0.019974138487643324,0.03651052882035002,1.0,0.0,0.14270258570856867,1.0,1.0,0.25350696272690276,1.0,1.0,0.390310372108219,1.0,0.1733204544121926,1.0,0.23308724895389257
C_heterogeneous,20232,1500,0.018345678960827134,0.04156257111925169,1.0,1.0,0.22680016114250107,1.0,1.0,0.2720143963795643,1.0,1.0,0.3846330849204121,1.0,0.2593313478702586,1.0,0.26929923404370915
C_heterogeneous,20233,2500,0.02072627937595111,0.046575485243241545,1.0,1.0,0.19859613704121956,1.0,1.0,0.26363616230267733,1.0,1.0,0.4637660508589259,1.0,0.21980812031516747,1.0,0.2230553701664081
C_heterogeneous,20234,600,0.01804653694295443,0.04775156954028429,1.0,0.0,0.2019602128601769,1.0,1.0,0.23228654390854614,1.0,1.0,0.3792689151189407,1.0,0.19833154117273682,1.0,0.22689251281743544
C_heterogeneous,20235,1500,0.017995074749566308,0.038791704562214764,1.0,1.0,0.1820182228043861,1.0,1.0,0.2078937019681943,1.0,1.0,0.3208036569394132,1.0,0.18586577528086806,1.0,0.20070941361292527
C_heterogeneous,20236,600,0.02442633150320794,0.038844743428039535,1.0,1.0,0.1682055139521912,1.0,1.0,0.2581575406284021,1.0,1.0,0.4375064975089746,1.0,0.17930497981807855,1.0,0.282348141884364
C_heterogeneous,20237,1500,0.024058803283799852,0.04846583018371507,1.0,1.0,0.18740443658845168,1.0,1.0,0.2990864999077169,1.0,1.0,0.45812915544779986,1.0,0.21357938925600478,1.0,0.21940285652963568
C_heterogeneous,20238,600,0.020126045406733184,0.04528073347161542,1.0,1.0,0.22212942477164316,1.0,1.0,0.2915622945651839,1.0,1.0,0.43427381327636533,1.0,0.23096589862827685,1.0,0.3076893436898221
C_heterogeneous,20239,2500,0.019802666195481478,0.04213932947714828,1.0,0.0,0.18777180848223157,1.0,1.0,0.2273092710951281,1.0,1.0,0.384081802793527,1.0,0.19646793687341713,1.0,0.20039066041775824
C_heterogeneous,20240,600,0.017458334055887672,0.04448640473085534,1.0,1.0,0.19336921292327955,1.0,1.0,0.2439342331957135,1.0,1.0,0.3638132540698568,1.0,0.24808259198649432,1.0,0.29634091937612095
C_heterogeneous,20241,2500,0.018092011830304427,0.05031456838158562,1.0,1.0,0.22168606370949923,1.0,1.0,0.27094673748161724,1.0,1.0,0.39256864628563104,1.0,0.2354600844668166,1.0,0.24055353683175157
C_heterogeneous,20242,600,0.0220922267127633,0.03867581540289507,1.0,1.0,0.169757106192304,1.0,1.0,0.219776174517036,1.0,1.0,0.3680398871488762,1.0,0.1883901541886631,1.0,0.3380491227084272
C_heterogeneous,20243,600,0.018232356788752867,0.040915604275774224,1.0,1.0,0.18487692428555,1.0,1.0,0.22230653292650224,1.0,1.0,0.3890297719053582,1.0,0.20232891736244696,1.0,0.22237784374265904
C_heterogeneous,20244,1500,0.024905068398456697,0.03894646702174502,1.0,1.0,0.17316056828473408,1.0,1.0,0.29580500083341754,1.0,1.0,0.44824695451358165,1.0,0.20033155693175933,1.0,0.20805015099455737
C_heterogeneous,20245,1500,0.020652557877177288,0.046413514394776034,1.0,1.0,0.18142162939631828,1.0,1.0,0.2484325641438229,1.0,1.0,0.4398008292396448,1.0,0.22178060295331345,1.0,0.22794705307649937
C_heterogeneous,20246,600,0.01961930478650386,0.04362921375204824,1.0,0.0,0.18453242093741212,1.0,1.0,0.22761555357894675,1.0,1.0,0.32224852255408865,1.0,0.20342243315967917,1.0,0.3151713353608538
C_heterogeneous,20247,600,0.020578688327980862,0.03779508225370671,0.0,0.0,0.16595940594977487,0.0,0.0,0.25354265746202487,0.0,0.0,0.35755573826609394,0.0,0.2384137309914885,1.0,0.3386341600778753
C_heterogeneous,20248,1500,0.019853570370374468,0.04478571568917364,1.0,1.0,0.19117838119799357,1.0,1.0,0.20993689059396017,1.0,1.0,0.3643515449749461,1.0,0.18428433774386754,1.0,0.1982292785336992
C_heterogeneous,20249,2500,0.01933062820282111,0.045444316694308096,1.0,1.0,0.2011592210312702,1.0,1.0,0.25557450716216384,1.0,1.0,0.3786969423560983,1.0,0.2467585751014986,1.0,0.2499892668082412
C_heterogeneous,20250,1500,0.016823581595318687,0.03927904129114455,1.0,1.0,0.1773541945270249,1.0,1.0,0.20722475150172187,1.0,1.0,0.2956817910898553,1.0,0.16891354238410525,1.0,0.18340740299322086
C_heterogeneous,20251,2500,0.01973304030860715,0.04085559846782353,1.0,1.0,0.1806196792510817,1.0,1.0,0.21166990834904764,1.0,1.0,0.4164357712219909,1.0,0.18163981595258813,1.0,0.18480885902330296
C_heterogeneous,20252,600,0.017579642550140717,0.048283401008595454,1.0,1.0,0.21940595745203986,1.0,1.0,0.36171910397209894,1.0,1.0,0.5324708532622979,1.0,0.3042203303545314,1.0,0.332149211761353
C_heterogeneous,20253,2500,0.02008622367731791,0.03979900863210137,1.0,1.0,0.21220146401184428,1.0,1.0,0.26652179076436744,1.0,1.0,0.3932083952119241,1.0,0.2379344015626808,1.0,0.2442359318969669
C_heterogeneous,20254,2500,0.017021772970526528,0.043171913182564595,1.0,1.0,0.21629302116120036,1.0,1.0,0.24463726288605087,1.0,1.0,0.3003054888769837,1.0,0.19375916548905472,1.0,0.19943852354551664
C_heterogeneous,20255,600,0.022596388418121695,0.04035977623532188,1.0,1.0,0.18912345168093248,1.0,1.0,0.24504441025412182,1.0,1.0,0.38949286311706316,1.0,0.20871441263976798,1.0,0.24081861826438472
C_heterogeneous,20256,2500,0.019988963966405194,0.041056631008061874,1.0,1.0,0.16997661698673422,1.0,1.0,0.24922086104069469,1.0,1.0,0.4340487335926225,1.0,0.18935185628614395,1.0,0.19293641511104492
C_heterogeneous,20257,2500,0.020744389515665124,0.040781105722403954,1.0,1.0,0.19964913875758666,1.0,1.0,0.2691879323975367,1.0,1.0,0.4384303168080619,1.0,0.20071381239207228,1.0,0.20494723652442967
C_heterogeneous,20258,600,0.018976154736995314,0.042971590126121346,1.0,0.0,0.21061301836302349,1.0,1.0,0.28305566374865443,1.0,1.0,0.4135145138363091,1.0,0.241893241388145,1.0,0.305485959005245
C_heterogeneous,20259,1500,0.023322054978968113,0.03703630714927855,1.0,1.0,0.20241099222935804,1.0,1.0,0.2718710189272725,1.0,1.0,0.3647678987877671,1.0,0.1877556032564191,1.0,0.19929285861353596
C_heterogeneous,20260,1500,0.02009451021611949,0.04479497534865171,0.0,1.0,0.16990578649278296,1.0,1.0,0.2447317405626464,1.0,1.0,0.43476051860869214,1.0,0.21799210230800278,1.0,0.22443009579773315
C_heterogeneous,20261,2500,0.022377474299818744,0.046647210725299516,1.0,1.0,0.20087536973558606,1.0,1.0,0.26916111961578365,1.0,1.0,0.4273790999860382,1.0,0.20549942498001617,1.0,0.2097375626933391
C_heterogeneous,20262,1500,0.020150668095064595,0.049321373125947796,1.0,1.0,0.250363521795512,1.0,1.0,0.27732630851263834,1.0,1.0,0.398082383831686,1.0,0.21666315935879393,1.0,0.22606453533377585
C_heterogeneous,20263,1500,0.024437316276420335,0.04435398250824792,1.0,1.0,0.19952323269495353,1.0,1.0,0.2533477058529679,1.0,1.0,0.42844139593728386,1.0,0.18651633091520356,1.0,0.2026181186085748
C_heterogeneous,20264,600,0.020913908215906704,0.04387360195350431,1.0,1.0,0.18710217241969523,1.0,1.0,0.25000097228730994,1.0,1.0,0.49468017729553215,1.0,0.25453183312844807,1.0,0.33962575206638546
C_heterogeneous,20265,1500,0.018949128470664583,0.047971585398482786,0.0,0.0,0.21531302079702624,1.0,1.0,0.23730158576370605,1.0,1.0,0.36209511751724544,1.0,0.20906877443125285,1.0,0.21786111914773124
C_heterogeneous,20266,2500,0.018558029400548712,0.03519864850483099,1.0,1.0,0.16930529506546962,1.0,1.0,0.22035219862583055,1.0,1.0,0.3601205356368885,1.0,0.1940088569582169,1.0,0.19918401880934805
C_heterogeneous,20267,2500,0.01945201431984403,0.043206912469284535,1.0,1.0,0.21539598655207975,1.0,1.0,0.2766815548410616,1.0,1.0,0.4063826690308169,1.0,0.23276679514258786,1.0,0.23562425066597745
C_heterogeneous,20268,2500,0.022883958218862646,0.04045494442605948,1.0,1.0,0.1646118832500715,1.0,1.0,0.23778468997061403,1.0,1.0,0.42190162962475836,1.0,0.18605634192940795,1.0,0.19072702517884338
C_heterogeneous,20269,1500,0.021274296108386697,0.04190706313100974,1.0,1.0,0.1837051754195988,1.0,1.0,0.253033892175376,1.0,1.0,0.46411736212042953,1.0,0.19953428972085757,1.0,0.20685311489260422
C_heterogeneous,20270,2500,0.020098660848626073,0.05032204634958707,1.0,1.0,0.2401273862074937,1.0,1.0,0.2657596772580561,1.0,1.0,0.39580766765748443,1.0,0.19496948880723092,1.0,0.1996067578117166
C_heterogeneous,20271,1500,0.018896188076811534,0.042933779325389,0.0,0.0,0.16789630558142155,1.0,1.0,0.2236303117152844,1.0,1.0,0.33816204610010897,1.0,0.2172578082547969,1.0,0.22349590916325313
C_heterogeneous,20272,1500,0.021152551236979625,0.04214848998867788,0.0,0.0,0.21682863808895997,0.0,0.0,0.25655810772622106,1.0,0.0,0.34525898208392086,0.0,0.21140784520307793,0.0,0.22290074386923506
C_heterogeneous,20273,2500,0.01871004378438652,0.0452002151502096,1.0,1.0,0.2144151116538208,1.0,1.0,0.24712684520820227,1.0,1.0,0.369157966616125,1.0,0.2353960904670902,1.0,0.2389837622749445
C_heterogeneous,20274,2500,0.022288926163325742,0.04281242721941831,1.0,1.0,0.2230927419788909,1.0,1.0,0.29718561978669256,1.0,1.0,0.4440724893960965,1.0,0.24646299424168613,1.0,0.2501106832816761
C_heterogeneous,20275,600,0.023281983408682712,0.03745479678917467,1.0,0.0,0.18151626922284653,1.0,1.0,0.23749298817443956,1.0,1.0,0.38710538945712203,0.0,0.162479742935015,0.0,0.22079619586790286
C_heterogeneous,20276,1500,0.02273104568107872,0.03983378320886149,0.0,0.0,0.18042726446044696,0.0,0.0,0.2180632448076878,1.0,1.0,0.36347005771074,0.0,0.1768442568288473,0.0,0.193143666288846
C_heterogeneous,20277,2500,0.023443529843800232,0.04611634750703529,1.0,1.0,0.20643331832661005,1.0,1.0,0.30304270627568586,1.0,1.0,0.435427884035148,1.0,0.2048758846307032,1.0,0.20905538491891482
C_heterogeneous,20278,2500,0.019563378603440703,0.044086139040701446,1.0,1.0,0.22715089555136667,1.0,1.0,0.23976635787019657,1.0,1.0,0.3540254735590918,1.0,0.21565014394765844,1.0,0.21967619377456343
C_heterogeneous,20279,2500,0.019302893823171824,0.03962900561354733,1.0,1.0,0.16530834644637968,1.0,1.0,0.25609408119767163,1.0,1.0,0.4572713063221733,1.0,0.2175319166017422,1.0,0.22479757055983624
C_heterogeneous,20280,2500,0.022396668863199333,0.04363640667715889,1.0,1.0,0.19434951647839027,1.0,1.0,0.2680751226695229,1.0,1.0,0.45900055754315583,1.0,0.19615670281724168,1.0,0.19956674335778454
C_heterogeneous,20281,600,0.02044416955534046,0.046749022818126665,1.0,1.0,0.20030368609880203,1.0,1.0,0.24828001740347344,1.0,1.0,0.4515927452230308,1.0,0.2114128188280287,1.0,0.32303584877245994
C_heterogeneous,20282,600,0.025492633714723597,0.05048302315419184,1.0,1.0,0.2267369012286015,1.0,1.0,0.271636283718971,1.0,1.0,0.45329223907944405,1.0,0.22527916030788636,1.0,0.34237293276467506
C_heterogeneous,20283,600,0.017311603938093733,0.035308265549812895,1.0,0.0,0.17138631665205253,1.0,1.0,0.25416963937078363,1.0,1.0,0.37168964994635917,1.0,0.20863339405946127,1.0,0.24006142639234057
C_heterogeneous,20284,2500,0.019406252444076576,0.046804766906864595,1.0,1.0,0.21702992758336767,1.0,1.0,0.2516018544654698,1.0,1.0,0.40147942449673196,1.0,0.20613807713750823,1.0,0.2102377910627223
C_heterogeneous,20285,2500,0.019750061911739183,0.04459166978369531,0.0,0.0,0.19899652556005898,1.0,1.0,0.2601703324426201,1.0,1.0,0.39456562653463056,1.0,0.20895319750010327,1.0,0.21190405774095272
C_heterogeneous,20286,600,0.01807639245803049,0.033813416815563525,1.0,0.0,0.16533960190644104,1.0,1.0,0.22824051075533544,1.0,1.0,0.3740074146034345,1.0,0.1955775595044894,1.0,0.4271477053054259
C_heterogeneous,20287,1500,0.02032317711753659,0.04617476867527416,1.0,1.0,0.20754534617663828,1.0,1.0,0.22780435911320804,1.0,1.0,0.406451137915312,1.0,0.19172193266901028,1.0,0.20689457958688715
C_heterogeneous,20288,1500,0.020778823549818987,0.04241358477325245,1.0,1.0,0.20301715793768507,1.0,1.0,0.2535252828665064,1.0,1.0,0.3749806505537048,1.0,0.2021302853019447,1.0,0.21300650842605534
C_heterogeneous,20289,2500,0.01942842872056068,0.04689592310751193,1.0,1.0,0.1952673715923768,1.0,1.0,0.2635470526497783,1.0,1.0,0.41137283930192237,1.0,0.23648655198364557,1.0,0.23982667744085315
C_heterogeneous,20290,2500,0.020301903402336178,0.035037496835068495,1.0,1.0,0.1556662072272341,1.0,1.0,0.19673255715101073,1.0,1.0,0.3715652694989293,1.0,0.16533414042543393,1.0,0.17136353632999185
C_heterogeneous,20291,600,0.026121176121667745,0.04085990954171865,1.0,1.0,0.20513731646882666,1.0,1.0,0.24119473556438198,1.0,1.0,0.4435742917216209,1.0,0.20408413417180854,1.0,0.24078945286148912
C_heterogeneous,20292,2500,0.01826290087358224,0.04308826542389183,1.0,1.0,0.1813387206847321,1.0,1.0,0.21438867799545053,1.0,1.0,0.34403611791008737,1.0,0.2086853788749699,1.0,0.21202771418127497
C_heterogeneous,20293,1500,0.020315401129538935,0.03977092094166067,1.0,1.0,0.18016170297988554,1.0,1.0,0.21580599789642144,1.0,1.0,0.32369896236349616,1.0,0.18926056234096497,1.0,0.20158442337404886
C_heterogeneous,20294,2500,0.01724838796304099,0.04317578761121833,1.0,1.0,0.1896147386848039,1.0,1.0,0.21752392145425642,1.0,1.0,0.32210389647234544,1.0,0.1785000138623756,1.0,0.18339851593534715
C_heterogeneous,20295,1500,0.02101463052645801,0.03845314838789523,1.0,1.0,0.18294535977272056,1.0,1.0,0.20583213483483034,1.0,1.0,0.33598598900137466,1.0,0.16210198865102307,1.0,0.18045896178473692
C_heterogeneous,20296,1500,0.021199969711597065,0.04792439577544687,0.0,1.0,0.20369974389466922,1.0,1.0,0.2706362794211404,1.0,1.0,0.4130181946656199,1.0,0.2135026529609354,1.0,0.22016454235693034
C_heterogeneous,20297,1500,0.021469205701178433,0.04771414124488328,1.0,1.0,0.19924489005517465,1.0,1.0,0.27449377311652057,1.0,1.0,0.4114101168069144,1.0,0.2354562525697932,1.0,0.24836992989723986
C_heterogeneous,20298,600,0.020616749648753072,0.04138118711247846,1.0,0.0,0.17032320237950685,1.0,0.0,0.24152558979403813,1.0,1.0,0.37048977527156746,1.0,0.22328464499905182,0.0,0.24398413601699578
C_heterogeneous,20299,600,0.021776066952492033,0.045182018366064905,1.0,1.0,0.2023971626758092,1.0,1.0,0.32148654044163666,1.0,1.0,0.423672855037848,1.0,0.26129378175688195,1.0,0.2960835815812865
C_heterogeneous,20300,1500,0.016941326733033557,0.04032859454899128,1.0,1.0,0.17361627328825938,1.0,1.0,0.25136402426691035,1.0,1.0,0.3914340981890386,1.0,0.19268778626757405,1.0,0.19756915970280955
C_heterogeneous,20301,1500,0.020165959383382642,0.05099954692761012,1.0,1.0,0.23728194389107923,1.0,1.0,0.2765831017712218,1.0,1.0,0.4682067310022234,1.0,0.2036594989299565,1.0,0.20909679254053676
C_heterogeneous,20302,600,0.020281739689191745,0.040109115172683625,1.0,1.0,0.17539414676985962,1.0,1.0,0.22996873720870434,1.0,1.0,0.3432521238824475,1.0,0.1652678932411116,1.0,0.25595895893919735
C_heterogeneous,20303,1500,0.020008005630304467,0.04539999643583392,0.0,0.0,0.20477487653475618,0.0,0.0,0.20288037330724845,1.0,1.0,0.36915538061763364,0.0,0.1832224553304154,0.0,0.19428209094662557
C_heterogeneous,20304,2500,0.017841930130580615,0.0434150673024475,1.0,1.0,0.19324152269504485,1.0,1.0,0.30465543814316115,1.0,1.0,0.4388254910298827,1.0,0.20639703924248326,1.0,0.20989243902642532
C_heterogeneous,20305,600,0.02060947412150139,0.04750750869275314,1.0,1.0,0.2307281964347645,1.0,1.0,0.25152259956716017,1.0,1.0,0.37723504210535574,1.0,0.2093883052651493,1.0,0.26092074131081394
C_heterogeneous,20306,2500,0.019806258658599318,0.05351045788391405,1.0,1.0,0.22322272176098626,1.0,1.0,0.2552314124030176,1.0,1.0,0.38280387880647754,1.0,0.23623510195090747,1.0,0.2391168116242286
C_heterogeneous,20307,1500,0.017673407175832986,0.04290109788325962,1.0,1.0,0.21532069468347137,1.0,1.0,0.3010137768806881,1.0,1.0,0.4463041963146412,1.0,0.2893886848141958,1.0,0.3007187692069378
C_heterogeneous,20308,600,0.018858585136310467,0.04313490253497355,1.0,1.0,0.1929306137311519,1.0,1.0,0.26839782080250746,1.0,1.0,0.36974203487550694,1.0,0.19968259975802122,1.0,0.2372692385674786
C_heterogeneous,20309,2500,0.01845194406985058,0.03528761146471994,1.0,1.0,0.17912000503628828,1.0,1.0,0.21740444796878783,1.0,1.0,0.37832924737053186,1.0,0.19377448572506423,1.0,0.19817397783466592
C_heterogeneous,20310,2500,0.017717891672631488,0.03737633045254797,1.0,1.0,0.17422856998601044,1.0,1.0,0.2780298812496468,1.0,1.0,0.37326977911389947,1.0,0.21311546264401243,1.0,0.21748585340131746
C_heterogeneous,20311,2500,0.020080248984655172,0.04445858564328347,1.0,1.0,0.24298543278094037,1.0,1.0,0.24315114432024268,1.0,1.0,0.3827726799074353,1.0,0.2239653906142171,1.0,0.22807832770406966
C_heterogeneous,20312,1500,0.021599032837850893,0.05494220371888796,1.0,1.0,0.2663635880674426,1.0,1.0,0.35582854598867686,1.0,1.0,0.4667221007826382,1.0,0.2784370120212998,1.0,0.28548099840269847
C_heterogeneous,20313,1500,0.020761938862820743,0.04351229448296305,0.0,0.0,0.19570571289084845,0.0,0.0,0.25149773930850633,0.0,0.0,0.43625440075635336,0.0,0.1963425250822391,0.0,0.20683321297077203
C_heterogeneous,20314,1500,0.021437658644432395,0.037584694866276316,1.0,1.0,0.14018280991336862,1.0,1.0,0.2228705583877239,1.0,1.0,0.3887348443831805,1.0,0.19549631204950205,1.0,0.21211089935379399
C_heterogeneous,20315,1500,0.014536014139195825,0.039582899158546084,1.0,1.0,0.17945583162816686,1.0,1.0,0.1846878697258816,1.0,1.0,0.3280364743158325,1.0,0.17730690874092328,1.0,0.18592686192468583
C_heterogeneous,20316,2500,0.020969301512234445,0.043226481162263845,1.0,1.0,0.16318469146599562,1.0,1.0,0.27001605230298703,1.0,1.0,0.4274379145973234,1.0,0.2117477129183091,1.0,0.2147798629606447
C_heterogeneous,20317,2500,0.019724319496225818,0.04213769596617427,1.0,1.0,0.2268963311776524,1.0,1.0,0.2932102261798824,1.0,1.0,0.4012040416925169,1.0,0.23013970011187407,1.0,0.2346082398064322
C_heterogeneous,20318,600,0.021175307080008202,0.043800938406334575,1.0,1.0,0.19132448966176158,1.0,1.0,0.2570521604157957,1.0,1.0,0.36776756121403953,1.0,0.17647219775644934,1.0,0.2653923155854761
C_heterogeneous,20319,2500,0.018944286356659745,0.05352694975870278,1.0,0.0,0.21358665741374053,1.0,1.0,0.32339797544696747,1.0,1.0,0.436560128218965,1.0,0.25848368914346576,0.0,0.2614047763622261
C_heterogeneous,20320,1500,0.021888478456451695,0.03564577709144639,1.0,1.0,0.17249579510672403,1.0,1.0,0.28013543566810234,1.0,1.0,0.40932898282256647,1.0,0.17082315456631075,1.0,0.18376989816810768
C_heterogeneous,20321,600,0.02076217923675734,0.04263723484315172,1.0,1.0,0.21755431894764551,1.0,1.0,0.2858905045381173,1.0,1.0,0.45291451174469916,1.0,0.20341824089964283,1.0,0.2570770555611088
C_heterogeneous,20322,2500,0.021215591218305442,0.03784465707719537,1.0,1.0,0.19765611561127927,1.0,1.0,0.22482664340439892,1.0,1.0,0.4183610693981886,1.0,0.16959611209160125,1.0,0.1738856963768995
C_heterogeneous,20323,600,0.020879875909098396,0.043450011760486344,1.0,0.0,0.18684701075133517,1.0,1.0,0.28510899085442837,1.0,1.0,0.4518114225685442,1.0,0.20372172957195828,0.0,0.24887570461936875
C_heterogeneous,20324,2500,0.020272329527980817,0.044844578749741085,1.0,1.0,0.21313691593573023,1.0,1.0,0.22473331858956605,1.0,1.0,0.3158729089303032,1.0,0.1905421193519847,1.0,0.19451575531175203
C_heterogeneous,20325,2500,0.0251614405269492,0.047718841712336806,1.0,1.0,0.21753422903855874,1.0,1.0,0.3196692381485974,1.0,1.0,0.5142589190724229,1.0,0.21856639915338905,1.0,0.22238390096329924
C_heterogeneous,20326,2500,0.021129524090039403,0.04876967445201992,1.0,1.0,0.23942929139435884,1.0,1.0,0.2482041181842348,1.0,1.0,0.3967488604991403,1.0,0.2378954238997922,1.0,0.2433632572960779
C_heterogeneous,20327,2500,0.01943248643550829,0.03923534812402071,1.0,1.0,0.16697638672483323,1.0,1.0,0.24110890144044816,1.0,1.0,0.4054818664930406,1.0,0.19119248108453152,1.0,0.19470075023752037
C_heterogeneous,20328,1500,0.02151361188809325,0.04468321641503814,1.0,1.0,0.18581009625518718,1.0,1.0,0.2191450052508362,1.0,1.0,0.35459651502354744,1.0,0.18704687564557124,1.0,0.20074140749694344
C_heterogeneous,20329,600,0.019609258599589986,0.03679479486730516,1.0,0.0,0.1588783437678656,1.0,0.0,0.23906107368852494,1.0,1.0,0.393581375333231,1.0,0.16930366635831845,0.0,0.21760422778280838
C_heterogeneous,20330,2500,0.01846803304694415,0.046709520923090095,1.0,1.0,0.1928580945948731,1.0,1.0,0.24798277476177638,1.0,1.0,0.32874760091880645,1.0,0.21978073973389586,1.0,0.2236338978247115
C_heterogeneous,20331,2500,0.01931493914074735,0.0372240044599763,1.0,1.0,0.16990571872468566,1.0,1.0,0.20527681917892435,1.0,1.0,0.32866017850639523,1.0,0.16320386702792183,1.0,0.16811821605697136
C_heterogeneous,20332,1500,0.022110963200332456,0.035474313096691655,1.0,0.0,0.17544720040409217,1.0,1.0,0.2580014899356516,1.0,1.0,0.39857499516747136,1.0,0.20220165084024408,1.0,0.21654936674181074
C_heterogeneous,20333,600,0.018128108542681307,0.04248790232191724,1.0,1.0,0.19649677162441487,1.0,1.0,0.23093953020738384,1.0,1.0,0.37398751206219594,1.0,0.1914902870952256,1.0,0.24359902602890626
C_heterogeneous,20334,1500,0.02053554386181594,0.039970322340972884,1.0,1.0,0.18528094033872922,1.0,1.0,0.27193557143299557,1.0,1.0,0.41647932378221064,1.0,0.1983724053858163,1.0,0.20857417144401422
C_heterogeneous,20335,600,0.01922757831442477,0.04281478651661065,1.0,1.0,0.19052835792079348,1.0,1.0,0.270648171383504,1.0,1.0,0.4017646504793406,1.0,0.2068286959065378,1.0,0.2425589026965466
C_heterogeneous,20336,600,0.018135163383184764,0.05179166225248823,1.0,1.0,0.22805049420206308,1.0,1.0,0.3133573137254869,1.0,1.0,0.4292873263200148,1.0,0.2574407696511047,1.0,0.3492964434439566
C_heterogeneous,20337,2500,0.01999137731737978,0.039648303114557554,1.0,1.0,0.1944040497247855,1.0,1.0,0.23012221210478087,1.0,1.0,0.3737753737598073,1.0,0.18816163587279933,1.0,0.19201767483250695
C_heterogeneous,20338,1500,0.023611745815565115,0.04729134136398962,1.0,1.0,0.1845687720164952,1.0,1.0,0.3425332741861973,1.0,1.0,0.447283080832012,1.0,0.2785986088245599,1.0,0.2863281059087984
C_heterogeneous,20339,600,0.017286548265821718,0.04091509735443668,1.0,1.0,0.1961351631260721,1.0,1.0,0.23533610330338606,1.0,1.0,0.37183285205669037,1.0,0.21890720685774703,1.0,0.3125532704101598
C_heterogeneous,20340,1500,0.018976928299095055,0.0408588863085122,1.0,1.0,0.1777152536376736,1.0,1.0,0.2400058181756637,1.0,1.0,0.363465901600561,1.0,0.19258921529033624,1.0,0.21042912478974438
C_heterogeneous,20341,1500,0.02057557155145192,0.045482937207338314,0.0,1.0,0.22766111909996659,1.0,1.0,0.2501403067875031,1.0,1.0,0.3073650026427523,0.0,0.18793528520441405,1.0,0.20846733919978652
C_heterogeneous,20342,600,0.020711610281027127,0.04061652299604328,0.0,0.0,0.17627527849942495,1.0,1.0,0.24809118331458838,1.0,1.0,0.3909250721590271,0.0,0.20380511544735397,1.0,0.22430575190452115
C_heterogeneous,20343,2500,0.01794695193055982,0.03745406149498424,1.0,1.0,0.16971183650944105,1.0,1.0,0.24424516005031824,1.0,1.0,0.420879521105075,1.0,0.2118078590318173,1.0,0.2152848779132087
C_heterogeneous,20344,2500,0.020872554954663138,0.04763644476773743,1.0,1.0,0.22912838391449694,1.0,1.0,0.2686127482142764,1.0,1.0,0.36326995718017097,1.0,0.2530218800862283,1.0,0.2571245760494522
C_heterogeneous,20345,1500,0.018273738303853784,0.04029354092391606,0.0,0.0,0.1895273606545002,0.0,0.0,0.2602674066369623,1.0,1.0,0.3983111882076258,0.0,0.22425055851982112,0.0,0.2339213864580068
C_heterogeneous,20346,600,0.021385854868012245,0.038515900406188165,1.0,1.0,0.18756519162469687,1.0,1.0,0.24058297991893335,1.0,1.0,0.3257237455660451,1.0,0.1788183920760899,1.0,0.25788668480330795
C_heterogeneous,20347,600,0.02304935667295989,0.043179824526997646,1.0,1.0,0.22376736961229787,1.0,1.0,0.3166555852546207,1.0,1.0,0.4469481932766991,1.0,0.24831691478441562,1.0,0.2781730226353765
C_heterogeneous,20348,1500,0.02229039308882191,0.040038322491459166,1.0,1.0,0.16450554321779248,1.0,1.0,0.22761657532410662,1.0,1.0,0.363615532350416,1.0,0.17093566094646367,1.0,0.18699876245554786
C_heterogeneous,20349,600,0.0201042401558753,0.03680130158420377,1.0,1.0,0.17207279718529062,1.0,1.0,0.2227267500474083,1.0,1.0,0.356644104768075,0.0,0.18557372836794456,1.0,0.30605783056295427
C_heterogeneous,20350,600,0.019822700205999792,0.04072515322829504,1.0,1.0,0.19678208653916082,1.0,1.0,0.2603266013390296,1.0,1.0,0.4168356171417414,1.0,0.20975110534391295,1.0,0.3091051381675884
C_heterogeneous,20351,1500,0.017381738990464433,0.03805550229570536,1.0,1.0,0.19491422672027706,1.0,1.0,0.230821881673052,1.0,1.0,0.3620628045436371,1.0,0.20550948320040288,1.0,0.22046824657190567
C_heterogeneous,20352,1500,0.02362221280078799,0.044570767452536644,1.0,1.0,0.20347007505693032,1.0,1.0,0.25560371794154324,1.0,1.0,0.3763229626549145,1.0,0.21291907161492044,1.0,0.21860546424358152
C_heterogeneous,20353,2500,0.019355170901151294,0.03889849535653432,1.0,1.0,0.15818817512417785,1.0,1.0,0.2866914018035537,1.0,1.0,0.3969513428131993,1.0,0.1786134506380375,1.0,0.18251639308167938
C_heterogeneous,20354,1500,0.024640282367022433,0.04952133213298636,1.0,1.0,0.2591905169539722,1.0,1.0,0.23520381534081372,1.0,1.0,0.4512611884478317,0.0,0.16904078788654625,1.0,0.17892184542380843
C_heterogeneous,20355,2500,0.026000402098342562,0.04226277367603719,1.0,1.0,0.19090303939885697,1.0,1.0,0.2488629660270109,1.0,1.0,0.4078195402298782,1.0,0.19965041187602767,1.0,0.20290636799618728
C_heterogeneous,20356,600,0.01845298450146808,0.04097117711684491,1.0,1.0,0.17791531602156274,1.0,1.0,0.23434090373478336,1.0,1.0,0.3793917593100133,1.0,0.19655495881119267,1.0,0.2949833043126196
C_heterogeneous,20357,600,0.021101756769912324,0.03785640769603574,1.0,1.0,0.1614413560080476,1.0,1.0,0.23747912276002311,1.0,1.0,0.3980049403295537,1.0,0.18223945672039407,1.0,0.2221377732274215
C_heterogeneous,20358,1500,0.025517894329971064,0.03969821509669342,1.0,1.0,0.1768174237513519,1.0,1.0,0.20735015656484138,1.0,1.0,0.3722616700710441,1.0,0.17431109733590736,1.0,0.18561745815907282
C_heterogeneous,20359,2500,0.01740223679824399,0.04609598297053955,1.0,0.0,0.20096145976781132,1.0,0.0,0.19363747902257494,1.0,1.0,0.3729802538027316,1.0,0.18777191538077226,0.0,0.1926380278630493
C_heterogeneous,20360,2500,0.019769719125762353,0.0380541997675304,1.0,1.0,0.17813240190705226,1.0,1.0,0.23681299570815068,1.0,1.0,0.37587090178089305,1.0,0.21511686802623506,1.0,0.21950770600658293
C_heterogeneous,20361,2500,0.020228611712793262,0.050552105339793575,1.0,1.0,0.19807886974919073,1.0,1.0,0.29027841624246725,1.0,1.0,0.42964091702179985,1.0,0.24426430770796878,1.0,0.24766670658974368
C_heterogeneous,20362,600,0.020099055901379274,0.044155265013277364,1.0,0.0,0.19125972972943509,1.0,0.0,0.24152372530993596,1.0,1.0,0.34584734570585346,1.0,0.20707783920924205,0.0,0.24170522273535405
C_heterogeneous,20363,600,0.019497738883434132,0.045781071129477324,1.0,1.0,0.20777987499165285,1.0,1.0,0.26129151962268826,1.0,1.0,0.39402528663628783,1.0,0.23800447801697205,1.0,0.2704904258793285
C_heterogeneous,20364,2500,0.02116034497734155,0.0418022257828809,1.0,1.0,0.1835188979379853,1.0,1.0,0.24572848391970536,1.0,1.0,0.4119551327125238,1.0,0.19014005120425892,1.0,0.1945791915077382
C_heterogeneous,20365,1500,0.02048141461770525,0.04384290704042799,1.0,1.0,0.20784250315993966,1.0,1.0,0.3187615507320325,1.0,1.0,0.4951090744520602,1.0,0.20029796100735756,1.0,0.2097287169675238
C_heterogeneous,20366,1500,0.021065737892995935,0.05088639967705601,1.0,1.0,0.20353251861500166,1.0,1.0,0.2728594691196087,1.0,1.0,0.44813276756272497,1.0,0.26862060876802557,1.0,0.2765193958145965
C_heterogeneous,20367,600,0.021579655577134985,0.035402534854796455,1.0,0.0,0.15191978556409322,1.0,1.0,0.2744766337616699,1.0,1.0,0.4075712540686373,1.0,0.1911936981118983,1.0,0.24289571632973894
C_heterogeneous,20368,1500,0.019689251197153496,0.038436537324106824,1.0,1.0,0.16445066780835796,1.0,1.0,0.27470530778935087,1.0,1.0,0.43858174223559365,1.0,0.23083629474493605,1.0,0.23929281243777253
C_heterogeneous,20369,2500,0.018958310386594186,0.03343040043846458,1.0,1.0,0.17577048294696124,1.0,1.0,0.17728543425380716,1.0,1.0,0.37069168531329855,1.0,0.1632415550616681,1.0,0.16812267328549577
C_heterogeneous,20370,600,0.018636923265675173,0.05116487389372606,1.0,1.0,0.20423227709909444,1.0,1.0,0.24121252922690295,1.0,1.0,0.34726131355316625,1.0,0.23225940706281317,1.0,0.2810491339232629
C_heterogeneous,20371,600,0.021041187265628297,0.039467238074069336,1.0,1.0,0.15296099894164036,1.0,1.0,0.22743141414186452,1.0,1.0,0.3788314864955038,1.0,0.17760261020103857,1.0,0.2121104899809832
C_heterogeneous,20372,2500,0.021310833073491565,0.04226565590429326,1.0,1.0,0.19282000353779263,1.0,1.0,0.23763946975147024,1.0,1.0,0.4139965502016393,1.0,0.22359771541899848,1.0,0.22850095109037052
C_heterogeneous,20373,2500,0.016036092684780328,0.044345712347382736,1.0,1.0,0.20692867722600497,1.0,1.0,0.25480155128251775,1.0,1.0,0.3566741287646704,1.0,0.2125584713218434,1.0,0.21588569724659204
C_heterogeneous,20374,1500,0.018852335687725146,0.04328405554562258,1.0,1.0,0.18522898762863396,1.0,1.0,0.2716669542569027,1.0,1.0,0.39334127266222657,1.0,0.2151415297917648,1.0,0.2220226605359427
C_heterogeneous,20375,1500,0.020198636884774985,0.03861724871292966,1.0,1.0,0.16332578993639263,1.0,1.0,0.2292335307289755,1.0,1.0,0.3812121243174519,1.0,0.18179160423532192,1.0,0.19530208672044633
C_heterogeneous,20376,1500,0.017428662991810805,0.04947996621110592,1.0,1.0,0.20572360994682995,1.0,1.0,0.23257138466971083,1.0,1.0,0.39610126302657306,1.0,0.22192401319276872,1.0,0.2303813346833799
C_heterogeneous,20377,1500,0.019916953088407276,0.0410836830124436,1.0,1.0,0.1792545343393337,1.0,1.0,0.24038180825380503,1.0,1.0,0.3972283025306912,1.0,0.21316474506593036,1.0,0.22558666795371113
C_heterogeneous,20378,600,0.022295919560120288,0.04453753012135649,1.0,0.0,0.1817486454024349,1.0,1.0,0.3052596340087054,1.0,1.0,0.4390033469920698,1.0,0.21503516725096966,1.0,0.23817114043218873
C_heterogeneous,20379,2500,0.021519847150413114,0.03807756346637285,0.0,0.0,0.16114288743458532,1.0,1.0,0.2084228875398916,1.0,1.0,0.3434727364075291,1.0,0.17087949974591563,1.0,0.1760519981214388
C_heterogeneous,20380,1500,0.022970789538984546,0.03426322468643086,1.0,0.0,0.152781810228292,1.0,1.0,0.3198114444446644,1.0,1.0,0.4591013748605465,1.0,0.23854730850979688,1.0,0.250434770936734
C_heterogeneous,20381,1500,0.02056785731066581,0.046870987791361673,0.0,0.0,0.2182834495682478,1.0,1.0,0.2837188115451797,1.0,1.0,0.39874163987455064,0.0,0.2620854897018893,1.0,0.2698025724498835
C_heterogeneous,20382,600,0.019998263514424828,0.04506921334834596,1.0,1.0,0.207278404279245,1.0,1.0,0.23265838486553223,1.0,1.0,0.3763234672346513,1.0,0.1919300405386627,1.0,0.3497260743037943
C_heterogeneous,20383,1500,0.02168223589071794,0.03949007319202287,0.0,0.0,0.17702064364716347,0.0,0.0,0.2640918081939615,1.0,1.0,0.3626207005082009,0.0,0.19217336310205035,0.0,0.21003130345095694
C_heterogeneous,20384,2500,0.02339236722253172,0.04023234486562844,1.0,1.0,0.18948141134890614,1.0,1.0,0.28295500607180807,1.0,1.0,0.43038821145791883,1.0,0.19802375554511795,1.0,0.2034544117308828
C_heterogeneous,20385,2500,0.020453068897288207,0.04564718544652156,1.0,1.0,0.20678558976601846,1.0,1.0,0.3083578399703434,1.0,1.0,0.4413505855969473,1.0,0.27300610634513267,1.0,0.2763611712375331
C_heterogeneous,20386,1500,0.02254711271057615,0.04365252944361458,1.0,1.0,0.20127778844480543,1.0,1.0,0.26537465376929215,1.0,1.0,0.4214030976121821,1.0,0.21258321341741082,1.0,0.2243083756204244
C_heterogeneous,20387,2500,0.020359169890375155,0.04516463805795416,1.0,1.0,0.19427440540951416,1.0,1.0,0.26631979418861296,1.0,1.0,0.3432345114700816,1.0,0.24339446155738279,1.0,0.24744818133351854
C_heterogeneous,20388,2500,0.02459155184960289,0.042100666871038014,1.0,1.0,0.18237051365799303,1.0,1.0,0.2322003861468085,1.0,1.0,0.4014660231981343,1.0,0.19136562490405512,1.0,0.1988063561049129
C_heterogeneous,20389,600,0.022857836338221246,0.03922738029336899,1.0,0.0,0.19083503101932495,1.0,1.0,0.29894385316683375,1.0,1.0,0.41242825614561973,1.0,0.20476099401482273,1.0,0.3007693245684792
C_heterogeneous,20390,600,0.019499998758572938,0.044935084648425695,1.0,1.0,0.1916462765731373,1.0,1.0,0.21218408634618702,1.0,1.0,0.3103924751527313,1.0,0.1892370343393715,1.0,0.2562404280511052
C_heterogeneous,20391,1500,0.018987908784902134,0.039416085558641026,0.0,0.0,0.16522169310657145,1.0,0.0,0.22658762933158966,1.0,1.0,0.35174378721916355,0.0,0.19075159407746872,0.0,0.20391069596948647
C_heterogeneous,20392,2500,0.02178470942545152,0.03972099575388167,1.0,1.0,0.1654491635890072,1.0,1.0,0.2679074547944969,1.0,1.0,0.3912976329491219,1.0,0.19752331987439145,1.0,0.20149590386179694
C_heterogeneous,20393,600,0.019613654029610125,0.044280282625895784,1.0,1.0,0.22815114868906824,1.0,1.0,0.2364177475696681,1.0,1.0,0.3756483537894975,1.0,0.19989948974995517,1.0,0.25404909358637834
C_heterogeneous,20394,2500,0.017629339878361357,0.041352022569978525,1.0,1.0,0.22195800769292653,1.0,1.0,0.24601123120482615,1.0,1.0,0.3672825958078866,1.0,0.1963520841771285,1.0,0.2003677483159679
C_heterogeneous,20395,600,0.023832680100841837,0.036479978400606135,0.0,0.0,0.14795212584290046,1.0,0.0,0.26177379859902183,1.0,1.0,0.41426192308598564,0.0,0.1707102603182213,0.0,0.23263304318212255
C_heterogeneous,20396,2500,0.021038450118949607,0.04362062639927878,1.0,1.0,0.19701580764657028,1.0,1.0,0.17692081949460384,1.0,1.0,0.38161922676643223,1.0,0.13783334305965972,1.0,0.14297919943132226
C_heterogeneous,20397,1500,0.020585928132218507,0.048250473242442714,1.0,1.0,0.2180551253966231,1.0,1.0,0.23233935084257062,1.0,1.0,0.36653796053935206,1.0,0.18778748231588144,1.0,0.19887461536554746
C_heterogeneous,20398,1500,0.02046504709179335,0.042177521271079634,1.0,1.0,0.19868325606092097,1.0,1.0,0.23760702598610456,1.0,1.0,0.36651256685694217,1.0,0.18714624202698482,1.0,0.2009067495225362
C_heterogeneous,20399,1500,0.023849431069901467,0.03349235979409969,1.0,1.0,0.16597507190490188,1.0,1.0,0.24103071440483168,1.0,1.0,0.41278199100518725,1.0,0.1669570983355087,1.0,0.17358253486808847
C_heterogeneous,20400,600,0.020234892573055895,0.048254839417658554,1.0,1.0,0.21223517556852944,1.0,1.0,0.25867676178640947,1.0,1.0,0.39310448104406504,1.0,0.22159880118250683,1.0,0.2771727667972751
C_heterogeneous,20401,2500,0.02223081245999511,0.04890584859417638,1.0,1.0,0.22604506335944952,1.0,1.0,0.26695618649671327,1.0,1.0,0.39072212121137095,1.0,0.22256086546850168,1.0,0.22664066846698572
C_heterogeneous,20402,1500,0.02237901577445344,0.042637203821968554,0.0,0.0,0.18121413942325898,1.0,0.0,0.2820856479805025,1.0,1.0,0.49302735390510594,0.0,0.23786257519657852,0.0,0.24667370798115867
C_heterogeneous,20403,600,0.022964271864920484,0.04470153905140657,1.0,1.0,0.22687230358019125,1.0,1.0,0.26088355181901013,1.0,1.0,0.42186361610093626,1.0,0.23861864728958926,1.0,0.26716293559246546
C_heterogeneous,20404,1500,0.024396489334210614,0.045159737261571756,1.0,1.0,0.20191262323813725,1.0,1.0,0.34370337352066516,1.0,1.0,0.44286750493195737,1.0,0.19400657227915205,1.0,0.2037215440079499
C_heterogeneous,20405,2500,0.0183627446037189,0.04285777484198301,1.0,1.0,0.1779742215182644,1.0,1.0,0.21495235415620564,1.0,1.0,0.35115375435352014,1.0,0.18062126148628366,1.0,0.18357330584588055
C_heterogeneous,20406,600,0.019763586186267626,0.041202356997412815,1.0,1.0,0.19076618016447672,1.0,1.0,0.20405988836391642,1.0,1.0,0.41167888356635746,1.0,0.18921911636575905,1.0,0.23490563219025318
C_heterogeneous,20407,2500,0.019918365051786555,0.04221148324252384,1.0,1.0,0.2124556607498247,1.0,1.0,0.24729368722305062,1.0,1.0,0.43427023952191196,1.0,0.21884934369977066,1.0,0.22431066518545384
C_heterogeneous,20408,1500,0.01774084332246822,0.042360796074345994,1.0,1.0,0.17257342633550182,1.0,1.0,0.22478111456765468,1.0,1.0,0.358028107827719,1.0,0.2140478169616352,1.0,0.2224865608157404
C_heterogeneous,20409,2500,0.02345095474317887,0.04655988982212424,1.0,1.0,0.19737254410573493,1.0,1.0,0.2818547218733737,1.0,1.0,0.40338278940153616,1.0,0.23098079499872615,1.0,0.23607853298960807
C_heterogeneous,20410,2500,0.019772895227173407,0.036532437930465726,0.0,0.0,0.15571178315609982,1.0,1.0,0.2346619040011546,1.0,1.0,0.3664488037696825,0.0,0.14378705514912718,0.0,0.14756519703973978
C_heterogeneous,20411,2500,0.020503927361533666,0.04145745905735487,1.0,1.0,0.1951497969467158,1.0,1.0,0.21424226642362068,1.0,1.0,0.2959932402316938,1.0,0.19479183116217053,1.0,0.2007044827936494
C_heterogeneous,20412,600,0.020619787341729222,0.045066540783987065,1.0,1.0,0.16662394032666178,1.0,1.0,0.26794034453739946,1.0,1.0,0.39903181586971925,1.0,0.24574102183025098,1.0,0.42770423380362094
C_heterogeneous,20413,1500,0.018807268029697857,0.04352776875039199,1.0,1.0,0.20895220545966958,1.0,1.0,0.21057975156128078,1.0,1.0,0.3641541302496156,1.0,0.20508547278802372,1.0,0.21569506543408656
C_heterogeneous,20414,1500,0.01836273240070935,0.043292941837627094,1.0,1.0,0.19605931230659723,1.0,1.0,0.2594172601539681,1.0,1.0,0.4162472377068944,1.0,0.22927493494252635,1.0,0.23818458330137632
C_heterogeneous,20415,1500,0.02122935798258222,0.0439235497315378,1.0,1.0,0.1872335423376844,1.0,1.0,0.27833514579473395,1.0,1.0,0.4158896622232079,1.0,0.22418204669485053,1.0,0.23695738381537362
C_heterogeneous,20416,2500,0.018580340456844133,0.0411171604339028,1.0,1.0,0.16849126311365675,1.0,1.0,0.24346530542680603,1.0,1.0,0.32097047162949577,1.0,0.227082762512493,1.0,0.23215911504160439
C_heterogeneous,20417,1500,0.021113967922942324,0.04860783135115315,1.0,1.0,0.2257864448220331,1.0,1.0,0.2931216969778706,1.0,1.0,0.40835212109019947,1.0,0.2229893588699487,1.0,0.23307911253938327
C_heterogeneous,20418,2500,0.019152214032928563,0.0341643807052054,1.0,1.0,0.15895253749825572,1.0,1.0,0.19781661009218693,1.0,1.0,0.3516862979576955,1.0,0.15900576262627833,1.0,0.16492261628375054
C_heterogeneous,20419,1500,0.017691758303117838,0.04152006871173185,1.0,1.0,0.21239018564349488,1.0,1.0,0.23725803699394304,1.0,1.0,0.3910816717004736,1.0,0.1922093961511904,1.0,0.2058574187346074
C_heterogeneous,20420,600,0.020791782324085673,0.035295242755017456,1.0,1.0,0.15830853718283358,1.0,1.0,0.2586610619578713,1.0,1.0,0.4092269498788803,1.0,0.1645498376434379,1.0,0.2963233331690154
C_heterogeneous,20421,600,0.023807910757536292,0.04010323037444925,1.0,0.0,0.1938266379320425,1.0,0.0,0.2703371841647073,1.0,1.0,0.46894683170688917,1.0,0.18003460963684503,0.0,0.20518328993659077
C_heterogeneous,20422,600,0.021549071913531954,0.042137246347233245,1.0,1.0,0.19901173517076345,1.0,1.0,0.31010715546007905,1.0,1.0,0.5197964565855597,1.0,0.21333345980364743,1.0,0.27818935831226843
C_heterogeneous,20423,600,0.021002200923935406,0.04245463813210316,1.0,0.0,0.19824692681879125,1.0,0.0,0.2285803803018756,1.0,1.0,0.40304376498948286,1.0,0.17923207838536803,1.0,0.2695760230063832
C_heterogeneous,20424,600,0.02499885193507865,0.03929055144967314,1.0,1.0,0.18200296856720993,1.0,1.0,0.23539327682874953,1.0,1.0,0.41180136201321577,1.0,0.15384535960187062,1.0,0.18656832972533527
C_heterogeneous,20425,1500,0.0212637759299694,0.04469354039078128,1.0,1.0,0.18928438374747178,1.0,1.0,0.2594093351498194,1.0,1.0,0.3737978823108122,1.0,0.2359713909908469,1.0,0.25625895643848484
C_heterogeneous,20426,2500,0.019220480953908766,0.04163274796131102,1.0,1.0,0.19836261538043573,1.0,1.0,0.24809536044085528,1.0,1.0,0.3671712359920255,1.0,0.22375893417214873,1.0,0.22757567216767174
C_heterogeneous,20427,600,0.02029081913309309,0.03368109510276934,1.0,1.0,0.1568658153086714,1.0,1.0,0.21644116891702797,1.0,1.0,0.3889036650011904,1.0,0.1657329842138917,1.0,0.2945672340507956
C_heterogeneous,20428,1500,0.0204510881540705,0.03800795779193357,0.0,0.0,0.16811617231191264,0.0,1.0,0.21908510220962576,1.0,1.0,0.35900704897717334,0.0,0.18007432396132497,0.0,0.19305705896266506
C_heterogeneous,20429,600,0.01901897568403868,0.03374644163514938,1.0,1.0,0.18013052944403193,1.0,1.0,0.20933004789772994,1.0,1.0,0.3863093612649052,1.0,0.17773974915871563,1.0,0.2235633297002943
C_heterogeneous,20430,2500,0.019406191228628265,0.03348508345735473,0.0,0.0,0.14291200133505505,1.0,1.0,0.18874440974792417,1.0,1.0,0.357340586628382,0.0,0.14848595623169172,0.0,0.15393144411006363
C_heterogeneous,20431,1500,0.019934999489726532,0.038510361909312875,1.0,1.0,0.17114728104674304,1.0,1.0,0.2476616089380316,1.0,1.0,0.33639182950117236,1.0,0.18109294890131739,1.0,0.19096793359652436
C_heterogeneous,20432,1500,0.01827978480012614,0.04479359546806187,1.0,1.0,0.22454409304676354,1.0,1.0,0.22726294640777503,1.0,1.0,0.36288065538794306,1.0,0.21472492541331087,1.0,0.2251570127803518
C_heterogeneous,20433,600,0.023206174639382744,0.0462025347851339,1.0,1.0,0.21924840896402858,1.0,1.0,0.27132554373650936,1.0,1.0,0.48318099238626677,1.0,0.18782992639791302,1.0,0.2526985706360473
C_heterogeneous,20434,600,0.01926880330109599,0.047491298086466925,1.0,0.0,0.23365651362610995,1.0,0.0,0.24257914014508403,1.0,0.0,0.3485198841209319,1.0,0.2225250046910428,1.0,0.47302285381789727
C_heterogeneous,20435,1500,0.018458723420582992,0.03949189964248614,1.0,1.0,0.18633127672839575,1.0,1.0,0.18864006098436042,1.0,1.0,0.3491715214269112,1.0,0.17812143413112005,1.0,0.19030075987485467
C_heterogeneous,20436,1500,0.02063899855705734,0.0459226334434273,1.0,1.0,0.1968837751949473,1.0,1.0,0.2703115929823242,1.0,1.0,0.39530392502286704,1.0,0.2119204490728684,1.0,0.21973950232734613
C_heterogeneous,20437,600,0.022680282443888415,0.03870468356627269,0.0,0.0,0.19633077347954836,0.0,1.0,0.2489658190544554,1.0,1.0,0.4067471478473097,0.0,0.23702211721422417,1.0,0.3371065492380333
C_heterogeneous,20438,1500,0.021888398395020506,0.035397816350408326,1.0,1.0,0.16366371625571324,1.0,1.0,0.2070908593830969,1.0,1.0,0.3434513820630844,1.0,0.17697849337493424,1.0,0.19259827685608316
C_heterogeneous,20439,1500,0.019101522645136045,0.03885888833027003,1.0,1.0,0.17296752618415143,1.0,1.0,0.2381710187074836,1.0,1.0,0.3343634806148493,1.0,0.19152801640336184,1.0,0.20531090928278065
C_heterogeneous,20440,600,0.01955112594259785,0.04612974354158359,1.0,1.0,0.20628128236114796,1.0,1.0,0.2208506340012339,1.0,1.0,0.3452657754933661,0.0,0.20989362352672902,1.0,0.25138451324164174
C_heterogeneous,20441,2500,0.021045612948490933,0.04367746239389588,1.0,1.0,0.17607024560458417,1.0,1.0,0.209102557594589,1.0,1.0,0.3879425349184507,1.0,0.17516749723066324,1.0,0.18067921156234987
C_heterogeneous,20442,2500,0.017071292394969427,0.03659329582156486,1.0,1.0,0.15358261526010428,1.0,1.0,0.16617878384533888,1.0,1.0,0.35482389694332256,1.0,0.18062764488506616,1.0,0.1902628145909955
C_heterogeneous,20443,1500,0.020050773789522004,0.044680277919966586,1.0,1.0,0.17030331581235658,1.0,1.0,0.22748880989287343,1.0,1.0,0.37539785733565584,1.0,0.19956350836702644,1.0,0.21042983955125766
C_heterogeneous,20444,1500,0.021137551925712494,0.04538677607977778,1.0,1.0,0.1971872631454929,1.0,1.0,0.2523958595074071,1.0,1.0,0.3752377503425929,1.0,0.20253191772671336,1.0,0.20879735919971526
C_heterogeneous,20445,2500,0.01839564454086507,0.0487499734732513,1.0,1.0,0.23477660838135567,1.0,1.0,0.28942952680226125,1.0,1.0,0.43469271337691673,1.0,0.24492845285581658,1.0,0.248338011392624
C_heterogeneous,20446,600,0.019288127738973565,0.04033093572948511,1.0,0.0,0.20011728293854877,1.0,1.0,0.20487230699064768,1.0,1.0,0.4172387498267717,1.0,0.20492378787361218,1.0,0.29057828966611465
C_heterogeneous,20447,2500,0.01949279618312158,0.04533016748456816,1.0,1.0,0.19585286808992822,1.0,1.0,0.2340914180776979,1.0,1.0,0.401993795681697,1.0,0.21930270624138593,1.0,0.2229871268685045
C_heterogeneous,20448,600,0.017617381383085273,0.04217615407314419,1.0,1.0,0.19946034940950366,1.0,1.0,0.2353973598447629,1.0,1.0,0.3961911225515166,1.0,0.22151290296512266,1.0,0.2884544238975445
C_heterogeneous,20449,2500,0.01858090235569836,0.04988005671716989,1.0,1.0,0.19650699858432158,1.0,1.0,0.23077744384878032,1.0,1.0,0.35097634814590156,1.0,0.22212698253158022,1.0,0.22543727425305998
C_heterogeneous,20450,1500,0.022084949315377585,0.03156056227775981,1.0,1.0,0.11312863468610523,1.0,1.0,0.188669179757413,1.0,1.0,0.3482705618747527,1.0,0.1349092132382439,1.0,0.14820919141603142
C_heterogeneous,20451,1500,0.016629766084397098,0.0383635113659344,1.0,1.0,0.16575449912302093,1.0,1.0,0.19359280605818396,1.0,1.0,0.32774022138665443,1.0,0.1811295889873062,1.0,0.19455973834372747
C_heterogeneous,20452,2500,0.02278762745370638,0.046507770630214676,1.0,1.0,0.2216417382968357,1.0,1.0,0.3075736219051672,1.0,1.0,0.44028048211162324,1.0,0.229118508661609,1.0,0.23277495879964807
C_heterogeneous,20453,600,0.024067650890803313,0.03238362904914603,1.0,1.0,0.14718299125961049,1.0,1.0,0.21975477629429313,1.0,1.0,0.3862208133567647,1.0,0.13292172600222688,1.0,0.19153119814750147
C_heterogeneous,20454,600,0.01771697594313357,0.04170325025668971,0.0,0.0,0.1856173450708553,1.0,0.0,0.271689547831768,1.0,0.0,0.41954084169957834,0.0,0.20268398430590295,0.0,0.25077824878185717
C_heterogeneous,20455,2500,0.02551887033224901,0.040004240894192945,0.0,0.0,0.1686671427666128,1.0,1.0,0.27443775535627324,1.0,1.0,0.44434795184022946,0.0,0.17239508519846325,0.0,0.177765672055539
C_heterogeneous,20456,1500,0.0247189617288995,0.040417893533745405,1.0,0.0,0.15862563333864282,1.0,1.0,0.2763023092871923,1.0,1.0,0.420503457596286,1.0,0.20677290121355538,0.0,0.21311311979751774
C_heterogeneous,20457,600,0.015879638927469755,0.039824265155486996,1.0,1.0,0.20205014687370407,1.0,1.0,0.2643973822231791,1.0,1.0,0.36661278788270435,1.0,0.22248712986508307,1.0,0.293741768358181
C_heterogeneous,20458,600,0.021408570628238366,0.04781957277198933,1.0,0.0,0.23695485024912574,1.0,1.0,0.29633506442544155,1.0,1.0,0.4040000186992615,1.0,0.21416017397275194,1.0,0.25134728450453936
C_heterogeneous,20459,2500,0.02009542926568619,0.04534217482485419,1.0,1.0,0.20977719414356577,1.0,1.0,0.24252068600319396,1.0,1.0,0.3345901693085835,1.0,0.19568693341866478,1.0,0.19933114546886185
C_heterogeneous,20460,600,0.02001349479659516,0.04336434422986777,1.0,1.0,0.17299861285945728,1.0,1.0,0.2755969370116723,1.0,1.0,0.37324926786214185,1.0,0.20953618331917995,1.0,0.29057379363308933
C_heterogeneous,20461,2500,0.02562480037900793,0.037938209916429586,1.0,1.0,0.16849050245443,1.0,1.0,0.2192854480727739,1.0,1.0,0.46104829817625675,1.0,0.18473933081513494,1.0,0.1888081142708851
C_heterogeneous,20462,600,0.01984370226122339,0.04091807483969834,1.0,1.0,0.2020536141211359,1.0,1.0,0.22734807769353305,1.0,1.0,0.36957730326047716,1.0,0.20968715181249903,1.0,0.2834144508552487
C_heterogeneous,20463,600,0.017032370532652004,0.03944792122172114,1.0,1.0,0.16915063964615742,1.0,1.0,0.24757446676778896,1.0,1.0,0.358272484798919,1.0,0.22733206329528385,1.0,0.28849328565415433
C_heterogeneous,20464,600,0.019082857803499345,0.04350651440594649,1.0,1.0,0.23922991353540315,1.0,1.0,0.2345084751467504,1.0,1.0,0.3633625978668077,1.0,0.2067226309807367,1.0,0.3248332299814939
C_heterogeneous,20465,600,0.020679032912884792,0.04729080956745798,1.0,1.0,0.22536027893887764,1.0,1.0,0.2989225146342006,1.0,1.0,0.4361697675990027,1.0,0.21257576483873733,1.0,0.30802928892870607
C_heterogeneous,20466,1500,0.021143896910290404,0.03809302704388884,0.0,0.0,0.1871611601447041,0.0,0.0,0.22718834552674866,1.0,0.0,0.403688480666605,0.0,0.1877452250346983,0.0,0.20022206761400768
C_heterogeneous,20467,1500,0.023364340079427837,0.03346285670732712,1.0,1.0,0.1543743554726402,1.0,1.0,0.20530926123285004,1.0,1.0,0.40682631491453003,1.0,0.14915380469756007,1.0,0.1584586369362941
C_heterogeneous,20468,1500,0.021666556799499737,0.049252226448613746,1.0,1.0,0.20654944261189642,1.0,1.0,0.23496966336076067,1.0,1.0,0.4179143273223035,1.0,0.22807117775034852,1.0,0.23931993015432657
C_heterogeneous,20469,2500,0.020293993597758225,0.03491110299150839,1.0,1.0,0.16097227230748704,1.0,1.0,0.20766923582003227,1.0,1.0,0.4208827859552359,0.0,0.16232693796941836,0.0,0.1702236736244961
C_heterogeneous,20470,2500,0.022531610259811524,0.041279833444796354,1.0,1.0,0.22865132668816218,1.0,1.0,0.2706678405371598,1.0,1.0,0.3876926407940829,1.0,0.20374492754193368,1.0,0.20919823412412458
C_heterogeneous,20471,1500,0.022371509813910635,0.043070839034222555,1.0,1.0,0.18511654722679013,1.0,1.0,0.2245365006424349,1.0,1.0,0.3753090680068992,1.0,0.18797506281427484,1.0,0.19684654864830642
C_heterogeneous,20472,2500,0.018439760787134715,0.04029208552245914,0.0,1.0,0.17372225110558187,1.0,1.0,0.21402868991210014,1.0,1.0,0.29131121113972896,1.0,0.18573453782305596,1.0,0.18890437377472144
C_heterogeneous,20473,600,0.02413156354284255,0.04324448817528455,1.0,0.0,0.17947047372198993,1.0,1.0,0.30422913581785505,1.0,1.0,0.39490125162472023,1.0,0.1900617471246661,1.0,0.2605803144837398
C_heterogeneous,20474,2500,0.020241755142961528,0.04767687889753075,1.0,1.0,0.21374981803906817,1.0,1.0,0.25772926843223243,1.0,1.0,0.3799216493167942,1.0,0.2110167976347586,1.0,0.21459423711309347
C_heterogeneous,20475,2500,0.019337162469457027,0.0349588431438055,1.0,1.0,0.18153947507645335,1.0,1.0,0.23634465646855177,1.0,1.0,0.3256013298540146,1.0,0.2021516948070449,1.0,0.20726501950833462
C_heterogeneous,20476,1500,0.019775175345252145,0.04163899763651905,0.0,0.0,0.2023125128644247,0.0,0.0,0.22462188657115884,1.0,1.0,0.3607279240147686,0.0,0.21236325051860008,0.0,0.22234971293382078
C_heterogeneous,20477,600,0.02114614954658171,0.04220990095316389,1.0,1.0,0.19172364353369062,1.0,1.0,0.22963256752752725,1.0,1.0,0.3751804086518299,1.0,0.17371353933942607,0.0,0.2029639160935793
C_heterogeneous,20478,600,0.024485809226498602,0.0421796281132244,1.0,1.0,0.20102951548879014,1.0,1.0,0.29681291243197194,1.0,1.0,0.46894534432219387,1.0,0.17666374602006618,1.0,0.23496999871687524
C_heterogeneous,20479,1500,0.01841094961058021,0.042355415351696075,1.0,1.0,0.23260366343925937,1.0,1.0,0.23369441157267667,1.0,1.0,0.3645033398195107,1.0,0.20210129928667014,1.0,0.21454750293391892
C_heterogeneous,20480,2500,0.01890470648915057,0.04159042645570703,1.0,1.0,0.18389982145333106,1.0,1.0,0.21141852069380523,1.0,1.0,0.34030879275229997,1.0,0.1841078750193339,1.0,0.18969860781467168
C_heterogeneous,20481,600,0.022841079179623528,0.04731890310279001,1.0,1.0,0.17102607631225086,1.0,1.0,0.2662328559532182,1.0,1.0,0.4275772954164544,1.0,0.2344857313573953,1.0,0.31635167128553787
C_heterogeneous,20482,2500,0.02003511437169933,0.04513628183122308,1.0,1.0,0.2297747132801698,1.0,1.0,0.24795469745683435,1.0,1.0,0.36468661473438935,1.0,0.20715184505980577,1.0,0.21194846478569224
C_heterogeneous,20483,2500,0.018258583616714383,0.0387124377967886,0.0,0.0,0.17628640231173603,1.0,1.0,0.20504443053670748,1.0,1.0,0.31424545790697495,0.0,0.1730176736774094,1.0,0.1784451568462872
C_heterogeneous,20484,2500,0.021865233070731342,0.042434017411684295,1.0,1.0,0.19884098317904725,1.0,1.0,0.24045884103633544,1.0,1.0,0.34798698800231276,1.0,0.2153337432265062,1.0,0.21909145298390528
C_heterogeneous,20485,1500,0.023205553104863358,0.044376330163095876,1.0,1.0,0.21099047727891196,1.0,1.0,0.26905222776861265,1.0,1.0,0.4128290354288372,1.0,0.24947218554319397,1.0,0.25853438165857223
C_heterogeneous,20486,600,0.019975325779184025,0.03461308418650701,0.0,0.0,0.14340579594021943,1.0,1.0,0.19118949367462162,1.0,1.0,0.339001191564931,0.0,0.16063164419386483,1.0,0.26201813944358465
C_heterogeneous,20487,1500,0.017953971993464733,0.03725563783482212,1.0,1.0,0.1511387295229493,1.0,1.0,0.2584089972884249,1.0,1.0,0.36905972504518003,1.0,0.20282932133492668,1.0,0.2111021137104523
C_heterogeneous,20488,600,0.018186179274725576,0.04046796200354601,1.0,1.0,0.21423245226118565,1.0,1.0,0.24095873985087427,1.0,1.0,0.41034524680613826,1.0,0.2226368305607922,1.0,0.2808467914805514
C_heterogeneous,20489,2500,0.023537955003783768,0.044799083263271845,1.0,1.0,0.18374968459086233,1.0,1.0,0.3335937629038757,1.0,1.0,0.510088837524221,1.0,0.24144938613979267,1.0,0.2432827833837591
C_heterogeneous,20490,1500,0.01821458539139211,0.03978505238870791,1.0,1.0,0.19111017799891034,1.0,1.0,0.21522475679988,1.0,1.0,0.2981935637189289,1.0,0.18573600228606302,1.0,0.19933828894596045
C_heterogeneous,20491,600,0.02216913157464051,0.03580227724052687,0.0,1.0,0.16022911673908885,1.0,1.0,0.2607154868049496,1.0,1.0,0.4246233771089701,1.0,0.17874317158628783,1.0,0.23457007189304163
C_heterogeneous,20492,2500,0.018679526988175137,0.041892469225423556,0.0,0.0,0.18823830905766967,1.0,1.0,0.2385413002383559,1.0,1.0,0.38449138136968414,0.0,0.20855477491150673,0.0,0.21325082645185364
C_heterogeneous,20493,2500,0.020519173616183658,0.04588203407976924,1.0,1.0,0.20039254921769398,1.0,1.0,0.25093825915690815,1.0,1.0,0.42713949689357494,1.0,0.24471526643792446,1.0,0.24835296381946245
C_heterogeneous,20494,1500,0.021751047951074576,0.038135978743870626,1.0,1.0,0.17741921277592682,1.0,1.0,0.2079607634895849,1.0,1.0,0.37092167466045295,1.0,0.14259463471329825,1.0,0.1542263093547008
C_heterogeneous,20495,2500,0.020427781806034297,0.04311783107176052,1.0,1.0,0.18104729290832705,1.0,1.0,0.24230666626291836,1.0,1.0,0.3786238117266194,1.0,0.18512137403595133,1.0,0.18908453052950364
C_heterogeneous,20496,2500,0.01961979367997407,0.04222353495838031,1.0,1.0,0.1917338934798328,1.0,1.0,0.2299612578846349,1.0,1.0,0.41667873280804113,0.0,0.19558346020304015,0.0,0.19873319472832612
C_heterogeneous,20497,1500,0.02174506410129536,0.04538460077420256,1.0,1.0,0.18192677799450166,1.0,1.0,0.2339184762120044,1.0,1.0,0.3653266263677623,1.0,0.22024009730948216,1.0,0.23084780191556514
C_heterogeneous,20498,2500,0.017744113239043388,0.040947951476116344,1.0,1.0,0.21050139722605737,1.0,1.0,0.23819498488145924,1.0,1.0,0.3405309060185431,1.0,0.22622853896105583,1.0,0.23086510840686003
C_heterogeneous,20499,600,0.021568211358430213,0.03977792664184936,1.0,0.0,0.17644438746631602,1.0,1.0,0.2573134256866366,1.0,1.0,0.43967746881674385,1.0,0.2196094198250008,1.0,0.247595864967621
D_small_shift,30000,1500,0.014242294368023795,0.014126507678485467,1.0,1.0,0.05953830430998238,1.0,1.0,0.11262228326504313,1.0,1.0,0.178317612878853,1.0,0.07271629908342864,1.0,0.09798036878263268
D_small_shift,30001,1500,0.0147587284801203,0.01270824994101396,1.0,0.0,0.05671359622931278,1.0,1.0,0.1056145432720087,1.0,1.0,0.18893644874888435,1.0,0.06553427629019493,1.0,0.11066221719984011
D_small_shift,30002,1500,0.014935679047251536,0.013105655672654638,1.0,0.0,0.050066688374714355,1.0,1.0,0.09892808064955014,1.0,1.0,0.1523272254498988,1.0,0.04712088924129559,1.0,0.06899460707060891
D_small_shift,30003,1500,0.014509537207425087,0.015573169202672469,1.0,1.0,0.08164024932651205,1.0,1.0,0.10441894834665319,1.0,1.0,0.19811516669099444,1.0,0.0658206198197335,1.0,0.08920658041563619
D_small_shift,30004,1500,0.014643455842340607,0.0139620274098333,1.0,1.0,0.06552138960015343,1.0,1.0,0.0970853835427368,1.0,1.0,0.1730260816429286,1.0,0.07219375032829538,1.0,0.10351473200799657
D_small_shift,30005,1500,0.0144825303481261,0.013280671324536664,0.0,0.0,0.06396135403872497,1.0,0.0,0.10266003052855563,1.0,1.0,0.17371738825274444,0.0,0.06265258178617925,0.0,0.08094358934410557
D_small_shift,30006,1500,0.014673526422885951,0.014773105458264654,1.0,0.0,0.06528399151298285,1.0,1.0,0.1154365659862346,1.0,1.0,0.1977778042491031,0.0,0.07472524005818182,1.0,0.10219641340917873
D_small_shift,30007,1500,0.013927044614776408,0.013642813105616686,1.0,0.0,0.06303099332997536,1.0,1.0,0.10608697778238123,1.0,1.0,0.18133511375541916,1.0,0.0778560193767249,1.0,0.10056808963824819
D_small_shift,30008,1500,0.013989569141023747,0.015682318380836786,1.0,0.0,0.07261251945515661,1.0,1.0,0.10791314309835025,1.0,1.0,0.1544651865884093,1.0,0.07960211404806036,1.0,0.10321441889518428
D_small_shift,30009,1500,0.014820523453736464,0.011639252905167756,1.0,1.0,0.052833661115396446,1.0,1.0,0.10128799399432317,1.0,1.0,0.18357563245700992,1.0,0.06383987295242596,1.0,0.08517382546253587
D_small_shift,30010,1500,0.014569152290587974,0.011983306013984186,1.0,1.0,0.05418180991299724,1.0,1.0,0.08468528096320892,1.0,1.0,0.1476854861616925,1.0,0.03985956510778434,1.0,0.08404367142502414
D_small_shift,30011,1500,0.014476489679743139,0.01450553939341882,1.0,0.0,0.060898017329027644,1.0,1.0,0.10188644470426193,1.0,1.0,0.19379150385473623,0.0,0.06953356038279301,0.0,0.09475449061958166
D_small_shift,30012,1500,0.014845442057800091,0.013689338225213163,1.0,1.0,0.05919527678383043,1.0,1.0,0.09318119763677239,1.0,1.0,0.1628356334104967,1.0,0.04628459966327397,1.0,0.08901495139989313
D_small_shift,30013,1500,0.014540399033525567,0.013337285862295864,0.0,0.0,0.06416549851835632,1.0,1.0,0.08984771720444387,1.0,1.0,0.15108147979768832,0.0,0.057509339291403186,1.0,0.08218183314334218
D_small_shift,30014,1500,0.01430096106183408,0.0158925068610258,1.0,0.0,0.08491345225475498,1.0,0.0,0.10843391447146071,1.0,1.0,0.1856040296481706,1.0,0.07472719627434499,1.0,0.09930257155554399
D_small_shift,30015,1500,0.014551352049015002,0.014891787055757028,1.0,1.0,0.0662680050033829,1.0,1.0,0.0929141523592104,1.0,1.0,0.16821318147831166,1.0,0.07103981317416361,1.0,0.09402799591712514
D_small_shift,30016,1500,0.01446036991204565,0.010314755049416898,1.0,0.0,0.03792456354704484,1.0,1.0,0.10213735077937916,1.0,1.0,0.1635303199532289,1.0,0.0538998340224772,1.0,0.0870632035599241
D_small_shift,30017,1500,0.01433909262809583,0.013579024852899376,0.0,0.0,0.06130274733938397,1.0,0.0,0.09626837429618898,1.0,1.0,0.1725183338480666,0.0,0.06054095913848647,0.0,0.10569138880309145
D_small_shift,30018,1500,0.014347424840184246,0.015190062790255521,0.0,1.0,0.07383772101951015,1.0,1.0,0.10941132559923228,1.0,1.0,0.1775596059560272,0.0,0.07477950920257419,1.0,0.09845679635252272
D_small_shift,30019,1500,0.01427277292021462,0.017201476744760955,1.0,1.0,0.0768767663551178,1.0,1.0,0.09191576758423772,1.0,1.0,0.16910952361684023,1.0,0.06861314653644304,1.0,0.0918577595835891
D_small_shift,30020,1500,0.014825263147507158,0.015843040342703466,1.0,0.0,0.07530635503524999,1.0,1.0,0.10648282663576147,1.0,1.0,0.17772840469584342,1.0,0.07104231686826107,1.0,0.09830405389663018
D_small_shift,30021,1500,0.015301237585154592,0.014009416615392737,1.0,1.0,0.06423196994187808,1.0,1.0,0.10054386349727892,1.0,1.0,0.20783834331991505,1.0,0.07126130770909259,1.0,0.12412113228524028
D_small_shift,30022,1500,0.014737713350968847,0.014277792909486461,1.0,0.0,0.05735656349768357,1.0,1.0,0.10554882803461893,1.0,1.0,0.16746424024099893,1.0,0.06612408842339887,1.0,0.09625658060575433
D_small_shift,30023,1500,0.014604067397362822,0.014250673661855413,1.0,1.0,0.06976288919426833,1.0,1.0,0.09139356121826199,1.0,1.0,0.17124124837308854,1.0,0.05682107261812587,1.0,0.08871205769414284
D_small_shift,30024,1500,0.014584308822710848,0.01638976793815317,1.0,1.0,0.06671408319658675,1.0,1.0,0.10564321702063902,1.0,1.0,0.18168710243524727,1.0,0.07478568525061949,1.0,0.1005190363635124
D_small_shift,30025,1500,0.01401777797525122,0.015341042426795034,1.0,1.0,0.07666588559753902,1.0,1.0,0.10974270886498041,1.0,1.0,0.18933241000763606,1.0,0.0801571341993068,1.0,0.10450146924011061
D_small_shift,30026,1500,0.014744581987417557,0.015227528939463369,1.0,1.0,0.07112409300869067,1.0,1.0,0.10982947928434458,1.0,1.0,0.1881993778657977,1.0,0.07513448254698665,1.0,0.09886351821238185
D_small_shift,30027,1500,0.014555207670254056,0.013633646197409957,0.0,0.0,0.06281861681562984,1.0,0.0,0.0921029480054068,1.0,1.0,0.16950654221886488,0.0,0.06112551186906412,0.0,0.08395941021244392
D_small_shift,30028,1500,0.014027555826445855,0.015605639792347336,1.0,1.0,0.06617622595597868,1.0,1.0,0.10533081186809341,1.0,1.0,0.18432196302894147,1.0,0.07215997760652591,1.0,0.11373753833868087
D_small_shift,30029,1500,0.014711761723704263,0.01359217075769587,0.0,0.0,0.05857338332169042,1.0,0.0,0.09762463600942976,1.0,1.0,0.1671915718434213,0.0,0.05521950729662541,1.0,0.09244870981512167
D_small_shift,30030,1500,0.014635954114518632,0.015010340361792324,1.0,0.0,0.06050534102495,1.0,0.0,0.1007961560431363,1.0,1.0,0.1654828698584531,0.0,0.05247379143964905,0.0,0.08882365265463146
D_small_shift,30031,1500,0.013973206516090719,0.011702695493846001,0.0,1.0,0.056697147522262,1.0,1.0,0.08264369408045961,1.0,1.0,0.15637499461282522,0.0,0.04617772022320042,1.0,0.09227874868131386
D_small_shift,30032,1500,0.014736171879420843,0.014933602260361606,1.0,0.0,0.06548972572079859,1.0,1.0,0.11202072141227022,1.0,1.0,0.19604169385056794,1.0,0.0680291985497068,1.0,0.08773068595417957
D_small_shift,30033,1500,0.014236819924613595,0.013941122325331826,1.0,1.0,0.06742635306180836,1.0,1.0,0.10051017076815438,1.0,1.0,0.15780207103739177,1.0,0.060244338026783126,1.0,0.08766480246950989
D_small_shift,30034,1500,0.014353510026060251,0.011022567256219083,1.0,1.0,0.044577743058323696,1.0,1.0,0.07428870617404522,1.0,1.0,0.1489874998692119,1.0,0.02136153878261149,1.0,0.08082510064187773
D_small_shift,30035,1500,0.015106826426404261,0.014330912279047408,1.0,1.0,0.0749925085369318,1.0,1.0,0.13959031636420643,1.0,1.0,0.20152186708788472,1.0,0.09221777061515671,1.0,0.118046315876453
D_small_shift,30036,1500,0.014313665796234989,0.014133995999754173,1.0,1.0,0.062380373164685976,1.0,1.0,0.09797365824242943,1.0,1.0,0.1755331075257925,1.0,0.0744657210472673,1.0,0.10010473672743739
D_small_shift,30037,1500,0.014368000577042014,0.014810206983502675,1.0,0.0,0.06642383789605857,1.0,1.0,0.11897901674349334,1.0,1.0,0.18720678780326167,1.0,0.08529155987395917,1.0,0.11658934561146306
D_small_shift,30038,1500,0.014996315338338333,0.014318156511540775,1.0,0.0,0.059225923152991265,1.0,1.0,0.0931776423854094,1.0,1.0,0.17152073263742762,1.0,0.05585162998822889,1.0,0.09464223399368013
D_small_shift,30039,1500,0.014083138192427909,0.014723635140342032,1.0,0.0,0.05826992422126189,1.0,1.0,0.11603141535986547,1.0,1.0,0.19713593712787847,1.0,0.06473209258551196,1.0,0.08912299031147844
D_small_shift,30040,1500,0.014643716987585043,0.012783761894504152,1.0,0.0,0.06830884827363394,1.0,1.0,0.0978446882900326,1.0,1.0,0.1674351689341676,1.0,0.06243630526721573,1.0,0.0957359698466989
D_small_shift,30041,1500,0.014495787165303418,0.01377536216544679,1.0,1.0,0.05839592788189315,1.0,1.0,0.10558145918921018,1.0,1.0,0.18433749227163085,1.0,0.07081874954659773,1.0,0.08886894555368269
D_small_shift,30042,1500,0.01450655685044179,0.01526791349748297,1.0,0.0,0.06507234854803842,1.0,1.0,0.11431941770199143,1.0,1.0,0.1889062239302403,1.0,0.08261254098747976,1.0,0.10465300191097952
D_small_shift,30043,1500,0.014707758424696373,0.013056916742825619,1.0,1.0,0.05436888931395856,1.0,1.0,0.09999960949987817,1.0,1.0,0.15893336147660092,1.0,0.05450783789228395,1.0,0.09471479115106467
D_small_shift,30044,1500,0.014575395805442813,0.014643211147331223,1.0,1.0,0.06143624007075439,1.0,1.0,0.09503767466695091,1.0,1.0,0.15486530159068584,1.0,0.069670360355003,1.0,0.0916763283777775
D_small_shift,30045,1500,0.01509097860685252,0.01480625174558207,1.0,0.0,0.06353184494982331,1.0,1.0,0.12420475355064695,1.0,1.0,0.20006111044732805,1.0,0.07737089418499951,1.0,0.10001438416883665
D_small_shift,30046,1500,0.014418297253623725,0.014215938661906393,1.0,1.0,0.06693251932184605,1.0,1.0,0.09465678533535922,1.0,1.0,0.16507062929505067,1.0,0.060834469292052405,1.0,0.09487262938231503
D_small_shift,30047,1500,0.014182243262713721,0.014468051580249705,0.0,0.0,0.06378355930183317,1.0,0.0,0.09426456771809939,1.0,1.0,0.15520130859921683,0.0,0.07555732305873578,0.0,0.10130472261012609
D_small_shift,30048,1500,0.014696909392004872,0.0132608833516444,1.0,0.0,0.05967223774100494,1.0,1.0,0.1079324057072093,1.0,1.0,0.18115320152099917,1.0,0.06273811059174798,1.0,0.09522438420645657
D_small_shift,30049,1500,0.014600034680448602,0.013955992137990089,1.0,1.0,0.0715339168372775,1.0,1.0,0.09546086415068036,1.0,1.0,0.15046593419527993,0.0,0.05095171137206167,1.0,0.07767592274345833
D_small_shift,30050,1500,0.01465527809381334,0.01217446066928428,1.0,1.0,0.05426477471929618,1.0,1.0,0.08181950836640456,1.0,1.0,0.15081176331128643,1.0,0.04799105854287725,1.0,0.08915363320221895
D_small_shift,30051,1500,0.01410886304837736,0.013818826428320094,1.0,1.0,0.059901542798126414,1.0,1.0,0.09665332337095196,1.0,1.0,0.15875452477007346,1.0,0.06958670729534948,1.0,0.0981181584136128
D_small_shift,30052,1500,0.01447991016136366,0.014877449389226083,1.0,0.0,0.05612597076089086,1.0,1.0,0.10622112728294202,1.0,1.0,0.17420591901558907,1.0,0.06617082685421578,1.0,0.09106823953368899
D_small_shift,30053,1500,0.014170152830641701,0.013992232155529926,0.0,0.0,0.07065379745663355,1.0,0.0,0.09485539413661921,1.0,0.0,0.16491298917791436,0.0,0.06383198500967097,0.0,0.09080320666879693
D_small_shift,30054,1500,0.014235001336731817,0.013237470617145872,1.0,1.0,0.06534775418757331,1.0,1.0,0.10658839331100009,1.0,1.0,0.16193375106409388,1.0,0.05891226624394121,1.0,0.08680536778241585
D_small_shift,30055,1500,0.01465866583205103,0.014501574570884454,1.0,0.0,0.06368284933325852,1.0,0.0,0.10128002914995646,1.0,1.0,0.16306417156952652,1.0,0.06467335716294198,0.0,0.09066766093283093
D_small_shift,30056,1500,0.014463192916588622,0.015665833465149066,1.0,0.0,0.08422497971163614,1.0,1.0,0.1105594849020914,1.0,1.0,0.17498522057749205,1.0,0.056292161817960554,1.0,0.09409527080366777
D_small_shift,30057,1500,0.01444781308056269,0.013279809046113256,1.0,1.0,0.061204287394466685,1.0,1.0,0.09229593042692272,1.0,1.0,0.17135066650612882,1.0,0.06182697167612836,1.0,0.08982785279347351
D_small_shift,30058,1500,0.01478746720179982,0.013367630684561243,1.0,0.0,0.055596957438916586,1.0,1.0,0.10858938877005846,1.0,1.0,0.17377924432305394,1.0,0.06924490178207242,1.0,0.10012370334068539
D_small_shift,30059,1500,0.014446498161872068,0.011581805597795735,1.0,0.0,0.05035769782447219,1.0,1.0,0.09611773579186828,1.0,1.0,0.1671357640730124,1.0,0.06885137129261779,1.0,0.09342336397535565
D_small_shift,30060,1500,0.014888930790605645,0.011390823929934856,1.0,0.0,0.05482863250601507,1.0,1.0,0.08809509590618687,1.0,1.0,0.16057879963054902,1.0,0.060751683114018074,1.0,0.09426201037264922
D_small_shift,30061,1500,0.014379159923423923,0.012725336724497724,1.0,0.0,0.05120999120470512,1.0,1.0,0.09875373369657471,1.0,1.0,0.15938530431585063,1.0,0.06180084483030227,1.0,0.09896744411866001
D_small_shift,30062,1500,0.015052990264306409,0.013700259771573072,1.0,1.0,0.05314826296362716,1.0,1.0,0.1047090974706959,1.0,1.0,0.1742213301314715,1.0,0.07209178858625068,1.0,0.10838230898854122
D_small_shift,30063,1500,0.014592866651007532,0.013150887033193118,0.0,0.0,0.06321348682671715,1.0,1.0,0.08169137861154022,1.0,1.0,0.15780967565369414,0.0,0.04494687082129739,1.0,0.08500601076025474
D_small_shift,30064,1500,0.014085561430650859,0.012613633626953105,1.0,1.0,0.060810666909530554,1.0,1.0,0.0773535780643048,1.0,1.0,0.14997246095810027,0.0,0.043217422896845076,1.0,0.09074257559554215
D_small_shift,30065,1500,0.01485606615688629,0.01592462525907451,1.0,1.0,0.07568852233684831,1.0,1.0,0.1168349418737211,1.0,1.0,0.19166056241330218,1.0,0.08110930345966946,1.0,0.11906297238341945
D_small_shift,30066,1500,0.014359694317834577,0.015268282394022486,1.0,0.0,0.07488490697036476,1.0,1.0,0.0943290286666693,1.0,1.0,0.16820170824725572,1.0,0.060204351064966785,1.0,0.09677541110547336
D_small_shift,30067,1500,0.014642229844347326,0.012687776035552415,1.0,0.0,0.053535484262843915,1.0,1.0,0.07604172291417755,1.0,1.0,0.13588565336027605,0.0,0.03733972275350977,1.0,0.08800391526108339
D_small_shift,30068,1500,0.014757850947478226,0.014111369810790605,1.0,0.0,0.06117270544299173,1.0,1.0,0.10508752069694074,1.0,1.0,0.18116620256729749,1.0,0.05212145576229197,1.0,0.07909378321969733
D_small_shift,30069,1500,0.014715207342643616,0.01067901047353782,1.0,0.0,0.057197626568195305,1.0,1.0,0.08507377913773946,1.0,1.0,0.1665408748849167,1.0,0.04011533089815754,1.0,0.10105921512004261
D_small_shift,30070,1500,0.01449830993753244,0.013163959662826925,1.0,0.0,0.059062750757035196,1.0,1.0,0.0887750236683456,1.0,1.0,0.16754684032606568,1.0,0.054735774175402464,1.0,0.09417317689433241
D_small_shift,30071,1500,0.014296242527186124,0.013141200723933488,0.0,0.0,0.0605151238593987,1.0,1.0,0.11212658130247326,1.0,1.0,0.16659933678473152,1.0,0.07816178301388836,1.0,0.10883161096105214
D_small_shift,30072,1500,0.01510443861266533,0.014981908291175272,1.0,0.0,0.06533588801506422,1.0,1.0,0.10471769918293547,1.0,1.0,0.16277986275076523,1.0,0.07320665739699343,1.0,0.10615806792688624
D_small_shift,30073,1500,0.014300850592664165,0.012264477920978229,1.0,0.0,0.054407465292030374,1.0,1.0,0.10108054845019998,1.0,1.0,0.18613239922350291,1.0,0.06889297489020305,1.0,0.09424697778811253
D_small_shift,30074,1500,0.014452913094877354,0.01789402690407044,1.0,1.0,0.08012047457806933,1.0,1.0,0.10662725650407634,1.0,1.0,0.1661177624748217,1.0,0.0754881943579753,1.0,0.0957883121104052
D_small_shift,30075,1500,0.014883055574115567,0.015716875998556906,1.0,0.0,0.0706578976087477,1.0,1.0,0.12242565745990286,1.0,1.0,0.2045428956374889,1.0,0.07985133927968874,0.0,0.09883886214541054
D_small_shift,30076,1500,0.014473619730572995,0.016001396704280774,1.0,1.0,0.07885451492775637,1.0,1.0,0.12406558317842253,1.0,1.0,0.185763849531605,1.0,0.08116768461266081,1.0,0.10107482936389547
D_small_shift,30077,1500,0.014890440285575629,0.014067646642589785,1.0,1.0,0.0701125003447216,1.0,1.0,0.1076955759543845,1.0,1.0,0.18479409145609185,1.0,0.056825835457447536,1.0,0.09317876915789493
D_small_shift,30078,1500,0.01418414100926379,0.012680545897308377,1.0,1.0,0.0570361222046072,1.0,1.0,0.09483213226738493,1.0,1.0,0.18316306972668317,1.0,0.0727373570089406,1.0,0.11391475112501728
D_small_shift,30079,1500,0.01478911588482826,0.015254870968805585,1.0,0.0,0.07657104384638014,1.0,1.0,0.10664276287011865,1.0,1.0,0.1778051079194758,1.0,0.0821236989968128,1.0,0.10239473222027076
D_small_shift,30080,1500,0.014542540068654838,0.012729427138727382,1.0,1.0,0.059102959053791905,1.0,1.0,0.09672934934324531,1.0,1.0,0.15909033695265495,1.0,0.06878615529697278,1.0,0.10924781620877026
D_small_shift,30081,1500,0.014192305238414948,0.013949045510945335,0.0,0.0,0.06205120492746578,1.0,0.0,0.09290664159874247,1.0,1.0,0.19018853797475985,0.0,0.057787953088323185,0.0,0.08940136109455843
D_small_shift,30082,1500,0.0142925849603803,0.017309777755897742,1.0,1.0,0.08375355747409488,1.0,1.0,0.12144106766389946,1.0,1.0,0.18509219102255747,1.0,0.08283202345103162,1.0,0.10231668578703226
D_small_shift,30083,1500,0.014581232501592899,0.013487713701759118,1.0,1.0,0.05391893247125057,1.0,1.0,0.11695899921744528,1.0,1.0,0.17602242248717498,1.0,0.06602460436391114,1.0,0.10070133960883765
D_small_shift,30084,1500,0.014002928694879235,0.014926033219301174,1.0,1.0,0.07925596582873096,1.0,1.0,0.11676030603709875,1.0,1.0,0.19813937207102136,1.0,0.09554865038959218,1.0,0.12097564976945348
D_small_shift,30085,1500,0.014285263180513,0.0156724500965791,1.0,1.0,0.0643640535601906,1.0,1.0,0.11550102826571698,1.0,1.0,0.17023683232672798,1.0,0.08433474651842729,1.0,0.1088169022865036
D_small_shift,30086,1500,0.014525632652458953,0.015015440197853929,1.0,0.0,0.06861129272700807,1.0,1.0,0.10624804446213447,1.0,1.0,0.1880125523746301,1.0,0.07439442750899089,1.0,0.09865045614051256
D_small_shift,30087,1500,0.014279336615231425,0.014883457008961409,1.0,1.0,0.06563249401624391,1.0,1.0,0.1168091836104602,1.0,1.0,0.19325521644687307,1.0,0.07996804596080402,1.0,0.10272829149075073
D_small_shift,30088,1500,0.014789887141388914,0.014860963570159494,1.0,1.0,0.06496731811786667,1.0,1.0,0.10795799808510527,1.0,1.0,0.18593239827830155,1.0,0.07160399498396651,1.0,0.09509806952981076
D_small_shift,30089,1500,0.014511592482652458,0.011059769275368036,1.0,0.0,0.05001348026468242,1.0,1.0,0.10156377888880186,1.0,1.0,0.15916243630698776,1.0,0.06502340691349669,1.0,0.10834338688722663
D_small_shift,30090,1500,0.01408165699439026,0.012365394156844234,1.0,1.0,0.0627842375898648,1.0,1.0,0.08902198405999191,1.0,1.0,0.15597593836822846,1.0,0.056456666341421304,1.0,0.09643704969709603
D_small_shift,30091,1500,0.014497014020942512,0.014231875513678433,1.0,0.0,0.06228630501305401,1.0,1.0,0.10918702010288739,1.0,1.0,0.19278716986031288,1.0,0.06859726532358452,1.0,0.08887202200149774
D_small_shift,30092,1500,0.014999052611983175,0.013780230478547345,1.0,1.0,0.0666170137195973,1.0,1.0,0.09825869513287577,1.0,1.0,0.16264467702456245,1.0,0.0607475989402098,1.0,0.09569822014967665
D_small_shift,30093,1500,0.014262331603398766,0.013763716276815685,0.0,1.0,0.06380533773123435,1.0,1.0,0.10069588058039694,1.0,1.0,0.1758392159099894,0.0,0.0637027068089546,1.0,0.08748611631489808
D_small_shift,30094,1500,0.014445328410782136,0.014538068260368539,1.0,1.0,0.06856632755819479,1.0,1.0,0.09646040994370045,1.0,1.0,0.1799294219966487,1.0,0.07542112663268077,1.0,0.11279409248108038
D_small_shift,30095,1500,0.014358015305292503,0.013872581840982024,1.0,1.0,0.06756195062095982,1.0,1.0,0.11017657758553227,1.0,1.0,0.187304607371592,1.0,0.06880498018048689,1.0,0.09525035140363172
D_small_shift,30096,1500,0.014144964340014695,0.013960516773074898,1.0,1.0,0.05943444350456036,1.0,1.0,0.10339526295111594,1.0,1.0,0.14884137061622446,1.0,0.06210380510199927,1.0,0.0975046871520365
D_small_shift,30097,1500,0.014565729218093968,0.015054100989992412,1.0,0.0,0.06912940194488368,1.0,1.0,0.10727869284985192,1.0,1.0,0.16836251814698597,1.0,0.060824454975991184,1.0,0.09068991645350917
D_small_shift,30098,1500,0.014767652931110249,0.014100558857110927,1.0,0.0,0.06473824689236611,1.0,0.0,0.09189534667486296,1.0,1.0,0.15894307600509391,0.0,0.052194886416142894,0.0,0.09043683159973473
D_small_shift,30099,1500,0.014339141802430582,0.01601433045774238,1.0,1.0,0.06702917412417415,1.0,1.0,0.1114600555349204,1.0,1.0,0.17181859820703121,1.0,0.09160213604118857,1.0,0.11499420447209283
D_small_shift,30100,1500,0.01473549435861586,0.012727457135880721,1.0,0.0,0.06339583936640755,1.0,0.0,0.09732974745682207,1.0,1.0,0.1696534626995008,0.0,0.061534305367936415,0.0,0.08696214624707045
D_small_shift,30101,1500,0.014666833284338569,0.01395330830017398,1.0,1.0,0.06852745900026183,1.0,1.0,0.10362354156530107,1.0,1.0,0.18473047446063814,1.0,0.07065719760958813,1.0,0.11668038499712433
D_small_shift,30102,1500,0.014513796164748072,0.014679730856659986,1.0,0.0,0.07166789035440622,1.0,1.0,0.1193638086398248,1.0,1.0,0.20029890939076073,1.0,0.08069987905481496,0.0,0.09602115923790518
D_small_shift,30103,1500,0.014584369058009429,0.013481585142446961,1.0,0.0,0.056347923653443856,1.0,1.0,0.10137852478429647,1.0,1.0,0.160767087800838,1.0,0.0707179191844737,1.0,0.09605615195514161
D_small_shift,30104,1500,0.014711489176795869,0.016286768338221982,1.0,0.0,0.07301979928501326,1.0,1.0,0.10340768776857093,1.0,1.0,0.16827490657503252,1.0,0.06432816309748972,1.0,0.09579950671193802
D_small_shift,30105,1500,0.014188842405248392,0.013108478632959367,1.0,1.0,0.0641185218510589,1.0,1.0,0.09422823420026936,1.0,1.0,0.16259943702271037,1.0,0.057614932509408315,1.0,0.09420476073947026
D_small_shift,30106,1500,0.014344829256724584,0.014698170367992208,1.0,0.0,0.06004898830313562,1.0,1.0,0.11177678499247039,1.0,1.0,0.20073740575455262,1.0,0.07952485387951078,1.0,0.1093661175726798
D_small_shift,30107,1500,0.014478444639996237,0.01513447100950549,1.0,0.0,0.05898927504404174,1.0,1.0,0.10459482007108337,1.0,1.0,0.184047333932878,1.0,0.07153938422535586,1.0,0.10814085448122683
D_small_shift,30108,1500,0.014400258566504138,0.01609342232295303,1.0,0.0,0.0807084668433076,1.0,0.0,0.09393278472588444,1.0,1.0,0.1715194593131146,0.0,0.061401964732202316,0.0,0.08522381674450111
D_small_shift,30109,1500,0.01460304344674492,0.016684247932053226,1.0,1.0,0.07801508989592269,1.0,1.0,0.11989388143137356,1.0,1.0,0.1827752295137141,1.0,0.10278790329423071,1.0,0.12844229522565948
D_small_shift,30110,1500,0.014409951423562443,0.014490146353335356,1.0,0.0,0.06699021799243496,1.0,1.0,0.0888463446095233,1.0,1.0,0.17917519254049769,0.0,0.05099489945383073,1.0,0.0824948786622742
D_small_shift,30111,1500,0.014115941496092639,0.011916453148306796,1.0,0.0,0.05261656480347852,1.0,1.0,0.09431910658952505,1.0,1.0,0.15514165428271573,1.0,0.058543769572506676,1.0,0.08633478876863314
D_small_shift,30112,1500,0.014362560063137852,0.012703292513309131,1.0,0.0,0.055895321849831835,1.0,1.0,0.09429432863089146,1.0,1.0,0.167495381682014,1.0,0.05115566609968851,1.0,0.10180709577189646
D_small_shift,30113,1500,0.014783093404846853,0.014892966847152567,1.0,0.0,0.06251406080732777,1.0,1.0,0.09890931358216051,1.0,1.0,0.1750737927756229,1.0,0.0552115803833237,1.0,0.1029658772033265
D_small_shift,30114,1500,0.013787073226284313,0.017238988955764423,1.0,1.0,0.07660593779476814,1.0,1.0,0.12108833144076189,1.0,1.0,0.1768365951786718,1.0,0.08582357283658085,1.0,0.1109296982472516
D_small_shift,30115,1500,0.014493144837295151,0.012869099784487473,1.0,1.0,0.052939359193987914,1.0,1.0,0.10831068926097054,1.0,1.0,0.18011502748117764,1.0,0.07412396468588636,1.0,0.09177480148340719
D_small_shift,30116,1500,0.014593387055766077,0.014880372475889605,1.0,1.0,0.06672249309520897,1.0,1.0,0.12223429112929698,1.0,1.0,0.19465556691638247,1.0,0.07960576671271857,1.0,0.11192227311524383
D_small_shift,30117,1500,0.014426488051366641,0.012985339861734307,1.0,1.0,0.06040777416972991,1.0,1.0,0.09952944570804738,1.0,1.0,0.180807303898295,1.0,0.057036659800901335,1.0,0.08460155241719167
D_small_shift,30118,1500,0.014750680080678757,0.014561608005708276,1.0,1.0,0.07953167023687203,1.0,1.0,0.09289495026913239,1.0,1.0,0.17455424744675857,1.0,0.052165403278261725,1.0,0.08837791569326986
D_small_shift,30119,1500,0.014558021386883637,0.015090742858724051,1.0,1.0,0.058285981344127546,1.0,1.0,0.0876669609050104,1.0,1.0,0.16459100108352956,0.0,0.04695573825876838,1.0,0.0990822167135222
D_small_shift,30120,1500,0.014126075423727883,0.015515734558346534,1.0,0.0,0.06826192019768214,1.0,1.0,0.10925437650596921,1.0,1.0,0.16932044710426417,1.0,0.08008595392242993,1.0,0.10264858922923617
D_small_shift,30121,1500,0.014214064156228085,0.014127137532441816,1.0,1.0,0.06472196458297849,1.0,1.0,0.11051337943230044,1.0,1.0,0.18181171302805124,1.0,0.08249667883267815,1.0,0.11654644994417478
D_small_shift,30122,1500,0.01458273669607074,0.012633587221904172,0.0,1.0,0.06297847057483728,1.0,1.0,0.0884082236685405,1.0,1.0,0.178456930762517,0.0,0.05885681009705011,1.0,0.08122184835840458
D_small_shift,30123,1500,0.014369704079338632,0.014226251157722905,1.0,0.0,0.06605298770377895,1.0,1.0,0.11443052567820297,1.0,1.0,0.18545395580667615,1.0,0.07563325977375886,1.0,0.09562304479807425
D_small_shift,30124,1500,0.014850869340702084,0.013720001522103436,1.0,1.0,0.07053995781450524,1.0,1.0,0.10303691515866327,1.0,1.0,0.18132304219516301,1.0,0.06989255221771078,1.0,0.1029402657804727
D_small_shift,30125,1500,0.01447969097700949,0.015657377673664378,1.0,0.0,0.07035523355748992,1.0,0.0,0.08973282714395149,1.0,1.0,0.1746485100999957,1.0,0.07596928986933119,1.0,0.11275458652444163
D_small_shift,30126,1500,0.014412835647945215,0.014910361452979507,1.0,0.0,0.06303122339745501,1.0,1.0,0.10309972290945686,1.0,1.0,0.15966534086107181,1.0,0.07363199566525999,1.0,0.10623343221554964
D_small_shift,30127,1500,0.014187067963916462,0.014847903360861354,1.0,1.0,0.06480585819119429,1.0,1.0,0.11970250292068547,1.0,1.0,0.19618323951901445,1.0,0.09275085892665176,1.0,0.1109373176997146
D_small_shift,30128,1500,0.014827139780573258,0.013738504025696041,1.0,0.0,0.060083266696683645,1.0,1.0,0.11260531975734558,1.0,1.0,0.18772854955313992,0.0,0.06252663280180451,1.0,0.09280691167054478
D_small_shift,30129,1500,0.01476987372080588,0.015240380393501396,1.0,0.0,0.06299854270445207,1.0,1.0,0.09009901352969954,1.0,1.0,0.19292203845954176,1.0,0.06182548074103646,1.0,0.0810692457304678
D_small_shift,30130,1500,0.014867449127663527,0.015388835343631044,1.0,1.0,0.06401632932176228,1.0,1.0,0.1297952001832969,1.0,1.0,0.2004322556777154,1.0,0.10690873548242907,1.0,0.13555411880517035
D_small_shift,30131,1500,0.014147112326790287,0.015160858651138958,1.0,0.0,0.06179209316323281,1.0,1.0,0.08920303809563902,1.0,1.0,0.15378416780814447,1.0,0.057181693252789476,1.0,0.10352560788118689
D_small_shift,30132,1500,0.01447353302235674,0.01445206315715443,1.0,0.0,0.06693361899704017,1.0,1.0,0.10391544449352326,1.0,1.0,0.1845955541101057,1.0,0.07532980453578883,1.0,0.10537879229341814
D_small_shift,30133,1500,0.01423299661225104,0.013140189620729109,1.0,0.0,0.05152673748386026,1.0,1.0,0.09148251115541112,1.0,1.0,0.15201079175667004,1.0,0.05592233337109753,0.0,0.07673797327943678
D_small_shift,30134,1500,0.014523042729481956,0.01377134172008076,1.0,0.0,0.0621283013615004,1.0,0.0,0.09378569296589709,1.0,1.0,0.15843404817387818,0.0,0.06901350618447119,0.0,0.09850004038443258
D_small_shift,30135,1500,0.014480019088638723,0.012221478680656718,1.0,0.0,0.05368926863969263,1.0,1.0,0.10324620701671372,1.0,1.0,0.1654505778141913,1.0,0.06638967876524818,1.0,0.1021542929368134
D_small_shift,30136,1500,0.014083100622031042,0.014183781640811017,1.0,1.0,0.0629241667679851,1.0,1.0,0.10163297444651734,1.0,1.0,0.17527642493273185,1.0,0.06589521251324017,1.0,0.0975834078662552
D_small_shift,30137,1500,0.014548861767943578,0.013691428000221769,1.0,0.0,0.05814911994468197,1.0,1.0,0.08809470054881963,1.0,1.0,0.15091643830146445,1.0,0.052752540989718356,1.0,0.11377724610179689
D_small_shift,30138,1500,0.014210609323182771,0.013416682978242698,1.0,0.0,0.06518933907794663,1.0,1.0,0.09625300944589835,1.0,1.0,0.16729196313720568,1.0,0.07224827583514679,1.0,0.08721512750102174
D_small_shift,30139,1500,0.014583637067833543,0.013793637138803837,1.0,1.0,0.05777494081445852,1.0,1.0,0.10480406763103396,1.0,1.0,0.18327549965940534,1.0,0.06836381311023841,1.0,0.10318303195463385
D_small_shift,30140,1500,0.014357033360563608,0.012565155290211922,1.0,1.0,0.0542482762787271,1.0,1.0,0.10681266072221067,1.0,1.0,0.1796158443781498,1.0,0.08663530597581089,1.0,0.1093049799946918
D_small_shift,30141,1500,0.014224131273155555,0.0165146805797284,1.0,0.0,0.07711338445545228,1.0,1.0,0.11983404917170618,1.0,1.0,0.1982755095879294,1.0,0.07744064489520516,1.0,0.11390389943221005
D_small_shift,30142,1500,0.014294482757718687,0.014335759545234666,1.0,1.0,0.06090764533628455,1.0,1.0,0.11171675917588295,1.0,1.0,0.1819712596760031,1.0,0.08651852262018386,1.0,0.10290719493154395
D_small_shift,30143,1500,0.014222351007659404,0.015302985999339042,1.0,1.0,0.06702950676088308,1.0,1.0,0.12477256825399974,1.0,1.0,0.17933297338840237,1.0,0.09074357402587399,1.0,0.12080780687625403
D_small_shift,30144,1500,0.014434247651790955,0.012694282268511691,1.0,1.0,0.049146027386788194,1.0,1.0,0.10492742162944255,1.0,1.0,0.17787899413382796,1.0,0.07302432869418254,1.0,0.10291706013912702
D_small_shift,30145,1500,0.014122724441130937,0.012047764992155733,1.0,1.0,0.060602144816470506,1.0,1.0,0.10404147633294987,1.0,1.0,0.17446314731967666,1.0,0.06235900589939366,1.0,0.09573754994817417
D_small_shift,30146,1500,0.015026305858942032,0.014351364122893834,1.0,1.0,0.06401474893502904,1.0,1.0,0.1162514900293489,1.0,1.0,0.1993580214611435,1.0,0.08558484861991063,1.0,0.1181659513040663
D_small_shift,30147,1500,0.014381769139177762,0.014080498900150484,1.0,1.0,0.0617448457668824,1.0,1.0,0.11229087006222091,1.0,1.0,0.19047788638955432,1.0,0.07016823058959679,1.0,0.10447876175883505
D_small_shift,30148,1500,0.014846023196976817,0.015705386343646214,1.0,0.0,0.07323255657149359,1.0,0.0,0.09728942641149714,1.0,0.0,0.16416201893973065,0.0,0.06938469281839629,0.0,0.09664315464479349
D_small_shift,30149,1500,0.014820064388981955,0.014166018451840165,1.0,0.0,0.07081527609345531,1.0,1.0,0.1237748682024791,1.0,1.0,0.17988742361793653,1.0,0.07638438497954207,1.0,0.10276643105380805
D_small_shift,30150,1500,0.01483332424024136,0.015082819525283356,1.0,0.0,0.061065833795439416,1.0,1.0,0.11124744915504381,1.0,1.0,0.18393516124898993,1.0,0.07672763736059059,1.0,0.11034259139591193
D_small_shift,30151,1500,0.014695331981438287,0.012868549533520521,1.0,1.0,0.054039064442736796,1.0,1.0,0.08328474961434455,1.0,1.0,0.15570915228799304,1.0,0.04604321319077638,1.0,0.09325493318553177
D_small_shift,30152,1500,0.014425137577440992,0.01342027981897094,0.0,0.0,0.0674821034341632,0.0,1.0,0.09738541116301466,1.0,1.0,0.19016471431457313,0.0,0.06200787925872473,1.0,0.08993833159810107
D_small_shift,30153,1500,0.015108761116676724,0.013378050624302936,1.0,0.0,0.060564298379581306,1.0,0.0,0.1067202597771447,1.0,1.0,0.17352939839548145,1.0,0.06000705671733618,1.0,0.1008295904879555
D_small_shift,30154,1500,0.014626001170877057,0.012699945727443516,1.0,0.0,0.04826604081654023,1.0,1.0,0.1024287733656998,1.0,1.0,0.17454963809199617,1.0,0.07180049062545213,1.0,0.09610536710857172
D_small_shift,30155,1500,0.014189925980938472,0.015295480833666872,1.0,0.0,0.07566132175369955,1.0,1.0,0.10140258674471818,1.0,1.0,0.1651242855938695,1.0,0.07001857871095225,1.0,0.09669966589786277
D_small_shift,30156,1500,0.014469920566556499,0.014847747667264327,1.0,1.0,0.06478737840787115,1.0,1.0,0.11213220171684295,1.0,1.0,0.17736797369037854,0.0,0.08320724651389078,1.0,0.09877966811769956
D_small_shift,30157,1500,0.01453996299384136,0.013149650903376098,1.0,1.0,0.05733131307971737,1.0,1.0,0.09784736558312843,1.0,1.0,0.17462719816279576,1.0,0.04702823585680539,1.0,0.07862817997975506
D_small_shift,30158,1500,0.014743886993552729,0.01173224950819288,1.0,1.0,0.05748288968228989,1.0,1.0,0.1088519902130449,1.0,1.0,0.18787602925466523,1.0,0.07021120162895131,1.0,0.09952741085134639
D_small_shift,30159,1500,0.014408832431949087,0.010689600175995883,0.0,1.0,0.054404665708698154,1.0,1.0,0.0975256749694274,1.0,1.0,0.16796887139508548,0.0,0.05507584176153866,1.0,0.0926983260483404
D_small_shift,30160,1500,0.014655676791143215,0.012522611411680706,1.0,0.0,0.05129071951904908,1.0,1.0,0.09654747585473522,1.0,1.0,0.15811258285888427,1.0,0.06170673599261941,1.0,0.08885965214513888
D_small_shift,30161,1500,0.014923993133882976,0.014557340555536211,1.0,0.0,0.05308172076171813,1.0,1.0,0.11681112113559593,1.0,1.0,0.18582955829898679,1.0,0.07419451503458427,1.0,0.09974755259615051
D_small_shift,30162,1500,0.014700515387929372,0.012621820943136778,1.0,1.0,0.0642027065639729,1.0,1.0,0.10095126553482321,1.0,1.0,0.1633234271449832,1.0,0.06029253332093896,1.0,0.09136799860883173
D_small_shift,30163,1500,0.015002871892559659,0.01523771581036706,1.0,1.0,0.06992327301987952,1.0,1.0,0.08693001943824685,1.0,1.0,0.1594440052376763,1.0,0.05659728826659631,1.0,0.09189080492284747
D_small_shift,30164,1500,0.014694714370845293,0.01350916826056089,1.0,1.0,0.0577238182365364,1.0,1.0,0.09000299625744054,1.0,1.0,0.15909937381121908,1.0,0.05228649977038111,1.0,0.0734333889742888
D_small_shift,30165,1500,0.01449254135621664,0.012574027097635545,1.0,0.0,0.06445681358753011,1.0,1.0,0.10479250591548779,1.0,1.0,0.1825843403354573,1.0,0.0701586129627231,1.0,0.1140438817537226
D_small_shift,30166,1500,0.014069570659399976,0.014028705602225222,1.0,1.0,0.060863353248416366,1.0,1.0,0.08976760478560016,1.0,1.0,0.16307382608059245,1.0,0.07259868483236956,1.0,0.10922195101974255
D_small_shift,30167,1500,0.01435009394996906,0.013985025589332446,1.0,1.0,0.06174376524181137,1.0,1.0,0.09259458294613428,1.0,1.0,0.14874751093640065,0.0,0.04240710263145946,1.0,0.08422525967037664
D_small_shift,30168,1500,0.01454455985992869,0.013809930353230448,1.0,0.0,0.0565982228617191,1.0,1.0,0.10891705272760302,1.0,1.0,0.17431797002061458,1.0,0.08016174477940821,1.0,0.1021580218993842
D_small_shift,30169,1500,0.014542057715306974,0.015014414086825778,1.0,0.0,0.07611527523918261,1.0,0.0,0.11080202761875813,1.0,1.0,0.17746594123614579,1.0,0.08118221205500281,0.0,0.11172650600130267
D_small_shift,30170,1500,0.014869830169874212,0.013708876071847186,1.0,1.0,0.0606227663194718,1.0,1.0,0.09354537735155008,1.0,1.0,0.15939294384604089,1.0,0.047925483746240324,1.0,0.08180432281136352
D_small_shift,30171,1500,0.014398585982885546,0.012409889465266135,0.0,0.0,0.0645598476610301,1.0,1.0,0.10996278673395347,1.0,1.0,0.19215427300436655,0.0,0.07119637082467559,1.0,0.09904873088073383
D_small_shift,30172,1500,0.014346216010754758,0.01580317433904343,1.0,1.0,0.07228778969366492,1.0,1.0,0.10040729782333627,1.0,1.0,0.18422922655107862,1.0,0.08363473103216461,1.0,0.11026136075287496
D_small_shift,30173,1500,0.013858056345007568,0.014804159917799403,1.0,0.0,0.06054176630561166,1.0,1.0,0.09124364488816339,1.0,1.0,0.1677343093410711,1.0,0.06600666034036515,1.0,0.11282136576354145
D_small_shift,30174,1500,0.014622908016306831,0.01263946395525906,1.0,1.0,0.05464187628135092,1.0,1.0,0.08749303944566708,1.0,1.0,0.15957933794810925,1.0,0.060588499914231354,1.0,0.09741271764666043
D_small_shift,30175,1500,0.014676737634388726,0.013185532155948643,1.0,1.0,0.0573238196112605,1.0,1.0,0.10584034399977886,1.0,1.0,0.17647930535586337,1.0,0.062420914661433555,1.0,0.08708192485244878
D_small_shift,30176,1500,0.014799727988781385,0.012500815057394926,1.0,0.0,0.057457607971267685,1.0,0.0,0.087715966442992,1.0,1.0,0.15592227081690221,1.0,0.034514573131906,0.0,0.069390360398021
D_small_shift,30177,1500,0.014558512887093047,0.01533237246153651,1.0,1.0,0.06527436819523699,1.0,1.0,0.09618966114880809,1.0,1.0,0.18000760385620446,1.0,0.07236197324103547,1.0,0.10737777494042064
D_small_shift,30178,1500,0.014672057486617861,0.013608183104586308,0.0,0.0,0.05997227027143372,1.0,1.0,0.09600550025338568,1.0,1.0,0.1681701418781682,0.0,0.05920380201361084,1.0,0.08007706498839336
D_small_shift,30179,1500,0.01457301567765138,0.012738349949669736,1.0,0.0,0.05815306966803877,1.0,1.0,0.09792720167083051,1.0,1.0,0.19443296994091785,1.0,0.06549729479195358,1.0,0.08836109922701567
D_small_shift,30180,1500,0.014809573596273027,0.01459190426328055,1.0,1.0,0.06571403995069411,1.0,1.0,0.0950550341027711,1.0,1.0,0.16698829463055656,1.0,0.05650136261701026,1.0,0.11387375374005788
D_small_shift,30181,1500,0.014562881246580754,0.014784994334903193,1.0,0.0,0.05867872687253759,1.0,1.0,0.10557199712360806,1.0,1.0,0.1683322980156869,1.0,0.07167262963991076,1.0,0.08928913043698893
D_small_shift,30182,1500,0.014387760137734287,0.012043613920520961,1.0,0.0,0.04741651209963415,1.0,1.0,0.08839189801688804,1.0,1.0,0.16100242561932673,1.0,0.07062895639598539,1.0,0.1070791219192071
D_small_shift,30183,1500,0.01523815852093493,0.012076834514555086,1.0,1.0,0.05063689658639305,1.0,1.0,0.10438078500558243,1.0,1.0,0.17151241879920393,1.0,0.0706444921130253,1.0,0.10248047842448074
D_small_shift,30184,1500,0.014595370597373019,0.0136636365825314,1.0,0.0,0.054713597625905185,1.0,1.0,0.10014148707909143,1.0,1.0,0.16064419444978567,1.0,0.07142189543933022,1.0,0.12191006484377354
D_small_shift,30185,1500,0.01468999220528834,0.014678281738079077,1.0,0.0,0.06465060972120026,1.0,1.0,0.12033369427484349,1.0,1.0,0.20435360938152977,1.0,0.08284210119109496,1.0,0.10634745419742045
D_small_shift,30186,1500,0.013997380651131817,0.012885248744287287,1.0,1.0,0.056019542068142636,1.0,1.0,0.09708802457178316,1.0,1.0,0.17309284179843915,0.0,0.05468974256161102,1.0,0.08543131549699072
D_small_shift,30187,1500,0.015071886290844692,0.013636286920339566,1.0,1.0,0.06446989868295035,1.0,1.0,0.09227572144862138,1.0,1.0,0.17195657055127395,1.0,0.05496549016729977,1.0,0.08382236421234865
D_small_shift,30188,1500,0.014702240375955956,0.012762607750139987,1.0,0.0,0.058011216725262174,1.0,1.0,0.09693211361930279,1.0,1.0,0.16439365900421415,1.0,0.05947050147652343,1.0,0.1136550421365041
D_small_shift,30189,1500,0.014585176699370756,0.013687926402024073,1.0,0.0,0.06276314613850116,1.0,1.0,0.10822557336222047,1.0,1.0,0.17341842203774785,1.0,0.07501282148277609,1.0,0.1185204195339196
D_small_shift,30190,1500,0.014568009266765401,0.015340730732756847,1.0,0.0,0.06422060013117045,1.0,1.0,0.10287737016649627,1.0,1.0,0.18988222273435834,1.0,0.06138578488590764,1.0,0.08726276206336736
D_small_shift,30191,1500,0.014482813008480321,0.01163191627053898,1.0,0.0,0.0592939653377413,1.0,1.0,0.10444289691489902,1.0,1.0,0.18627976678122357,1.0,0.05555548497452904,1.0,0.08256306074174741
D_small_shift,30192,1500,0.014646952060547084,0.013172343760664573,1.0,0.0,0.06117587305064025,1.0,1.0,0.11178311999387011,1.0,1.0,0.18175141409928347,1.0,0.07565914728040686,1.0,0.1067962310695264
D_small_shift,30193,1500,0.014738712044301291,0.012313435429623246,1.0,0.0,0.05401333727856237,1.0,1.0,0.085914317431619,1.0,1.0,0.1659738291027714,1.0,0.05616740299756053,1.0,0.08712274091633354
D_small_shift,30194,1500,0.014332247005141645,0.013010198200628601,1.0,0.0,0.057416727477232685,1.0,1.0,0.08637553967264378,1.0,1.0,0.16829110899852218,1.0,0.060078032378073506,1.0,0.08407676049177434
D_small_shift,30195,1500,0.014738929559491175,0.015683790799693294,1.0,1.0,0.06229484910113825,1.0,1.0,0.10387197429085478,1.0,1.0,0.18667123066574692,1.0,0.07180481146153003,1.0,0.09306340906639919
D_small_shift,30196,1500,0.014893193763975045,0.012967181067367977,0.0,0.0,0.06081459544324709,1.0,0.0,0.0900493020177128,1.0,0.0,0.1618201146972652,0.0,0.045839609362836695,0.0,0.09851365111286571
D_small_shift,30197,1500,0.014655431863589776,0.014552918013488495,1.0,1.0,0.06836631685804233,1.0,1.0,0.10040339306339581,1.0,1.0,0.17533187413412188,1.0,0.05945825568408199,1.0,0.07883738753509122
D_small_shift,30198,1500,0.014424886575428618,0.013285112148152737,1.0,1.0,0.057577095277088895,1.0,1.0,0.08917734877331798,1.0,1.0,0.15373903327060273,1.0,0.04917937921886714,1.0,0.09077950059958137
D_small_shift,30199,1500,0.014403771778698051,0.014662734009282075,1.0,1.0,0.06404524177691615,1.0,1.0,0.08889459889267304,1.0,1.0,0.16833558767646328,1.0,0.06078709689625021,1.0,0.10060219884903572
D_small_shift,30200,1500,0.014476147626980488,0.01401839668425384,1.0,1.0,0.06111634539184467,1.0,1.0,0.1165985438102695,1.0,1.0,0.20560387557129908,1.0,0.06263419446927115,1.0,0.09058614630587147
D_small_shift,30201,1500,0.01427513733433491,0.01451498335939006,0.0,0.0,0.06150801630272187,1.0,0.0,0.09503315955989645,1.0,1.0,0.15839808207055103,0.0,0.05679670260158962,0.0,0.09097179402607687
D_small_shift,30202,1500,0.014688226695561085,0.016207137883735487,1.0,1.0,0.07202931647206287,1.0,1.0,0.08636875781415704,1.0,1.0,0.1539797645775465,1.0,0.05819821997102168,1.0,0.08315491964253142
D_small_shift,30203,1500,0.014362161615147957,0.015055758758107676,1.0,1.0,0.07479629486910117,1.0,1.0,0.10581501144487786,1.0,1.0,0.19785090181791753,1.0,0.06470228159784881,1.0,0.08775545795520225
D_small_shift,30204,1500,0.013957026629609445,0.014866826380093134,0.0,0.0,0.05793004217037787,0.0,0.0,0.09022657411348498,1.0,1.0,0.14559756334034962,0.0,0.05639793889790791,1.0,0.08411231827106724
D_small_shift,30205,1500,0.014545031441547222,0.014444206613445365,0.0,0.0,0.08204749594935731,1.0,0.0,0.10067738186712853,1.0,1.0,0.14822383050800086,0.0,0.05550564946375207,1.0,0.10659946600663676
D_small_shift,30206,1500,0.0144493509676338,0.01563717242880317,1.0,1.0,0.07748176264484094,1.0,1.0,0.11029671063082876,1.0,1.0,0.1888906093328271,1.0,0.07069991015961877,1.0,0.09481534650475695
D_small_shift,30207,1500,0.014829219827362825,0.012139998653258172,1.0,0.0,0.05405166194130386,1.0,1.0,0.1022066617850298,1.0,1.0,0.17126436460470634,1.0,0.06081827431228577,1.0,0.08645833187199523
D_small_shift,30208,1500,0.01452550139829645,0.01273433681874173,0.0,0.0,0.05680114495300217,1.0,1.0,0.11673971132702654,1.0,1.0,0.2017910866855054,1.0,0.07023439385708381,1.0,0.10374173774400666
D_small_shift,30209,1500,0.013825587707256197,0.0172322800312405,1.0,1.0,0.07926936404586866,1.0,1.0,0.12555288606257772,1.0,1.0,0.20056395851000364,1.0,0.10160079989358364,1.0,0.121422199302064
D_small_shift,30210,1500,0.014860301919175973,0.014952209670577287,1.0,0.0,0.061117561893781334,1.0,1.0,0.10300860794473059,1.0,1.0,0.18405201826902337,1.0,0.06737359767011583,1.0,0.09619267270733066
D_small_shift,30211,1500,0.013973581548674549,0.01220141861155907,1.0,1.0,0.054103593984178744,1.0,1.0,0.09876156551130288,1.0,1.0,0.17725489628535845,1.0,0.06004706492194796,1.0,0.10312991714562687
D_small_shift,30212,1500,0.014626218570803342,0.013701997307564056,1.0,0.0,0.06542504112166292,1.0,1.0,0.10433364150825868,1.0,1.0,0.15691678603911924,1.0,0.07191192364306553,1.0,0.10559368315655868
D_small_shift,30213,1500,0.014196066000624981,0.01490462413920901,1.0,1.0,0.06784374518261935,1.0,1.0,0.10873588081769033,1.0,1.0,0.17452422719418795,1.0,0.07343325852785955,1.0,0.11471175980892152
D_small_shift,30214,1500,0.014575836696870702,0.012535149552317026,1.0,1.0,0.056915384734456606,1.0,1.0,0.10139216308783454,1.0,1.0,0.17250951475433599,1.0,0.06704744346449298,1.0,0.09185083191444757
D_small_shift,30215,1500,0.01457929108832894,0.01571626713428291,1.0,0.0,0.06753668860670005,1.0,1.0,0.114686860670522,1.0,1.0,0.18791647032194403,1.0,0.08563394888630257,1.0,0.11929977435382735
D_small_shift,30216,1500,0.014520924036552477,0.014571256236521423,1.0,1.0,0.06645795568559816,1.0,1.0,0.09913496447267763,1.0,1.0,0.18182511686853814,1.0,0.0694436782150544,1.0,0.08789526596459918
D_small_shift,30217,1500,0.014618821456631636,0.014150154764598086,1.0,1.0,0.05392990607723426,1.0,1.0,0.08688045765551564,1.0,1.0,0.15288247215017317,1.0,0.058738581219087,1.0,0.09655309758767502
D_small_shift,30218,1500,0.014688679712149731,0.013585657967409714,1.0,1.0,0.06288131470910938,1.0,1.0,0.09557024919951171,1.0,1.0,0.1633866164030159,1.0,0.05474701013830428,1.0,0.09783392745097932
D_small_shift,30219,1500,0.014501593042818513,0.014453580443189739,0.0,0.0,0.0685619294217583,0.0,0.0,0.11795809515283659,1.0,0.0,0.17729431808630028,0.0,0.08568769475682217,0.0,0.11348107921422676
D_small_shift,30220,1500,0.014612392473798,0.013336278443855865,1.0,1.0,0.06478550190672273,1.0,1.0,0.08983122730661364,1.0,1.0,0.1577465177804617,1.0,0.046745588441137624,1.0,0.08542936235920884
D_small_shift,30221,1500,0.0146538623730348,0.013647733308630377,1.0,0.0,0.056913078180998264,1.0,1.0,0.08454994332428178,1.0,1.0,0.15004975513611302,1.0,0.04725568963622421,1.0,0.07794561606810159
D_small_shift,30222,1500,0.014815055287966977,0.01289020215158719,0.0,0.0,0.061506694792921035,1.0,0.0,0.10115961567845658,1.0,1.0,0.16011464800792613,0.0,0.05426533150714866,0.0,0.09330077688118217
D_small_shift,30223,1500,0.014347371857124624,0.012519619470843504,1.0,0.0,0.059844129031565794,1.0,1.0,0.11140190359619306,1.0,1.0,0.1775441701716818,1.0,0.07393741821002489,1.0,0.10952759624808624
D_small_shift,30224,1500,0.013847526381917049,0.01611999801861987,1.0,1.0,0.06770564647968648,1.0,1.0,0.12242189419434464,1.0,1.0,0.18463278614786433,1.0,0.08984445717655615,1.0,0.11898637845109228
D_small_shift,30225,1500,0.014541504789210569,0.012584745148469759,1.0,1.0,0.058528295535201655,1.0,1.0,0.10755919796917741,1.0,1.0,0.180804146285039,1.0,0.08175782571895203,1.0,0.10853853824039292
D_small_shift,30226,1500,0.014154018761056255,0.013582094294506509,1.0,0.0,0.05179350882933255,1.0,1.0,0.08129605998138277,1.0,1.0,0.1436977166427763,1.0,0.05196756907847797,1.0,0.10174766152913747
D_small_shift,30227,1500,0.014432374719156585,0.015691888265314556,1.0,1.0,0.07563700300686986,1.0,1.0,0.10561787563389831,1.0,1.0,0.18874205970693808,1.0,0.07875522210930681,1.0,0.09773737310337585
D_small_shift,30228,1500,0.014789080552064142,0.013165121923349066,1.0,0.0,0.05598872008656798,1.0,1.0,0.09077980988747723,1.0,1.0,0.16839713626596745,1.0,0.05314475810838861,0.0,0.07367575233379027
D_small_shift,30229,1500,0.014698193002899049,0.014376615713777218,1.0,0.0,0.05996863869606631,1.0,1.0,0.10913195473665435,1.0,1.0,0.17022474712766775,1.0,0.07259678291094866,1.0,0.10258670336123595
D_small_shift,30230,1500,0.01478180087402734,0.015021813262889951,0.0,0.0,0.0648378640855133,1.0,1.0,0.10313184307169565,1.0,1.0,0.1671627502507024,1.0,0.0703516456955711,1.0,0.09452207076594574
D_small_shift,30231,1500,0.014592582285649554,0.012090539118997027,1.0,1.0,0.05749382814242323,1.0,1.0,0.09318771652898658,1.0,1.0,0.1547050923819482,1.0,0.05776400048858761,1.0,0.10876896226295012
D_small_shift,30232,1500,0.014962511975785067,0.01580852775635879,1.0,1.0,0.0691985660578017,1.0,1.0,0.09769647040458168,1.0,1.0,0.17358665074389806,1.0,0.07883859453615441,1.0,0.10250681047427097
D_small_shift,30233,1500,0.01488125397324951,0.013276302818718425,1.0,1.0,0.061220466653460856,1.0,1.0,0.11352373634450888,1.0,1.0,0.18239149217105308,1.0,0.06673375855644524,1.0,0.10242918478670844
D_small_shift,30234,1500,0.01520395229642762,0.015421789383623246,1.0,0.0,0.07324241804380975,1.0,0.0,0.11462724629940484,1.0,0.0,0.16452543308089465,0.0,0.07062124022004974,1.0,0.11345822282483213
D_small_shift,30235,1500,0.01445344642521016,0.015730820064463455,1.0,1.0,0.06894399791358766,1.0,1.0,0.10072561538705505,1.0,1.0,0.15491833394235524,1.0,0.05593685299847469,1.0,0.08221397059357712
D_small_shift,30236,1500,0.014851827993566019,0.010265509715610601,1.0,0.0,0.0418053102308417,1.0,1.0,0.09331147726853986,1.0,1.0,0.16108193250560057,1.0,0.04807278140165652,1.0,0.08960132252207326
D_small_shift,30237,1500,0.014851119911324305,0.014930101207894241,1.0,1.0,0.06205930981753991,1.0,1.0,0.10938412667122063,1.0,1.0,0.17575861983156724,1.0,0.07561254035962366,1.0,0.10540291826370216
D_small_shift,30238,1500,0.014587327310047827,0.012777711065588046,1.0,1.0,0.056860345872043826,1.0,1.0,0.1138458919680239,1.0,1.0,0.1785462301954426,1.0,0.08546534150703242,1.0,0.10947519802061703
D_small_shift,30239,1500,0.014547737727666578,0.013851035776598023,1.0,0.0,0.0653267215321907,1.0,1.0,0.10902860301718346,1.0,1.0,0.1651575794077372,1.0,0.07712197106524858,1.0,0.11105306025474429
D_small_shift,30240,1500,0.014331835612455554,0.012809672777902575,0.0,0.0,0.04662228503014106,1.0,1.0,0.10787543360596852,1.0,1.0,0.17290709507630625,0.0,0.06885545381812011,1.0,0.10001502759032514
D_small_shift,30241,1500,0.014408122814755587,0.012519264086772638,0.0,0.0,0.053061642197674654,1.0,0.0,0.09072448825427111,1.0,1.0,0.1492402689132335,0.0,0.05446830795834553,0.0,0.08705506946808741
D_small_shift,30242,1500,0.01422355536441126,0.013327440942046475,1.0,0.0,0.06409779601849681,1.0,0.0,0.09474107378197691,1.0,1.0,0.15830410238619746,1.0,0.07317624470240831,0.0,0.1056820901435008
D_small_shift,30243,1500,0.01479062704571297,0.015410123424526818,1.0,1.0,0.07095830168497241,1.0,1.0,0.10523931635588757,1.0,1.0,0.16828686822423666,1.0,0.07080703746886613,1.0,0.10089006447467024
D_small_shift,30244,1500,0.014284122434316007,0.011661929818521311,1.0,0.0,0.054622886616995034,1.0,1.0,0.09260252284163357,1.0,1.0,0.1747131552074777,1.0,0.05898671389987736,1.0,0.08551419884006409
D_small_shift,30245,1500,0.014089236408276173,0.013381761160305039,1.0,1.0,0.05956334663685259,1.0,1.0,0.10631409781062355,1.0,1.0,0.1750590138835649,1.0,0.08286740919746696,1.0,0.11069743463187856
D_small_shift,30246,1500,0.014517804109583131,0.014362256252250443,1.0,1.0,0.06552170243883988,1.0,1.0,0.09672224192452564,1.0,1.0,0.15821386350922303,1.0,0.05437001451968406,1.0,0.08175897558835951
D_small_shift,30247,1500,0.014391097753165183,0.015073682549973582,1.0,0.0,0.06634975088534331,1.0,1.0,0.09782912900524292,1.0,1.0,0.16865448157516544,1.0,0.06337801396684767,1.0,0.09561280313876266
D_small_shift,30248,1500,0.01427447395531993,0.018322874665222564,1.0,1.0,0.08633444999279893,1.0,1.0,0.11054878978707845,1.0,1.0,0.19926503723423586,1.0,0.09098242506091465,1.0,0.11276449723549194
D_small_shift,30249,1500,0.014487643054023782,0.013655808969004438,1.0,0.0,0.05739865714904206,1.0,1.0,0.11691068455494322,1.0,1.0,0.17885423864555997,1.0,0.05805380516180743,1.0,0.08614240188845186
D_small_shift,30250,1500,0.014581792549616179,0.014094550061873466,1.0,0.0,0.06178720194243187,1.0,1.0,0.1108983731910432,1.0,1.0,0.18608589484532928,0.0,0.07930377390026153,1.0,0.10454316088098758
D_small_shift,30251,1500,0.014511686666851894,0.0121643893310579,1.0,0.0,0.05488454623919152,1.0,1.0,0.09535083970571206,1.0,1.0,0.167974018124392,1.0,0.05712628090712605,1.0,0.09841520968839967
D_small_shift,30252,1500,0.014530435683693301,0.010989335542754473,1.0,1.0,0.04382387796666317,1.0,1.0,0.09622631372393749,1.0,1.0,0.15227698137999485,1.0,0.052878627788836965,1.0,0.09673353160098888
D_small_shift,30253,1500,0.014147278348269593,0.014508710958987878,1.0,0.0,0.061594306697045,1.0,1.0,0.09637575059634103,1.0,1.0,0.1632736337938916,1.0,0.06320482904717899,1.0,0.09001362218683051
D_small_shift,30254,1500,0.01480780460954892,0.013801964608236104,1.0,0.0,0.050188379612337464,1.0,1.0,0.11309068502295246,1.0,1.0,0.18990692887243352,1.0,0.06929809826069062,1.0,0.09794924131854106
D_small_shift,30255,1500,0.014309505400226514,0.014440763716294335,1.0,0.0,0.05669108694010448,1.0,1.0,0.09170413784181213,1.0,1.0,0.15379339704163572,1.0,0.05560408809469417,1.0,0.09835320608216379
D_small_shift,30256,1500,0.014409551617513184,0.014484434297761011,1.0,1.0,0.06105288124896495,1.0,1.0,0.11229519347943544,1.0,1.0,0.1684689745219094,1.0,0.06334951119929219,1.0,0.08587344545949968
D_small_shift,30257,1500,0.014416875728442113,0.016484025397821622,1.0,0.0,0.06533638611183301,1.0,1.0,0.11641504850719361,1.0,1.0,0.2062523350638778,1.0,0.09453402874830812,1.0,0.11378661331678637
D_small_shift,30258,1500,0.014817133665602588,0.01604021787629822,1.0,0.0,0.06473719864227367,1.0,1.0,0.10176454443510015,1.0,1.0,0.17038238677827072,1.0,0.07684142753729437,1.0,0.10695113758765432
D_small_shift,30259,1500,0.014600323814906413,0.016000600547047248,1.0,0.0,0.06229785280052693,1.0,1.0,0.11004835628352323,1.0,1.0,0.17973264953399468,1.0,0.08202836323760315,1.0,0.11015592170793861
D_small_shift,30260,1500,0.014739315821974946,0.015248687863844595,1.0,1.0,0.07997928925260218,1.0,1.0,0.107159833090295,1.0,1.0,0.17359737017873228,1.0,0.06630651320906256,1.0,0.10166972228966283
D_small_shift,30261,1500,0.014012460597224871,0.015827621480664893,1.0,1.0,0.0713749707140944,1.0,1.0,0.12166753431181114,1.0,1.0,0.21019694489025512,1.0,0.0895841567469732,1.0,0.10686251897571705
D_small_shift,30262,1500,0.014518600563485017,0.01353662679634467,0.0,0.0,0.057142608815315875,1.0,1.0,0.10109664631536516,1.0,1.0,0.16409739613032204,0.0,0.07106530733294196,1.0,0.1074683654426269
D_small_shift,30263,1500,0.014233643569142421,0.01571263923354971,1.0,1.0,0.0705035229616389,1.0,1.0,0.11967948117519342,1.0,1.0,0.196493288144376,1.0,0.07919278510684984,1.0,0.10438967091885332
D_small_shift,30264,1500,0.01411823742682612,0.01514600714626092,1.0,1.0,0.06726785518691834,1.0,1.0,0.09675622877602029,1.0,1.0,0.1605034489833272,1.0,0.0658039807168161,1.0,0.08860125956513687
D_small_shift,30265,1500,0.01464177232269527,0.01332036390934271,1.0,0.0,0.06064484885360814,1.0,1.0,0.09555332087885807,1.0,1.0,0.15326836084504042,1.0,0.05353946116411795,1.0,0.09155954126480911
D_small_shift,30266,1500,0.014047932342410408,0.012372733033260933,1.0,0.0,0.06024605583479342,1.0,0.0,0.11378673018289039,1.0,1.0,0.1919652912786623,1.0,0.07837708498696913,0.0,0.10298986801902169
D_small_shift,30267,1500,0.01455558255166124,0.01385965571254239,1.0,0.0,0.05907850262554437,1.0,1.0,0.09717938258019836,1.0,1.0,0.1748734191503139,1.0,0.04677938635974058,1.0,0.06924194199294813
D_small_shift,30268,1500,0.014657264896277849,0.013014896979949255,1.0,0.0,0.0556639060401249,1.0,1.0,0.09306560131265659,1.0,1.0,0.15753417245199736,0.0,0.05695269938592355,1.0,0.09118514191095042
D_small_shift,30269,1500,0.014427260724670567,0.013604846425183711,1.0,0.0,0.060774433226390666,1.0,1.0,0.1054033363199434,1.0,1.0,0.1745601875576758,1.0,0.07497215522905107,1.0,0.10553509723553485
D_small_shift,30270,1500,0.01432821287794469,0.0147374244183513,1.0,1.0,0.06410610189647004,1.0,1.0,0.09238467820146941,1.0,1.0,0.17441887504162962,1.0,0.0536730655812947,1.0,0.08652450128657459
D_small_shift,30271,1500,0.014450333054123082,0.01456796125704568,1.0,0.0,0.062154493160792745,1.0,1.0,0.10283843509658472,1.0,1.0,0.17372201230894196,1.0,0.0647623657583006,1.0,0.0937595905230029
D_small_shift,30272,1500,0.014559359599447543,0.013335757581935457,1.0,0.0,0.0596257164198571,1.0,1.0,0.11061144879752571,1.0,1.0,0.17930565031033274,1.0,0.07950398959498423,1.0,0.10652400985533161
D_small_shift,30273,1500,0.01451960014348255,0.014331548789525455,1.0,1.0,0.06357624926791353,1.0,1.0,0.10488203133523055,1.0,1.0,0.19194648243392431,1.0,0.06893912651050019,1.0,0.10087192335374884
D_small_shift,30274,1500,0.014758840745245604,0.015214410352269303,1.0,0.0,0.062364256459806734,1.0,0.0,0.10438021413090404,1.0,0.0,0.1640674357260909,1.0,0.07166327180019656,0.0,0.0981193857618655
D_small_shift,30275,1500,0.014207303151937236,0.014765119439075474,1.0,0.0,0.06247985628030643,1.0,1.0,0.096547281020556,1.0,1.0,0.16748386867907888,1.0,0.06169956811372177,1.0,0.0977790005913585
D_small_shift,30276,1500,0.014200278795110518,0.014290224925126096,1.0,1.0,0.058168892462149756,1.0,1.0,0.08860337619175784,1.0,1.0,0.16027616485999135,1.0,0.060041510852409566,1.0,0.09509505031463805
D_small_shift,30277,1500,0.014851725453560092,0.014194741542528233,1.0,1.0,0.06251418264339384,1.0,1.0,0.10189393108964521,1.0,1.0,0.17190135915178667,1.0,0.06391267512285856,1.0,0.09700633984199582
D_small_shift,30278,1500,0.014112866487387351,0.013686219020423296,1.0,0.0,0.0554889778050154,1.0,1.0,0.09977255693459666,1.0,1.0,0.16643531569170547,1.0,0.06753791590319883,1.0,0.09709612125045516
D_small_shift,30279,1500,0.014564819973876911,0.014177191652786627,0.0,0.0,0.06814081905077171,1.0,0.0,0.09757945715426186,1.0,1.0,0.16628004926370113,0.0,0.06612393374602979,0.0,0.09252344622019179
D_small_shift,30280,1500,0.014350834153296958,0.014295414953075397,1.0,0.0,0.06257783884765736,1.0,1.0,0.10469993628210177,1.0,1.0,0.16966216375546922,1.0,0.08096326116526772,1.0,0.1078873918270817
D_small_shift,30281,1500,0.014758652243852375,0.012976578751195261,1.0,0.0,0.05265093735114912,1.0,1.0,0.10227460020953731,1.0,1.0,0.18125693998840672,1.0,0.06967267262409686,1.0,0.11473474193895031
D_small_shift,30282,1500,0.014713082235983464,0.013757014378306568,0.0,1.0,0.060219330627004394,1.0,1.0,0.10241509792833758,1.0,1.0,0.16944238983985524,0.0,0.06802454558724629,1.0,0.09540890612712322
D_small_shift,30283,1500,0.014233275400705894,0.014191028442406783,0.0,1.0,0.057503993593993906,1.0,1.0,0.10272454066181495,1.0,1.0,0.16201170411408605,0.0,0.0705543820470891,1.0,0.09948798143384378
D_small_shift,30284,1500,0.014647427557731596,0.014641656806883684,1.0,1.0,0.06379104267130091,1.0,1.0,0.09937263959448128,1.0,1.0,0.19111471463305602,1.0,0.06346440936201408,1.0,0.09023539133675165
D_small_shift,30285,1500,0.014511261298340294,0.015011011891716521,1.0,0.0,0.07173750715037741,1.0,1.0,0.09007788386393618,1.0,1.0,0.16231077194576343,1.0,0.05801992900436753,1.0,0.09012632723979198
D_small_shift,30286,1500,0.014790860054513301,0.012187076028407828,1.0,0.0,0.050879277397548314,1.0,1.0,0.08709917283835004,1.0,1.0,0.15442633547912749,1.0,0.06354436076533707,1.0,0.10204544557014801
D_small_shift,30287,1500,0.014332612520631553,0.013439371136993117,0.0,0.0,0.06031657518951825,1.0,0.0,0.09658704459077774,1.0,1.0,0.16872795096934226,0.0,0.06803625235667934,1.0,0.10944855012618862
D_small_shift,30288,1500,0.013550371639511343,0.013364284244862435,1.0,0.0,0.06309350854698051,1.0,1.0,0.10227453791178279,1.0,1.0,0.16265182471268755,1.0,0.059954383942760744,1.0,0.09109998730030058
D_small_shift,30289,1500,0.014536668560266242,0.014306379179554846,0.0,0.0,0.05673463855187209,1.0,0.0,0.10494442999320977,1.0,1.0,0.1685442136461867,1.0,0.07598729912332133,0.0,0.10118194796684184
D_small_shift,30290,1500,0.0143475804087001,0.01633386052161036,1.0,1.0,0.07099744514983271,1.0,1.0,0.09994898405551848,1.0,1.0,0.1624995676313808,1.0,0.07707617684350243,1.0,0.10120128873990963
D_small_shift,30291,1500,0.014393920931100826,0.015476948951890357,1.0,0.0,0.06223764695340771,1.0,1.0,0.10326637340328433,1.0,1.0,0.16205646656184577,1.0,0.06096579565183473,1.0,0.08391796153610927
D_small_shift,30292,1500,0.014790994489656132,0.013043272504704412,1.0,0.0,0.055389762001801665,1.0,1.0,0.10097355509196122,1.0,1.0,0.17101975948750892,1.0,0.06730945249018983,1.0,0.09266605238514918
D_small_shift,30293,1500,0.014429372509496243,0.014019582386944025,1.0,1.0,0.07196573341118986,1.0,1.0,0.08172387223431035,1.0,1.0,0.15332686830076775,1.0,0.04740801277809619,1.0,0.09390242008218304
D_small_shift,30294,1500,0.014579805918723397,0.014235902707562942,1.0,1.0,0.05935622773107156,1.0,1.0,0.10525963201245507,1.0,1.0,0.16874514984404412,1.0,0.0765210944436725,1.0,0.11286804699261513
D_small_shift,30295,1500,0.014194563745196053,0.013296551542963983,1.0,1.0,0.06645816286914026,1.0,1.0,0.10003662646349973,1.0,1.0,0.1676561692763462,0.0,0.0577513105767834,1.0,0.08948867150826426
D_small_shift,30296,1500,0.014736473120804165,0.015314027536231779,1.0,1.0,0.0698868584174149,1.0,1.0,0.09199325744476869,1.0,1.0,0.16235507008362257,0.0,0.05492043648248698,1.0,0.08521334059083803
D_small_shift,30297,1500,0.014662611794672561,0.013500850550802256,1.0,0.0,0.058868916227543235,1.0,1.0,0.10681429168697876,1.0,1.0,0.1842387464732135,1.0,0.07011025801032264,1.0,0.1027518992486176
D_small_shift,30298,1500,0.014280064022379786,0.01464909034641034,1.0,1.0,0.07800177362043201,1.0,1.0,0.08938315312119378,1.0,1.0,0.15865709890679908,0.0,0.04333599900635028,1.0,0.08023290849801912
D_small_shift,30299,1500,0.014811058830178542,0.013345509735328989,1.0,0.0,0.054966793338969554,1.0,1.0,0.10408617086588356,1.0,1.0,0.174026492401411,1.0,0.06726824322953431,1.0,0.09761251451093086
D_small_shift,30300,1500,0.014710918275064514,0.014904756129521487,1.0,1.0,0.06590364341142542,1.0,1.0,0.10546776385585496,1.0,1.0,0.18224419663836494,1.0,0.06848478849240425,1.0,0.09627090566474354
D_small_shift,30301,1500,0.014104943560435214,0.015515675339273421,1.0,0.0,0.07203774203554601,1.0,1.0,0.12038087788358956,1.0,1.0,0.1885544196284305,1.0,0.08282025005155995,1.0,0.10495790549947807
D_small_shift,30302,1500,0.014591199077922867,0.015512179182439866,1.0,0.0,0.0665287267636551,1.0,1.0,0.10428605791440555,1.0,1.0,0.16996226483039265,1.0,0.08291854676520058,1.0,0.11577229601050913
D_small_shift,30303,1500,0.014230602961880744,0.01419797590411235,1.0,0.0,0.060402048959014444,1.0,1.0,0.10122770990222214,1.0,1.0,0.17151572101255505,1.0,0.0701894041534068,1.0,0.10373938285056616
D_small_shift,30304,1500,0.01500213047130701,0.013155336350357663,1.0,1.0,0.062469292812775114,1.0,1.0,0.09094540922520612,1.0,1.0,0.16512111909820743,0.0,0.05852902679987667,1.0,0.0943073633328995
D_small_shift,30305,1500,0.01411771524295966,0.014820589566287606,0.0,0.0,0.06703022181688709,1.0,1.0,0.11882257483535955,1.0,1.0,0.19539783540854103,1.0,0.09058026041470188,1.0,0.11137424323003657
D_small_shift,30306,1500,0.014104703637787083,0.01606428667462504,1.0,1.0,0.08339313235297302,1.0,1.0,0.12139117912945141,1.0,1.0,0.2118882813089557,1.0,0.08568942650064501,1.0,0.10364133933174906
D_small_shift,30307,1500,0.014344246264901364,0.01409978883212098,1.0,1.0,0.0781135890847233,1.0,1.0,0.1411278863340276,1.0,1.0,0.2057930503432412,1.0,0.07917668051678461,1.0,0.10206701013048683
D_small_shift,30308,1500,0.014515242739272358,0.015966636307015242,1.0,0.0,0.0647303849590252,1.0,1.0,0.09849610652713411,1.0,1.0,0.19095047898133294,1.0,0.07602252750927499,1.0,0.10467442996741723
D_small_shift,30309,1500,0.01438704758387231,0.016470570003100614,1.0,0.0,0.07532164907901183,1.0,1.0,0.12330162040681883,1.0,1.0,0.18032571569920636,1.0,0.07313646921544356,1.0,0.09746674559363148
D_small_shift,30310,1500,0.014409614204915005,0.012533572095529567,1.0,1.0,0.05492713613655368,1.0,1.0,0.09497940789194943,1.0,1.0,0.164115016423439,1.0,0.055018262663290796,1.0,0.08832172074826156
D_small_shift,30311,1500,0.014561347093066456,0.010715873853677319,1.0,1.0,0.04304361576097762,1.0,1.0,0.09715653746711814,1.0,1.0,0.16465364455921216,0.0,0.04149531574306539,1.0,0.08379607538183793
D_small_shift,30312,1500,0.014262742043226279,0.015357813356045288,0.0,1.0,0.06765998385724294,1.0,1.0,0.10350829061057949,1.0,1.0,0.1647822128046177,1.0,0.06931276531885885,1.0,0.08862033125232094
D_small_shift,30313,1500,0.014411617512906066,0.011569097451892918,1.0,0.0,0.04447362136500945,1.0,1.0,0.09269222557826065,1.0,1.0,0.15929115106693126,1.0,0.05514991110833373,1.0,0.08845059502398914
D_small_shift,30314,1500,0.014031351872717871,0.014400884237337421,1.0,0.0,0.07345515308630265,1.0,1.0,0.10723026565208893,1.0,1.0,0.1644643052811472,1.0,0.07587685032054958,1.0,0.09273430177545394
D_small_shift,30315,1500,0.014306466762962405,0.015619840328364647,1.0,1.0,0.06670605375177878,1.0,1.0,0.1379881450727804,1.0,1.0,0.21070106057251653,1.0,0.09266404501717243,1.0,0.12159037560558816
D_small_shift,30316,1500,0.014042955532249322,0.0163534815046759,1.0,1.0,0.05906682808730276,1.0,1.0,0.11902604879339988,1.0,1.0,0.18976231983461922,1.0,0.08783459262394896,1.0,0.11614416829789612
D_small_shift,30317,1500,0.014089661360962338,0.014484691858378534,1.0,1.0,0.06836973696509153,1.0,1.0,0.12381340028751697,1.0,1.0,0.17242583842719228,1.0,0.09606436074485045,1.0,0.12099307810648788
D_small_shift,30318,1500,0.014751273551564104,0.01553668850629413,1.0,1.0,0.07303443377495367,1.0,1.0,0.11552373336782436,1.0,1.0,0.1979563327757769,1.0,0.08458454326593892,1.0,0.10458771046082076
D_small_shift,30319,1500,0.014831401486451404,0.013309154575082313,1.0,1.0,0.05545443269562626,1.0,1.0,0.10464379082069572,1.0,1.0,0.1906387379816509,1.0,0.05379646055261533,1.0,0.09754446724999662
D_small_shift,30320,1500,0.014408303308016087,0.014646986233453261,1.0,1.0,0.06844564791762581,1.0,1.0,0.0923781672357683,1.0,1.0,0.16712715169895773,1.0,0.06018945738181721,1.0,0.08649136421171184
D_small_shift,30321,1500,0.014005274487449225,0.01387557980347911,1.0,1.0,0.06291370598496862,1.0,1.0,0.10004602940306036,1.0,1.0,0.18530003175396018,1.0,0.07229984210604047,1.0,0.09599790281864252
D_small_shift,30322,1500,0.014370327014955718,0.016521755491831942,1.0,1.0,0.08116741558047816,1.0,1.0,0.11508992167434458,1.0,1.0,0.18706706776255752,1.0,0.06922980772255856,1.0,0.09285404596013104
D_small_shift,30323,1500,0.014125069668508612,0.01433003859307718,1.0,1.0,0.06735640987648508,1.0,1.0,0.09317504358496835,1.0,1.0,0.15630149121713327,1.0,0.05807097315241355,1.0,0.0867204528124618
D_small_shift,30324,1500,0.01427574325113758,0.014329114431231393,1.0,1.0,0.06337017957606597,1.0,1.0,0.11430658295470061,1.0,1.0,0.1851900541386143,1.0,0.08106052629375989,1.0,0.12787712166797682
D_small_shift,30325,1500,0.014841200098142441,0.015295951882617403,1.0,1.0,0.06822393230706851,1.0,1.0,0.10448782581870193,1.0,1.0,0.174856882537947,1.0,0.0835142051291251,1.0,0.10272943719342593
D_small_shift,30326,1500,0.014185949635176439,0.014621979835349042,1.0,0.0,0.06357036765539831,1.0,1.0,0.11306647168597925,1.0,1.0,0.17373057522702004,1.0,0.08134649301705159,1.0,0.1081193308407263
D_small_shift,30327,1500,0.014275881035440979,0.012490725884282048,1.0,1.0,0.05678136175050815,1.0,1.0,0.09052931205739737,1.0,1.0,0.16521129172276433,1.0,0.06378595093933069,1.0,0.10155725163583793
D_small_shift,30328,1500,0.01444467135925018,0.015670055072166737,1.0,1.0,0.08142467420062598,1.0,1.0,0.12206102438786814,1.0,1.0,0.18754169075669416,1.0,0.09742882731092405,1.0,0.1170831610587795
D_small_shift,30329,1500,0.014593725476526506,0.014452822543293812,1.0,1.0,0.059988719819959437,1.0,1.0,0.11404380729152744,1.0,1.0,0.19173663885357542,1.0,0.07106102772000644,1.0,0.09508331055910366
D_small_shift,30330,1500,0.014866405725895586,0.014244972473231329,1.0,1.0,0.06724735759982267,1.0,1.0,0.09704027124844304,1.0,1.0,0.16904647370037718,1.0,0.05148812893755474,1.0,0.08707823641347949
D_small_shift,30331,1500,0.014498007286032292,0.016787890198460227,1.0,1.0,0.06955397333509897,1.0,1.0,0.10496677164042445,1.0,1.0,0.17824969755408177,1.0,0.064843779432087,1.0,0.08626417816948467
D_small_shift,30332,1500,0.014296370951828173,0.01523165869747722,1.0,0.0,0.07044253201503335,1.0,1.0,0.10207008281140528,1.0,1.0,0.16676448278291595,1.0,0.07014827857523219,0.0,0.10354369009485005
D_small_shift,30333,1500,0.014431029322032824,0.01292903430236334,0.0,0.0,0.0544917411921131,1.0,1.0,0.10439570992444203,1.0,1.0,0.17104790753234203,0.0,0.07136916950255186,1.0,0.09737278361738519
D_small_shift,30334,1500,0.014759349074462925,0.014670643825725901,0.0,0.0,0.06608137474817637,1.0,1.0,0.11688870161248115,1.0,1.0,0.196293206225319,1.0,0.0793203263068473,1.0,0.12267962948986377
D_small_shift,30335,1500,0.01498132199386316,0.014917185455929571,1.0,1.0,0.06954730050358479,1.0,1.0,0.11435473120256914,1.0,1.0,0.19063375889194145,1.0,0.08040521503635349,1.0,0.10387819190237443
D_small_shift,30336,1500,0.01436097320165057,0.01222443953189151,1.0,1.0,0.0603980461081451,1.0,1.0,0.10129550643651361,1.0,1.0,0.18312826797946885,1.0,0.07849911198352294,1.0,0.1078166429813708
D_small_shift,30337,1500,0.014456194958865229,0.014337372771741566,0.0,1.0,0.06912794738090337,1.0,1.0,0.11602373582441357,1.0,1.0,0.19285642310978196,0.0,0.0758790210599627,1.0,0.10846066683159508
D_small_shift,30338,1500,0.014321957637233474,0.013525399283379928,1.0,1.0,0.0612429389199504,1.0,1.0,0.10241692613098566,1.0,1.0,0.15959836309846342,1.0,0.06942342309137713,1.0,0.10330508631720636
D_small_shift,30339,1500,0.014650201144805756,0.01640128680421366,1.0,1.0,0.07197359272844331,1.0,1.0,0.12756788168448083,1.0,1.0,0.18426441288633882,1.0,0.09562909558964898,1.0,0.11877891479015164
D_small_shift,30340,1500,0.014777297522360391,0.014646717989738734,1.0,1.0,0.05978450714648614,1.0,1.0,0.09120233394825547,1.0,1.0,0.16240880453669163,0.0,0.059871213089550415,1.0,0.09290206759304
D_small_shift,30341,1500,0.014702033749935773,0.012953681491009335,1.0,0.0,0.05296656005033342,1.0,1.0,0.09941120466621797,1.0,1.0,0.15787047327249176,1.0,0.06662404685929797,1.0,0.09379949939544077
D_small_shift,30342,1500,0.014493555935819582,0.014482476350920223,1.0,1.0,0.06788432494191726,1.0,1.0,0.0899209528568336,1.0,1.0,0.17963194405379213,1.0,0.06697105824179302,1.0,0.09261042841321546
D_small_shift,30343,1500,0.015112474828512319,0.014727291565312087,1.0,1.0,0.06313866292294312,1.0,1.0,0.10825256266334868,1.0,1.0,0.18118982922263402,1.0,0.07918387405014767,1.0,0.1148192369545434
D_small_shift,30344,1500,0.01461180774128881,0.015591044126752074,1.0,0.0,0.06934444512797303,1.0,1.0,0.10592069339446082,1.0,1.0,0.17860903824953006,1.0,0.07667892750609906,1.0,0.10445321608502908
D_small_shift,30345,1500,0.01497752460511411,0.012963454585818443,1.0,1.0,0.05718448810456396,1.0,1.0,0.08281276427193726,1.0,1.0,0.1416605185257091,0.0,0.029036835098426715,1.0,0.07190445518696365
D_small_shift,30346,1500,0.014617830768348338,0.014313455190099014,1.0,0.0,0.06189424787199932,1.0,0.0,0.10365067068965472,1.0,1.0,0.168569223859429,1.0,0.07914617856772484,1.0,0.10082918091272694
D_small_shift,30347,1500,0.01465334643901647,0.014621144074511977,1.0,1.0,0.07483032174232371,1.0,1.0,0.09767057772967418,1.0,1.0,0.16709340795340138,1.0,0.07103549682140402,1.0,0.09912948670721525
D_small_shift,30348,1500,0.015192637200052787,0.016066943471277236,1.0,1.0,0.06796975001033366,1.0,1.0,0.09997258720945124,1.0,1.0,0.17144545191478353,1.0,0.06963059677441988,1.0,0.09842014172527554
D_small_shift,30349,1500,0.014149264951727154,0.011308500512584524,1.0,0.0,0.05381685175723836,1.0,1.0,0.09469806389613622,1.0,1.0,0.16262642227627355,1.0,0.052486568958420875,1.0,0.08990506842405285
D_small_shift,30350,1500,0.014075287570314721,0.013614296097416495,1.0,0.0,0.06869948714169202,1.0,1.0,0.09673906744680169,1.0,1.0,0.17272719713998821,1.0,0.06639354946512424,1.0,0.09712910286422792
D_small_shift,30351,1500,0.014607791954009628,0.015189252320387,1.0,1.0,0.06722357558539147,1.0,1.0,0.09082795257297557,1.0,1.0,0.1685176446337794,0.0,0.05323651780682963,1.0,0.08620007958575403
D_small_shift,30352,1500,0.014708940524122603,0.016881211045715057,1.0,0.0,0.07241008663745929,1.0,1.0,0.1113538984990641,1.0,1.0,0.18901825794647942,1.0,0.08090243076779381,1.0,0.11657102590496651
D_small_shift,30353,1500,0.014415076257865892,0.014535121993966135,1.0,0.0,0.068969809910398,1.0,1.0,0.11034019922343741,1.0,1.0,0.18381479325960737,1.0,0.08446694997744716,1.0,0.12909070532792633
D_small_shift,30354,1500,0.014280713622259673,0.015001502910577825,1.0,1.0,0.07984405055650434,1.0,1.0,0.10180027836611327,1.0,1.0,0.1973812110030579,1.0,0.07734877341766089,1.0,0.1005979882732964
D_small_shift,30355,1500,0.015090591637685889,0.011722261233224441,1.0,0.0,0.05035620036023695,1.0,1.0,0.10849202828151164,1.0,1.0,0.18475487763831971,1.0,0.07405356238334372,1.0,0.12021856729864147
D_small_shift,30356,1500,0.014342730596622524,0.013481034172202064,1.0,1.0,0.07028638498294701,1.0,1.0,0.09733116653527832,1.0,1.0,0.1660708351269354,1.0,0.06486251277338077,1.0,0.09200122241390385
D_small_shift,30357,1500,0.014622311831167677,0.01258952876201414,1.0,0.0,0.05692777953216229,1.0,1.0,0.09040090261464012,1.0,1.0,0.1673585526155798,1.0,0.03986727114856743,0.0,0.07260944054473054
D_small_shift,30358,1500,0.014710680081935223,0.015455598957690919,1.0,0.0,0.05634543240687636,1.0,1.0,0.11875873092837855,1.0,1.0,0.20633406651354483,1.0,0.08089136526184074,1.0,0.10924159506339637
D_small_shift,30359,1500,0.01437343981401396,0.011559746813634305,1.0,0.0,0.06130486672788279,1.0,1.0,0.08332689685902342,1.0,1.0,0.14247619184126145,0.0,0.04086139732013737,1.0,0.08325621562938823
D_small_shift,30360,1500,0.014914418041525648,0.012809092843272335,0.0,0.0,0.05123827537161747,1.0,1.0,0.12339932302706332,1.0,1.0,0.18480198021018532,0.0,0.07959078882099155,1.0,0.1097636256866417
D_small_shift,30361,1500,0.014380940363361565,0.013567591613515933,1.0,1.0,0.0677512803971681,1.0,1.0,0.08336683768737234,1.0,1.0,0.14928072294041644,0.0,0.03317378803648084,1.0,0.0855427919072576
D_small_shift,30362,1500,0.01435927351231438,0.0140986151175196,1.0,1.0,0.06734132130318864,1.0,1.0,0.09553606945720268,1.0,1.0,0.18835874879276854,1.0,0.059749906450571676,1.0,0.09673462776136176
D_small_shift,30363,1500,0.014386460303047044,0.014722020778567083,0.0,0.0,0.06668316825373652,1.0,0.0,0.098386380838971,1.0,1.0,0.16439993846093584,0.0,0.057595571443348224,0.0,0.08644632705215292
D_small_shift,30364,1500,0.014572742957714718,0.015706736985023128,1.0,1.0,0.07578899481449523,1.0,1.0,0.12088396049279945,1.0,1.0,0.22146611079318318,1.0,0.08856698939613687,1.0,0.1170667307399279
D_small_shift,30365,1500,0.01473125741132098,0.01477418327851617,1.0,1.0,0.07356258279352863,1.0,1.0,0.10425332527240705,1.0,1.0,0.17607396312159818,1.0,0.06410442819391839,1.0,0.09245484692341102
D_small_shift,30366,1500,0.014210894386499244,0.012577960345663872,1.0,0.0,0.05963007782341954,1.0,1.0,0.1005117445227433,1.0,1.0,0.15796902110465677,1.0,0.05287160870172543,1.0,0.08299352358993524
D_small_shift,30367,1500,0.01416110740729905,0.013269351434537734,1.0,1.0,0.05114201678793717,1.0,1.0,0.09462200728462986,1.0,1.0,0.15868022096387363,1.0,0.053954526643012216,1.0,0.09187971199722561
D_small_shift,30368,1500,0.014582703308661977,0.015406850524276159,1.0,1.0,0.06836747773387339,1.0,1.0,0.0827811534454885,1.0,1.0,0.17014159770206425,1.0,0.046644908235422146,1.0,0.08537621858910494
D_small_shift,30369,1500,0.01501709981731687,0.013456663916035488,0.0,0.0,0.05990528457928952,1.0,0.0,0.09690172681198068,1.0,0.0,0.19068430062297057,0.0,0.06348556248933059,0.0,0.1050311744194572
D_small_shift,30370,1500,0.014541885181179272,0.016207868369268994,1.0,1.0,0.08398565760021769,1.0,1.0,0.10801101941604603,1.0,1.0,0.16837489852479443,1.0,0.08071163222194186,1.0,0.1056160864208783
D_small_shift,30371,1500,0.014925893490924696,0.01370105610922782,1.0,0.0,0.06463901496746849,1.0,0.0,0.09933167425149857,1.0,1.0,0.1927187152754914,1.0,0.0535225097485547,0.0,0.08512754402333152
D_small_shift,30372,1500,0.01475863296652915,0.014257735018332853,1.0,1.0,0.057766723117206,1.0,1.0,0.12408121506832995,1.0,1.0,0.20975957578157498,0.0,0.08410206149893187,1.0,0.11650970316602657
D_small_shift,30373,1500,0.01424439374919547,0.013691260813939246,1.0,0.0,0.06102387327566119,1.0,1.0,0.09753083409790196,1.0,1.0,0.1526418471691074,0.0,0.058504302729772764,1.0,0.09213110383156108
D_small_shift,30374,1500,0.01457098555860123,0.013140067188818726,1.0,1.0,0.05584235843259748,1.0,1.0,0.10880417001513354,1.0,1.0,0.15618310308275038,0.0,0.06008924379174394,1.0,0.08819979590483192
D_small_shift,30375,1500,0.01429622279354432,0.012399771892251454,1.0,1.0,0.05512365565805701,1.0,1.0,0.09942713457944914,1.0,1.0,0.15689785895955927,1.0,0.05921527249971327,1.0,0.09976107256979297
D_small_shift,30376,1500,0.014517038596240383,0.013942786119375725,1.0,1.0,0.06775876415672932,1.0,1.0,0.10007181273530771,1.0,1.0,0.18095819838655713,1.0,0.07742483360655136,1.0,0.11013055514513818
D_small_shift,30377,1500,0.014379629171611676,0.014386734710927638,1.0,1.0,0.0677200703144561,1.0,1.0,0.09992078217452496,1.0,1.0,0.17286932494567162,1.0,0.06909008838179392,1.0,0.09382313403811499
D_small_shift,30378,1500,0.014697442446142605,0.012456812079196206,1.0,0.0,0.0533540000811499,1.0,1.0,0.09174280493302486,1.0,1.0,0.18421744795596728,1.0,0.07243304481692432,1.0,0.11389757927737806
D_small_shift,30379,1500,0.014894877504195441,0.016878233164515928,1.0,1.0,0.08015105498546682,1.0,1.0,0.12585781516603306,1.0,1.0,0.19974135996171227,1.0,0.10188435280112121,1.0,0.11961891754088676
D_small_shift,30380,1500,0.01440206001959066,0.01485992317092651,1.0,1.0,0.06696266733027458,1.0,1.0,0.1074674459278481,1.0,1.0,0.16328869486391012,1.0,0.07865048585054857,1.0,0.10626084220688421
D_small_shift,30381,1500,0.01395106732648371,0.015501238350287976,1.0,1.0,0.06869208319776868,1.0,1.0,0.10212429725871748,1.0,1.0,0.1868653876510167,1.0,0.07625969351283443,1.0,0.09859938583469695
D_small_shift,30382,1500,0.014099473974487036,0.017266067764110517,0.0,0.0,0.07922296885359484,1.0,1.0,0.1120794184428848,1.0,1.0,0.18183606983649392,0.0,0.08991510628884851,1.0,0.11196062993873032
D_small_shift,30383,1500,0.014258913216323067,0.013712179165952987,1.0,0.0,0.06955668897112541,1.0,1.0,0.099920593947914,1.0,1.0,0.17315153404547717,1.0,0.056366511528735265,1.0,0.08351383161906203
D_small_shift,30384,1500,0.01410163704250517,0.014067603285382087,1.0,1.0,0.06546279529197543,1.0,1.0,0.09517692741133496,1.0,1.0,0.16530921994270437,1.0,0.06878460505487664,1.0,0.10277686704350372
D_small_shift,30385,1500,0.014693387550302632,0.01376244605842664,1.0,1.0,0.06085284637652053,1.0,1.0,0.09853248043343839,1.0,1.0,0.16773981597717622,1.0,0.056012247402692984,1.0,0.10149966355625603
D_small_shift,30386,1500,0.014849604152702338,0.01506783736387105,1.0,1.0,0.06753565399015742,1.0,1.0,0.08842997255028118,1.0,1.0,0.17166334253585053,1.0,0.04710411658589082,1.0,0.08284858761584386
D_small_shift,30387,1500,0.014493433502780543,0.013557874773776946,1.0,0.0,0.058415188870291665,1.0,1.0,0.0989134856568161,1.0,1.0,0.16789234799422567,1.0,0.061194097236052625,1.0,0.10563255619946588
D_small_shift,30388,1500,0.014156379979723374,0.014198837293235417,1.0,0.0,0.06426047991637863,1.0,1.0,0.0998523243787591,1.0,1.0,0.18330214950356902,1.0,0.06526461502018754,1.0,0.09118192638076086
D_small_shift,30389,1500,0.014361847155798333,0.011919626242157713,1.0,1.0,0.060843551598455704,1.0,1.0,0.10241465421043597,1.0,1.0,0.1579388608190765,1.0,0.06102400486874306,1.0,0.08708064548587055
D_small_shift,30390,1500,0.0139385318756175,0.015358441204224794,1.0,1.0,0.07024496105147697,1.0,1.0,0.1269387631180003,1.0,1.0,0.1755894710158457,1.0,0.09878787254291428,1.0,0.12382384375560032
D_small_shift,30391,1500,0.01449271155382339,0.012890480662732911,1.0,0.0,0.055111638955406037,1.0,1.0,0.0905676680171696,1.0,1.0,0.16347298772748114,1.0,0.053580432972991573,1.0,0.07931348643257073
D_small_shift,30392,1500,0.014159389613893746,0.013255552540049894,1.0,1.0,0.06929264481870254,1.0,1.0,0.11252789152125334,1.0,1.0,0.1668729858970234,1.0,0.06613644881309137,1.0,0.10539982026035208
D_small_shift,30393,1500,0.014515611751432723,0.013507939382511134,1.0,1.0,0.06541505963921701,1.0,1.0,0.10639105275200123,1.0,1.0,0.17280847799616955,1.0,0.06932556274525108,1.0,0.09734696467936914
D_small_shift,30394,1500,0.014980699728028547,0.012480925554387661,1.0,0.0,0.05899537962213684,1.0,0.0,0.08545508881584367,1.0,1.0,0.17134227276229427,0.0,0.04052431079138643,0.0,0.09259778074824956
D_small_shift,30395,1500,0.01471194358576536,0.010737052644550991,1.0,0.0,0.05111103083154931,1.0,0.0,0.09686850639722364,1.0,1.0,0.17521320885625952,0.0,0.06217534721068442,0.0,0.0890008792716245
D_small_shift,30396,1500,0.01470584495042573,0.01655244561990494,0.0,1.0,0.07131801831074477,1.0,1.0,0.10860283143002461,1.0,1.0,0.1764820661569088,0.0,0.0785594424616491,1.0,0.09881670679730792
D_small_shift,30397,1500,0.014596384619684212,0.015822234349743457,1.0,0.0,0.06325557869126827,1.0,1.0,0.10682639589727627,1.0,1.0,0.1639064916631236,1.0,0.07371014331945053,1.0,0.0953592064397134
D_small_shift,30398,1500,0.014813976832749255,0.015583589199683567,1.0,0.0,0.06713210933268668,1.0,1.0,0.10145963227987939,1.0,1.0,0.1841206945731051,1.0,0.07430238185132616,1.0,0.10869362687775799
D_small_shift,30399,1500,0.014686618166080008,0.013874082397738638,1.0,1.0,0.059823415803534896,1.0,1.0,0.10333570358317412,1.0,1.0,0.17138279822725938,1.0,0.07183174603810974,1.0,0.09964011198488565
D_small_shift,30400,1500,0.014277309598479235,0.01407070484129366,1.0,1.0,0.07348460579670654,1.0,1.0,0.11423911846919355,1.0,1.0,0.1751627096173364,1.0,0.07881182060325762,1.0,0.1010971906702975
D_small_shift,30401,1500,0.014383918744833406,0.013213091573992919,1.0,0.0,0.06088988073374422,1.0,0.0,0.11073959226313856,1.0,1.0,0.1689520966942777,1.0,0.06764860566283165,0.0,0.10836518778147874
D_small_shift,30402,1500,0.014417364015586775,0.012791454052289545,1.0,0.0,0.052202976052423855,1.0,1.0,0.09821877960040663,1.0,1.0,0.164669433711269,1.0,0.0699631178172384,1.0,0.10855928861089179
D_small_shift,30403,1500,0.014312091348207198,0.012799210538016609,0.0,0.0,0.05519930497046447,1.0,1.0,0.11659656610992238,1.0,1.0,0.16355698615282419,1.0,0.08100049830348363,1.0,0.11290757480937959
D_small_shift,30404,1500,0.014858801777167937,0.012981742046168157,1.0,1.0,0.06491419332723339,1.0,1.0,0.09454443054135456,1.0,1.0,0.1653537514963967,1.0,0.05719456150486472,1.0,0.08320610355293746
D_small_shift,30405,1500,0.014463984014969762,0.0188826764177003,1.0,0.0,0.0836387668807171,1.0,1.0,0.11396261338940414,1.0,1.0,0.17608594328646493,1.0,0.08453603063485134,0.0,0.10317952192674058
D_small_shift,30406,1500,0.014908525835301691,0.015062095283311604,1.0,1.0,0.05765491901251398,1.0,1.0,0.1057183251857495,1.0,1.0,0.17667708231743887,1.0,0.070384019572024,1.0,0.09285312038164403
D_small_shift,30407,1500,0.014416046578935639,0.013015316007332597,1.0,0.0,0.05121960757135395,1.0,1.0,0.09701312713857928,1.0,1.0,0.1641853403768621,1.0,0.06271652515835871,1.0,0.09502066255058017
D_small_shift,30408,1500,0.01422669929077452,0.01363174137838446,1.0,1.0,0.06797121883887886,1.0,1.0,0.11019676258318818,1.0,1.0,0.1674119862522387,1.0,0.07184995478915644,1.0,0.09984131571796798
D_small_shift,30409,1500,0.014276225367112677,0.014092086390129882,1.0,0.0,0.05689482133474858,1.0,1.0,0.10588065710446037,1.0,1.0,0.18010780466743337,0.0,0.07667333067213249,1.0,0.11446948562351075
D_small_shift,30410,1500,0.014403931611366988,0.015937760874160344,1.0,1.0,0.07416612484478552,1.0,1.0,0.1073396644770889,1.0,1.0,0.20697532889696585,1.0,0.08884437127809364,1.0,0.11943619869022692
D_small_shift,30411,1500,0.014310793166873954,0.01550593579173326,0.0,0.0,0.07138140812245684,1.0,1.0,0.11195751105374918,1.0,1.0,0.21600663282029386,0.0,0.07351671147026888,0.0,0.09889357418877544
D_small_shift,30412,1500,0.01511120049477964,0.012482641373336668,1.0,0.0,0.05075322962346899,1.0,1.0,0.09434974465228481,1.0,1.0,0.1789999768903114,1.0,0.05869821145533825,1.0,0.09318259057916
D_small_shift,30413,1500,0.01479168260839801,0.01267453099901611,0.0,0.0,0.05854865527879096,0.0,1.0,0.09099393699335376,1.0,1.0,0.14934623719236623,0.0,0.056111946746076224,1.0,0.0824123566559668
D_small_shift,30414,1500,0.014858160089638799,0.013989260702320278,1.0,0.0,0.06363731846019577,1.0,0.0,0.10502292563222657,1.0,1.0,0.1928273919250779,1.0,0.07654484739842966,1.0,0.11482893176215703
D_small_shift,30415,1500,0.014906170114929479,0.015616261328588631,0.0,0.0,0.07871600739305451,1.0,0.0,0.1141722167531308,1.0,1.0,0.1881622430203646,0.0,0.09240043691319082,0.0,0.12319593723785441
D_small_shift,30416,1500,0.014382396676465306,0.015083916752344901,1.0,1.0,0.07167091819535806,1.0,1.0,0.10666714020350347,1.0,1.0,0.1946875655492382,1.0,0.07713211685545136,1.0,0.09613102681033232
D_small_shift,30417,1500,0.014831692130732491,0.013037941159946942,1.0,0.0,0.060008036880874784,1.0,1.0,0.10403330202880272,1.0,1.0,0.17773754116425422,1.0,0.05834696030714066,1.0,0.09170621986556896
D_small_shift,30418,1500,0.014852229435101323,0.012373170394478241,1.0,1.0,0.051142772792953164,1.0,1.0,0.09398277189876934,1.0,1.0,0.17088722069539647,1.0,0.056356107242305206,1.0,0.08838301176946362
D_small_shift,30419,1500,0.014943950809010568,0.01437074646236548,1.0,1.0,0.05910235937540206,1.0,1.0,0.10461426094704426,1.0,1.0,0.16070905977291888,1.0,0.07495712350937937,1.0,0.10971474718776882
D_small_shift,30420,1500,0.014718383654239333,0.012794843002499001,0.0,1.0,0.054890106659717074,1.0,1.0,0.09551398054206664,1.0,1.0,0.16358930681378303,0.0,0.06319549661781006,1.0,0.09720021460891368
D_small_shift,30421,1500,0.014927781751834153,0.015329681519126379,1.0,1.0,0.08058355204014174,1.0,1.0,0.10014726176865599,1.0,1.0,0.18676142599113027,1.0,0.06153215197812586,1.0,0.08724031948914582
D_small_shift,30422,1500,0.01394905276485265,0.018247311893410827,1.0,1.0,0.08556564648841178,1.0,1.0,0.12026384790755809,1.0,1.0,0.19968739506013441,1.0,0.09262248436193041,1.0,0.11641836353532412
D_small_shift,30423,1500,0.014543994929557158,0.013478083659941353,1.0,1.0,0.06571061562160344,1.0,1.0,0.1116867208502329,1.0,1.0,0.2041106631831166,1.0,0.08035028274917995,1.0,0.10240329242463737
D_small_shift,30424,1500,0.014596673014798212,0.01314166348498565,0.0,0.0,0.05435971859858457,1.0,1.0,0.11081159481085248,1.0,1.0,0.1776324290632612,0.0,0.06997347152060306,1.0,0.1014032524188954
D_small_shift,30425,1500,0.01468676824557175,0.0172089820858166,1.0,1.0,0.07997037173323003,1.0,1.0,0.10626693833514415,1.0,1.0,0.18454919457202107,1.0,0.08040399251481722,1.0,0.10676915104414608
D_small_shift,30426,1500,0.014649286775980248,0.014431227864365282,1.0,0.0,0.0616173602992387,1.0,1.0,0.10772659659067618,1.0,1.0,0.18996997241461167,1.0,0.07919730379569226,1.0,0.11451950121630856
D_small_shift,30427,1500,0.01429304543983576,0.01680931527467175,1.0,0.0,0.0778738505398487,1.0,1.0,0.09630856273555853,1.0,1.0,0.15695156144111888,1.0,0.06530140459705129,1.0,0.09235998069366866
D_small_shift,30428,1500,0.014417029813835762,0.013935621468865058,1.0,1.0,0.07082946710583729,1.0,1.0,0.10073984108962009,1.0,1.0,0.17180039774902536,0.0,0.05644514503078015,1.0,0.08883867329139823
D_small_shift,30429,1500,0.014508863129458437,0.011976416149714248,1.0,1.0,0.07121106882738826,1.0,1.0,0.09242468688726038,1.0,1.0,0.1599844799468715,1.0,0.057047968625207224,1.0,0.09563943668691041
D_small_shift,30430,1500,0.014828830866917208,0.01515216365655155,1.0,1.0,0.06779284141632777,1.0,1.0,0.10914449472697803,1.0,1.0,0.17877334138073653,1.0,0.0652198659232948,1.0,0.09251666185197097
D_small_shift,30431,1500,0.015014604142723329,0.014610776829029773,1.0,1.0,0.06555818196916967,1.0,1.0,0.09616374465819391,1.0,1.0,0.17196799506607843,1.0,0.04677860371688556,1.0,0.07531190882699638
D_small_shift,30432,1500,0.014657726893850222,0.014476698656074769,1.0,1.0,0.06747919821262816,1.0,1.0,0.09948827314946858,1.0,1.0,0.16626253318850337,1.0,0.06810819106394946,1.0,0.10209189353438211
D_small_shift,30433,1500,0.014715166165330919,0.01601139155605798,1.0,1.0,0.06774370382285075,1.0,1.0,0.10144908567551625,1.0,1.0,0.18097527642685254,1.0,0.0671297607280901,1.0,0.09142403387175399
D_small_shift,30434,1500,0.014040012187085865,0.013291436007001414,1.0,0.0,0.05839852060594401,1.0,1.0,0.10691979198187815,1.0,1.0,0.16199574960345237,1.0,0.07203398086759796,1.0,0.09909007889455856
D_small_shift,30435,1500,0.014618560917860084,0.016213929527837796,1.0,1.0,0.07194061022838102,1.0,1.0,0.10471404319227004,1.0,1.0,0.179608904632661,1.0,0.06938208780021145,1.0,0.11246551022028077
D_small_shift,30436,1500,0.0144680598323941,0.013882765500753827,1.0,0.0,0.061702394262573346,1.0,1.0,0.10323693059216262,1.0,1.0,0.17992447317551102,1.0,0.06869566035450039,1.0,0.09651436130291376
D_small_shift,30437,1500,0.014247758276652785,0.013538792568813907,1.0,0.0,0.05546909023565685,1.0,0.0,0.10139532635039708,1.0,1.0,0.17006436265856842,1.0,0.06812074535778948,1.0,0.09018546863225946
D_small_shift,30438,1500,0.014036375183307267,0.013958238534215073,1.0,1.0,0.055248001778316215,1.0,1.0,0.10831366139791376,1.0,1.0,0.16969288932391313,1.0,0.06333783029016682,1.0,0.10643000363327963
D_small_shift,30439,1500,0.014648223127034864,0.013590281888529449,1.0,1.0,0.056061844908049184,1.0,1.0,0.10972313621217189,1.0,1.0,0.18430166625336503,1.0,0.06291969589281757,1.0,0.08924687880991518
D_small_shift,30440,1500,0.014126311072767761,0.012897426355989491,1.0,1.0,0.055103034038242384,1.0,1.0,0.1024852816687128,1.0,1.0,0.16101814300199668,1.0,0.052541219979695866,1.0,0.09321332809318741
D_small_shift,30441,1500,0.01449374520912364,0.012923168494424805,1.0,1.0,0.06064227319361178,1.0,1.0,0.11505958545411862,1.0,1.0,0.1705074917378173,1.0,0.0712600507446052,1.0,0.1088241123796698
D_small_shift,30442,1500,0.014027079920404098,0.01562519574289841,1.0,1.0,0.07636876253437061,1.0,1.0,0.11095722960027658,1.0,1.0,0.18325789370762485,1.0,0.07316630664654132,1.0,0.0916681258315594
D_small_shift,30443,1500,0.014244107997103194,0.014743839293622172,1.0,1.0,0.06726401954655992,1.0,1.0,0.09311049305246025,1.0,1.0,0.1459161529374056,1.0,0.06271021653881627,1.0,0.10355964805371676
D_small_shift,30444,1500,0.014546436390365179,0.013998289216961463,1.0,1.0,0.05996488966173985,1.0,1.0,0.09739728790253863,1.0,1.0,0.16670007086179142,1.0,0.06839327237905385,1.0,0.09866584473665356
D_small_shift,30445,1500,0.014948667961037377,0.013210447994950086,0.0,0.0,0.05110623346712466,1.0,1.0,0.10907462312924712,1.0,1.0,0.18479554064472728,1.0,0.0689187550125924,1.0,0.0935661221412423
D_small_shift,30446,1500,0.014894116505602767,0.016424103503671156,1.0,1.0,0.07629640709963015,1.0,1.0,0.10563607342905552,1.0,1.0,0.165562465380175,1.0,0.08254900761497039,1.0,0.10104182748728267
D_small_shift,30447,1500,0.014289040667250986,0.013548248157802728,1.0,0.0,0.05204542185530594,1.0,1.0,0.09198161988660322,1.0,1.0,0.14723122774683045,0.0,0.053951306085532655,1.0,0.0926396783157836
D_small_shift,30448,1500,0.014455674183470194,0.0158285070273961,1.0,1.0,0.08263588905712206,1.0,1.0,0.12331098024680934,1.0,1.0,0.18876337699166665,1.0,0.08235033706266959,1.0,0.1026439546009402
D_small_shift,30449,1500,0.014078118320680304,0.014367419558360012,1.0,1.0,0.06307791240326008,1.0,1.0,0.10237563938184786,1.0,1.0,0.17680007727114727,1.0,0.06411859157442526,1.0,0.09758178852844765
D_small_shift,30450,1500,0.014116188062085467,0.015368281996698716,1.0,0.0,0.05687589823989429,1.0,1.0,0.10535253887944344,1.0,1.0,0.18005945146609265,1.0,0.07797950287653153,1.0,0.10993451280285504
D_small_shift,30451,1500,0.014341564655009737,0.012864527799770254,1.0,1.0,0.05153648985924904,1.0,1.0,0.10709875281506102,1.0,1.0,0.17967600374211626,1.0,0.06007248387951898,1.0,0.08766125945712722
D_small_shift,30452,1500,0.014785608226013849,0.012882133532307678,1.0,0.0,0.057167212445107606,1.0,1.0,0.09989867054421354,1.0,1.0,0.16740626008545742,1.0,0.06634950447616189,1.0,0.09312190818524828
D_small_shift,30453,1500,0.01465407572000528,0.011523859429590945,1.0,1.0,0.06092243049218561,1.0,1.0,0.08536687446196457,1.0,1.0,0.15387272387444015,1.0,0.03662786160132407,1.0,0.08450780049225366
D_small_shift,30454,1500,0.014293331337716155,0.015613036683371734,1.0,0.0,0.06346358210288743,1.0,0.0,0.10623284759216327,1.0,1.0,0.18545572292767404,1.0,0.06951949372277114,0.0,0.10138728450060248
D_small_shift,30455,1500,0.014185478961960027,0.015323189904242755,1.0,1.0,0.08467369820690282,1.0,1.0,0.09283616815462674,1.0,1.0,0.14961206635549967,1.0,0.055307893538482714,1.0,0.08956647376984779
D_small_shift,30456,1500,0.014242795773544321,0.014378471825667094,1.0,0.0,0.06325817361556027,1.0,1.0,0.09724788257580805,1.0,1.0,0.16816209949740418,1.0,0.07320394905258629,0.0,0.0933636604906476
D_small_shift,30457,1500,0.014738127073424359,0.016699942868577847,1.0,0.0,0.06572236887576002,1.0,1.0,0.09693793837553849,1.0,1.0,0.16831614179082413,1.0,0.07012344491974896,1.0,0.09228242510792428
D_small_shift,30458,1500,0.01437079153111082,0.014761820985919868,1.0,0.0,0.07309251331704235,1.0,1.0,0.09657890136632483,1.0,1.0,0.18701184764950016,1.0,0.07131699353967436,1.0,0.09565595662865559
D_small_shift,30459,1500,0.014188301239822575,0.014501239875515066,1.0,0.0,0.07363915209257337,1.0,0.0,0.09908589140226731,1.0,1.0,0.15715214948949305,0.0,0.061904675359695994,1.0,0.10258299552481245
D_small_shift,30460,1500,0.014560967111905321,0.015567303916068517,1.0,1.0,0.06932993342187722,1.0,1.0,0.11310555874524827,1.0,1.0,0.17674819738862693,1.0,0.08643211342301714,1.0,0.12344374742065714
D_small_shift,30461,1500,0.014929876983691652,0.012136954252113658,0.0,0.0,0.05135903638036663,1.0,1.0,0.09685453403370001,1.0,1.0,0.16243751104418985,0.0,0.052739187919998806,1.0,0.08446352401157856
D_small_shift,30462,1500,0.014882430412829134,0.015669389172640276,1.0,0.0,0.06878926115702289,1.0,0.0,0.10127703757224893,1.0,1.0,0.16595432602092222,1.0,0.06729081370414658,0.0,0.09014910467744004
D_small_shift,30463,1500,0.014936038753959054,0.01587912533638543,1.0,1.0,0.0669998713512792,1.0,1.0,0.13009613164138606,1.0,1.0,0.1907605069500623,1.0,0.08956864290249171,1.0,0.1088040744085181
D_small_shift,30464,1500,0.014351715968906411,0.013196107721087095,1.0,0.0,0.056942382109868704,1.0,1.0,0.1059876018524245,1.0,1.0,0.17691365842683876,1.0,0.0743795997726254,1.0,0.09594661864465694
D_small_shift,30465,1500,0.01456683880871985,0.011808471139729193,1.0,0.0,0.05333021559370295,1.0,0.0,0.09604467815571285,1.0,1.0,0.16724283549117555,0.0,0.047581373423779154,0.0,0.10302966518459977
D_small_shift,30466,1500,0.014072658977292318,0.013854320127826452,1.0,0.0,0.061058789519073654,1.0,1.0,0.10437183934089414,1.0,1.0,0.17356247420234472,1.0,0.07889907701194007,1.0,0.10511830881039656
D_small_shift,30467,1500,0.014645989061231447,0.015152470360455288,1.0,0.0,0.07179336806295934,1.0,1.0,0.11439900384951418,1.0,1.0,0.17903683424534123,1.0,0.0810688828131659,1.0,0.103409874062766
D_small_shift,30468,1500,0.014555872795189597,0.01503580962024614,1.0,0.0,0.061747904377579044,1.0,1.0,0.09481261978255133,1.0,1.0,0.1697924695975857,1.0,0.05885445861701801,0.0,0.08117842613233232
D_small_shift,30469,1500,0.014542371576018493,0.012439405268375319,1.0,1.0,0.05367729590219128,1.0,1.0,0.08559015302843179,1.0,1.0,0.15227603340124377,1.0,0.0453771656506015,1.0,0.0743116462705937
D_small_shift,30470,1500,0.014417849145253634,0.012667836543573696,1.0,0.0,0.05806018579060729,1.0,1.0,0.12029927216720455,1.0,1.0,0.20139806386044318,1.0,0.08057232192695414,1.0,0.10609318751219374
D_small_shift,30471,1500,0.015020119572286784,0.014929025220377878,1.0,0.0,0.06090165561562423,1.0,1.0,0.10588544099577965,1.0,1.0,0.1761788335922366,1.0,0.06652523255013601,1.0,0.08684914977548415
D_small_shift,30472,1500,0.014516006085322462,0.014957543821869947,1.0,1.0,0.05930775411309156,1.0,1.0,0.09382508996876257,1.0,1.0,0.18093127547312543,0.0,0.051037055877089045,1.0,0.0857149717501858
D_small_shift,30473,1500,0.014895392077163692,0.014463284393471217,1.0,0.0,0.0603001855587809,1.0,1.0,0.09001073360088778,1.0,1.0,0.16304080771263516,1.0,0.034928643927981284,0.0,0.07618848748113714
D_small_shift,30474,1500,0.01468757997032095,0.011487519003138333,1.0,0.0,0.050400887465557334,1.0,1.0,0.10170700353096825,1.0,1.0,0.15800394727700753,1.0,0.0642876338867917,1.0,0.10122547119169156
D_small_shift,30475,1500,0.014904679281242362,0.013324872016640569,1.0,1.0,0.06573580156373078,1.0,1.0,0.10725002577995313,1.0,1.0,0.16910205313921575,1.0,0.06615540699728083,1.0,0.09989003277782567
D_small_shift,30476,1500,0.014413267826040405,0.012895827296896187,1.0,0.0,0.0591442389726363,1.0,1.0,0.11054802471352362,1.0,1.0,0.1749507373895302,1.0,0.07612518045105823,1.0,0.11980548042111246
D_small_shift,30477,1500,0.014467094038125584,0.013303258674266346,1.0,0.0,0.0698058791858126,1.0,1.0,0.10365600474770893,1.0,1.0,0.16307427753638498,1.0,0.06550708721958631,1.0,0.09311782483760002
D_small_shift,30478,1500,0.013977284180453676,0.013423991433608659,1.0,1.0,0.06047558018865261,1.0,1.0,0.09234797040579179,1.0,1.0,0.1583792028043062,1.0,0.06616253659483266,1.0,0.08616798651180754
D_small_shift,30479,1500,0.014497809116915618,0.012418442973663835,1.0,0.0,0.05595812464822122,1.0,0.0,0.08779816817614912,1.0,1.0,0.15018406552866867,0.0,0.03824611240266747,1.0,0.09417391069873571
D_small_shift,30480,1500,0.014584564703672066,0.013663788793384094,1.0,1.0,0.06281058493550083,1.0,1.0,0.1126973689565193,1.0,1.0,0.19993400292112679,1.0,0.08351095144495582,1.0,0.10949257325386925
D_small_shift,30481,1500,0.014716119278692631,0.012115762709850295,1.0,0.0,0.05079200362812096,1.0,1.0,0.09727901327465324,1.0,1.0,0.1702216467093684,1.0,0.06002383666672122,0.0,0.08595793192833896
D_small_shift,30482,1500,0.013948808128878392,0.01233797874831471,1.0,0.0,0.058171803811904566,1.0,1.0,0.0982002087716833,1.0,1.0,0.1632006450952412,1.0,0.0664610800228561,1.0,0.1063726650009749
D_small_shift,30483,1500,0.014330136329707241,0.013389127031363227,1.0,1.0,0.05528715216850649,1.0,1.0,0.10098111370941043,1.0,1.0,0.1823970229885277,1.0,0.07218366863441202,1.0,0.10048927031715485
D_small_shift,30484,1500,0.014109645349440333,0.015718914187926817,1.0,1.0,0.06952869303632214,1.0,1.0,0.09819797788496341,1.0,1.0,0.17215298288700093,1.0,0.054979238789485275,1.0,0.0799049916171255
D_small_shift,30485,1500,0.014272112353761987,0.016098980492888045,1.0,0.0,0.07499588417011124,1.0,0.0,0.0895198403373755,1.0,1.0,0.15105115172546785,1.0,0.0709408503354346,1.0,0.11517301507365188
D_small_shift,30486,1500,0.014316301130470372,0.01399728198538169,1.0,0.0,0.05789813471278608,1.0,1.0,0.09447828219947775,1.0,1.0,0.16210920850482363,1.0,0.06176739355443139,1.0,0.09982680560957771
D_small_shift,30487,1500,0.014419470600097292,0.016105992404058,1.0,1.0,0.07834536571838985,1.0,1.0,0.10084288417298666,1.0,1.0,0.16995807101722996,1.0,0.07621266957950212,1.0,0.10252594342069296
D_small_shift,30488,1500,0.014495561045425062,0.016724995566521853,1.0,0.0,0.07040033700237597,1.0,1.0,0.10716266315247325,1.0,1.0,0.2020091889760304,1.0,0.07822201135558947,1.0,0.10145959918737964
D_small_shift,30489,1500,0.014544248576485884,0.013488396113761764,1.0,0.0,0.05868485566073015,1.0,1.0,0.10019666449322773,1.0,1.0,0.17306672419806118,1.0,0.07452427041126135,1.0,0.09971009241500717
D_small_shift,30490,1500,0.014536167190158806,0.012559058514298126,1.0,1.0,0.05830887770028992,1.0,1.0,0.09546745767888651,1.0,1.0,0.16454259572727237,1.0,0.06429827409877084,1.0,0.0920631929733227
D_small_shift,30491,1500,0.014403208344737108,0.01385309181030859,1.0,1.0,0.05801479905030338,1.0,1.0,0.09751144751792809,1.0,1.0,0.16411358615090252,1.0,0.05526565632397813,1.0,0.08403429264325875
D_small_shift,30492,1500,0.014255732045506338,0.01383356276800234,1.0,1.0,0.06619004493086611,1.0,1.0,0.09930947419175246,1.0,1.0,0.15189956365954058,1.0,0.06835403965628127,1.0,0.09498226537451923
D_small_shift,30493,1500,0.014281371775675407,0.016498951135804327,1.0,1.0,0.0814038861732316,1.0,1.0,0.10191497545308588,1.0,1.0,0.17554083068994547,1.0,0.07773426254248303,1.0,0.1021903162035251
D_small_shift,30494,1500,0.01477396432749962,0.013520745479296317,1.0,0.0,0.05868684678035755,1.0,1.0,0.10744150600346666,1.0,1.0,0.1941030727500554,1.0,0.0793586689447188,1.0,0.10259912952291994
D_small_shift,30495,1500,0.014593852291311894,0.014151308657677664,1.0,0.0,0.057046636328853116,1.0,0.0,0.08920539728404904,1.0,0.0,0.1535593621289542,0.0,0.05314271240291766,0.0,0.07924193803164177
D_small_shift,30496,1500,0.014552510106207018,0.017355723682250104,1.0,1.0,0.0935865652664912,1.0,1.0,0.11646018903004403,1.0,1.0,0.18591431768941163,1.0,0.07983844958745047,1.0,0.10393996952628834
D_small_shift,30497,1500,0.014059927937429979,0.01296836863352585,1.0,0.0,0.05598454660294622,1.0,1.0,0.08663951522913003,1.0,1.0,0.1634386925049738,1.0,0.05393779478719385,1.0,0.0917201717579347
D_small_shift,30498,1500,0.014722328361554076,0.014206171876948037,1.0,0.0,0.053944059589140614,1.0,1.0,0.09401870803640967,1.0,1.0,0.16924642433912324,1.0,0.056739725354521306,1.0,0.08970582839015093
D_small_shift,30499,1500,0.014508824952099783,0.013280823873429584,1.0,1.0,0.06492893974685357,1.0,1.0,0.10585044163866078,1.0,1.0,0.19268617975817637,1.0,0.06783913222791489,1.0,0.10549287061154063
E_small_shift_noisy,40000,600,0.03184914932807586,0.014513236429704765,1.0,0.0,0.0522469936744114,1.0,1.0,0.21975965864244174,1.0,1.0,0.38414688495905047,1.0,0.10990093366790984,1.0,0.15535658686156278
E_small_shift_noisy,40001,600,0.0333449066382719,0.015298484720875801,1.0,0.0,0.0686710634311852,1.0,1.0,0.22463427235058891,1.0,1.0,0.3810441923403201,1.0,0.14595687289477238,1.0,0.22535308319072817
E_small_shift_noisy,40002,600,0.032495114548267534,0.013818482245728906,1.0,0.0,0.052559667606926166,1.0,1.0,0.2520530070041206,1.0,1.0,0.35624688842903274,1.0,0.17544987246392652,1.0,0.21378479763071095
E_small_shift_noisy,40003,600,0.03401420664835135,0.011441362780469953,0.0,0.0,0.04945432045505018,1.0,1.0,0.1775532982555532,1.0,1.0,0.29092207436092926,0.0,0.030430595383297575,1.0,0.1286946412989593
E_small_shift_noisy,40004,600,0.03192107033291747,0.013517452020595877,1.0,0.0,0.05986828847094483,1.0,1.0,0.19856023432773104,1.0,1.0,0.345717203485462,1.0,0.15411224378653993,1.0,0.2701330353554954
E_small_shift_noisy,40005,600,0.03187002869443692,0.012804658620440435,1.0,0.0,0.048625051106720815,1.0,1.0,0.16924630670575883,1.0,1.0,0.3406047086393197,0.0,0.03953739036876415,1.0,0.17170843349008214
E_small_shift_noisy,40006,600,0.03442161227979266,0.013080363594795755,1.0,0.0,0.05101773570203509,1.0,1.0,0.18289300553053886,1.0,1.0,0.35721768368835527,1.0,0.0857359958022897,1.0,0.17453152863446633
E_small_shift_noisy,40007,600,0.033871812603688906,0.015374825466568199,1.0,0.0,0.0671493620603242,1.0,1.0,0.19255565020333706,1.0,1.0,0.3594750374891583,1.0,0.13178427095416775,1.0,0.2939924809159781
E_small_shift_noisy,40008,600,0.03189793017032957,0.01093745776768701,0.0,0.0,0.0425489250981434,1.0,1.0,0.2093786992523651,1.0,1.0,0.3213695568276966,0.0,0.10167181183276139,0.0,0.1619889161437273
E_small_shift_noisy,40009,600,0.03258538379666221,0.012177722062113403,0.0,0.0,0.05617614446446206,1.0,1.0,0.24991371306042165,1.0,1.0,0.48901571605030963,0.0,0.11941159950539156,0.0,0.2616948024866495
E_small_shift_noisy,40010,600,0.03559436602355297,0.012386841118020773,1.0,0.0,0.05425809414103847,1.0,1.0,0.20076536347969814,1.0,1.0,0.43653894791541437,1.0,0.09431099920917932,0.0,0.3065640611877683
E_small_shift_noisy,40011,600,0.03198297164242164,0.014564521931702329,0.0,0.0,0.06864603753071938,1.0,1.0,0.19014053729142974,1.0,1.0,0.32854396377760114,0.0,0.11607024018907522,1.0,0.3674221072610636
E_small_shift_noisy,40012,600,0.03633157013671615,0.014237342611387907,0.0,0.0,0.060712421852487056,1.0,1.0,0.22313434445917388,1.0,1.0,0.4263909370889869,1.0,0.1071636341693692,1.0,0.21738752801251787
E_small_shift_noisy,40013,600,0.0318652455158857,0.01062122767003562,1.0,0.0,0.04879395511296067,1.0,1.0,0.2089676630526367,1.0,1.0,0.34685776832261395,1.0,0.1149753900506975,1.0,0.1904539234576462
E_small_shift_noisy,40014,600,0.03556152464494373,0.014457351608108474,0.0,0.0,0.06346858839496591,1.0,0.0,0.19767630683908327,1.0,1.0,0.34798175502112605,0.0,0.04456048369177053,0.0,0.193346774895296
E_small_shift_noisy,40015,600,0.03208580427188258,0.015327897731798008,1.0,0.0,0.07093256944581114,1.0,1.0,0.2189488536455902,1.0,1.0,0.3968881135631688,1.0,0.16207891222001486,1.0,0.24632029400886904
E_small_shift_noisy,40016,600,0.03159814498183866,0.0132961269705896,1.0,0.0,0.06916305635831244,1.0,0.0,0.18492424570017257,1.0,1.0,0.3471631672299197,1.0,0.13211884247431904,1.0,0.22837410075674977
E_small_shift_noisy,40017,600,0.033288242176788455,0.012717406287933056,1.0,0.0,0.05852920375186639,1.0,1.0,0.193221649099671,1.0,1.0,0.3753688469602001,1.0,0.11490079657144651,1.0,0.1736361073334147
E_small_shift_noisy,40018,600,0.032438322675561494,0.015464248915897257,1.0,0.0,0.07910874878170697,1.0,1.0,0.17596692240189704,1.0,1.0,0.37298090092368813,1.0,0.1407205208723014,1.0,0.27820200723589605
E_small_shift_noisy,40019,600,0.03542152888552784,0.015170647972330475,1.0,1.0,0.057606188858671616,1.0,1.0,0.22045622681469262,1.0,1.0,0.4269188259319554,1.0,0.1452615524529529,1.0,0.22845652049367188
E_small_shift_noisy,40020,600,0.02944204655496793,0.016080299721562854,1.0,0.0,0.06745621066045343,1.0,1.0,0.22286682495334312,1.0,1.0,0.3369244174785964,1.0,0.16498569038356367,1.0,0.2842092209284888
E_small_shift_noisy,40021,600,0.03188612645251332,0.013765736170734838,1.0,0.0,0.049526299383358306,1.0,1.0,0.23565446525294034,1.0,1.0,0.3762541810733782,1.0,0.20128751063836708,1.0,0.2527751200042778
E_small_shift_noisy,40022,600,0.0327027840835013,0.013673069003738419,0.0,0.0,0.057591375744583104,1.0,1.0,0.19841371405126468,1.0,1.0,0.3485307671127366,0.0,0.08964716311189425,1.0,0.1716999623603613
E_small_shift_noisy,40023,600,0.0364582339765059,0.012849780153256241,1.0,0.0,0.05491447324830623,1.0,1.0,0.24191853293851073,1.0,1.0,0.4100847794796222,1.0,0.15349341458981194,1.0,0.21435419996993083
E_small_shift_noisy,40024,600,0.032548984722369424,0.015802673083622366,1.0,0.0,0.07391684142963062,1.0,1.0,0.1937187018544604,1.0,1.0,0.3741882651311913,1.0,0.10734547583571286,1.0,0.15565287803621006
E_small_shift_noisy,40025,600,0.031591197608939206,0.013497081112984536,1.0,0.0,0.06863248029730304,1.0,1.0,0.19754363888453103,1.0,1.0,0.3271076349651455,1.0,0.09398871684617036,1.0,0.25255235138328463
E_small_shift_noisy,40026,600,0.03246545006710334,0.01446575358757829,1.0,0.0,0.059879858428345624,1.0,0.0,0.1910906516063151,1.0,1.0,0.32988835337989453,1.0,0.12878207109168352,1.0,0.3577071363396322
E_small_shift_noisy,40027,600,0.03319172390417799,0.012939762682274277,1.0,0.0,0.0549976068084012,1.0,1.0,0.2512330516327966,1.0,1.0,0.3868664893427349,1.0,0.17293753917319823,1.0,0.23798149984857514
E_small_shift_noisy,40028,600,0.03380372127181278,0.017025932219885045,1.0,0.0,0.07559553277014944,1.0,1.0,0.22487790041455596,1.0,1.0,0.3867682281509097,1.0,0.1354403275716541,1.0,0.3462539815824355
E_small_shift_noisy,40029,600,0.03472174890183171,0.013067821779867247,1.0,0.0,0.05189048920468534,1.0,1.0,0.2280572578068265,1.0,1.0,0.4172390256003172,1.0,0.13290737138818692,1.0,0.19359701254601794
E_small_shift_noisy,40030,600,0.03489032297187571,0.011312778739669556,0.0,0.0,0.050382210023433883,1.0,1.0,0.23158077656960535,1.0,1.0,0.3745365830969238,1.0,0.14037161113119442,1.0,0.20905131701301044
E_small_shift_noisy,40031,600,0.03422297818313487,0.013086290181256779,1.0,0.0,0.055225313902614245,1.0,1.0,0.20564903603121212,1.0,1.0,0.38751032875317626,1.0,0.0998385405987818,1.0,0.25024230305991274
E_small_shift_noisy,40032,600,0.03405870154428754,0.013588484002870604,1.0,0.0,0.05627598692263515,1.0,1.0,0.18802118321433553,1.0,1.0,0.36361367872063494,1.0,0.07166980768223294,1.0,0.31453033403869834
E_small_shift_noisy,40033,600,0.034975934741584225,0.014088524297301267,1.0,0.0,0.07528114678292855,1.0,1.0,0.2385497574151068,1.0,1.0,0.4229698921336921,1.0,0.12763980922537196,1.0,0.19267680716008986
E_small_shift_noisy,40034,600,0.03408284252193763,0.013785619538278523,1.0,0.0,0.05884394690211121,1.0,1.0,0.21120446621661965,1.0,1.0,0.43056873413447,1.0,0.12783928089926422,1.0,0.2514841026709028
E_small_shift_noisy,40035,600,0.03170618262849946,0.011273329602566535,1.0,0.0,0.047513029955836394,1.0,0.0,0.21907064966920994,1.0,1.0,0.38340329704803916,1.0,0.14455651268128306,1.0,0.41092920079191286
E_small_shift_noisy,40036,600,0.035436757214467714,0.01571960817524525,1.0,0.0,0.06936107703193264,1.0,1.0,0.22954256938000578,1.0,1.0,0.4168329578783845,1.0,0.13799062010110524,1.0,0.36461485109770214
E_small_shift_noisy,40037,600,0.03424171024380429,0.01189559693622468,1.0,0.0,0.0519572583579188,1.0,1.0,0.19691568300331574,1.0,1.0,0.4095893030586318,1.0,0.0768811720821003,1.0,0.26211463366821375
E_small_shift_noisy,40038,600,0.035762688510941276,0.012180892744388614,1.0,0.0,0.05301993142854389,1.0,1.0,0.19684573914632936,1.0,1.0,0.4215381981483592,1.0,0.07710722820285057,1.0,0.17091929918349708
E_small_shift_noisy,40039,600,0.03685043451242275,0.012668473037636569,1.0,0.0,0.04742238648592155,1.0,1.0,0.26113262556984873,1.0,1.0,0.44373357950425224,1.0,0.12944746167914,1.0,0.21779934250563385
E_small_shift_noisy,40040,600,0.03508736111600815,0.013597464089541766,1.0,0.0,0.07080723521660186,1.0,1.0,0.19149193946465565,1.0,1.0,0.3581078126998959,0.0,0.12218270703672851,1.0,0.2763371021518351
E_small_shift_noisy,40041,600,0.032615905120231846,0.013985936155301418,1.0,0.0,0.06355938531823026,1.0,1.0,0.22523514103037257,1.0,1.0,0.3830284597608008,1.0,0.16653933423469447,1.0,0.21994236437113868
E_small_shift_noisy,40042,600,0.030437341748988322,0.014402419366826411,0.0,0.0,0.05644745790641211,1.0,1.0,0.1802416981738427,1.0,1.0,0.38214243190684943,0.0,0.0628162489254662,1.0,0.278445349016072
E_small_shift_noisy,40043,600,0.03455913701390284,0.013953588100328113,1.0,0.0,0.06310742895722961,1.0,1.0,0.2774310755441989,1.0,1.0,0.46405592796195927,1.0,0.15040287439564765,1.0,0.20254632838571068
E_small_shift_noisy,40044,600,0.030086268354765657,0.014005107001904738,1.0,0.0,0.06411199180405139,1.0,1.0,0.19745584974162378,1.0,1.0,0.3582277824555363,1.0,0.14852722035493066,1.0,0.2412568835664839
E_small_shift_noisy,40045,600,0.031468911951696245,0.015556788335227462,1.0,0.0,0.07183006041488778,1.0,1.0,0.19527624957597572,1.0,1.0,0.4215434601478202,1.0,0.13570187387841148,1.0,0.3080054013425803
E_small_shift_noisy,40046,600,0.030816739121609343,0.01526094669591345,1.0,0.0,0.06356826330928231,1.0,1.0,0.18689862690460085,1.0,1.0,0.366633739513658,1.0,0.1335330072490224,1.0,0.23835899127155508
E_small_shift_noisy,40047,600,0.03431700866906687,0.012925942175227328,1.0,0.0,0.06360537010057052,1.0,1.0,0.21098330432005988,1.0,1.0,0.37378335301885357,0.0,0.10328155145953362,1.0,0.2043899393671956
E_small_shift_noisy,40048,600,0.03227167162459717,0.012905023890026466,0.0,0.0,0.048219531465863885,1.0,1.0,0.22961145059687532,1.0,1.0,0.3838571782109773,1.0,0.1483048109559446,1.0,0.2451469701164611
E_small_shift_noisy,40049,600,0.0373229137970625,0.012487974034091348,1.0,0.0,0.04806227731007523,1.0,1.0,0.17215948591376487,1.0,1.0,0.342723170540706,1.0,0.041721541981902324,1.0,0.15552888674269688
E_small_shift_noisy,40050,600,0.03726777055817558,0.013463838105203432,1.0,0.0,0.06371234171254055,1.0,1.0,0.2312261221020105,1.0,1.0,0.37859220939398747,0.0,0.11802093222405896,1.0,0.20177336938306495
E_small_shift_noisy,40051,600,0.03158114775789487,0.01465528278677295,1.0,0.0,0.06340721629749702,1.0,0.0,0.18538712192280918,1.0,1.0,0.3359163142837631,0.0,0.07106194719993722,0.0,0.1802055232591728
E_small_shift_noisy,40052,600,0.03198636106444943,0.015594309543761736,1.0,0.0,0.06829867009295551,1.0,1.0,0.18776507563370265,1.0,1.0,0.35393123223733464,1.0,0.1285378567769791,1.0,0.2687583607316798
E_small_shift_noisy,40053,600,0.03200738497672007,0.013894568904115775,1.0,0.0,0.05959919653721698,1.0,1.0,0.21172830212875277,1.0,1.0,0.3671359267955331,1.0,0.16340645341867044,1.0,0.27469614561486433
E_small_shift_noisy,40054,600,0.03623971080328062,0.014993879511140442,1.0,0.0,0.06039128150389487,1.0,1.0,0.20007213935283982,1.0,1.0,0.3683188010821848,1.0,0.04552102258064842,0.0,0.18966164030156826
E_small_shift_noisy,40055,600,0.03319563079739298,0.012628059619517237,0.0,0.0,0.05535150069215451,1.0,1.0,0.2154318817898549,1.0,1.0,0.3491705699721761,0.0,0.12420759481297301,1.0,0.24320245818743375
E_small_shift_noisy,40056,600,0.03145959043486487,0.01563142313636043,1.0,0.0,0.07618106820420405,1.0,1.0,0.2274141268653737,1.0,1.0,0.4243193422534242,1.0,0.14291526558050713,1.0,0.2597549163425307
E_small_shift_noisy,40057,600,0.032519007326229976,0.01146172279833479,1.0,0.0,0.048961048619143174,1.0,1.0,0.18773026940068943,1.0,1.0,0.31765590774998603,0.0,0.07993641667796923,1.0,0.1519378052138175
E_small_shift_noisy,40058,600,0.03462641779745855,0.01469999991187601,1.0,0.0,0.07790468120401943,1.0,1.0,0.2157179266490191,1.0,1.0,0.4196221080976673,1.0,0.12795015748395394,1.0,0.20716843520538858
E_small_shift_noisy,40059,600,0.035414115513716635,0.013927349820443913,0.0,0.0,0.05143325667173981,1.0,1.0,0.23187334392093656,1.0,1.0,0.41558009712256994,0.0,0.08820716557883328,0.0,0.1481467930166006
E_small_shift_noisy,40060,600,0.029659057136640514,0.01349501140364979,1.0,0.0,0.06280342147310616,1.0,1.0,0.1941767634767741,1.0,1.0,0.3291237638161764,1.0,0.12112380916701056,1.0,0.17722013151753951
E_small_shift_noisy,40061,600,0.03186632470400959,0.014298377323811864,1.0,0.0,0.06847865637631911,1.0,1.0,0.2470074237325801,1.0,1.0,0.4124684592927846,1.0,0.19270474407801066,1.0,0.21914332687810673
E_small_shift_noisy,40062,600,0.03694636921560026,0.012422351334543039,1.0,0.0,0.06110936646628532,1.0,1.0,0.21578465001807573,1.0,1.0,0.41784177361822056,1.0,0.08306539495007935,1.0,0.20456685572674876
E_small_shift_noisy,40063,600,0.03424122279331041,0.013770226043820947,1.0,0.0,0.0660984779990977,1.0,1.0,0.17991023115656224,1.0,1.0,0.4278292353032326,0.0,0.07218286284702118,1.0,0.19916836222562315
E_small_shift_noisy,40064,600,0.03444780183471113,0.013524958712615675,1.0,0.0,0.07243145228931414,1.0,1.0,0.2250758626119369,1.0,1.0,0.3485113625991135,1.0,0.11952861492294373,1.0,0.20609186090310602
E_small_shift_noisy,40065,600,0.03416830164314611,0.015096698447968116,1.0,0.0,0.06522003843859088,1.0,1.0,0.22668571061254328,1.0,1.0,0.41498144464270137,0.0,0.13444997074566092,1.0,0.25701626563270746
E_small_shift_noisy,40066,600,0.03331474257982811,0.013189306019173347,1.0,0.0,0.058305493501504845,1.0,1.0,0.2031219136025893,1.0,1.0,0.3877128883826103,1.0,0.1326654313921381,1.0,0.21015382527656673
E_small_shift_noisy,40067,600,0.03490401708324685,0.011479160343408764,1.0,0.0,0.04960707120538953,1.0,1.0,0.1970159524809808,1.0,1.0,0.3891089445310009,0.0,0.11000094272324099,1.0,0.19983099405427404
E_small_shift_noisy,40068,600,0.0338570877229578,0.012054260225202146,1.0,0.0,0.052161611450639765,1.0,1.0,0.20810961295776384,1.0,1.0,0.4418725744533745,0.0,0.10554357544344802,1.0,0.3455731913314303
E_small_shift_noisy,40069,600,0.03275426170510201,0.013150007469462915,1.0,0.0,0.05280078568158616,1.0,1.0,0.20695376568954366,1.0,1.0,0.3750296996215897,1.0,0.12248217176171632,0.0,0.16173621567515442
E_small_shift_noisy,40070,600,0.03396229093709701,0.015544933974087054,1.0,0.0,0.07384751077457456,1.0,1.0,0.22155225221919891,1.0,1.0,0.4155424162697181,1.0,0.16906698833833916,1.0,0.2297842159983378
E_small_shift_noisy,40071,600,0.03330786780397451,0.013148367413193885,1.0,0.0,0.0591671158980361,1.0,1.0,0.2360183844573848,1.0,1.0,0.38840523804839067,1.0,0.12729251978072925,1.0,0.21062824889666443
E_small_shift_noisy,40072,600,0.03244412819274411,0.013585938448061514,1.0,0.0,0.056785493181849736,1.0,1.0,0.20206122237215074,1.0,1.0,0.3338659520131344,1.0,0.13421483796018757,1.0,0.2348551999122675
E_small_shift_noisy,40073,600,0.03268843460009622,0.01307782947426259,1.0,0.0,0.05158852146396875,1.0,1.0,0.22738227313593576,1.0,1.0,0.3742913074467789,1.0,0.14841296627808362,0.0,0.2402136645527536
E_small_shift_noisy,40074,600,0.03313935344422828,0.016327558353709602,1.0,0.0,0.0691378508270932,1.0,1.0,0.1924137967133385,1.0,1.0,0.34442559035016634,1.0,0.11030402931553152,1.0,0.23549181381443338
E_small_shift_noisy,40075,600,0.03519431408246191,0.014899173515968667,0.0,0.0,0.06071216653572529,1.0,1.0,0.2380487104453275,1.0,1.0,0.3949614037063426,1.0,0.16043976147776323,1.0,0.22586997745668783
E_small_shift_noisy,40076,600,0.032120816401010104,0.012393902502568391,1.0,0.0,0.05384880914071789,1.0,1.0,0.19741471072507727,1.0,1.0,0.334894538796008,1.0,0.10840055272780433,1.0,0.17107045493951903
E_small_shift_noisy,40077,600,0.031706344816481366,0.013903325299797117,1.0,0.0,0.06397917790893344,1.0,1.0,0.17635503922012918,1.0,1.0,0.29268631869997236,1.0,0.11339432472325547,1.0,0.2393651385012751
E_small_shift_noisy,40078,600,0.0348145323273761,0.013754641329095037,1.0,0.0,0.055624691802437655,1.0,1.0,0.20097475972662124,1.0,1.0,0.3507668599698325,1.0,0.12295921473467866,1.0,0.2849260511652655
E_small_shift_noisy,40079,600,0.03579347153992935,0.014407944133340858,1.0,0.0,0.06851733497420813,1.0,1.0,0.2003420962757186,1.0,1.0,0.3124842365776161,0.0,0.061510464301382684,1.0,0.21139192406092833
E_small_shift_noisy,40080,600,0.0332231152542315,0.011861580984530547,1.0,0.0,0.047096863725133956,1.0,1.0,0.1743909117540386,1.0,1.0,0.33711101834551566,0.0,0.061223509790098996,1.0,0.20143583254574676
E_small_shift_noisy,40081,600,0.03426079754299916,0.012345246731926796,1.0,0.0,0.05078261613888737,1.0,1.0,0.21167936377754737,1.0,1.0,0.4982244868718064,1.0,0.10545331895069517,0.0,0.1696314016389053
E_small_shift_noisy,40082,600,0.03420671128425879,0.01360251962476045,1.0,0.0,0.058155423573008805,1.0,1.0,0.2350917484982169,1.0,1.0,0.3815930160155161,1.0,0.15470902825518174,1.0,0.1887392834374609
E_small_shift_noisy,40083,600,0.0354020912447263,0.012163605199792399,1.0,0.0,0.05291666394983989,1.0,1.0,0.20850728616722414,1.0,1.0,0.37981538250738633,1.0,0.14519894220713572,1.0,0.2039959303632029
E_small_shift_noisy,40084,600,0.033940886537895634,0.015361317077436631,1.0,0.0,0.06754082606506408,1.0,1.0,0.24844823543559783,1.0,1.0,0.44685558570747774,1.0,0.15319533864143878,1.0,0.20486422661618403
E_small_shift_noisy,40085,600,0.03499212572597725,0.01405475044391948,1.0,0.0,0.06153143036934232,1.0,1.0,0.22036111274492712,1.0,1.0,0.33711478250950366,0.0,0.06485556535725154,0.0,0.1426477287360678
E_small_shift_noisy,40086,600,0.034067993302807284,0.012712275546027805,1.0,0.0,0.05092329042506161,1.0,1.0,0.20173375142449584,1.0,1.0,0.3976911210065149,1.0,0.132298518321471,1.0,0.21712538294987233
E_small_shift_noisy,40087,600,0.03301151279718316,0.01629965453392119,1.0,0.0,0.07479628087547993,1.0,1.0,0.19728203447805132,1.0,1.0,0.3827020076653797,1.0,0.1342132613416924,1.0,0.17905841230673952
E_small_shift_noisy,40088,600,0.03269142261302102,0.011090410711722624,1.0,0.0,0.04627809219898322,1.0,1.0,0.2525505987259162,1.0,1.0,0.440282174141304,1.0,0.1335206646491001,1.0,0.17697822457380363
E_small_shift_noisy,40089,600,0.03235548506105474,0.013416001410796793,1.0,0.0,0.06727517298671712,1.0,1.0,0.20953149093658124,1.0,1.0,0.389203838375806,1.0,0.12298345792701063,1.0,0.2666282173103946
E_small_shift_noisy,40090,600,0.03322978081028504,0.013527179476766077,1.0,0.0,0.06788562431620182,1.0,1.0,0.2011507074808788,1.0,1.0,0.3957363686051773,1.0,0.14603477861149,1.0,0.19561118831258445
E_small_shift_noisy,40091,600,0.035463144865697314,0.013644416011140335,1.0,1.0,0.06021300991138938,1.0,1.0,0.2108736387869452,1.0,1.0,0.41379744199236557,1.0,0.10698338826744766,1.0,0.17141370145193108
E_small_shift_noisy,40092,600,0.030884635170773285,0.01332444378160722,1.0,0.0,0.05361798058662468,1.0,1.0,0.20007536470835047,1.0,1.0,0.32814815555761956,1.0,0.14739737673114733,1.0,0.23442183812739342
E_small_shift_noisy,40093,600,0.034872081444000905,0.014241548350400696,1.0,0.0,0.061048994141254,1.0,0.0,0.1876196224095322,1.0,1.0,0.3913636255448042,1.0,0.10654284184626013,1.0,0.37473409027424276
E_small_shift_noisy,40094,600,0.02902517113459107,0.012955784396044192,1.0,0.0,0.06946420826076376,1.0,1.0,0.20388275546131424,1.0,1.0,0.3302417963941285,1.0,0.14545749389060186,1.0,0.21775303611262542
E_small_shift_noisy,40095,600,0.033378768160512176,0.012711553120085085,0.0,0.0,0.05508731491945077,1.0,1.0,0.2514550670850431,1.0,1.0,0.41209538102781895,1.0,0.1392652536480497,0.0,0.20417684146650136
E_small_shift_noisy,40096,600,0.03318347316162591,0.01507783355358552,1.0,0.0,0.06628152604182198,1.0,0.0,0.1978024155552751,1.0,1.0,0.35672059199080597,1.0,0.11175626397299702,0.0,0.17126042390193977
E_small_shift_noisy,40097,600,0.0340266744743514,0.013804114036953382,1.0,0.0,0.06621913001956245,1.0,1.0,0.21829538291924494,1.0,1.0,0.37365988216268686,1.0,0.124807923981422,1.0,0.24669305107556924
E_small_shift_noisy,40098,600,0.032094368338913375,0.015114834141812796,1.0,0.0,0.07203578928636926,1.0,1.0,0.19246877162508197,1.0,1.0,0.3825485585313859,1.0,0.11936546275335451,1.0,0.20219981720508842
E_small_shift_noisy,40099,600,0.0348090367861142,0.01012165296628072,1.0,0.0,0.047100216699345526,1.0,1.0,0.211998700725903,1.0,1.0,0.3887808868205168,1.0,0.11930489550263498,1.0,0.1789733845830673
E_small_shift_noisy,40100,600,0.030206284251996673,0.013651715432288422,1.0,0.0,0.053387111703298684,1.0,0.0,0.19302258128318292,1.0,1.0,0.3091413728076052,1.0,0.12721003406991746,1.0,0.36708558043262657
E_small_shift_noisy,40101,600,0.03147634565680898,0.01211128145413949,0.0,0.0,0.04931970129572165,1.0,1.0,0.18759420369659913,1.0,1.0,0.3714469245213885,1.0,0.18484032767140418,1.0,0.29778438408307634
E_small_shift_noisy,40102,600,0.03229133066632905,0.014242365482013264,1.0,0.0,0.06190347964469717,1.0,1.0,0.23036202588831695,1.0,1.0,0.371559038558196,1.0,0.18692565322961616,1.0,0.29755026714728033
E_small_shift_noisy,40103,600,0.0320026272052666,0.013962086472516283,1.0,0.0,0.0617125361915721,1.0,1.0,0.2466285935661642,1.0,1.0,0.4097634315821301,1.0,0.16374095419362492,1.0,0.22776316783437087
E_small_shift_noisy,40104,600,0.03302461458534863,0.014533060634296047,1.0,1.0,0.08649537951966572,1.0,1.0,0.22064103573606783,1.0,1.0,0.3715227498063432,1.0,0.1322702248747424,1.0,0.18239235841875553
E_small_shift_noisy,40105,600,0.037531068958465294,0.014497683760197782,1.0,0.0,0.05812019696638425,1.0,1.0,0.25469565598964594,1.0,1.0,0.4174680001049508,1.0,0.08862095642308654,1.0,0.26754818502438626
E_small_shift_noisy,40106,600,0.03645526234851763,0.01305020304728928,1.0,0.0,0.056746937431208774,1.0,1.0,0.20260370249187246,1.0,1.0,0.33329142049125793,0.0,0.048487967059921123,1.0,0.22936273101178078
E_small_shift_noisy,40107,600,0.03422707043360992,0.015846097207208535,0.0,1.0,0.06552202593382021,1.0,1.0,0.22024032116393225,1.0,1.0,0.4055304923728781,0.0,0.10380056354088925,1.0,0.16155125856968677
E_small_shift_noisy,40108,600,0.03381852772225302,0.014258095390533881,1.0,0.0,0.0713197980087799,1.0,0.0,0.20438121016763217,1.0,1.0,0.3496249609432385,1.0,0.11845977921327797,0.0,0.2044512903628008
E_small_shift_noisy,40109,600,0.035687881246832476,0.011384538561536895,0.0,0.0,0.04151664324819285,1.0,1.0,0.19966000635325562,1.0,1.0,0.4258366411807639,0.0,0.1281590015470701,1.0,0.20213911470950124
E_small_shift_noisy,40110,600,0.03337223845075101,0.01665914629431223,1.0,0.0,0.07081222207679949,1.0,1.0,0.23905775887710273,1.0,1.0,0.41639127618540295,1.0,0.1645266707471945,1.0,0.2127414666788876
E_small_shift_noisy,40111,600,0.03207680870296223,0.012841552830262512,1.0,0.0,0.05303595297116144,1.0,1.0,0.21602691809832547,1.0,1.0,0.3478299899053221,1.0,0.12044528181354211,1.0,0.2963729063138889
E_small_shift_noisy,40112,600,0.03367893130131472,0.015441542425111348,1.0,0.0,0.06333823312449015,1.0,1.0,0.23312437936727318,1.0,1.0,0.39233814275740136,1.0,0.13247226624676553,1.0,0.17684198679999802
E_small_shift_noisy,40113,600,0.03309275827500183,0.015520347508565036,1.0,0.0,0.07829643440990422,1.0,1.0,0.2308001130581107,1.0,1.0,0.3867273800247289,0.0,0.10925919563865376,1.0,0.22670517332778656
E_small_shift_noisy,40114,600,0.034098535414081775,0.014101431848276596,1.0,0.0,0.05720386962407984,1.0,1.0,0.19716923741586007,1.0,1.0,0.3752495621098233,1.0,0.11810162733918708,1.0,0.1825219052122765
E_small_shift_noisy,40115,600,0.03162876666609903,0.014653951448382968,1.0,0.0,0.06760731936338137,1.0,0.0,0.20405642311387995,1.0,1.0,0.33661025471623096,1.0,0.15080062590409288,1.0,0.32000933753364336
E_small_shift_noisy,40116,600,0.031642399235288575,0.013820201995572903,0.0,0.0,0.05479488871279838,1.0,0.0,0.17131614932032188,1.0,1.0,0.3274032884113406,0.0,0.060327920770275004,1.0,0.39047296064859216
E_small_shift_noisy,40117,600,0.03392562838430541,0.014411935626970523,1.0,0.0,0.06200190130822507,1.0,1.0,0.22135029872266862,1.0,1.0,0.3933533448234856,1.0,0.1488045846263877,1.0,0.2082402909557489
E_small_shift_noisy,40118,600,0.035556718077705475,0.011642055176508338,1.0,0.0,0.04891803187194464,1.0,1.0,0.2679169797561247,1.0,1.0,0.45370239600318624,1.0,0.1310267917123447,1.0,0.19953150820257265
E_small_shift_noisy,40119,600,0.03083431113903951,0.013659624353228598,1.0,0.0,0.06506202565687864,1.0,1.0,0.2034126868606693,1.0,1.0,0.3171127171340058,1.0,0.1435009208060427,0.0,0.18147579487640475
E_small_shift_noisy,40120,600,0.03587128558980359,0.014632214960525903,0.0,1.0,0.06490485537913099,1.0,1.0,0.2217150630838331,1.0,1.0,0.4358494597367044,0.0,0.14236719358572772,1.0,0.18291595705770058
E_small_shift_noisy,40121,600,0.03489235465475422,0.013224799785165877,1.0,0.0,0.05638146500901349,1.0,1.0,0.22412151967090663,1.0,1.0,0.43559994942751673,1.0,0.1330433711048193,1.0,0.26815042278394585
E_small_shift_noisy,40122,600,0.03187905868163367,0.013807920310579253,1.0,0.0,0.06692266918030187,1.0,1.0,0.21511943446488918,1.0,1.0,0.4082061256896418,1.0,0.13361645401300565,1.0,0.21063889325991444
E_small_shift_noisy,40123,600,0.03369949099291743,0.013991437359843864,1.0,0.0,0.06222022139665963,1.0,1.0,0.23264165602532802,1.0,1.0,0.3630357314075345,1.0,0.11674458465082087,1.0,0.1854081944252291
E_small_shift_noisy,40124,600,0.03286550294432463,0.013983220332723664,1.0,0.0,0.06437395470223202,1.0,1.0,0.22507665446550074,1.0,1.0,0.38609362828349175,1.0,0.13454243913688294,1.0,0.194719792417194
E_small_shift_noisy,40125,600,0.03309758022288475,0.012204349500545598,0.0,1.0,0.05339845256398505,1.0,1.0,0.2011285379756697,1.0,1.0,0.3805716678653228,1.0,0.0888558709174184,1.0,0.22848421363800298
E_small_shift_noisy,40126,600,0.03339471814125852,0.016502747843957014,1.0,0.0,0.08395181519157136,1.0,1.0,0.1734979408757107,1.0,1.0,0.3149434908638121,0.0,0.04578974727566746,0.0,0.1192066562826507
E_small_shift_noisy,40127,600,0.03253227330319622,0.016000730488067355,1.0,0.0,0.06801802468285248,1.0,1.0,0.25636453777437385,1.0,1.0,0.4182955704776079,1.0,0.16845980876255573,0.0,0.2008071515168537
E_small_shift_noisy,40128,600,0.03345218567951258,0.013539712386972755,1.0,0.0,0.06566791107109518,1.0,1.0,0.21231949706368805,1.0,1.0,0.41171575531540866,1.0,0.13137606262921603,1.0,0.24164006443081734
E_small_shift_noisy,40129,600,0.03112151893859648,0.012407785112892124,1.0,0.0,0.0554145942447837,1.0,1.0,0.19944467010042524,1.0,1.0,0.37308318476335883,1.0,0.10844879556249327,1.0,0.26970237156171095
E_small_shift_noisy,40130,600,0.033700176899619266,0.015304000713316812,1.0,0.0,0.061939807224564825,1.0,0.0,0.2104555673632496,1.0,1.0,0.4329203989812692,1.0,0.13325559707016307,0.0,0.20008687419099372
E_small_shift_noisy,40131,600,0.03528330848933878,0.009814313679218272,1.0,0.0,0.04235938945482869,1.0,1.0,0.1758616313049113,1.0,1.0,0.3460049040673783,1.0,0.08265423290053762,1.0,0.19697367503430646
E_small_shift_noisy,40132,600,0.029783720708412655,0.01532463489062299,1.0,1.0,0.07446097198182192,1.0,1.0,0.22684889260915955,1.0,1.0,0.3427252880652426,1.0,0.1573839729708085,1.0,0.2145282077652591
E_small_shift_noisy,40133,600,0.03234585813362398,0.0142596205572353,1.0,0.0,0.06345756213843252,1.0,1.0,0.18874038792369494,1.0,1.0,0.3417732808337055,1.0,0.10320085997462136,1.0,0.23242712785282577
E_small_shift_noisy,40134,600,0.03292518259235976,0.013317616730225962,1.0,0.0,0.05718935270514185,1.0,1.0,0.20491421027364254,1.0,1.0,0.36770184747357604,1.0,0.1246342691078874,1.0,0.202845036322175
E_small_shift_noisy,40135,600,0.03285885812495653,0.013587098909757659,1.0,0.0,0.06389726054140865,1.0,1.0,0.23613879769941168,1.0,1.0,0.4079667021685246,1.0,0.15455565523449605,0.0,0.18592609702950183
E_small_shift_noisy,40136,600,0.03518031749886474,0.013734175919008945,1.0,0.0,0.05656764308822506,1.0,1.0,0.1985703136531639,1.0,1.0,0.3712809631516664,0.0,0.05324633393263484,1.0,0.3429998162939366
E_small_shift_noisy,40137,600,0.03534796553136229,0.012297799943588813,1.0,0.0,0.057164043209384376,1.0,1.0,0.18060801242446972,1.0,1.0,0.3590290672630318,0.0,0.048547577744752116,1.0,0.19051544303837784
E_small_shift_noisy,40138,600,0.03432291165269516,0.013334870292457168,1.0,0.0,0.06591288727382945,1.0,1.0,0.20150183359207552,1.0,1.0,0.4049288141364261,1.0,0.12126638813773065,1.0,0.17916824806514287
E_small_shift_noisy,40139,600,0.03381917198625368,0.013666198099345642,1.0,0.0,0.05904559834996435,1.0,1.0,0.22324530179363827,1.0,1.0,0.43377046659866225,1.0,0.1238257859075087,1.0,0.18299826910196984
E_small_shift_noisy,40140,600,0.03653500934371783,0.015096902777443777,1.0,0.0,0.06477891680445269,1.0,1.0,0.2363096954623801,1.0,1.0,0.3813123606054797,0.0,0.08385410386145219,1.0,0.24086840035255727
E_small_shift_noisy,40141,600,0.03249024496732858,0.013608559524803342,1.0,0.0,0.059006514072308024,1.0,1.0,0.20276363360005334,1.0,1.0,0.3713156546186725,1.0,0.0831254323852427,1.0,0.22425612654143273
E_small_shift_noisy,40142,600,0.03311391063975856,0.01395790966549269,1.0,1.0,0.07318983311849578,1.0,1.0,0.20982714641919045,1.0,1.0,0.3413099541451926,1.0,0.12457834188227794,1.0,0.22563384425808808
E_small_shift_noisy,40143,600,0.03623413710525763,0.011330458648162772,1.0,0.0,0.04837867708881595,1.0,1.0,0.22004907261313084,1.0,1.0,0.3916428338791599,1.0,0.11715318535526684,1.0,0.17345358487198842
E_small_shift_noisy,40144,600,0.03405341380156244,0.01415225218816384,1.0,1.0,0.056571330403236676,1.0,1.0,0.20522782498783912,1.0,1.0,0.3789830531492436,1.0,0.13302921396227635,1.0,0.23103371336662443
E_small_shift_noisy,40145,600,0.03284701941005098,0.015976865421003957,1.0,1.0,0.06536476968982016,1.0,1.0,0.22495194380595213,1.0,1.0,0.4124849473693593,1.0,0.16093529968546696,1.0,0.20846297097801242
E_small_shift_noisy,40146,600,0.03528822848713965,0.013716492438710046,1.0,0.0,0.06820868770252407,1.0,1.0,0.24424463338962096,1.0,1.0,0.441643438573764,1.0,0.0901117394833855,1.0,0.2362130423417433
E_small_shift_noisy,40147,600,0.03326077882333371,0.01448970530164966,1.0,0.0,0.06502770989099778,1.0,1.0,0.20948802552656803,1.0,1.0,0.371818913257429,1.0,0.14352945725801558,1.0,0.20222644032901957
E_small_shift_noisy,40148,600,0.034584075804348566,0.013618554423662254,0.0,0.0,0.05519668016507675,1.0,1.0,0.18286683090366956,1.0,1.0,0.34384448375497456,1.0,0.10771296836868041,1.0,0.21338868065408914
E_small_shift_noisy,40149,600,0.03228562218395538,0.012294038485036043,1.0,0.0,0.054297920330244887,1.0,1.0,0.20265589612677548,1.0,1.0,0.42167553053161005,1.0,0.13570807889296738,1.0,0.2725456270982582
E_small_shift_noisy,40150,600,0.03411428631726,0.01239017738174862,1.0,0.0,0.055780638503303295,1.0,1.0,0.19167816341982208,1.0,1.0,0.3962739386552422,1.0,0.11967264231579391,1.0,0.18546400479968483
E_small_shift_noisy,40151,600,0.03734923852423687,0.012667820548506214,0.0,0.0,0.04881245672422092,1.0,1.0,0.2210510181104924,1.0,1.0,0.4163809910915358,1.0,0.10734289615775006,1.0,0.18033650217713815
E_small_shift_noisy,40152,600,0.03246493176033534,0.014122230091038976,1.0,0.0,0.05703119208865405,1.0,1.0,0.19699783125992018,1.0,1.0,0.34102202689182814,1.0,0.13325695787662495,1.0,0.1824808521970262
E_small_shift_noisy,40153,600,0.03168467858827815,0.011497369999050915,1.0,0.0,0.04803818645863929,1.0,0.0,0.1771446108767271,1.0,1.0,0.33033652486393256,0.0,0.0996016028402816,1.0,0.1973353508659712
E_small_shift_noisy,40154,600,0.03660653856866246,0.012087641933281736,1.0,1.0,0.051609791667094576,1.0,1.0,0.18674879168710265,1.0,1.0,0.36884821296741505,0.0,0.01789154483528192,1.0,0.17353634317012753
E_small_shift_noisy,40155,600,0.03164122386311675,0.01306408321945568,1.0,0.0,0.0763642426279744,1.0,1.0,0.22025079802977424,1.0,1.0,0.3939322852803972,0.0,0.12296560724864955,1.0,0.1726889891352001
E_small_shift_noisy,40156,600,0.03340734592968724,0.014049103704748784,1.0,0.0,0.058729808036974904,1.0,1.0,0.23183990727782605,1.0,1.0,0.4006224313002538,1.0,0.09799050488454873,1.0,0.18059355795825532
E_small_shift_noisy,40157,600,0.03346539188882837,0.014269819502008885,1.0,0.0,0.05915284089516384,1.0,1.0,0.2404519546067227,1.0,1.0,0.40081009458305966,1.0,0.17442567176092985,1.0,0.25647913182622645
E_small_shift_noisy,40158,600,0.03281244267613361,0.013739533126742795,1.0,0.0,0.04981046313372718,1.0,1.0,0.2605345186361074,1.0,1.0,0.3803531074577142,1.0,0.1659478577853252,1.0,0.27767392190640117
E_small_shift_noisy,40159,600,0.03404945491914933,0.014776614426709227,0.0,0.0,0.06658596342039066,1.0,1.0,0.20510291537300968,1.0,1.0,0.3634115421356105,1.0,0.11622682278862558,1.0,0.1498045562599116
E_small_shift_noisy,40160,600,0.033480584695822616,0.016358945221086583,1.0,1.0,0.06626760682672361,1.0,1.0,0.22966495919022112,1.0,1.0,0.42039923065049667,1.0,0.15033791581184253,1.0,0.19365855463349163
E_small_shift_noisy,40161,600,0.03298975119528524,0.014736833509961472,1.0,0.0,0.06843720259235198,1.0,1.0,0.18158667731641812,1.0,1.0,0.3202485470316988,1.0,0.09001895645861098,1.0,0.2142239796689427
E_small_shift_noisy,40162,600,0.034217003923327015,0.015412200296156805,1.0,0.0,0.06622857366785082,1.0,1.0,0.21575670113246953,1.0,1.0,0.34906102477818235,1.0,0.10876063670045366,1.0,0.15760741368208236
E_small_shift_noisy,40163,600,0.03516890611408666,0.014742980395043525,1.0,0.0,0.06602614696954921,1.0,1.0,0.22673156201159736,1.0,1.0,0.4082787952185255,1.0,0.1793381097894487,1.0,0.24279826614144495
E_small_shift_noisy,40164,600,0.03411435373043013,0.012688460015438486,1.0,0.0,0.06576292745433447,1.0,1.0,0.2073896706072375,1.0,1.0,0.3972829364642011,1.0,0.1365320898780888,1.0,0.36821130998727514
E_small_shift_noisy,40165,600,0.03199954215134496,0.013716280329343106,0.0,0.0,0.05656730326906369,1.0,0.0,0.19337975261043347,1.0,0.0,0.35189831791377113,1.0,0.14613316470193474,1.0,0.35223997845707256
E_small_shift_noisy,40166,600,0.03145324640398556,0.016149181818408184,1.0,1.0,0.07057293493503977,1.0,1.0,0.1793563822546111,1.0,1.0,0.3125627272850512,1.0,0.07823030706626313,1.0,0.19993346251906532
E_small_shift_noisy,40167,600,0.03224751869101438,0.012996770117305248,0.0,0.0,0.05460164577212319,1.0,0.0,0.22935328722500725,1.0,1.0,0.37160969442064673,0.0,0.14413988165652042,0.0,0.2143287963568299
E_small_shift_noisy,40168,600,0.03449086724208088,0.013909093545190574,1.0,0.0,0.05795196508388314,1.0,1.0,0.19560057712849738,1.0,1.0,0.37595272872994634,1.0,0.1381029293913644,1.0,0.2682264088630536
E_small_shift_noisy,40169,600,0.03276028376272703,0.013092948396386547,1.0,0.0,0.05900998582583007,1.0,1.0,0.21858545221806258,1.0,1.0,0.37447914126352244,1.0,0.1033151499345383,1.0,0.1463111676133382
E_small_shift_noisy,40170,600,0.03420162081296211,0.013955378138593346,1.0,0.0,0.06994841944910883,1.0,1.0,0.20478971555921746,1.0,1.0,0.4046753686877649,1.0,0.13436461659083968,1.0,0.2732571311391263
E_small_shift_noisy,40171,600,0.033172364981715094,0.01458879420884992,1.0,0.0,0.05642582246067368,1.0,1.0,0.19891253745394272,1.0,1.0,0.33359130042469437,1.0,0.10211681783732082,1.0,0.2510746565689364
E_small_shift_noisy,40172,600,0.032315564566144615,0.0119783434015834,1.0,0.0,0.051074442212243665,1.0,1.0,0.18050389188936058,1.0,1.0,0.34926810300602484,1.0,0.1032342647375319,1.0,0.2159013030220239
E_small_shift_noisy,40173,600,0.03289695099331784,0.01189240737762091,1.0,0.0,0.05548221914324673,1.0,1.0,0.21344031964566082,1.0,1.0,0.3602173674674222,1.0,0.1398644791776326,1.0,0.21445162604696275
E_small_shift_noisy,40174,600,0.0321906945934207,0.015050932202907518,1.0,0.0,0.06765983029443697,1.0,1.0,0.17939451267450346,1.0,1.0,0.32845624410171353,1.0,0.13681299007527725,1.0,0.22887368058584343
E_small_shift_noisy,40175,600,0.03336908777547956,0.013994153952127702,0.0,0.0,0.06800768328286658,1.0,1.0,0.19761711111648284,1.0,1.0,0.4191471024410274,1.0,0.12048883995185655,1.0,0.19517564041638422
E_small_shift_noisy,40176,600,0.033681492996218185,0.015302928546406391,1.0,0.0,0.06561929922837881,1.0,1.0,0.18007820012767825,1.0,1.0,0.32660319636921087,1.0,0.08459542790246452,0.0,0.17063031984935564
E_small_shift_noisy,40177,600,0.03510963173050861,0.014298007154107641,1.0,0.0,0.060907669705882836,1.0,1.0,0.24691518485469185,1.0,1.0,0.38192252109076613,1.0,0.11786371182100294,1.0,0.25604571181276226
E_small_shift_noisy,40178,600,0.03316823788198846,0.015376897095213393,1.0,0.0,0.07982776645724111,1.0,1.0,0.21730837019611352,1.0,1.0,0.37233346502704545,1.0,0.17136534122621527,1.0,0.24817548074748838
E_small_shift_noisy,40179,600,0.035403086123891626,0.013600467574872783,1.0,0.0,0.06866198093103684,1.0,1.0,0.19367009603668944,1.0,1.0,0.35425897410920915,0.0,0.07780762663997284,1.0,0.21750436510215207
E_small_shift_noisy,40180,600,0.031562281092825814,0.013214096334192089,1.0,0.0,0.057925281644968796,1.0,0.0,0.16304074747190528,1.0,1.0,0.3173816123953344,0.0,0.08357785590278348,1.0,0.19459772294603073
E_small_shift_noisy,40181,600,0.03416515741309245,0.015472557922251629,1.0,0.0,0.0664430324662086,1.0,1.0,0.24556930415140474,1.0,1.0,0.38724873941314114,1.0,0.1734072379170236,1.0,0.2911864706887438
E_small_shift_noisy,40182,600,0.03436942721621962,0.013749340693477644,1.0,0.0,0.07179227854872543,1.0,1.0,0.21770288981799785,1.0,1.0,0.4159359597735568,1.0,0.15175960228173568,1.0,0.26636498145570753
E_small_shift_noisy,40183,600,0.03371614785693181,0.013359072012796819,1.0,1.0,0.06454830124436484,1.0,1.0,0.1959812690257962,1.0,1.0,0.4464668531551396,0.0,0.11467827772219374,1.0,0.24367688184653905
E_small_shift_noisy,40184,600,0.033398271013082695,0.01058142153232691,0.0,0.0,0.045470740568889126,1.0,1.0,0.19850371557561883,1.0,1.0,0.3138171738140393,1.0,0.12610946371785142,1.0,0.23941796558286876
E_small_shift_noisy,40185,600,0.03370553774447498,0.015201634654493729,1.0,0.0,0.06446955088591275,1.0,1.0,0.2155607034744967,1.0,1.0,0.41370918172477344,1.0,0.12715536770106523,1.0,0.16703821866175023
E_small_shift_noisy,40186,600,0.03342546934782382,0.015018506110260815,0.0,0.0,0.0673783006544609,1.0,1.0,0.22573156260202937,1.0,1.0,0.4417459540505164,1.0,0.16591962421074238,1.0,0.22723666108388296
E_small_shift_noisy,40187,600,0.03430176546007222,0.01412466705920055,1.0,0.0,0.0737125961309056,1.0,1.0,0.22656039134074968,1.0,1.0,0.4551847935825415,1.0,0.11833287435088172,1.0,0.15734790858606196
E_small_shift_noisy,40188,600,0.033973125403232655,0.012995407601072016,1.0,0.0,0.06189329918866289,1.0,1.0,0.26053094006440036,1.0,1.0,0.42036441221125626,1.0,0.15896953657906768,0.0,0.2083406815486589
E_small_shift_noisy,40189,600,0.03446651141704436,0.012903354680799289,1.0,0.0,0.04778046697712426,1.0,1.0,0.19637064859978817,1.0,1.0,0.36071195208580875,1.0,0.11525666147999976,1.0,0.21078129579648613
E_small_shift_noisy,40190,600,0.03599412075521875,0.010869684030792923,1.0,0.0,0.04562102155669764,1.0,0.0,0.20040509639116805,1.0,1.0,0.38608706971636747,1.0,0.13173696685143438,1.0,0.20755739275363583
E_small_shift_noisy,40191,600,0.0349576830554549,0.013111780174724561,1.0,0.0,0.05678578015624105,1.0,1.0,0.21085570243393037,1.0,1.0,0.37947164331381716,1.0,0.058181844789263006,1.0,0.22620611972322538
E_small_shift_noisy,40192,600,0.03225766621259385,0.015186888993525285,1.0,0.0,0.06759610577308088,1.0,1.0,0.19059075624823066,1.0,1.0,0.357355651345825,1.0,0.11034733845656905,1.0,0.25531242798847914
E_small_shift_noisy,40193,600,0.03413354374599538,0.013013261185052855,1.0,1.0,0.06458478411879712,1.0,1.0,0.2035390532565514,1.0,1.0,0.40718172532651337,1.0,0.11330252183933076,1.0,0.2160841036704335
E_small_shift_noisy,40194,600,0.03433285225066423,0.013714693261116975,1.0,1.0,0.05600236505318188,1.0,1.0,0.2087402698059786,1.0,1.0,0.3819416328011063,1.0,0.1135842137027528,1.0,0.1871391850723752
E_small_shift_noisy,40195,600,0.03217561311100526,0.01461851211096107,1.0,0.0,0.05869062267441816,1.0,1.0,0.21982673678489606,1.0,1.0,0.3498669127458185,1.0,0.15190705446505254,0.0,0.19547150904722732
E_small_shift_noisy,40196,600,0.03420910978584316,0.014787687530861215,1.0,0.0,0.06660008185855379,1.0,1.0,0.24440649138436604,1.0,1.0,0.439897943354077,1.0,0.14830420957097554,1.0,0.2217558675472092
E_small_shift_noisy,40197,600,0.032389113433219215,0.01427229487774809,1.0,0.0,0.059867981641539544,1.0,1.0,0.18984559983771562,1.0,1.0,0.36503531052022814,1.0,0.1253939862588872,1.0,0.28865055042800186
E_small_shift_noisy,40198,600,0.03162675600152656,0.01257177425976066,1.0,0.0,0.05467606193746546,1.0,1.0,0.17984165796475346,1.0,1.0,0.3148188145197074,0.0,0.06833545178811612,1.0,0.1932533710737309
E_small_shift_noisy,40199,600,0.036514602427824235,0.013214166365396601,1.0,0.0,0.06397283219839467,1.0,1.0,0.21160989230481206,1.0,1.0,0.42457673819170927,1.0,0.13957861370002528,1.0,0.23406169445654404
E_small_shift_noisy,40200,600,0.03436476392912456,0.01669257112935452,1.0,0.0,0.0678261829361779,1.0,1.0,0.21932515276506637,1.0,1.0,0.3753115759476939,1.0,0.13722956357212773,1.0,0.22303422810089932
E_small_shift_noisy,40201,600,0.03412833252989101,0.01537922819537767,1.0,0.0,0.05808065931189628,1.0,1.0,0.21203554712747624,1.0,1.0,0.3604826430433556,1.0,0.11593152001154838,1.0,0.3215376992591791
E_small_shift_noisy,40202,600,0.035444836550735964,0.015562841417266946,1.0,0.0,0.07392458176565946,1.0,1.0,0.24305213456028363,1.0,1.0,0.4789913711766972,1.0,0.16421934657714457,1.0,0.23590717887957968
E_small_shift_noisy,40203,600,0.03259234499206497,0.014205986254361874,0.0,0.0,0.06687430364288827,1.0,1.0,0.1774510412896853,1.0,1.0,0.3158365059207204,0.0,0.04250978288619646,1.0,0.1936635908702632
E_small_shift_noisy,40204,600,0.034861678318294724,0.0123118037826184,1.0,0.0,0.06199531870516839,1.0,1.0,0.215035482535796,1.0,1.0,0.3872503896032957,1.0,0.15375290922932405,1.0,0.21893877469097056
E_small_shift_noisy,40205,600,0.03257224620922697,0.015088547922857127,1.0,0.0,0.07933875115714588,1.0,1.0,0.23754739184683663,1.0,1.0,0.3796339161402077,1.0,0.12349183784434081,1.0,0.18006251096320386
E_small_shift_noisy,40206,600,0.032651971979106,0.013788502988501029,0.0,0.0,0.051686782802738696,1.0,1.0,0.19422167469616203,1.0,1.0,0.3649039463599579,0.0,0.12360284604437002,1.0,0.27693137684695
E_small_shift_noisy,40207,600,0.0349176187746898,0.013146487587492203,1.0,0.0,0.05162215588130549,1.0,1.0,0.21667784359312234,1.0,1.0,0.44163729632247595,1.0,0.11361879280766204,1.0,0.18127815167190536
E_small_shift_noisy,40208,600,0.03394359057079764,0.012537943536725932,0.0,0.0,0.05235364204271763,1.0,0.0,0.20049796548003238,1.0,1.0,0.3407125793119876,0.0,0.1297188859336091,0.0,0.17981821567971998
E_small_shift_noisy,40209,600,0.031589949732223815,0.013131335907238178,0.0,0.0,0.05572510063826802,1.0,1.0,0.2448114021546556,1.0,1.0,0.3686293276506249,1.0,0.1435148148373972,0.0,0.17675938707563504
E_small_shift_noisy,40210,600,0.03430618377395484,0.01214242088236437,1.0,0.0,0.0503541206358394,1.0,1.0,0.27424996138592633,1.0,1.0,0.4190073449549002,1.0,0.1899056201822081,1.0,0.25272865451390814
E_small_shift_noisy,40211,600,0.03255753052685952,0.013300924232588135,1.0,0.0,0.06241657424604789,1.0,0.0,0.21742339319799808,1.0,1.0,0.36245196985142936,1.0,0.14022919289471775,1.0,0.24148681758021864
E_small_shift_noisy,40212,600,0.03362912895158956,0.011006363962383282,1.0,1.0,0.04516581244704966,1.0,1.0,0.19627252386590335,1.0,1.0,0.36525553926082566,1.0,0.1058886501884373,1.0,0.15837703327729163
E_small_shift_noisy,40213,600,0.03274410150078173,0.013392637738322796,1.0,0.0,0.05389599931720358,1.0,0.0,0.16945462275619524,1.0,1.0,0.3413148366786115,0.0,0.06857334987293681,0.0,0.17866507530219272
E_small_shift_noisy,40214,600,0.03327122363259689,0.013627303323427717,1.0,0.0,0.06650953201485117,1.0,0.0,0.21079726162152918,1.0,1.0,0.34714855367457237,1.0,0.12978322152335642,0.0,0.16821413034281174
E_small_shift_noisy,40215,600,0.03305096563930788,0.013582406399157167,1.0,0.0,0.0637649860791368,1.0,1.0,0.21531011235798675,1.0,1.0,0.3771080729206643,0.0,0.08946641621855216,1.0,0.16408901048809327
E_small_shift_noisy,40216,600,0.03370095762363341,0.013436672603548205,1.0,0.0,0.05896076307269023,1.0,1.0,0.20848381409746025,1.0,1.0,0.36769373673597816,1.0,0.11023874418617732,1.0,0.20598886381412215
E_small_shift_noisy,40217,600,0.03255336324709949,0.011742275328205333,1.0,0.0,0.05482072429125893,1.0,1.0,0.1920433040331903,1.0,1.0,0.33769132410689223,0.0,0.04719173428215301,0.0,0.18209919248067816
E_small_shift_noisy,40218,600,0.03268754779734462,0.011405528789910151,1.0,0.0,0.03875126989636547,1.0,0.0,0.17437400981202505,1.0,1.0,0.33979374422020847,1.0,0.12692295323536698,1.0,0.28351237018750836
E_small_shift_noisy,40219,600,0.03263266614634145,0.01302636899595976,1.0,0.0,0.06417846242492953,1.0,1.0,0.20545323701161725,1.0,1.0,0.36532358912117074,1.0,0.130583579352168,1.0,0.2659087612032752
E_small_shift_noisy,40220,600,0.034741533503318864,0.014838683328510394,1.0,0.0,0.05697951411515033,1.0,1.0,0.2234265624307386,1.0,1.0,0.37230272737979064,1.0,0.1287541118195505,1.0,0.17240011977491249
E_small_shift_noisy,40221,600,0.03423313033580794,0.014470208942003394,0.0,0.0,0.05912773420558537,1.0,1.0,0.19513959082427443,1.0,1.0,0.3587732450203424,0.0,0.11731384301559138,0.0,0.21068793796777605
E_small_shift_noisy,40222,600,0.033296727361171057,0.011773464659517108,1.0,0.0,0.0523493562843463,1.0,1.0,0.23435155782671355,1.0,1.0,0.3812490678945668,1.0,0.15898104986816575,1.0,0.23543836768470955
E_small_shift_noisy,40223,600,0.03226720139639598,0.01439739911329277,1.0,0.0,0.06241500762891039,1.0,1.0,0.226703624614269,1.0,1.0,0.373063722914982,1.0,0.16490785406356304,1.0,0.22765226367628416
E_small_shift_noisy,40224,600,0.03372957379513767,0.013558875560139566,1.0,0.0,0.05673504117728736,1.0,1.0,0.23598510149774388,1.0,1.0,0.40529572733318187,1.0,0.1674057698073646,1.0,0.2418328413852397
E_small_shift_noisy,40225,600,0.03320053643643968,0.01200162167795514,1.0,1.0,0.059258497802586386,1.0,1.0,0.16952697917472376,1.0,1.0,0.32945095805349695,0.0,0.03415008903789643,1.0,0.17209558711823308
E_small_shift_noisy,40226,600,0.033931166524786616,0.014373882574593511,1.0,1.0,0.05941523528295598,1.0,1.0,0.22082573984249998,1.0,1.0,0.39195730686393904,1.0,0.1297523479133281,1.0,0.29345273385177795
E_small_shift_noisy,40227,600,0.0323851627125673,0.013469980743020953,0.0,0.0,0.05789728556982136,1.0,1.0,0.19897410854448724,1.0,1.0,0.3416136473542305,0.0,0.11194550469840303,1.0,0.24696796640046345
E_small_shift_noisy,40228,600,0.03368338605425784,0.012518274209059585,1.0,0.0,0.06029957591987077,1.0,0.0,0.18055518397982265,1.0,1.0,0.36353558991345014,1.0,0.12222494626738103,1.0,0.22439355531390498
E_small_shift_noisy,40229,600,0.03405999693846256,0.011521892533594714,1.0,0.0,0.04862808994018021,1.0,1.0,0.19311790256808997,1.0,1.0,0.37129389234560695,1.0,0.10802111561911036,1.0,0.3395959515566549
E_small_shift_noisy,40230,600,0.03359451968917806,0.015413766414360468,1.0,0.0,0.07084487464404005,1.0,1.0,0.1704239781303931,1.0,1.0,0.3570683044126567,0.0,0.04953586633707406,1.0,0.2710902170878897
E_small_shift_noisy,40231,600,0.03456945337397305,0.012806885562842226,1.0,0.0,0.054902609969705696,1.0,1.0,0.16477013226909715,1.0,1.0,0.3478826983780898,1.0,0.02302159296763971,0.0,0.1424694481989805
E_small_shift_noisy,40232,600,0.032840824086475776,0.011375505726569698,1.0,0.0,0.047264016505793253,1.0,0.0,0.1904709249657038,1.0,1.0,0.3403291656641979,1.0,0.12036975035635385,1.0,0.3473952993636806
E_small_shift_noisy,40233,600,0.036213298882681946,0.013792245933768207,1.0,0.0,0.06348059664703995,1.0,1.0,0.1944279419430184,1.0,1.0,0.3809822921034046,0.0,0.05917624287652619,1.0,0.2339222260779264
E_small_shift_noisy,40234,600,0.03525411240558992,0.014817995692312208,1.0,0.0,0.0607458174513695,1.0,1.0,0.2261610456893311,1.0,1.0,0.3828464380631299,1.0,0.11496174062017876,1.0,0.17835044766373692
E_small_shift_noisy,40235,600,0.03424932485369675,0.012608510387016561,1.0,0.0,0.05303221637627079,1.0,1.0,0.19787360766921208,1.0,1.0,0.35563271366630844,1.0,0.12553433404105863,1.0,0.20576792246264533
E_small_shift_noisy,40236,600,0.03402312848421437,0.012920080861755171,1.0,0.0,0.06513764070370695,1.0,1.0,0.21851997637260206,1.0,1.0,0.42199040506098273,1.0,0.1333256196771385,1.0,0.206849731174679
E_small_shift_noisy,40237,600,0.03641629358381955,0.012411487632439546,1.0,0.0,0.04946047170925892,1.0,1.0,0.2193592449443628,1.0,1.0,0.36746664917518745,1.0,0.09323480340810322,1.0,0.17679706144785187
E_small_shift_noisy,40238,600,0.030687577954905877,0.013083021873736824,0.0,0.0,0.05524904713401326,1.0,1.0,0.1982859043210285,1.0,1.0,0.3510071870863407,1.0,0.14034014317068189,1.0,0.25860491199714364
E_small_shift_noisy,40239,600,0.03698317683028974,0.0101048870789533,1.0,0.0,0.047814506257907376,1.0,1.0,0.24592402770974187,1.0,1.0,0.4530303746863134,1.0,0.09353371269686299,1.0,0.19607420795303904
E_small_shift_noisy,40240,600,0.035129723080018806,0.013581314734440417,1.0,0.0,0.06487450073754264,1.0,0.0,0.21937563580731573,1.0,1.0,0.4378924931171208,0.0,0.08788385585265376,1.0,0.3858236775384929
E_small_shift_noisy,40241,600,0.03342268484332953,0.013615763935752432,1.0,1.0,0.05744039710553284,1.0,1.0,0.19992154094760797,1.0,1.0,0.38341556074012406,1.0,0.1290457734511927,1.0,0.2047722911669705
E_small_shift_noisy,40242,600,0.0337835542445061,0.014732792198548662,1.0,0.0,0.07277117393038812,1.0,1.0,0.22561271760161983,1.0,1.0,0.38057808262545834,1.0,0.15492894193538131,1.0,0.3118121934992478
E_small_shift_noisy,40243,600,0.03173346162931393,0.014190437188331614,0.0,0.0,0.052206606516396525,1.0,0.0,0.1725571848851881,1.0,1.0,0.2960619303397678,0.0,0.06507777835449335,0.0,0.14983753674453218
E_small_shift_noisy,40244,600,0.03036366419419701,0.015797381695591233,1.0,0.0,0.06289461765846496,1.0,1.0,0.21380265910626955,1.0,1.0,0.3581209618049228,1.0,0.16554885656027257,1.0,0.2362026730733695
E_small_shift_noisy,40245,600,0.036716771592026985,0.013708212175606058,1.0,0.0,0.06330613250752037,1.0,1.0,0.24692569861442948,1.0,1.0,0.41252318856390585,1.0,0.10933397316916979,0.0,0.15820918482136598
E_small_shift_noisy,40246,600,0.03193265035913605,0.01453150250751438,0.0,0.0,0.06645161929673069,1.0,1.0,0.2068607733528225,1.0,1.0,0.3549833495196678,0.0,0.11734569111733832,1.0,0.17294255516662863
E_small_shift_noisy,40247,600,0.03288587187109346,0.014796720162576802,1.0,0.0,0.0655331946867832,1.0,1.0,0.19485741110941007,1.0,1.0,0.3556829455269158,1.0,0.13980429281384069,1.0,0.17558544726969744
E_small_shift_noisy,40248,600,0.030644490787586184,0.01474687181269838,1.0,0.0,0.06366131566717058,1.0,1.0,0.1889058960228557,1.0,1.0,0.3204200029488261,1.0,0.15025620113041951,1.0,0.2630642939494453
E_small_shift_noisy,40249,600,0.0338095161170703,0.016273141929117885,1.0,0.0,0.0637684646743705,1.0,1.0,0.2527531679649298,1.0,1.0,0.402607147450889,1.0,0.13317724630932054,1.0,0.1914013897600689
E_small_shift_noisy,40250,600,0.030054697958305353,0.012815280679190725,1.0,0.0,0.056084508165981664,1.0,1.0,0.1956341785515497,1.0,1.0,0.3301103543902576,1.0,0.14323090823308443,1.0,0.20756139833620071
E_small_shift_noisy,40251,600,0.03391777286271532,0.012195879768405648,1.0,0.0,0.051890511607665626,1.0,1.0,0.21354561529541857,1.0,1.0,0.396463579466708,1.0,0.1289936978505985,1.0,0.18990309414607615
E_small_shift_noisy,40252,600,0.03421847556374546,0.010146822498661875,0.0,0.0,0.04589404840152535,1.0,1.0,0.19223135763694105,1.0,1.0,0.3604318995544048,0.0,0.08905120486197593,1.0,0.27727509703500663
E_small_shift_noisy,40253,600,0.035749479325308905,0.012685495101881678,1.0,0.0,0.05478737281416668,1.0,1.0,0.21228008182991465,1.0,1.0,0.37356696077767226,1.0,0.10972919209369913,1.0,0.210781226920208
E_small_shift_noisy,40254,600,0.03431478013198256,0.012096973933330694,0.0,0.0,0.056763184232071565,1.0,0.0,0.1629587713256074,1.0,1.0,0.2967971526828091,0.0,0.0389340344759833,0.0,0.14345824619455722
E_small_shift_noisy,40255,600,0.03179346552644143,0.014062357646195267,1.0,0.0,0.06123650028637695,1.0,0.0,0.18673796501162715,1.0,1.0,0.3472975396286464,1.0,0.1073530518395986,1.0,0.3577129096164363
E_small_shift_noisy,40256,600,0.034613216751658654,0.011823002818811563,1.0,0.0,0.05338907905280921,1.0,1.0,0.21343184079228456,1.0,1.0,0.3897281716294916,1.0,0.10173058151448007,0.0,0.17306589164933753
E_small_shift_noisy,40257,600,0.031619453029973765,0.01522439581581383,1.0,1.0,0.07377624521050921,1.0,1.0,0.2163537267671046,1.0,1.0,0.36597434766947706,1.0,0.09996756576025527,1.0,0.20203559726968998
E_small_shift_noisy,40258,600,0.034695189408181275,0.013799840947608819,1.0,0.0,0.06013517924633969,1.0,1.0,0.26760967010920467,1.0,1.0,0.3989304287235227,1.0,0.12416555779396943,1.0,0.17375906529974464
E_small_shift_noisy,40259,600,0.03470573313876088,0.013389931611712614,1.0,0.0,0.05887921052295738,1.0,1.0,0.23144330769200874,1.0,1.0,0.4597046810669057,0.0,0.09680819820864026,1.0,0.2068956415662467
E_small_shift_noisy,40260,600,0.03250852623367612,0.012119508015717711,0.0,0.0,0.04720442379235108,1.0,1.0,0.1829328812920295,1.0,1.0,0.3104152816136995,1.0,0.12271375856282345,1.0,0.1578762915628019
E_small_shift_noisy,40261,600,0.03274527171741466,0.01475217672253371,1.0,0.0,0.06075682826204791,1.0,1.0,0.2301404379266015,1.0,1.0,0.38526292172729554,1.0,0.11943193084264556,1.0,0.4233246916118706
E_small_shift_noisy,40262,600,0.03309981516156177,0.014019302449565419,0.0,0.0,0.06250620107661656,1.0,1.0,0.23711117351635608,1.0,1.0,0.42110881696551966,1.0,0.14640718531365124,1.0,0.25115120437457195
E_small_shift_noisy,40263,600,0.03499081333771388,0.013096711020364199,0.0,0.0,0.060527738507649885,1.0,1.0,0.15997682420559536,1.0,1.0,0.3745906175294077,0.0,0.040096970959221066,0.0,0.17636629556662828
E_small_shift_noisy,40264,600,0.032878158437428,0.013133860168944089,1.0,0.0,0.05613368219972441,1.0,1.0,0.21686478690011937,1.0,1.0,0.3683890193457283,1.0,0.11799656847836928,1.0,0.21493113470349953
E_small_shift_noisy,40265,600,0.03601949444291583,0.01503953276751242,1.0,0.0,0.07290515129910052,1.0,1.0,0.22604027175805702,1.0,1.0,0.34819564708912765,1.0,0.07483418376328185,1.0,0.1908590033932242
E_small_shift_noisy,40266,600,0.03508622218370394,0.012813225844826961,1.0,0.0,0.05556009310222285,1.0,1.0,0.21275003009110605,1.0,1.0,0.38271138454057085,1.0,0.11403260134110813,1.0,0.3473597862202212
E_small_shift_noisy,40267,600,0.033941107770884,0.014169581124792382,1.0,0.0,0.06431562765572113,1.0,1.0,0.19946772138791394,1.0,1.0,0.3685873311196747,1.0,0.10130669448944954,1.0,0.2371387246626501
E_small_shift_noisy,40268,600,0.03377022109283203,0.014039881141280502,1.0,0.0,0.05662473052072724,1.0,1.0,0.21008550823018285,1.0,1.0,0.3889979628092333,1.0,0.15412903675991602,1.0,0.2843665365708057
E_small_shift_noisy,40269,600,0.03084024026271506,0.01144831369890839,1.0,0.0,0.05253308044193293,1.0,1.0,0.20353750194468603,1.0,1.0,0.3534974758032205,1.0,0.13843426549557125,1.0,0.27869844586439174
E_small_shift_noisy,40270,600,0.033907798320447456,0.01286921136981321,1.0,1.0,0.051545786902281024,1.0,1.0,0.20089806954852082,1.0,1.0,0.3334821894275717,1.0,0.10808522205287037,1.0,0.19438189723843582
E_small_shift_noisy,40271,600,0.0331320604558525,0.01542279218203545,1.0,0.0,0.0739590188164457,1.0,1.0,0.22122191525482532,1.0,1.0,0.3846465783201229,1.0,0.11713818887834788,1.0,0.18789167402166984
E_small_shift_noisy,40272,600,0.03562907205040715,0.013908543216724054,1.0,0.0,0.0555663554639359,1.0,1.0,0.20243437695740124,1.0,1.0,0.42599516523228276,0.0,0.06832527254299862,1.0,0.19052925366271217
E_small_shift_noisy,40273,600,0.031230703465832774,0.014081780841803745,1.0,0.0,0.05814848692894441,1.0,1.0,0.23104309143892374,1.0,1.0,0.34559721120162445,1.0,0.16105361431475138,1.0,0.22745456227448657
E_small_shift_noisy,40274,600,0.03452662313514429,0.013273033858930361,1.0,0.0,0.05704193724984141,1.0,1.0,0.2164155370015557,1.0,1.0,0.4268098808813433,1.0,0.1318099108340177,1.0,0.2159938567527087
E_small_shift_noisy,40275,600,0.03525738260608803,0.01542240981951134,1.0,0.0,0.0756121756333239,1.0,1.0,0.22548574810663863,1.0,1.0,0.3941123237820299,1.0,0.14079616588753038,1.0,0.2561901887643908
E_small_shift_noisy,40276,600,0.03312568474555619,0.013176027454136974,1.0,0.0,0.053075421911353574,1.0,1.0,0.2594991070401163,1.0,1.0,0.3551418308685284,1.0,0.15591275886434477,1.0,0.21856211197659628
E_small_shift_noisy,40277,600,0.030340916851304592,0.00998699008625589,1.0,0.0,0.04627052410560896,1.0,1.0,0.20662165805206997,1.0,1.0,0.3854285335519367,1.0,0.14176284083669513,1.0,0.20874223596244476
E_small_shift_noisy,40278,600,0.033848081299728425,0.012029473946509044,1.0,0.0,0.04938278441078896,1.0,1.0,0.2160605272278482,1.0,1.0,0.4123273824543034,0.0,0.09530028395777852,1.0,0.17012514196618794
E_small_shift_noisy,40279,600,0.03333029794810022,0.012351856497460536,1.0,0.0,0.045990325195871415,1.0,1.0,0.19169222786445328,1.0,1.0,0.36008842331061536,1.0,0.10395485449772898,1.0,0.31762612274369195
E_small_shift_noisy,40280,600,0.03315409915103317,0.015547273070940162,1.0,0.0,0.06539181765523946,1.0,1.0,0.20167373923283663,1.0,1.0,0.39502122618723795,1.0,0.11189169879134113,1.0,0.21190871828554864
E_small_shift_noisy,40281,600,0.03456035452644971,0.01113701392971957,1.0,0.0,0.04457527365860348,1.0,1.0,0.1919253519604461,1.0,1.0,0.39009022334629867,1.0,0.11336687182950322,1.0,0.192797862667836
E_small_shift_noisy,40282,600,0.03493621561333019,0.014509019498719541,1.0,0.0,0.06284917894233051,1.0,0.0,0.21377200387443987,1.0,1.0,0.4493749029095949,1.0,0.11664116068115296,0.0,0.2701106369027598
E_small_shift_noisy,40283,600,0.03365834974758587,0.015066267786493101,1.0,0.0,0.06753873607788316,1.0,1.0,0.23835338598997852,1.0,1.0,0.41397063012859114,1.0,0.1539460305631662,1.0,0.20531668527776498
E_small_shift_noisy,40284,600,0.03384896208572212,0.012574116480962377,1.0,0.0,0.05575298984604381,1.0,1.0,0.20899033635232164,1.0,1.0,0.38613519866525864,1.0,0.14955606369209165,1.0,0.31331294910872837
E_small_shift_noisy,40285,600,0.030677717412638444,0.012382799445984407,1.0,0.0,0.050076119403541765,1.0,0.0,0.16616260549679976,1.0,1.0,0.32925931037826306,1.0,0.09382343908909256,0.0,0.1335228209676795
E_small_shift_noisy,40286,600,0.03366400186687839,0.01277637782335378,1.0,0.0,0.053978448886840544,1.0,1.0,0.24018489178689045,1.0,1.0,0.36540605244185675,1.0,0.13873786980056196,1.0,0.1974545457466446
E_small_shift_noisy,40287,600,0.03471037769218971,0.014338736904855714,1.0,0.0,0.06623126151486407,1.0,1.0,0.2572467612619317,1.0,1.0,0.4698507694758355,1.0,0.18040349224247448,1.0,0.3455585049563577
E_small_shift_noisy,40288,600,0.03286235133444279,0.014291455993295999,1.0,0.0,0.0690533630678322,1.0,1.0,0.205000652461923,1.0,1.0,0.34585433749910566,1.0,0.15975632084587596,0.0,0.28572682690152656
E_small_shift_noisy,40289,600,0.03326777533089007,0.01607596724136367,1.0,0.0,0.06656015415117347,1.0,1.0,0.21301715724848358,1.0,1.0,0.39308437455814665,1.0,0.14236350743154014,1.0,0.3515976087030552
E_small_shift_noisy,40290,600,0.03360163691081093,0.012120907195695124,1.0,1.0,0.05154303140523796,1.0,1.0,0.19714694924789727,1.0,1.0,0.3812339604000824,1.0,0.14728168210494177,1.0,0.27108470894491343
E_small_shift_noisy,40291,600,0.03398618523921009,0.01372613401728168,1.0,0.0,0.057896169103884884,1.0,1.0,0.18876246985096984,1.0,1.0,0.38580767258771115,1.0,0.11264627641272389,1.0,0.16866545800694213
E_small_shift_noisy,40292,600,0.034207164693932854,0.013175118401423333,1.0,0.0,0.06372713664754472,1.0,1.0,0.2581874649903143,1.0,1.0,0.39315534003966196,1.0,0.14503923378893807,0.0,0.23654571190533275
E_small_shift_noisy,40293,600,0.031896230971970564,0.013218830508958215,1.0,0.0,0.06288022555269525,1.0,1.0,0.17872682001480805,1.0,1.0,0.3284481036659261,1.0,0.10107808684934402,1.0,0.34753400575355375
E_small_shift_noisy,40294,600,0.03515983531818249,0.013215524087565392,0.0,0.0,0.05763249712595727,1.0,1.0,0.21081903698440402,1.0,1.0,0.3597791195708099,0.0,0.08874047592088448,1.0,0.18996468932268093
E_small_shift_noisy,40295,600,0.03471491102935205,0.014850271413664812,1.0,1.0,0.07225691322122026,1.0,1.0,0.21357839416897378,1.0,1.0,0.4091013064793157,1.0,0.1280383188080018,1.0,0.3037156575518033
E_small_shift_noisy,40296,600,0.03156137567789056,0.015350467518358956,1.0,0.0,0.06759806269354282,1.0,1.0,0.2118783925469992,1.0,1.0,0.3927962839803567,1.0,0.1460243937592248,1.0,0.20152881520736843
E_small_shift_noisy,40297,600,0.03474662028500846,0.01545882180470901,1.0,0.0,0.07008175562338141,1.0,1.0,0.22119552005462167,1.0,1.0,0.4057722123687171,1.0,0.13069131690883162,1.0,0.1552398737736144
E_small_shift_noisy,40298,600,0.03558942850701942,0.013383355838242841,1.0,0.0,0.05579995732475305,1.0,1.0,0.20559828628442278,1.0,1.0,0.40734480795561084,1.0,0.11190885072053,1.0,0.16125229331343569
E_small_shift_noisy,40299,600,0.034421055076975945,0.017015746103064285,1.0,0.0,0.06509403878228004,1.0,1.0,0.1829246256294168,1.0,1.0,0.3722583558144545,0.0,0.09616323759768422,1.0,0.1909833119404369
E_small_shift_noisy,40300,600,0.032086664561456285,0.011204625769065665,1.0,0.0,0.049221417296367365,1.0,1.0,0.2660203271167469,1.0,1.0,0.3903230818821602,1.0,0.1670395691375841,1.0,0.26602603191939567
E_small_shift_noisy,40301,600,0.03366210147579959,0.011911902359691489,0.0,0.0,0.04696794621999302,1.0,1.0,0.2119220291480118,1.0,1.0,0.3868016040042798,1.0,0.12336546994683036,1.0,0.25551688026629765
E_small_shift_noisy,40302,600,0.03237122390052335,0.015384998959643981,1.0,1.0,0.06547612452589961,1.0,1.0,0.26899891152024447,1.0,1.0,0.42103220385456835,1.0,0.17830634468062254,1.0,0.2581915335914232
E_small_shift_noisy,40303,600,0.031200365443142395,0.01246079321428212,1.0,0.0,0.05822136934486601,1.0,1.0,0.22208025723319783,1.0,1.0,0.39049400862701394,1.0,0.1252582428908434,1.0,0.18841842049968174
E_small_shift_noisy,40304,600,0.03141525024276725,0.01236443162923557,1.0,1.0,0.060299299469707,1.0,1.0,0.20752080156224545,1.0,1.0,0.35574889141168586,1.0,0.11722254931700234,1.0,0.22504202186327005
E_small_shift_noisy,40305,600,0.033303923044761326,0.012031754495126643,0.0,0.0,0.0538952970795075,1.0,1.0,0.19870365017039474,1.0,1.0,0.3656673484628651,1.0,0.09063109271238198,1.0,0.17900865108577912
E_small_shift_noisy,40306,600,0.03482787990450595,0.012434653849455893,1.0,0.0,0.049893973537718087,1.0,1.0,0.22237061124848526,1.0,1.0,0.40480735122060774,1.0,0.14503692453173272,1.0,0.2181791758256472
E_small_shift_noisy,40307,600,0.03174931616418652,0.010596357295957549,1.0,0.0,0.04506188800994152,1.0,1.0,0.21856126728411968,1.0,1.0,0.3757524967228906,1.0,0.14719455969971318,1.0,0.2793306858042016
E_small_shift_noisy,40308,600,0.03148437809093329,0.014517395876296857,1.0,1.0,0.07117224345878523,1.0,1.0,0.1951078615689889,1.0,1.0,0.30759843982336593,1.0,0.08874957325635717,1.0,0.18482408095124275
E_small_shift_noisy,40309,600,0.03138772681921342,0.011815663283701766,1.0,0.0,0.05350527348199441,1.0,1.0,0.22038459320480186,1.0,1.0,0.35342861460180564,1.0,0.1318299881659565,1.0,0.24163075324014924
E_small_shift_noisy,40310,600,0.03511529029187469,0.01407434744129693,1.0,0.0,0.0639645368657967,1.0,1.0,0.2176774110990151,1.0,1.0,0.3652983845219787,1.0,0.08424270829033571,1.0,0.1750199938873294
E_small_shift_noisy,40311,600,0.03322145525033191,0.011920510530450363,1.0,0.0,0.05496484837579323,1.0,1.0,0.20962224360902618,1.0,1.0,0.3613798787344008,0.0,0.07214430958810678,1.0,0.2721264226188569
E_small_shift_noisy,40312,600,0.03244132087816749,0.014242412183769898,1.0,0.0,0.05912081093537027,1.0,1.0,0.20465238442445743,1.0,1.0,0.32604167599334255,1.0,0.12247443362822552,1.0,0.1768276156227715
E_small_shift_noisy,40313,600,0.030673556846055612,0.017720657584541395,1.0,0.0,0.06872588984755139,1.0,0.0,0.19756175248147748,1.0,1.0,0.35891447533771514,1.0,0.1488743824889232,0.0,0.20432691569510056
E_small_shift_noisy,40314,600,0.03618181910104538,0.016396988236353112,1.0,0.0,0.0715248729703795,1.0,1.0,0.20797926442550377,1.0,1.0,0.381723827603268,1.0,0.10487490657640075,1.0,0.1549034634619503
E_small_shift_noisy,40315,600,0.03652748594630112,0.012286113020338715,1.0,0.0,0.055948110175063695,1.0,1.0,0.2519743025240947,1.0,1.0,0.4236150167831486,1.0,0.1565163686854924,1.0,0.25499764735491354
E_small_shift_noisy,40316,600,0.03284620860912329,0.015061520075701112,1.0,0.0,0.07302332034199324,1.0,1.0,0.19754841041845556,1.0,1.0,0.3533688334703139,1.0,0.11682443953734137,1.0,0.1845711289545205
E_small_shift_noisy,40317,600,0.03445078751945864,0.013688280928568141,1.0,0.0,0.06382102504027735,1.0,1.0,0.22577451417123506,1.0,1.0,0.4124414924220642,1.0,0.12515810124297294,1.0,0.22164036434637965
E_small_shift_noisy,40318,600,0.031202966591755758,0.01408103307668565,1.0,0.0,0.07353925436135103,1.0,1.0,0.21767750910129252,1.0,1.0,0.3612548965871559,1.0,0.14038342413413327,1.0,0.23033013528577548
E_small_shift_noisy,40319,600,0.0330785021702394,0.014247657077699602,1.0,1.0,0.06799871389508119,1.0,1.0,0.21373384586499045,1.0,1.0,0.3778321880272027,1.0,0.15779328735348194,1.0,0.234004673329673
E_small_shift_noisy,40320,600,0.03336796958249639,0.014498742244373253,0.0,0.0,0.06595523661468422,1.0,0.0,0.19799616465170203,1.0,1.0,0.3834647530547509,0.0,0.1459599583004209,0.0,0.2320957052493024
E_small_shift_noisy,40321,600,0.03265835010413198,0.012368875818268954,1.0,0.0,0.05586077158178353,1.0,1.0,0.2273548627838557,1.0,1.0,0.4206561327755482,1.0,0.15914318562468738,1.0,0.18671918076120364
E_small_shift_noisy,40322,600,0.03408388364079056,0.013000215107841138,1.0,0.0,0.06386118026309853,1.0,1.0,0.19262330456298657,1.0,1.0,0.37152423033085474,1.0,0.1284954246212911,0.0,0.1743999581498777
E_small_shift_noisy,40323,600,0.03532576832491836,0.015226066698872697,1.0,0.0,0.08491686249110866,1.0,0.0,0.25558935101417973,1.0,1.0,0.42282088681188756,1.0,0.14879822663000436,0.0,0.21160349667718967
E_small_shift_noisy,40324,600,0.033986689653805156,0.0130766733725868,1.0,0.0,0.06270001351924992,1.0,1.0,0.20395974894105962,1.0,1.0,0.349944514273795,1.0,0.11556706564054815,1.0,0.26929218080047135
E_small_shift_noisy,40325,600,0.032114352485010995,0.013319148699476067,1.0,0.0,0.06326113209289538,1.0,1.0,0.18461739163046692,1.0,1.0,0.3441365350754674,1.0,0.06101266443542602,1.0,0.21009226415433693
E_small_shift_noisy,40326,600,0.03313521111572654,0.016939145253684923,1.0,0.0,0.07202608638738286,1.0,0.0,0.2338366706324965,1.0,1.0,0.4160547002818632,1.0,0.10919293447088003,1.0,0.2876214967213382
E_small_shift_noisy,40327,600,0.03248874876207236,0.012838028973026027,1.0,0.0,0.06386490661552521,1.0,1.0,0.18017515078082752,1.0,1.0,0.3843033208386878,1.0,0.08633173181382488,1.0,0.2090487876045481
E_small_shift_noisy,40328,600,0.035526604392954006,0.014518324740266797,1.0,0.0,0.0625999345191864,1.0,1.0,0.19036122018955676,1.0,1.0,0.374654195638297,1.0,0.08922340594947012,1.0,0.17024983132847143
E_small_shift_noisy,40329,600,0.03406161781806311,0.013544448074401336,1.0,0.0,0.06933482700568465,1.0,1.0,0.23100308148105367,1.0,1.0,0.36816392142303134,1.0,0.12650989909526816,1.0,0.18694963019616234
E_small_shift_noisy,40330,600,0.03380172676265608,0.014988235214816575,1.0,0.0,0.06524163575760812,1.0,1.0,0.19138730216750688,1.0,1.0,0.39911951026775516,1.0,0.12881854725752037,1.0,0.1949368679291416
E_small_shift_noisy,40331,600,0.03601431117272058,0.01338816640554007,1.0,0.0,0.06502953037707017,1.0,1.0,0.19228865506863488,1.0,1.0,0.3647228135371313,1.0,0.034390471733742226,1.0,0.3069231404074569
E_small_shift_noisy,40332,600,0.03516946064240261,0.013439844993118252,0.0,0.0,0.05286833797392095,1.0,1.0,0.24294260783286442,1.0,1.0,0.3926412128946074,1.0,0.13260425280002236,0.0,0.2036990259121036
E_small_shift_noisy,40333,600,0.03305296894217516,0.011695205488876977,1.0,0.0,0.05707751336157454,1.0,1.0,0.1664754358997685,1.0,1.0,0.3775320660973974,0.0,0.07434832406920763,1.0,0.1893610648611484
E_small_shift_noisy,40334,600,0.028746887578575412,0.013548864585656873,1.0,0.0,0.0555255132721886,1.0,0.0,0.16356962614860762,1.0,1.0,0.29358148118092975,1.0,0.13768180202820082,1.0,0.22249678709755533
E_small_shift_noisy,40335,600,0.03224793717111774,0.013783241400609372,1.0,0.0,0.05435559332581177,1.0,1.0,0.24518734177690038,1.0,1.0,0.39419078330967805,1.0,0.1590451302377615,0.0,0.19958205542829593
E_small_shift_noisy,40336,600,0.03427663908819645,0.012973677685963272,1.0,0.0,0.05848083250805429,1.0,1.0,0.18691524525482928,1.0,1.0,0.3598741568666218,1.0,0.08164350672543945,1.0,0.22328532493193792
E_small_shift_noisy,40337,600,0.0319040219682066,0.013481833037217015,1.0,0.0,0.058569766431327844,1.0,1.0,0.19827973302968793,1.0,1.0,0.3719271656268968,1.0,0.14003819803868084,1.0,0.25056789408752606
E_small_shift_noisy,40338,600,0.0359016835939629,0.014789149602926783,1.0,0.0,0.06945672169972819,1.0,1.0,0.2167417555713583,1.0,1.0,0.36831139689656467,1.0,0.10301877543958862,1.0,0.19302966673547822
E_small_shift_noisy,40339,600,0.03101556978931105,0.01640436624786458,1.0,0.0,0.06977633146793287,1.0,1.0,0.20427628671963577,1.0,1.0,0.4044164339218563,1.0,0.10552518060380553,0.0,0.17154018574063712
E_small_shift_noisy,40340,600,0.035716339096419344,0.012789875667473336,0.0,0.0,0.05256193651429645,1.0,1.0,0.22886339728037025,1.0,1.0,0.36771084131988907,1.0,0.1033477264976453,0.0,0.1942311861290415
E_small_shift_noisy,40341,600,0.032458916238495346,0.012721664578022204,1.0,0.0,0.0678154259802676,1.0,0.0,0.1756284619330493,1.0,1.0,0.3342708262997813,1.0,0.09022453456914158,1.0,0.2632507962339815
E_small_shift_noisy,40342,600,0.031624327898986636,0.014518979803554216,1.0,0.0,0.07412047403089889,1.0,1.0,0.23370767997186218,1.0,1.0,0.3860707348528485,1.0,0.1433971026800917,0.0,0.25470830808025297
E_small_shift_noisy,40343,600,0.03372170981768484,0.014649771665830685,1.0,0.0,0.0580707092367726,1.0,1.0,0.23217859603862018,1.0,1.0,0.43740504829407334,1.0,0.1392157383746106,1.0,0.19081176083127743
E_small_shift_noisy,40344,600,0.03251369996845274,0.013348843576622162,0.0,0.0,0.05176739215327832,1.0,1.0,0.2089211069812123,1.0,1.0,0.4084547470117169,1.0,0.13380075737684055,1.0,0.3430030831182887
E_small_shift_noisy,40345,600,0.03444147833073824,0.013409068291478504,1.0,0.0,0.05467949932820877,1.0,1.0,0.1934501992468277,1.0,1.0,0.3871786327895241,1.0,0.11817546680536335,1.0,0.2133711623060417
E_small_shift_noisy,40346,600,0.03305453609227086,0.014595162080313478,1.0,0.0,0.05302899585548028,1.0,1.0,0.19549468912578707,1.0,1.0,0.3652935774312624,0.0,0.10016404053959474,1.0,0.2765112699374382
E_small_shift_noisy,40347,600,0.035672755699966134,0.012705663752374372,0.0,0.0,0.0571737614685502,1.0,1.0,0.23109969427326443,1.0,1.0,0.4097634744737591,0.0,0.10894984111790869,1.0,0.200618075343271
E_small_shift_noisy,40348,600,0.03422461974520981,0.013621773107329524,1.0,0.0,0.0716244669317498,1.0,1.0,0.21069761856642852,1.0,1.0,0.3675527195237036,1.0,0.12850042457429403,1.0,0.1819444176129617
E_small_shift_noisy,40349,600,0.03445710224387289,0.015396985353695445,1.0,0.0,0.06423239673514629,1.0,1.0,0.22735984579179364,1.0,1.0,0.4833118945163415,1.0,0.12656590930323697,1.0,0.22006279830724895
E_small_shift_noisy,40350,600,0.03401362435009811,0.013196690995126043,1.0,0.0,0.051076593652316815,1.0,0.0,0.18337528393771346,1.0,1.0,0.3465876012174819,1.0,0.1035655449818224,1.0,0.2391308047209022
E_small_shift_noisy,40351,600,0.033692106847510214,0.012986189025934416,1.0,0.0,0.05591408331407727,1.0,1.0,0.1990400808875385,1.0,1.0,0.3867110851935659,1.0,0.09537943097551853,1.0,0.2622755971505895
E_small_shift_noisy,40352,600,0.03387126229881103,0.015243309541763232,0.0,1.0,0.0640734385152083,1.0,1.0,0.21229001383917928,1.0,1.0,0.3503283515683736,1.0,0.1305954351128634,1.0,0.18976154679701213
E_small_shift_noisy,40353,600,0.03324991666669271,0.01441362104803765,0.0,0.0,0.0669096078235977,1.0,1.0,0.2334641662950277,1.0,1.0,0.3798130860302791,1.0,0.17169343028000725,1.0,0.21693791759864473
E_small_shift_noisy,40354,600,0.032934163383892316,0.013601247732088054,1.0,0.0,0.05632094938437389,1.0,1.0,0.25667011009277835,1.0,1.0,0.42710046714660005,1.0,0.15384043147642087,1.0,0.20589477621560093
E_small_shift_noisy,40355,600,0.03279911899760071,0.011978568029513467,1.0,0.0,0.04851279834786869,1.0,1.0,0.18147282548769594,1.0,1.0,0.312263364261237,1.0,0.11475120740238676,1.0,0.24094645579441662
E_small_shift_noisy,40356,600,0.03117481662997705,0.012187760431092183,1.0,0.0,0.053538738133169714,1.0,1.0,0.17735011987690683,1.0,1.0,0.37120497054236073,0.0,0.09414721850743148,1.0,0.20019035566457685
E_small_shift_noisy,40357,600,0.0303782561683307,0.01397835798835211,1.0,0.0,0.05916379262721232,1.0,1.0,0.21535389580684922,1.0,1.0,0.33310598708093353,1.0,0.17103724762376477,1.0,0.2928112528015493
E_small_shift_noisy,40358,600,0.03353924756458707,0.012447536685035697,1.0,0.0,0.053612902308525154,1.0,1.0,0.23864831604792974,1.0,1.0,0.39574150440244626,1.0,0.13111526067071277,0.0,0.16581432382564626
E_small_shift_noisy,40359,600,0.0359158353352737,0.013105403705525634,1.0,0.0,0.05554827244665852,1.0,1.0,0.21832156033274708,1.0,1.0,0.3810163722533332,0.0,0.07483795944494963,1.0,0.277160674197001
E_small_shift_noisy,40360,600,0.03447017577586942,0.01368606425227401,1.0,0.0,0.0524577523975957,1.0,1.0,0.16414959627153364,1.0,1.0,0.36341815216530843,1.0,0.040919545642451295,1.0,0.19462458590943416
E_small_shift_noisy,40361,600,0.03343136215331623,0.01364857469170878,1.0,0.0,0.058760403327890266,1.0,1.0,0.22578667282598594,1.0,1.0,0.39960662874899794,1.0,0.15518412429300626,1.0,0.21393243057582279
E_small_shift_noisy,40362,600,0.03298666565016673,0.013876641239802057,1.0,0.0,0.06277877723718812,1.0,1.0,0.20771534874293493,1.0,1.0,0.3556171265651634,1.0,0.10742072706314014,1.0,0.16314169121532923
E_small_shift_noisy,40363,600,0.0344396446159967,0.012616679266808933,1.0,0.0,0.049607537307054986,1.0,1.0,0.1898015566128335,1.0,1.0,0.3427530177359511,0.0,0.09389399599664054,1.0,0.2536983182403176
E_small_shift_noisy,40364,600,0.03324732342515713,0.010651055355394488,1.0,0.0,0.05169264183204936,1.0,1.0,0.19349775069236558,1.0,1.0,0.36016231352357025,1.0,0.12602231309641812,1.0,0.23098154851125718
E_small_shift_noisy,40365,600,0.03490380009132522,0.013490282529921172,0.0,0.0,0.06121224673197183,1.0,1.0,0.2093064991633909,1.0,1.0,0.36582152552726976,0.0,0.10398778540501714,1.0,0.1719892424421959
E_small_shift_noisy,40366,600,0.03390152646670698,0.011584811015133527,1.0,0.0,0.05536952664344075,1.0,1.0,0.21798888116568743,1.0,1.0,0.3504405801254819,1.0,0.12320741255677407,1.0,0.24412701266902165
E_small_shift_noisy,40367,600,0.03420586996022386,0.015015525219741699,1.0,0.0,0.0631715577298223,1.0,1.0,0.23153406950526642,1.0,1.0,0.3973829028251096,1.0,0.12392136493935746,1.0,0.2207830904451376
E_small_shift_noisy,40368,600,0.03306334507989998,0.014134290546620123,1.0,0.0,0.05919382661426734,1.0,1.0,0.18277491044861188,1.0,1.0,0.34495616367082016,0.0,0.0724959063240288,1.0,0.23731946948404828
E_small_shift_noisy,40369,600,0.03457478847089597,0.012052390561537746,1.0,0.0,0.05377985104928649,1.0,1.0,0.19714397087724822,1.0,1.0,0.39513952425710946,0.0,0.12945762213744566,0.0,0.1968977025263023
E_small_shift_noisy,40370,600,0.031659027489013156,0.012489565339946707,1.0,0.0,0.04624655367041495,1.0,1.0,0.18510184467012009,1.0,1.0,0.30797195501568386,1.0,0.10316296943541159,1.0,0.22246441519712912
E_small_shift_noisy,40371,600,0.03329596810260567,0.013180496669875665,1.0,1.0,0.06064238303943796,1.0,1.0,0.22047344930273413,1.0,1.0,0.37874262208182835,1.0,0.12704150693953895,1.0,0.22681382762383223
E_small_shift_noisy,40372,600,0.033230310902481346,0.014196759278404992,1.0,0.0,0.06959353171593327,1.0,1.0,0.18940497998588893,1.0,1.0,0.34230412099563184,1.0,0.11841929103846767,1.0,0.27826207185122714
E_small_shift_noisy,40373,600,0.03125241133302616,0.013451067907620467,1.0,0.0,0.06420721361253759,1.0,1.0,0.20501480595495908,1.0,1.0,0.3784705369200267,1.0,0.12131809243822914,1.0,0.23426518778618047
E_small_shift_noisy,40374,600,0.03829648619066523,0.01206423706570241,1.0,0.0,0.05323977433569869,1.0,1.0,0.2295565475313023,1.0,1.0,0.41234638436391835,1.0,0.12013153464179971,1.0,0.2065647362057521
E_small_shift_noisy,40375,600,0.03301591525727487,0.01297027252849405,1.0,0.0,0.055436545183573514,1.0,0.0,0.1929255194208635,1.0,1.0,0.3355684186016328,0.0,0.05953460446246559,0.0,0.1390219839293073
E_small_shift_noisy,40376,600,0.033918238606572775,0.014894177929554936,1.0,0.0,0.07056053118814362,1.0,1.0,0.24852723568509974,1.0,1.0,0.4133720734714098,1.0,0.1710200802635789,1.0,0.23140226091534286
E_small_shift_noisy,40377,600,0.03381288757869437,0.015427543595797889,1.0,1.0,0.07159034152904528,1.0,1.0,0.18793213226508373,1.0,1.0,0.41045103929695986,1.0,0.11570567531093034,1.0,0.19648518881550733
E_small_shift_noisy,40378,600,0.03253013374782941,0.013639983707950123,1.0,1.0,0.06423944930775899,1.0,1.0,0.26560151411214067,1.0,1.0,0.4043125960602919,1.0,0.16076592004751286,1.0,0.21130234951318833
E_small_shift_noisy,40379,600,0.03111638561987477,0.013584363365857194,1.0,0.0,0.05429944889554513,1.0,1.0,0.21050947115235408,1.0,1.0,0.39025546780584336,1.0,0.15834896310677732,1.0,0.24194561331701975
E_small_shift_noisy,40380,600,0.03513671248230992,0.01681592213092393,1.0,0.0,0.07975292716482929,1.0,1.0,0.22384928033060753,1.0,1.0,0.384431629673647,1.0,0.1425037165492507,1.0,0.26038324484120096
E_small_shift_noisy,40381,600,0.03223607550479359,0.012269300550675943,1.0,0.0,0.05253864579337726,1.0,1.0,0.20406855325540613,1.0,1.0,0.33568803943532743,1.0,0.12812704427297392,1.0,0.184540466587801
E_small_shift_noisy,40382,600,0.03556522388652113,0.015550890035353362,1.0,0.0,0.06810474207977082,1.0,1.0,0.2165794318981235,1.0,1.0,0.3905825954123855,1.0,0.15301197620173468,1.0,0.2527502230279327
E_small_shift_noisy,40383,600,0.03795719465274513,0.011483211916332236,1.0,0.0,0.04879081202177182,1.0,1.0,0.19833601289770103,1.0,1.0,0.4142240186848409,1.0,0.08832106720131039,1.0,0.19649892391316875
E_small_shift_noisy,40384,600,0.03213386257653602,0.015095530121022938,1.0,0.0,0.056595988059861234,1.0,1.0,0.19565057479357378,1.0,1.0,0.36303108931340705,1.0,0.09553121086967695,1.0,0.2216161886986446
E_small_shift_noisy,40385,600,0.030447248983816854,0.013239166759089083,1.0,0.0,0.06623704433202209,1.0,1.0,0.20740083386631172,1.0,1.0,0.3601785192325616,1.0,0.15296783604003675,1.0,0.26047141711398253
E_small_shift_noisy,40386,600,0.032782278729297946,0.01329800553534613,1.0,0.0,0.05698720439060012,1.0,1.0,0.18380706216049672,1.0,1.0,0.3593227067849515,1.0,0.10970734939684604,1.0,0.20090930708666543
E_small_shift_noisy,40387,600,0.033083318865198774,0.013603967868136193,1.0,0.0,0.054769596090343466,1.0,1.0,0.21330331977955036,1.0,1.0,0.3609402533709812,1.0,0.14503055454844596,1.0,0.2760740694500706
E_small_shift_noisy,40388,600,0.031233664408507892,0.01209914258997891,1.0,0.0,0.0547156704182882,1.0,1.0,0.2179640286299609,1.0,1.0,0.3532395661690168,1.0,0.12420501249939253,1.0,0.1992849340212232
E_small_shift_noisy,40389,600,0.03748792329786059,0.01447829939281307,1.0,1.0,0.061721421030875114,1.0,1.0,0.21086996217637521,1.0,1.0,0.40529917482315875,1.0,0.05584415486634682,1.0,0.17354898084552972
E_small_shift_noisy,40390,600,0.034773663342955376,0.011953681849104194,1.0,0.0,0.05383494170016728,1.0,1.0,0.20699773793623333,1.0,1.0,0.3589973677396303,0.0,0.0947508181076095,0.0,0.14879342746572005
E_small_shift_noisy,40391,600,0.035249679395494844,0.012645638877584284,0.0,0.0,0.05292903633469444,1.0,1.0,0.2263702767020698,1.0,1.0,0.44433299210250593,0.0,0.14396168633413278,1.0,0.226822820170816
E_small_shift_noisy,40392,600,0.03453288005643752,0.01266084597383004,1.0,0.0,0.05926396592184778,1.0,1.0,0.213105605709275,1.0,1.0,0.37306351201203813,1.0,0.11020188725482623,1.0,0.18078842115505042
E_small_shift_noisy,40393,600,0.0332438786766224,0.012603948582867749,1.0,0.0,0.06150827025166132,1.0,1.0,0.19941226689186664,1.0,1.0,0.369449030668526,1.0,0.14067431888162496,1.0,0.18568892393913056
E_small_shift_noisy,40394,600,0.03724715605484697,0.013826038439103946,1.0,0.0,0.052771238090230696,1.0,0.0,0.23316256913821812,1.0,1.0,0.39687524028501736,1.0,0.14036447316264172,1.0,0.4710063642621217
E_small_shift_noisy,40395,600,0.03426804104823476,0.012814257248453009,1.0,0.0,0.05544491186448029,1.0,1.0,0.17655718327317735,1.0,1.0,0.3213621467614833,1.0,0.05296248178770726,1.0,0.20941075044188998
E_small_shift_noisy,40396,600,0.032846459419645056,0.0113002707773976,0.0,0.0,0.047645403661240385,1.0,1.0,0.2850397415246085,1.0,1.0,0.456182530855534,1.0,0.1707839639121961,1.0,0.25977667225449513
E_small_shift_noisy,40397,600,0.03232040617993954,0.013965958938345633,1.0,0.0,0.06353584356398634,1.0,1.0,0.19481264424246017,1.0,1.0,0.3782219991447765,1.0,0.10335788228525448,1.0,0.2227046442934538
E_small_shift_noisy,40398,600,0.034193220336798814,0.013840691329211072,1.0,1.0,0.0728074589626561,1.0,1.0,0.21438873561105956,1.0,1.0,0.34834072446809994,0.0,0.06622184815174385,1.0,0.2151038746894282
E_small_shift_noisy,40399,600,0.03568222235981342,0.013087695022991485,1.0,0.0,0.05809495738805013,1.0,1.0,0.2375990051265593,1.0,1.0,0.3867007920730634,1.0,0.1376044184747424,1.0,0.2242440175321994
E_small_shift_noisy,40400,600,0.032584814523256955,0.014144259866341265,0.0,0.0,0.049837779745017366,1.0,1.0,0.23268674973126738,1.0,1.0,0.3870342462674915,1.0,0.15433572037309667,1.0,0.2349089437185367
E_small_shift_noisy,40401,600,0.03419503888394054,0.013826118516760461,1.0,0.0,0.06678031231652362,1.0,1.0,0.22891499302078544,1.0,1.0,0.3906914386677191,1.0,0.13771000374009207,1.0,0.37873436961844914
E_small_shift_noisy,40402,600,0.03525699718076855,0.013707241297293232,1.0,0.0,0.05260896298804905,1.0,1.0,0.21990167864263466,1.0,1.0,0.3765880582620609,1.0,0.06762398535915136,0.0,0.15183632990174234
E_small_shift_noisy,40403,600,0.03170654156253739,0.014027371242882152,1.0,0.0,0.05732795682251442,1.0,1.0,0.21317539329786098,1.0,1.0,0.3581664694377906,1.0,0.11987795788840387,1.0,0.19048665111349816
E_small_shift_noisy,40404,600,0.03214098757690386,0.015577355068518095,1.0,1.0,0.05688358781643087,1.0,1.0,0.20728180147749137,1.0,1.0,0.35487218107756674,1.0,0.1262033235317295,1.0,0.22576002228149833
E_small_shift_noisy,40405,600,0.033951989053456096,0.015410008582891965,1.0,0.0,0.06604286301430766,1.0,0.0,0.2032428799565466,1.0,1.0,0.3771490120111614,1.0,0.13037840580515384,0.0,0.210202626788646
E_small_shift_noisy,40406,600,0.031656610033872025,0.013833659536266496,1.0,0.0,0.05735309765692696,1.0,1.0,0.20537594787071428,1.0,1.0,0.38720162075569287,1.0,0.13468011373837063,1.0,0.178150825152669
E_small_shift_noisy,40407,600,0.03407669503578829,0.014749944426659925,1.0,0.0,0.06869466730669119,1.0,1.0,0.22140966659326847,1.0,1.0,0.40743407689383543,1.0,0.14995731633987017,1.0,0.5326422356350655
E_small_shift_noisy,40408,600,0.032297903367968915,0.014831284484440219,1.0,1.0,0.05914540604420819,1.0,1.0,0.1914559228627216,1.0,1.0,0.3244068784668924,1.0,0.11093448673866257,1.0,0.17074311083076002
E_small_shift_noisy,40409,600,0.03139121514736866,0.018072041443504067,1.0,0.0,0.0881496844079684,1.0,1.0,0.19713152515071322,1.0,1.0,0.34245580652309965,1.0,0.15322253218580342,1.0,0.19161106757597274
E_small_shift_noisy,40410,600,0.03567997200744897,0.014609760421677064,1.0,0.0,0.06907222639928642,1.0,1.0,0.22965281716079086,1.0,1.0,0.3963265373690948,1.0,0.14177435198286376,1.0,0.22190630581177267
E_small_shift_noisy,40411,600,0.03508267738998692,0.01425585234069518,1.0,0.0,0.06009153058321735,1.0,1.0,0.184196705213575,1.0,1.0,0.3847377016306449,0.0,0.053735381415108585,1.0,0.16461109589362868
E_small_shift_noisy,40412,600,0.03438896760984433,0.015101818903495406,1.0,0.0,0.0623433873416319,1.0,0.0,0.1968942238354098,1.0,1.0,0.352911767387706,1.0,0.1307092925639724,0.0,0.18661516162073133
E_small_shift_noisy,40413,600,0.03263234498665417,0.01669534135807729,1.0,0.0,0.07960269803432016,1.0,1.0,0.22926282080845173,1.0,1.0,0.42162387072286905,1.0,0.14885757865892996,1.0,0.2429599733086653
E_small_shift_noisy,40414,600,0.03462987412788198,0.01478535289549945,1.0,0.0,0.06027179169844471,1.0,1.0,0.21158655072493912,1.0,1.0,0.40030463448338816,1.0,0.09416927467174908,1.0,0.2626636802408077
E_small_shift_noisy,40415,600,0.03296863475227855,0.014974912621600708,1.0,0.0,0.06243228774367626,1.0,1.0,0.2009065509534807,1.0,1.0,0.34922643167211637,1.0,0.13138102853147515,1.0,0.19862043465233142
E_small_shift_noisy,40416,600,0.03175191851723767,0.012471577614681905,1.0,0.0,0.051073645587747386,1.0,1.0,0.19679114566811484,1.0,1.0,0.3642239891395019,1.0,0.16076400995064113,1.0,0.3178042783128729
E_small_shift_noisy,40417,600,0.03509644153142314,0.01424825440859071,1.0,0.0,0.06954150422950593,1.0,1.0,0.2267303783901823,1.0,1.0,0.4072489705246428,1.0,0.1606398050345757,1.0,0.23393410138751686
E_small_shift_noisy,40418,600,0.03358902097151345,0.011795009334455504,0.0,0.0,0.04946941582394323,1.0,1.0,0.20111504457388793,1.0,1.0,0.37835237317950765,0.0,0.10468636565777496,1.0,0.2539362706820345
E_small_shift_noisy,40419,600,0.03266289607860567,0.0151745898132771,1.0,0.0,0.0734461945941188,1.0,1.0,0.22567073568409005,1.0,1.0,0.41459292500320205,1.0,0.123389954512424,1.0,0.23613706182018515
E_small_shift_noisy,40420,600,0.036061672458212186,0.01198797030026353,1.0,0.0,0.05247306083488368,1.0,1.0,0.24356815279402416,1.0,1.0,0.416169068788206,1.0,0.09689794346705072,1.0,0.16249941405871168
E_small_shift_noisy,40421,600,0.03372422730028265,0.015915586490444077,1.0,0.0,0.07705334527365895,1.0,1.0,0.20123162351850885,1.0,1.0,0.35447459924441377,0.0,0.08579483514801427,1.0,0.2921119137796962
E_small_shift_noisy,40422,600,0.034770380081858246,0.010199990654577393,1.0,0.0,0.05151988207013343,1.0,1.0,0.2081805534128498,1.0,1.0,0.3994783180761876,1.0,0.11719507527337694,1.0,0.1937430768695752
E_small_shift_noisy,40423,600,0.03666203414911314,0.015379587756095913,1.0,0.0,0.061785191882861815,1.0,1.0,0.21129237658886443,1.0,1.0,0.3843585193285908,1.0,0.09764647944956464,1.0,0.20557958321875205
E_small_shift_noisy,40424,600,0.03051823339460438,0.014511107620351498,1.0,0.0,0.06958900063110772,1.0,1.0,0.20867712066572697,1.0,1.0,0.3698013542254475,1.0,0.1111982457863698,1.0,0.2261730732560962
E_small_shift_noisy,40425,600,0.033886197652464874,0.013246494301177561,1.0,0.0,0.06543864735042415,1.0,1.0,0.2930224805812873,1.0,1.0,0.4677107501399875,1.0,0.18998093734228252,1.0,0.23841155979745227
E_small_shift_noisy,40426,600,0.03210813088778447,0.012589278041578764,1.0,0.0,0.052186432390749826,1.0,1.0,0.2165004676484493,1.0,1.0,0.42168809269257546,1.0,0.1364422766802687,1.0,0.2665567102435615
E_small_shift_noisy,40427,600,0.03360047808894358,0.013610756924224306,1.0,0.0,0.06601067173974158,1.0,1.0,0.20460161258397877,1.0,1.0,0.3798347923403769,1.0,0.12713652954695004,1.0,0.2496952081316289
E_small_shift_noisy,40428,600,0.03295027821913055,0.011943019664904072,1.0,0.0,0.06308635428500217,1.0,0.0,0.21016603050875177,1.0,0.0,0.35509133881729166,1.0,0.08536935099881474,0.0,0.3041803907891011
E_small_shift_noisy,40429,600,0.03378065471922963,0.013873205410194833,1.0,0.0,0.0655669992241947,1.0,1.0,0.21949533662579976,1.0,1.0,0.3664422566203843,1.0,0.12418570328724483,1.0,0.21067742006621315
E_small_shift_noisy,40430,600,0.03374378592686368,0.01429110554174592,1.0,0.0,0.06338655721650041,1.0,1.0,0.21011379655392207,1.0,1.0,0.4301344076691901,1.0,0.11616946265714531,1.0,0.22474088580661977
E_small_shift_noisy,40431,600,0.03307665258495665,0.013314748911458788,0.0,0.0,0.05616550415893664,1.0,1.0,0.27013414604765285,1.0,1.0,0.40148670987345786,1.0,0.1880792020107385,1.0,0.2923847005884329
E_small_shift_noisy,40432,600,0.036497152437992286,0.016185331981503327,1.0,0.0,0.07109290212101352,1.0,1.0,0.2218269509461881,1.0,1.0,0.4119921083011965,1.0,0.11963382695929181,1.0,0.18880122412352393
E_small_shift_noisy,40433,600,0.03328732843397098,0.013764549201717787,1.0,0.0,0.056397654145371345,1.0,1.0,0.207422086162401,1.0,1.0,0.3861217136216778,1.0,0.13712433677597885,1.0,0.17386163116942338
E_small_shift_noisy,40434,600,0.03321322593195446,0.011648969953078143,1.0,0.0,0.05064616899284309,1.0,1.0,0.23186126638373813,1.0,1.0,0.4041953690819901,1.0,0.12492263216455009,1.0,0.2102735415503731
E_small_shift_noisy,40435,600,0.03183381024640435,0.014565228367457226,1.0,1.0,0.07089827815189827,1.0,1.0,0.2000366898866091,1.0,1.0,0.3411740803960392,0.0,0.1477200990728969,1.0,0.21433898745571184
E_small_shift_noisy,40436,600,0.0355968569333693,0.013755106363784787,1.0,0.0,0.06578418734603153,1.0,1.0,0.2622173104141109,1.0,1.0,0.41236240686729725,1.0,0.12325838975685452,1.0,0.18121841298120903
E_small_shift_noisy,40437,600,0.03391747180838251,0.013836116282743473,1.0,0.0,0.0628593395227622,1.0,1.0,0.20443766849439604,1.0,1.0,0.33993394813324346,1.0,0.13071369125663396,1.0,0.1960899653669445
E_small_shift_noisy,40438,600,0.03281513476849156,0.013934893148177068,1.0,0.0,0.06584620308740022,1.0,1.0,0.2090859837290608,1.0,1.0,0.3691120207475084,1.0,0.10045722159382635,1.0,0.1716553912167162
E_small_shift_noisy,40439,600,0.03355784930546511,0.014895881177265225,1.0,0.0,0.0594893665427753,1.0,1.0,0.22660084777396144,1.0,1.0,0.3975047619735447,1.0,0.14298521655881993,1.0,0.18508774090203386
E_small_shift_noisy,40440,600,0.037866578552430405,0.012540837732239785,1.0,0.0,0.05285465070420068,1.0,1.0,0.26654233840787595,1.0,1.0,0.4582172167909655,1.0,0.12173529728503037,1.0,0.21746008006471235
E_small_shift_noisy,40441,600,0.03473899128268431,0.015144645455827787,1.0,1.0,0.07063059910721123,1.0,1.0,0.2302385983651983,1.0,1.0,0.3698651666183618,1.0,0.1406231572904703,1.0,0.21595269514853882
E_small_shift_noisy,40442,600,0.03481969490185035,0.013924750128545882,1.0,0.0,0.06923130858493343,1.0,1.0,0.23995174246860645,1.0,1.0,0.4104143426031781,1.0,0.12914367268440255,1.0,0.2105470646315699
E_small_shift_noisy,40443,600,0.034122051906966634,0.011728174479107444,1.0,0.0,0.05398730677244652,1.0,1.0,0.18598638060974265,1.0,1.0,0.37152325612829956,0.0,0.0565425708900074,1.0,0.22531975798644027
E_small_shift_noisy,40444,600,0.03180150820861007,0.012970798815885587,1.0,0.0,0.0553847626664703,1.0,1.0,0.20995258184537705,1.0,1.0,0.36491633773127397,1.0,0.13555812247304444,1.0,0.2091252935445814
E_small_shift_noisy,40445,600,0.03171472931383008,0.014203075309354144,1.0,0.0,0.06441070424361886,1.0,1.0,0.22629340468986384,1.0,1.0,0.34334531284294273,1.0,0.16385194712378723,1.0,0.2825443324263398
E_small_shift_noisy,40446,600,0.030416506125439675,0.012735367855584646,1.0,0.0,0.061197848480836016,1.0,1.0,0.22713759917210768,1.0,1.0,0.34800658802172824,1.0,0.09378409180069085,1.0,0.1350646758484792
E_small_shift_noisy,40447,600,0.03295644713669382,0.01772386599971207,0.0,1.0,0.08795519518299702,1.0,1.0,0.19746069841065275,1.0,1.0,0.3662736869169138,1.0,0.1416052645893234,1.0,0.26915109061535275
E_small_shift_noisy,40448,600,0.03494734465180844,0.013386866013343438,1.0,0.0,0.059079587540645906,1.0,1.0,0.20662357177976043,1.0,1.0,0.41499233493664567,1.0,0.0866765867866532,1.0,0.18548674132195833
E_small_shift_noisy,40449,600,0.03330079938668587,0.01548853532110008,1.0,0.0,0.07034945142707996,1.0,1.0,0.21550851934554757,1.0,1.0,0.3678255139439753,0.0,0.1347239919385102,1.0,0.2759196544427523
E_small_shift_noisy,40450,600,0.032711955469962105,0.01329694076904358,1.0,0.0,0.05939603364412701,1.0,1.0,0.20300401375727767,1.0,1.0,0.3426446828024828,1.0,0.13181652613379527,1.0,0.3588690919918761
E_small_shift_noisy,40451,600,0.033858446223977726,0.012768689996259857,1.0,0.0,0.05871148332383245,1.0,1.0,0.17281041854892865,1.0,1.0,0.3827506134386251,1.0,0.07209223432381265,0.0,0.20937952463525047
E_small_shift_noisy,40452,600,0.0341622715875759,0.01380040621961685,1.0,0.0,0.06454509629007932,1.0,1.0,0.24469767528861933,1.0,1.0,0.42895876427980123,1.0,0.15627491216992145,1.0,0.24742517573545025
E_small_shift_noisy,40453,600,0.0327226770601476,0.014807658007577013,1.0,0.0,0.07601924702475515,1.0,0.0,0.2309589143773055,1.0,1.0,0.3967254588786444,1.0,0.1490983058737471,1.0,0.2521288264806539
E_small_shift_noisy,40454,600,0.0345997209885216,0.014092348702961516,1.0,0.0,0.06301654325304713,1.0,1.0,0.17972881970969273,1.0,1.0,0.3636924939903288,0.0,0.04063794365353622,1.0,0.18287781260485644
E_small_shift_noisy,40455,600,0.03128088918667284,0.014434072900230485,1.0,0.0,0.06624953974352354,1.0,1.0,0.23246868455891656,1.0,1.0,0.4413790929400596,1.0,0.15546783804640582,1.0,0.24457615135488178
E_small_shift_noisy,40456,600,0.03099018856811287,0.012847628351473937,1.0,0.0,0.049831809944165494,1.0,1.0,0.2208593190285985,1.0,1.0,0.3701796897343063,1.0,0.14049662217714348,1.0,0.17941218784337923
E_small_shift_noisy,40457,600,0.03285348086658218,0.014793881834719877,1.0,0.0,0.05905314599490452,1.0,1.0,0.21316086636108791,1.0,1.0,0.3929931305712868,1.0,0.11951270474126305,1.0,0.16185291492207549
E_small_shift_noisy,40458,600,0.034071474306071735,0.01559582056892182,1.0,1.0,0.07294731361073983,1.0,1.0,0.23691872042002435,1.0,1.0,0.43113364664246934,1.0,0.14316802934234557,1.0,0.2048628906076076
E_small_shift_noisy,40459,600,0.03579981741160464,0.012598870135644851,1.0,0.0,0.04600840450131185,1.0,1.0,0.18325606823269036,1.0,1.0,0.35330545643799177,0.0,0.06087782914019261,1.0,0.19690836166264172
E_small_shift_noisy,40460,600,0.031411594560069866,0.01355929206146651,1.0,0.0,0.05931012617805555,1.0,0.0,0.18789423297162527,1.0,1.0,0.32124469269803024,1.0,0.11077259995279107,1.0,0.2674637470104589
E_small_shift_noisy,40461,600,0.03527803990859159,0.012988026251444665,1.0,1.0,0.0638531652250143,1.0,1.0,0.19829956733519277,1.0,1.0,0.3322972626738251,1.0,0.09006439750333882,1.0,0.203832233971519
E_small_shift_noisy,40462,600,0.032512308640521764,0.013119607729274984,1.0,0.0,0.06246361474141793,1.0,1.0,0.18725990691533137,1.0,1.0,0.3747520693803283,1.0,0.09653122901443476,1.0,0.24792894307734384
E_small_shift_noisy,40463,600,0.031427321512054976,0.015737211140783063,1.0,0.0,0.06049458554375413,1.0,1.0,0.1868438435521081,1.0,1.0,0.3177841739626534,1.0,0.12523477244286327,0.0,0.18901522377197605
E_small_shift_noisy,40464,600,0.03529674598357549,0.014749413761509391,0.0,0.0,0.0634675689597827,1.0,1.0,0.23903351407705992,1.0,1.0,0.4112060865002622,0.0,0.1300057328476371,1.0,0.17723660677007483
E_small_shift_noisy,40465,600,0.032774356037920185,0.012673230738279468,1.0,0.0,0.05101984299450596,1.0,1.0,0.2007645398270034,1.0,1.0,0.3356643742061038,1.0,0.14604032726813815,1.0,0.23237185654594325
E_small_shift_noisy,40466,600,0.03429355006645587,0.01659754112616924,1.0,0.0,0.07091491937781817,1.0,1.0,0.20907114200591206,1.0,1.0,0.37301442165729637,1.0,0.11711802077717418,1.0,0.15853087026102103
E_small_shift_noisy,40467,600,0.03109570890773393,0.014655870629440118,1.0,0.0,0.06488248927525192,1.0,1.0,0.19831905008269837,1.0,1.0,0.3801865719103291,1.0,0.1513738925566635,1.0,0.27822769198100594
E_small_shift_noisy,40468,600,0.033844678165283366,0.013209130607817626,1.0,0.0,0.04869412989898172,1.0,1.0,0.22798657034748637,1.0,1.0,0.37875798020592333,1.0,0.13753287259528357,1.0,0.20185556798875134
E_small_shift_noisy,40469,600,0.030988303200482244,0.013223855872099483,1.0,0.0,0.05596148239252141,1.0,0.0,0.20368914063236737,1.0,1.0,0.3762367186467267,1.0,0.13950871486352923,1.0,0.21173981333608305
E_small_shift_noisy,40470,600,0.031990302789443065,0.01339386579313567,1.0,0.0,0.06322975113442834,1.0,1.0,0.19633008358958154,1.0,1.0,0.35686667948241185,1.0,0.09805267313590385,1.0,0.17895324364202608
E_small_shift_noisy,40471,600,0.035023119112310805,0.014573263733773009,0.0,0.0,0.07212902511001588,1.0,0.0,0.24099769276669675,1.0,1.0,0.35619533498164974,0.0,0.1383752602375343,0.0,0.18141900753457618
E_small_shift_noisy,40472,600,0.03223035576400001,0.01391885487293212,1.0,1.0,0.05704133354872361,1.0,1.0,0.22501884344876996,1.0,1.0,0.37008454418321596,1.0,0.17012729511129768,1.0,0.21286969136731887
E_small_shift_noisy,40473,600,0.03323784295611503,0.013742453634149878,1.0,0.0,0.05285357888852517,1.0,1.0,0.19236502872852637,1.0,1.0,0.3767762970399679,1.0,0.11368674862788648,1.0,0.26035887981865163
E_small_shift_noisy,40474,600,0.03267530563049405,0.014628195851659948,1.0,0.0,0.07164471547933422,1.0,0.0,0.19607674565389765,1.0,1.0,0.3796119853274426,1.0,0.1240073140826643,1.0,0.3116033328432396
E_small_shift_noisy,40475,600,0.03254976311964805,0.014159999979737617,1.0,1.0,0.06582297709532495,1.0,1.0,0.22161194074371277,1.0,1.0,0.40631359991316335,1.0,0.18000605634396658,1.0,0.23135679959899752
E_small_shift_noisy,40476,600,0.031620825122915114,0.01422861612488969,1.0,1.0,0.06607735827753529,1.0,1.0,0.2349038147743589,1.0,1.0,0.35042018618434867,1.0,0.10966836618703135,1.0,0.18815404473638703
E_small_shift_noisy,40477,600,0.033942594083132056,0.011919626571210115,1.0,0.0,0.05258577396730024,1.0,1.0,0.22980313572356081,1.0,1.0,0.40509636371848934,1.0,0.1301361607395009,1.0,0.35983947202633304
E_small_shift_noisy,40478,600,0.03199192419144077,0.01677709949568627,1.0,0.0,0.0670352092756227,1.0,1.0,0.1916309448837919,1.0,1.0,0.366125097520245,1.0,0.11947996714090062,1.0,0.2027085747178164
E_small_shift_noisy,40479,600,0.03085755793316126,0.014471745772823804,1.0,0.0,0.06037607003272982,1.0,1.0,0.19284455488529845,1.0,1.0,0.3395542018583366,1.0,0.14893386617835822,1.0,0.3451152573307981
E_small_shift_noisy,40480,600,0.03426696505903219,0.011870502096502604,1.0,0.0,0.048599262870514706,1.0,1.0,0.24422832614271792,1.0,1.0,0.372053026921251,1.0,0.13359262030940786,1.0,0.21981305812036228
E_small_shift_noisy,40481,600,0.032933547353720484,0.013553224619228588,1.0,0.0,0.06518802229290308,1.0,1.0,0.20337184418850596,1.0,1.0,0.33795141360926095,0.0,0.09424770852770253,1.0,0.21814601109635506
E_small_shift_noisy,40482,600,0.03590980572092808,0.015336725591994805,1.0,0.0,0.06378899920641565,1.0,1.0,0.22987371450177943,1.0,1.0,0.39872860685379485,1.0,0.12973158777027688,1.0,0.2218603491779591
E_small_shift_noisy,40483,600,0.03199990390108827,0.01330614595072252,0.0,0.0,0.054109694056321,1.0,0.0,0.17539910073069764,1.0,1.0,0.3310909835697498,0.0,0.13197013876724,0.0,0.18523181102948824
E_small_shift_noisy,40484,600,0.03505025156361117,0.012841379470226294,0.0,0.0,0.05749152662228113,1.0,1.0,0.2104088823866134,1.0,1.0,0.3585818663197446,0.0,0.07038211785727777,1.0,0.20420191690690057
E_small_shift_noisy,40485,600,0.030117207887005663,0.016506661050620767,1.0,0.0,0.06916375907456125,1.0,0.0,0.20572453994721157,1.0,1.0,0.33227193103647534,1.0,0.14101952904927068,0.0,0.20654672159436532
E_small_shift_noisy,40486,600,0.031071491156567325,0.011474701539703777,0.0,0.0,0.053929193168921974,1.0,1.0,0.18953345590079076,1.0,1.0,0.28777324366152623,1.0,0.10693266553152125,1.0,0.27477922432000385
E_small_shift_noisy,40487,600,0.02969831477395789,0.01427901755004266,1.0,0.0,0.06231330646388568,1.0,1.0,0.18016479682441422,1.0,1.0,0.3293405687535249,1.0,0.09870655542947923,0.0,0.15412143579955864
E_small_shift_noisy,40488,600,0.03223978405646632,0.01460109279288729,1.0,0.0,0.06352209142103864,1.0,0.0,0.18368207969729275,1.0,0.0,0.3226385697515776,1.0,0.09832257775412626,1.0,0.20502915681768305
E_small_shift_noisy,40489,600,0.032848461219669806,0.012472203806261776,1.0,0.0,0.05564044393107979,1.0,0.0,0.1686327776012599,1.0,1.0,0.3395198422877962,0.0,0.057886307094696235,1.0,0.3167630765628635
E_small_shift_noisy,40490,600,0.03368929402507252,0.01420857897690742,1.0,0.0,0.06347539542045723,1.0,1.0,0.20857825258914015,1.0,1.0,0.3825383872059297,1.0,0.11607504034791745,1.0,0.22146168774967365
E_small_shift_noisy,40491,600,0.03226934977099893,0.016158428013241778,1.0,0.0,0.07577805424635622,1.0,1.0,0.2113575338017232,1.0,1.0,0.38545878853103727,1.0,0.1273287972701922,1.0,0.25117709617819123
E_small_shift_noisy,40492,600,0.03379380662733312,0.013719377716473932,1.0,0.0,0.06025655717705349,1.0,1.0,0.17920774370905676,1.0,1.0,0.33978702636995345,1.0,0.09299196654417544,1.0,0.19827791628719704
E_small_shift_noisy,40493,600,0.03313062849197137,0.012894362208969593,1.0,0.0,0.07092940221776033,1.0,1.0,0.2296479930179499,1.0,1.0,0.36864270462768944,1.0,0.12951064250897532,1.0,0.27154964518502434
E_small_shift_noisy,40494,600,0.03490628058338871,0.014348585806111622,1.0,0.0,0.06590087043061801,1.0,1.0,0.26456554877412375,1.0,1.0,0.46248509002510974,1.0,0.17151864388332197,1.0,0.20087930322928468
E_small_shift_noisy,40495,600,0.03232470877955793,0.01269716958591655,1.0,0.0,0.05207335231939471,1.0,1.0,0.17513036501059714,1.0,1.0,0.3166300917475257,0.0,0.089116114013631,1.0,0.14845815152363695
E_small_shift_noisy,40496,600,0.031413361197587066,0.012920108949779832,1.0,0.0,0.05782715142014545,1.0,1.0,0.2520313282283223,1.0,1.0,0.4026273957909444,1.0,0.193778013182038,1.0,0.23708770917310956
E_small_shift_noisy,40497,600,0.032620796162839055,0.013369459109467208,1.0,0.0,0.06319626419738512,1.0,0.0,0.19093547102433925,1.0,1.0,0.3652837934207681,0.0,0.09995440172930373,0.0,0.19946865635275834
E_small_shift_noisy,40498,600,0.03354621627479308,0.014699361605853334,1.0,0.0,0.07146412256476249,1.0,1.0,0.19962613859607198,1.0,1.0,0.41606057036974897,1.0,0.11729168383173791,1.0,0.2732793167645028
E_small_shift_noisy,40499,600,0.03292765093674619,0.014766131869106025,1.0,0.0,0.0757384984660924,1.0,1.0,0.1931876944331709,1.0,1.0,0.3324158597971657,0.0,0.07762743893785289,1.0,0.17495849098351504
