cntry,essround,sample,n_trstprl,trstprl_t0,trstprl_t1,trstprl_t2,trstprl_t3,trstprl_t4,trstprl_t5,trstprl_t6,trstprl_t7,trstprl_t8,trstprl_t9,n_stfdem,stfdem_t0,stfdem_t1,stfdem_t2,stfdem_t3,stfdem_t4,stfdem_t5,stfdem_t6,stfdem_t7,stfdem_t8,stfdem_t9,trstprl_v0,trstprl_v1,trstprl_v2,trstprl_v3,trstprl_v4,trstprl_v5,trstprl_v6,trstprl_v7,trstprl_v8,trstprl_v9,stfdem_v0,stfdem_v1,stfdem_v2,stfdem_v3,stfdem_v4,stfdem_v5,stfdem_v6,stfdem_v7,stfdem_v8,stfdem_v9
AL,6,extended,1168,0.41452450748813646,0.45931022352126055,0.5317481607874472,0.6093430082271464,0.6712491014638267,0.8022567495781656,0.8421004827910589,0.8844525641084892,0.9371570263470619,0.9518904075193706,1172,0.2411120832661574,0.29081284071046815,0.3911755580976319,0.4928407162507551,0.5740111567555684,0.719331495719631,0.7883460985040945,0.8735547534305708,0.9335795084470833,0.9573487589431444,,,,,,,,,,,,,,,,,,,,
AT,1,extended,2182,0.0645034818803484,0.09064522003853831,0.14411871636646068,0.24156057585706953,0.3466563819897574,0.5911447887359706,0.6973773607305751,0.8159799060022532,0.9280342398758551,0.9714932606970951,2147,0.03751357545557433,0.060387594949962146,0.11009010114436821,0.20677826003658026,0.29016762360599735,0.4852264027924989,0.5980467479136778,0.7293876240707023,0.881451024114977,0.9475399912385964,,,,,,,,,,,,,,,,,,,,
AT,2,extended,2179,0.056544528448183175,0.09127182287115657,0.16725647119566256,0.28975562855153597,0.40880706068644757,0.633033227925437,0.7360563331789449,0.8618939327188299,0.9534480345187967,0.9785075221380103,2146,0.016899234076095365,0.02826873640677398,0.06603799556882538,0.13435912896759405,0.22455441232953915,0.4111097414319724,0.5280032896361645,0.7103857938433478,0.8722388727756174,0.9487837712735048,,,,,,,,,,,,,,,,,,,,
AT,3,extended,2286,0.06381192019562332,0.09973173040470272,0.17396584427227532,0.2825982537345282,0.3862897001485467,0.593201994109077,0.7102344637103488,0.8398953972223056,0.942069356815069,0.9770583459061337,2275,0.030418099439207293,0.042722298505322366,0.07764249880376421,0.13553215458354453,0.21405219602195158,0.38817216246948427,0.5155458457169177,0.706045198458037,0.8802570687985558,0.9508974553630504,,,,,,,,,,,,,,,,,,,,
AT,7,extended,1760,0.0822998772988139,0.118737576816501,0.20359551256678368,0.30659053808910774,0.4212608204855691,0.6146314656346611,0.7215497306357502,0.8444192570645417,0.932996979813784,0.9737849567344924,1767,0.0506911072590435,0.07803039217216017,0.13373118797644012,0.23488215809347002,0.33440142385511146,0.4996419492550325,0.6558233134272745,0.8126660660753487,0.9309487553436582,0.9682924196427353,,,,,,,,,,,,,,,,,,,,
AT,8,extended,1983,0.04745221866679367,0.08001715662842232,0.15882984728761845,0.24848812187134595,0.35880353555356365,0.574069471953942,0.7190504586173815,0.8494467137011388,0.9324823748470815,0.9706359892002315,1981,0.03911140257604416,0.05880002203657166,0.10314844632553662,0.17855791526071282,0.27067369828802246,0.4172073411129679,0.5690959243611449,0.7357538899363542,0.9049767690673121,0.9610689222986308,,,,,,,,,,,,,,,,,,,,
AT,9,core,2448,0.03151428346628473,0.0613207582972195,0.11435291920165717,0.1958502764490343,0.284649194897603,0.5124272945170116,0.6491086980595429,0.7998253435989032,0.9100468893721091,0.971043736499241,2455,0.01463590181660698,0.030942010165486453,0.06653318241394467,0.12796303225287387,0.20644477472476772,0.3250252972171196,0.433724912257035,0.6197346362212199,0.8360524394327055,0.9451952440728231,0.004601164860027605,0.006395147029074999,0.008017618505136477,0.009982603877132238,0.011650524071330427,0.013342476413439365,0.013958419170060339,0.012880088423775542,0.00944494050757776,0.005192794068110627,0.003512437824680566,0.005469074043808239,0.00731295484935273,0.009099498949885949,0.011073067015817326,0.012518342236761711,0.013268305433309674,0.011973996156322473,0.009337102176522226,0.006193723631895839
AT,10,core,1987,0.07446145480686481,0.11469067404360192,0.2223870799456332,0.32711059572447143,0.4114304389725163,0.5721350778134265,0.6828817870755576,0.8033536077098217,0.9271514517027281,0.9704798601900082,1992,0.05071430726563588,0.08381337414496393,0.16337790589242004,0.2587364932071821,0.3358159300940334,0.48041168357040165,0.606658091220717,0.7443012909359428,0.8916546927441348,0.9582313982564049,0.007455817290771209,0.008881875957811888,0.012387375742195755,0.013961378022363174,0.01425129667132858,0.014870193298858284,0.014394475658652702,0.012420214500720431,0.008014375564765303,0.005366090799073727,0.006767497486270894,0.007914456228184822,0.011061832101812092,0.012019481214124661,0.012960994150074767,0.0143771081733213,0.013803244727482759,0.01247267948794615,0.009560398351518342,0.005909336698286461
AT,11,core,2328,0.05052329024063458,0.07937979880223403,0.14721967707614386,0.24995812909568327,0.344407410641763,0.5098272656280373,0.6584963838789518,0.8192951382156806,0.9220692292002789,0.9641028196309738,2317,0.028767124171284356,0.05840526214216013,0.1175063480193295,0.194182702467801,0.28209459710443485,0.4095216170106982,0.5212292803656761,0.6833303336855248,0.8784143699486792,0.9735276792158293,0.0056807238395809425,0.006775621338929543,0.009956591551149706,0.013410828734722631,0.01439994247873017,0.01604613664302629,0.015744101827000895,0.01299703860101248,0.009230784637135706,0.006093315774224898,0.004249691085418061,0.006707187664563393,0.009997653741623569,0.012761215081529305,0.014381834472687914,0.016088284449054746,0.016605865497257274,0.015360637332476869,0.010437889801968341,0.004858223322200467
BE,1,extended,1775,0.06611561607558095,0.10680327994420133,0.15974578965182998,0.2535836284420266,0.34684341237365685,0.5880621995680974,0.7407290909692291,0.885214201375067,0.9702316419162005,0.9850613359652158,1807,0.03328509383380565,0.05417643784243701,0.09989494007458732,0.18134231371554668,0.27825015449370405,0.47222203379406197,0.6445943977365073,0.8350932607125696,0.9600492014417219,0.9857502427463539,,,,,,,,,,,,,,,,,,,,
BE,2,extended,1741,0.07107653236162045,0.0981007707115036,0.17236430328402869,0.28861701430487835,0.39941104613084527,0.6381952330482957,0.7900986975086882,0.9199341754794675,0.9799767477278866,0.9889566779251597,1736,0.031141466400658818,0.047569849229334986,0.10481881910533562,0.17210700294228065,0.27551245339472324,0.46440018774728004,0.623808122674317,0.8133609145223107,0.943757303193044,0.9768279083971938,,,,,,,,,,,,,,,,,,,,
BE,3,extended,1770,0.05793538489141575,0.08029549845829041,0.12446934353640879,0.24063705794578208,0.347687074074375,0.5856162750773252,0.7340995287592668,0.9034046349216589,0.9805244477796741,0.992379617277892,1776,0.03324385884052392,0.05216636906330868,0.09939930927812478,0.1758615263694788,0.26945820264643744,0.4601141398505025,0.6464375094981611,0.8478382081536037,0.9612711587054611,0.9895189800167298,,,,,,,,,,,,,,,,,,,,
BE,4,extended,1740,0.0640920419730611,0.0991843065035952,0.17744974363503282,0.29279190729572163,0.4161320670003739,0.6711907196981675,0.8251914437979538,0.9368166887653541,0.9863223319819635,0.9938637641061032,1736,0.03569687547351049,0.06529889496308267,0.127248407828218,0.21353353941730577,0.32051488685980256,0.5312344662440182,0.7059164764549429,0.8723317861768107,0.9718167407479917,0.9908154241484227,,,,,,,,,,,,,,,,,,,,
BE,5,extended,1681,0.08329348624471769,0.12656165895106755,0.21547812652118448,0.32627248250139207,0.44011846466101845,0.6669849809804291,0.8126232087234307,0.9277866491997923,0.9862623809400152,0.994335309011154,1687,0.04150764200832399,0.06707473691894449,0.12746708995023637,0.22079070164241613,0.3267718756439769,0.5258239394814657,0.6844138077377443,0.8494565430760357,0.9571586702051111,0.9834114580055962,,,,,,,,,,,,,,,,,,,,
BE,6,extended,1855,0.06243441347888933,0.08417884574214834,0.15122501615467818,0.2395367507820414,0.3477004831148736,0.5672284193019743,0.7212173505037391,0.8884877896363602,0.9774706773863334,0.9915701417718095,1854,0.021910110009394017,0.03297367434125565,0.06220422828889884,0.12208088663873651,0.20347792961913028,0.3872278905692566,0.5847226292919366,0.8158218971617902,0.9504667765254065,0.9896031209107492,,,,,,,,,,,,,,,,,,,,
BE,7,extended,1753,0.06946010372791878,0.10676047894712833,0.17415273528859906,0.27197272110078,0.38038943551963017,0.5815311243235993,0.7465175276584215,0.9031068006544054,0.9681644950533894,0.9897627058706203,1763,0.04138751451749086,0.0691101727235367,0.11902080242463366,0.20576277699518344,0.3044785192891916,0.507862445929539,0.6591769049319383,0.8436063993433122,0.964931090159902,0.9890091053460799,,,,,,,,,,,,,,,,,,,,
BE,8,extended,1748,0.08002505422468785,0.10587455150894987,0.17454119128229148,0.27264508049278163,0.3804567443146719,0.5872404162679318,0.7680197258384434,0.9304275384901347,0.9829660373906454,0.9932320917468626,1757,0.04423014509229871,0.06202685167880977,0.10686735235253765,0.17608563961479354,0.2759956364374836,0.4540101786208081,0.640104344272432,0.8611853953814796,0.9711304125381934,0.9931152479085451,,,,,,,,,,,,,,,,,,,,
BE,9,core,1751,0.06576260792856288,0.09530445426146059,0.16119354027388447,0.26084991211239456,0.36464738049163536,0.6083980602835545,0.7679380968148458,0.9193022436850729,0.9804237077852482,0.9918228604396685,1743,0.03833648011535905,0.059534179156370055,0.11221605459247033,0.18502330879125028,0.27952212333927595,0.4763493366693774,0.6573053628336929,0.8512791044447735,0.9561386031234382,0.985467572768404,0.005911951854146123,0.007384049277113315,0.009653961973462633,0.010868236041205771,0.01257452789064074,0.01413202202951792,0.01377449921387166,0.007881906868838044,0.003498953488002479,0.002562368924429474,0.005318552221684884,0.006617923056933048,0.00787346983810383,0.009447733404613095,0.010661259974294537,0.013602380778337428,0.01358395658451138,0.009343927926844242,0.00492272642759479,0.0034409824690667936
BE,10,core,1319,0.07313991672332744,0.11416077444215823,0.18732145903386307,0.2986991102636232,0.4050431275926508,0.5868455981966829,0.75152738104968,0.8923120575859547,0.9691126666317884,0.9914841512609632,1327,0.045774991583971705,0.07052989850244759,0.11282588897531606,0.1811851049931682,0.270304740852638,0.43773157414284053,0.6338581683923888,0.8172894570016519,0.95297149219499,0.9859210218028162,0.008465599817539065,0.009439576017479497,0.012128304362440799,0.014169331537537763,0.015232355571675063,0.014939341146430007,0.013088270626134085,0.010036689103668008,0.005327907922598265,0.0023435468357344276,0.006345349073062125,0.0078813417465678,0.009523915115797447,0.01191995868052396,0.012940750939685787,0.0141716532956109,0.01495426815256895,0.01244017660385873,0.005776699206992894,0.0033824531055745804
BE,11,core,1565,0.08876507092525132,0.12008986004255531,0.19948300428516624,0.319718321722956,0.4213873047975289,0.6048928436193718,0.7554284260444106,0.9048771714574325,0.9738120965029168,0.9855092157478785,1570,0.05387040879866592,0.08254216248467332,0.14050777430873443,0.23124464019201493,0.3291328680289641,0.5035465019752425,0.6570807691030947,0.8442333965645038,0.9474104331449529,0.987045189856919,0.007967221325101517,0.008851289098581738,0.011729942198276593,0.012138856572994568,0.013649535999663334,0.013611270348391564,0.011501781130463344,0.008386695157897113,0.004690647264217125,0.003781864789835861,0.006297663948535541,0.007528130436480293,0.009871968165441615,0.011850417554004204,0.013548693558572418,0.01492400218113456,0.0140703729359942,0.009901125591454145,0.006121111276213877,0.003024100760765077
BG,3,extended,1340,0.4083851950539465,0.5304697265653516,0.6366568665789824,0.7385392785966758,0.798960953757079,0.8907804043169373,0.9271361230398142,0.9492972351072555,0.9634287838171622,0.9766475321183222,1274,0.19900695385201686,0.3762934094781229,0.49655000036855446,0.6436259851783139,0.7609285258995259,0.8954018201726505,0.9409633056544298,0.9744312289330986,0.9858050338804957,0.9912249875816322,,,,,,,,,,,,,,,,,,,,
BG,4,extended,2154,0.41383003689595993,0.5956818533903916,0.694625945625476,0.7855699585824218,0.848780760891757,0.9279935056345008,0.9457647808259981,0.9629498755610267,0.9821081579933095,0.9910952441181384,2050,0.21428127502432268,0.4112954958591303,0.5687550224166588,0.7058714018577921,0.821135154687482,0.9234694610147666,0.9592916941384169,0.9753292633474405,0.9891007155400124,0.9971084178040122,,,,,,,,,,,,,,,,,,,,
BG,5,extended,2342,0.33159020410548,0.45817770251401296,0.5776586977693986,0.7024189760545096,0.792568818819425,0.9092074989671399,0.9359560154234491,0.9631783673039183,0.9787283441068245,0.9871374925701731,2254,0.13711693132805677,0.26335526994520897,0.4265946520173253,0.5896833579503529,0.7206770820691745,0.862828900197223,0.9225065442651829,0.9573210817894822,0.9746130767337301,0.9838812069435604,,,,,,,,,,,,,,,,,,,,
BG,6,extended,2174,0.3841769110808217,0.509473995176041,0.6281421390014502,0.7383404273809635,0.8301413961890106,0.9300496528167992,0.9546604727009259,0.971136228227806,0.9869350916589628,0.9911493423322011,2141,0.15512655473513012,0.2699053285111152,0.40137725315516204,0.563359397144823,0.7218939675923035,0.888008590418588,0.9358368145999805,0.9693012023210976,0.9851352478811809,0.9952045837158925,,,,,,,,,,,,,,,,,,,,
BG,9,core,2122,0.25629537393549934,0.40609151984794023,0.5450667167113137,0.6800856279525718,0.801990944239935,0.925184186515879,0.9481638240838562,0.9607457561772527,0.9796803392704468,0.9884518450101223,1938,0.15195632231927297,0.2695871338439305,0.42184235035173495,0.593047321045882,0.7520990267292419,0.901908386868889,0.9477781997609027,0.9755882598302728,0.9892311913064294,0.9928637322305192,0.01297025175843097,0.016371992661455937,0.017497728175651074,0.01691044374872771,0.013319006818587465,0.00861614826717783,0.007132693398940358,0.006309307326122294,0.0040795763612227745,0.002525198167612615,0.011897042873111637,0.014000321359146101,0.016597773851813533,0.015862725566311606,0.0133710260684922,0.009690558264303378,0.00758910353080961,0.0058737531459215455,0.00388866801101898,0.0033212351464367664
BG,10,core,2691,0.3312397891579991,0.45016550680302775,0.5954048292718037,0.7276779304555071,0.7989805219138674,0.9160485815006172,0.9540625760324579,0.9729079646342464,0.9903656002658578,0.9915969609833982,2681,0.1851217120304058,0.2703180213795526,0.4011431413814072,0.5599667069387704,0.6584692864364086,0.8226888397506331,0.893253079381242,0.9499612961901374,0.9789937501314602,0.9904399807147802,0.015368144576242745,0.016889612040191185,0.01649060031467964,0.0128628535563877,0.011478438567502972,0.007437727321140585,0.005704405902807713,0.0040983147350038465,0.0020093280037489754,0.0018712079307337864,0.011757577559005358,0.016055046408852965,0.016539282427689716,0.016768177227927526,0.01669602079638968,0.013704381769249367,0.011297280924576207,0.006757113117847778,0.004386064908273625,0.002875678311814101
BG,11,core,2216,0.30727777094912656,0.3984731046477795,0.5358037685533571,0.6749608943046234,0.7791065095979319,0.9219544978160394,0.9639649175425988,0.9899860819423657,0.9961784850046423,0.9973436485876094,2191,0.19384758530944374,0.2510124890265007,0.3646834897483528,0.5030574014329295,0.6320306167352681,0.8266660854273361,0.9140988444882759,0.9716279033818604,0.9882065182563179,0.9906545508216411,0.01327828682702532,0.012672515025253637,0.012882208388419978,0.012326632754041668,0.010674213483697148,0.00646171868303017,0.004154722935480311,0.0021209673944935785,0.0012440242332814428,0.0010422906917744836,0.010450380038004477,0.011178253424954081,0.013345893589524283,0.01404590520922331,0.013541960378958119,0.00958634068919712,0.006949631884700592,0.004825851301058494,0.00359863676656168,0.00325742908264067
CH,1,extended,1947,0.013206657298712803,0.02246247223856534,0.04990123485255803,0.12019327069780128,0.20716892892146155,0.45475495180610437,0.6213858851688063,0.8173125048297923,0.9591264694102521,0.9867977331540793,1989,0.009108204827116812,0.012994829311888393,0.03333390481710036,0.07697205614791967,0.1430752750138338,0.29126264186058065,0.41404825438073445,0.6067422904758039,0.8678339887974759,0.9505246646293128,,,,,,,,,,,,,,,,,,,,
CH,2,extended,2024,0.017930340730376516,0.03420354186686083,0.07287021037987533,0.16105031340067538,0.2587236435448068,0.5190742997701046,0.6604607712248437,0.8319435898217588,0.9547300197130558,0.9838000422205025,2061,0.011085039911973855,0.02106818885478762,0.04152560358829501,0.08408797642328401,0.16677844515714688,0.3316611322454746,0.45797133481479496,0.6495162221301171,0.8745230189478953,0.9581239273586812,,,,,,,,,,,,,,,,,,,,
CH,3,extended,1722,0.01737038078093794,0.03317613861118719,0.06121849600732104,0.12408618154237509,0.21175384499988986,0.4540231019530504,0.6089483794937343,0.7947665906269302,0.9420261164826574,0.9777592599969991,1765,0.008508704645708331,0.01370284653152115,0.02643259761450466,0.052419117949409684,0.09884842858611287,0.2181194391955874,0.3436163845185956,0.5589853443965315,0.8171767948907164,0.9398779143240129,,,,,,,,,,,,,,,,,,,,
CH,4,extended,1695,0.023408060917136955,0.03161496170672253,0.05296598139893075,0.10492354826850601,0.19730431926513003,0.4187188494321277,0.5931364712899865,0.803298653665439,0.953948860255096,0.9881725848560023,1768,0.0065373560021068245,0.012140015325471888,0.03055260366977169,0.05961173987515854,0.10705190671985987,0.22280810355166838,0.3376174610500337,0.5546866288496527,0.8139131055560495,0.9280550679514808,,,,,,,,,,,,,,,,,,,,
CH,5,extended,1431,0.0256289309625598,0.03380604816093268,0.06372789945297758,0.13939389407508604,0.23009146962437138,0.43606371664413485,0.5815225236102954,0.7711766313207591,0.9402870887126618,0.9757220598899178,1473,0.008340961309368983,0.011899413232845492,0.02696208099803034,0.05749792271593461,0.09838147924513306,0.20248140844687793,0.3053497842010116,0.5195854788508122,0.7922937076486365,0.919760423065643,,,,,,,,,,,,,,,,,,,,
CH,6,extended,1406,0.013110111658971944,0.019993021648306086,0.04024303867899521,0.09468132596840963,0.16374305278902654,0.3681700677838093,0.5162984898472445,0.7427901647422093,0.9096147150945616,0.9703920126694315,1464,0.001383112385009215,0.005395541221655913,0.010023079496411944,0.027317397013771953,0.06054201984123728,0.14025801849577355,0.2330540708651755,0.44972255361633195,0.7727510688675947,0.9272392887679238,,,,,,,,,,,,,,,,,,,,
CH,7,extended,1489,0.017396772706752155,0.024841223140245772,0.04544380345971085,0.09376628300139825,0.16046641482133472,0.336273791489446,0.5029374133928024,0.7131007402362899,0.9119827128718024,0.963638981034962,1500,0.005537726137372488,0.01189154803395845,0.01801767316522155,0.041530115317666254,0.0777783604477322,0.16185381908982646,0.2537075682435976,0.4483558266586722,0.7294283645973663,0.8922497322829915,,,,,,,,,,,,,,,,,,,,
CH,8,extended,1470,0.014323904849198483,0.021991290335930905,0.039231538992789784,0.07704761224060205,0.13075809348060047,0.3230953025602645,0.4757043436559917,0.7105758133386785,0.9092068608571279,0.9655695330603091,1480,0.005153313258896343,0.006504984949365642,0.01852344405281581,0.04074293604916586,0.07710722806505092,0.1577786871967535,0.2536681484967481,0.4361252276913401,0.7251036532319014,0.8955092804179225,,,,,,,,,,,,,,,,,,,,
CH,9,core,1453,0.010398794312618274,0.017100383012258705,0.0353508280483392,0.07844977073301142,0.144980548868631,0.30855339750893335,0.4538993811274422,0.6933061442298397,0.8992432186835716,0.9606241736241636,1495,0.001975844851049638,0.005559086650423443,0.014692235384827479,0.027670748975171088,0.05548043073575476,0.12850719525730786,0.2171539167539857,0.41399468093689257,0.7132141611035482,0.8853417848920472,0.002735872354530824,0.0035615256545505907,0.004840247500772327,0.0068356069641495034,0.009179533802736218,0.012248839421936863,0.013683598753599566,0.012319709319764234,0.00765963456317577,0.005122555768386478,0.0010768405553844747,0.0019988944913058334,0.003309252333897625,0.004275571941189673,0.006069939497686055,0.008757931028217794,0.010942647838986784,0.012451503047118383,0.011247910980475385,0.008107587901564937
CH,10,core,1440,0.007724717824652146,0.013541638525601946,0.02650676706100858,0.05941753694196728,0.10867855024568122,0.26433795668582,0.40275998308784744,0.653775357339148,0.8895543552643562,0.9635001945580443,1490,0.0024324759898025346,0.004881820026860653,0.011840580940340746,0.024853394228325085,0.043339753735121236,0.09436370030764606,0.181892729205312,0.37727249333484664,0.709941653076051,0.9034370590827289,0.0025018721549855535,0.0029787392537062394,0.0040198932697367695,0.006307986427316112,0.008698228123039331,0.01130491494539916,0.013701944011532121,0.01305323258534513,0.00815727522294429,0.005107452195601036,0.0012055192900962282,0.001954642710054144,0.002849212277381097,0.004193379443409881,0.005335609724557852,0.007797743660151632,0.010239823049309763,0.011807439619615882,0.01203079956446677,0.007694858974082226
CH,11,core,1326,0.012253625534700713,0.01915146185728074,0.04805188211787983,0.08700047136216793,0.1420186472290319,0.2910092797207372,0.44150529035596325,0.6695756307120548,0.8970231051315378,0.969612403774126,1341,0.002672386115486721,0.004990370077365345,0.0146990493504704,0.032348510621336424,0.06208597565724032,0.13122531316420324,0.21710078375794775,0.4081564294015542,0.6987054909501239,0.8954530362336443,0.0032734099524261576,0.0038172207125204767,0.005604927766635223,0.007721788534938357,0.009584166777192133,0.013004945003309563,0.013459083994295571,0.012548037085700207,0.00805046221248759,0.0044339920140796085,0.0015001950886692642,0.0019311548968742537,0.003429100592137788,0.005017603373952064,0.006265735822912625,0.0091942855067857,0.011450514344449573,0.014325478004827351,0.01231133094403727,0.008512065894309149
CY,3,extended,956,0.050639694996276706,0.07616436146400056,0.11570775954920613,0.17156960827192397,0.24299505195697513,0.47052808144174424,0.5815558495179144,0.7244605584195425,0.8849400370519367,0.9662603204715672,940,0.007029122925147486,0.01887105461295292,0.037984951960303194,0.07747804451869172,0.13410545167127003,0.31139055512968733,0.45612619113049613,0.6369771785314929,0.7974727777810874,0.9079805185543431,,,,,,,,,,,,,,,,,,,,
CY,4,extended,1167,0.04143408605864255,0.06851402874461021,0.10758367592962352,0.17277605833814721,0.2583829003759167,0.5044339043325977,0.6468872666753697,0.7998422841054454,0.9247442371101133,0.9661401013050717,1188,0.010038254958439,0.026504268846239052,0.04350622504154181,0.07248496496016489,0.13427457477602486,0.31599209840452097,0.4621600262704085,0.640318975243905,0.8281471638197554,0.9367095609875971,,,,,,,,,,,,,,,,,,,,
CY,5,extended,1016,0.09452895084907434,0.1440887213206244,0.20239285950228791,0.3138822634343019,0.4440359092980657,0.6830467882507752,0.8012560959659765,0.8964057019714763,0.9660025301217957,0.9839840138819801,1043,0.030517769875001308,0.05788944049988389,0.08896414380023247,0.158806786104332,0.22213438328431498,0.4562985141436539,0.6221869861529623,0.7728178718151212,0.90865127415279,0.9767059377430037,,,,,,,,,,,,,,,,,,,,
CY,6,extended,1068,0.20262710726301833,0.31479423635001075,0.39231019643427045,0.5170567719470781,0.6214013373635845,0.8189908772505518,0.8908300770905075,0.9395778875760218,0.9771456993830034,0.9838897685935007,1087,0.08625420579943008,0.13877897551673202,0.2134084894705037,0.30829094785499783,0.40892769646146704,0.5663330979299639,0.6900768293490694,0.8058674864796317,0.9054251922024497,0.9700631556813057,,,,,,,,,,,,,,,,,,,,
CY,9,core,769,0.13511402099098385,0.2373263384998824,0.3437200360263082,0.47111750937048835,0.5834428387376182,0.8287592677776158,0.8992618623401678,0.959506438925313,0.9926248288808063,0.9948409689551748,770,0.07775948671746108,0.12622468395508873,0.2112788200247061,0.33530515363111657,0.45426035580891677,0.671914007287956,0.8065721396866764,0.9158917541581539,0.9758034742345679,0.9867676692111331,0.014608541749608895,0.018283536348204694,0.021877787504419665,0.02279377862207428,0.022310556847450078,0.01607520147485489,0.012744077806564872,0.008371764725269147,0.0036034108459231605,0.003421492846931362,0.013249757115069453,0.015940498182858694,0.019581048608197964,0.02140511083240259,0.02136072714544382,0.020897970642823605,0.01832177771943251,0.012823975443595849,0.007144184611314113,0.005932142242695819
CY,10,core,872,0.1863532760348929,0.24298096943825526,0.3656424784770182,0.5193494495719176,0.5827389571963874,0.7716654286652592,0.8705112266175036,0.9403526331984549,0.9748991201874377,0.9824532158361629,870,0.13770685078444428,0.1876124176569573,0.28283968719736596,0.4052333332030415,0.5306218806326625,0.7013640756519957,0.7894004211970987,0.8883560019262129,0.9438021582533795,0.9662035785694711,0.020577885521258926,0.021744502227644007,0.02309948818621197,0.02299403852076697,0.022725741189839676,0.019522606585453926,0.015910912129396344,0.011130305702393213,0.008404879532165458,0.006956317783578337,0.01710088112961168,0.01893939126055987,0.02104767023593636,0.022452276401615866,0.02265022390996167,0.021728229103528326,0.021439931382125216,0.016592277355162898,0.011933949900816586,0.009545162053789627
CY,11,core,676,0.16601462251889237,0.20445515216524,0.282437822455286,0.4044921952375131,0.5189581721357485,0.773026637967057,0.872289304642489,0.9463660022498818,0.9835697439105822,0.99233268743975,667,0.094711470422612,0.12745436928385076,0.20682045072939023,0.3232623357596419,0.4588532062331574,0.7025387501112006,0.8126323360675184,0.9148438354492631,0.9686419158308448,0.9834618525232509,0.017751946547816352,0.0189320301796795,0.02154700765453508,0.025030974850938897,0.02462666977498502,0.02027474914893231,0.015237177842141257,0.009004663647488474,0.0046318259570032275,0.002943937595601937,0.013222692401256774,0.014620116418343633,0.01893879669584592,0.023118978914466026,0.022629084338234087,0.019002871969000894,0.01675086294977639,0.012909376681594205,0.009270630137568259,0.007156239675071215
CZ,1,extended,1311,0.09554901665178549,0.18341697274869834,0.31896796880516437,0.506363660680075,0.64318478346544,0.816537258136206,0.8860573652458761,0.9564396431639709,0.9879000805526352,0.9967968755734341,1299,0.03695035103713428,0.08936169066660653,0.16724581375118117,0.29452620736108875,0.4036860650295451,0.6051033153885516,0.7179481722647504,0.8512394016372956,0.9347298024043948,0.9893051282468894,,,,,,,,,,,,,,,,,,,,
CZ,2,extended,2903,0.1562632883400762,0.24681244778830913,0.39828063501846794,0.5816301207579665,0.6968657150449364,0.8664336430805786,0.9208338400511683,0.962313708582135,0.9854833425309836,0.9940507952557277,2860,0.06945736833180213,0.11566834813985596,0.1937362317849869,0.3022214315546415,0.4406247238248665,0.6493418550243452,0.779385509247218,0.8815242666635354,0.9478620583051789,0.9820120174292012,,,,,,,,,,,,,,,,,,,,
CZ,4,extended,1986,0.11128135927053392,0.24325067903751393,0.41066221898803046,0.5608491136278553,0.6864855631695916,0.8445350434591937,0.9052111816749915,0.9553300844970933,0.9851986249935086,0.9958081521646777,1970,0.04726153771316242,0.09600432130214277,0.17926727978489707,0.2914621564112351,0.4309313053393789,0.602999179707411,0.7205430234313818,0.8553546657223757,0.9443103366707735,0.986356474511677,,,,,,,,,,,,,,,,,,,,
CZ,5,extended,2338,0.11874838982720978,0.26705154217136323,0.41821656831646964,0.5704228620513028,0.6798848500437915,0.8269391637421267,0.8905064931907334,0.9593756567428584,0.9908156612961497,0.9983226355114373,2327,0.04577216186923738,0.0992207402244519,0.1807757675953076,0.3024108560525263,0.44176075077979365,0.6066566720291688,0.7132129251185415,0.8445004981655742,0.949080398092344,0.9832614810282315,,,,,,,,,,,,,,,,,,,,
CZ,6,extended,1962,0.19261531565035575,0.30031074203861885,0.4522120727243324,0.6103219498510123,0.698157627539502,0.815662461157749,0.8785499786578752,0.940207298283347,0.9784283252716702,0.9950158432942383,1956,0.05424725554763297,0.10118048015461026,0.1699754725407397,0.2713401140632841,0.38998867473483856,0.5658617790739288,0.707113789807314,0.8285598624000964,0.9235624257741971,0.9729333818335576,,,,,,,,,,,,,,,,,,,,
CZ,7,extended,2118,0.10579224892161353,0.1702571570843674,0.30655623012309063,0.4514833582467778,0.5783144982597932,0.7383507721817713,0.839836637927804,0.9317940119721827,0.978135949990532,0.9906192435013758,2113,0.0578539146112302,0.0869805694120338,0.14880931398738764,0.2555150299661595,0.35806371813631155,0.5614007611248946,0.6807506110394249,0.8338581147609776,0.9283784569845512,0.9677749741481042,,,,,,,,,,,,,,,,,,,,
CZ,8,extended,2235,0.07219212502806988,0.13148703792950187,0.23032769175202958,0.36250706130890903,0.498960067942764,0.6819378702488719,0.8028792053498163,0.9149161413224557,0.9809938487993616,0.9964370709730642,2246,0.042637472350322864,0.07206405537772165,0.12192604873162047,0.2226527532122313,0.34695061941731997,0.5428896598644312,0.6919316391650949,0.8614039503616254,0.9644493181498761,0.9875154769403559,,,,,,,,,,,,,,,,,,,,
CZ,9,core,2326,0.08106813913110611,0.15193535836050368,0.2685273511318683,0.40452192974872675,0.512709671417203,0.6882273262356812,0.7931248278665889,0.9089751153471969,0.9717141371007961,0.9879361054283581,2372,0.02860997138042416,0.0642830754338749,0.12169439957201236,0.22622980921695526,0.3187996222072066,0.47138169020749565,0.6113917828536407,0.7820989482901065,0.9278945530664416,0.9759887004635044,0.006842265051819379,0.008877800843137452,0.012125204359473835,0.014220865344682424,0.01419836445458403,0.012271446964849528,0.0106239173013345,0.007936773266223959,0.003945200814609343,0.002606238396725601,0.004176417674513859,0.006063497104265583,0.009146117038093569,0.012513532836697452,0.013284152232520427,0.013456258023229835,0.013020213559043124,0.0106060540391213,0.0067194563778291295,0.003598288216113473
CZ,10,core,2417,0.08384425416325782,0.1351240420925966,0.21258299626212435,0.3140342331795595,0.39613274118077363,0.5870613609306768,0.7073637683769274,0.8337359251612424,0.9378632195286274,0.9862875215369583,2411,0.03848758428136459,0.06986704653604228,0.11939211967083006,0.18117164420893137,0.2607471929219437,0.4191276759639572,0.5656643918780382,0.768159611151097,0.9099264900386553,0.9704537749966681,0.006633865204495642,0.008559950601424634,0.009757119978701967,0.010603674690299974,0.011158545922769787,0.011015435326419267,0.010141081961475446,0.009034907341947722,0.006117583163350428,0.002668748605344492,0.0049823076973687245,0.0060889101114292065,0.008015513069235189,0.009188473222190062,0.010162873348612178,0.01284183704609775,0.012952765029766436,0.010916460865248579,0.008354204986064269,0.004589559832953158
DE,1,extended,2865,0.08214982192279517,0.11709659584658133,0.20806780448035675,0.34502065899267526,0.47893927935004843,0.6923708409815629,0.8094654983482328,0.9050522176962822,0.9656954754492953,0.9836934106600164,2894,0.0488731338211296,0.0738336083058682,0.1265795887922142,0.2401299625871217,0.34555237344865786,0.523023420249319,0.6410882527173307,0.7998594506652789,0.9324757130129002,0.9734168163187233,,,,,,,,,,,,,,,,,,,,
DE,2,extended,2795,0.10658964363552692,0.14412440384722858,0.2499650613502957,0.38536111684788077,0.5191279417107134,0.7187182784802166,0.8241242648767086,0.916996104767838,0.9752150079321198,0.9887118395097878,2811,0.0503024770525995,0.08236044316359524,0.15051291906166664,0.2429830541175903,0.34913861181633044,0.5178576372694933,0.6385330040548465,0.7973088841948891,0.9258618086793818,0.9766050292852202,,,,,,,,,,,,,,,,,,,,
DE,3,extended,2840,0.09133436902341885,0.14151960485933202,0.23372624724890625,0.391892190629548,0.5274050069759247,0.7184671431485303,0.8310593321886676,0.9177288884048425,0.9699309437887321,0.9910457494795328,2856,0.048308380690294035,0.0779636008476134,0.1394059621724199,0.2472489408390676,0.35936765942022253,0.5127385386399201,0.6361687553184229,0.7978077767916326,0.9364681472324147,0.9821107007747595,,,,,,,,,,,,,,,,,,,,
DE,4,extended,2701,0.06770736013791435,0.09558110011120764,0.16876660412658825,0.3112197897471913,0.4497020236105682,0.6716412304294284,0.7918473994541063,0.893490346369702,0.9700681000155646,0.9819034659398196,2717,0.04130567390794046,0.06014971956317068,0.11116864734283524,0.22013624861459954,0.32664269210698843,0.4940067288591232,0.603395651523582,0.7684561161693719,0.9172023818692978,0.9695689318299585,,,,,,,,,,,,,,,,,,,,
DE,5,extended,2966,0.0827522762737786,0.1316595726319727,0.21892044488000473,0.37393859519029526,0.5152125979461759,0.7232881512908326,0.8229762486589165,0.9136428629807338,0.9710831782905185,0.9833425672722402,2992,0.04320567390630723,0.07522349961705363,0.14472953850542125,0.23980974846576913,0.3591845804683861,0.5349275168462814,0.6459846168290942,0.7853087634524872,0.9284839709660757,0.9680517597544804,,,,,,,,,,,,,,,,,,,,
DE,6,extended,2916,0.06424013037869096,0.0940398226528273,0.16352967920758749,0.3002171892382376,0.4259192578222855,0.6263580281866165,0.7473783995946912,0.876784175076943,0.9616216937988307,0.9812811411256701,2920,0.0175340061515967,0.028927176366487332,0.06630313765718239,0.12847446706588447,0.20807984010479963,0.35919709468413913,0.49500348450476417,0.7041211786377003,0.8973507215098102,0.9708375850456004,,,,,,,,,,,,,,,,,,,,
DE,7,extended,3012,0.04904974328368783,0.07985688526097275,0.15150387875296534,0.2683479379912162,0.3847596397200035,0.5695791876106586,0.70629063557387,0.8400333573274903,0.9430333559224954,0.9746944436269003,3020,0.03047209499343782,0.04562569352110838,0.08974750424919585,0.1724921387549615,0.2600895086273449,0.4025031505449873,0.526945635448698,0.7112708173289464,0.8871416034036269,0.9610279855038623,,,,,,,,,,,,,,,,,,,,
DE,8,extended,2811,0.05428624572400261,0.08049214783188974,0.13849068547801133,0.24363989892638496,0.35366513648418774,0.5350862108808184,0.6585664393869236,0.8128209299735346,0.931324653307961,0.97424853549861,2824,0.028225193294712323,0.05112961769996022,0.10343314283026236,0.18435996052140885,0.28079152928584694,0.41311221749910576,0.5394615597064389,0.6961916367755095,0.8786011897063726,0.9630434735283778,,,,,,,,,,,,,,,,,,,,
DE,9,core,2327,0.06745006362131196,0.10200507564029024,0.17940116747487653,0.2913376825114499,0.3994333761974011,0.573704926392277,0.6968690087886372,0.8296683787754437,0.9390955351433553,0.9724060813907403,2321,0.025460579977563604,0.04474391340043216,0.09820025625977162,0.19531571189053018,0.28845700294194704,0.41427629384927894,0.5435131230387222,0.7146459992895176,0.8939029127358653,0.9667514485220805,0.007966508954586522,0.00933238714477888,0.012386952732298225,0.013137113327072666,0.015278999211662852,0.013189640733479167,0.009818012075982112,0.008566249992394566,0.005416896582501094,0.003999876428427604,0.004197385731090219,0.005001750311167661,0.007101847474140469,0.009407072101629596,0.010854576792325021,0.012613648281982274,0.011744395776621782,0.011197720607926554,0.007909831868323693,0.005188167671413077
DE,10,core,8559,0.07029566133257917,0.1062677273895897,0.1847579751887094,0.29380357280021313,0.38725000975691765,0.594210388706358,0.6900269555089026,0.8259167671370824,0.9271073429203608,0.9656898439876803,8567,0.054173095291122846,0.07383289709587035,0.12613822711968056,0.20398814400210064,0.2914971909847121,0.426304749807745,0.5275131682826513,0.6947060604233248,0.8695931647827327,0.9460743914926394,0.0035924174874730616,0.004440248224590372,0.0057788458753144575,0.007005885119321453,0.007229027125340131,0.008152643838716011,0.007955240848035148,0.0058685765874698205,0.003321139904431736,0.002320965341151617,0.0032128042305355035,0.0039289394453976695,0.005003863287130312,0.006442743357644904,0.00725716379906346,0.007766890382173303,0.008008060002618642,0.006683835767904949,0.003933189957707281,0.003187191161407635
DE,11,core,2402,0.11271114598470564,0.15725822139622153,0.2214819657939922,0.32628959735816915,0.424445228215552,0.5855200770845447,0.7002538267104376,0.8272596616518878,0.9418562550397217,0.9768592004610579,2399,0.054571351553368334,0.08757560630801234,0.14792955981735453,0.2511785141767262,0.3351527987144682,0.4654572196383368,0.5548986641767191,0.7175594218768399,0.8924393380034932,0.9718677068187364,0.011874787031473898,0.014152346781219757,0.01492058439338471,0.015611102465329693,0.015530557025210143,0.015535307440123452,0.014835826434214484,0.012810749024924172,0.007088124992827031,0.004095566094522598,0.008393524112145731,0.010569065195195489,0.013128362870028696,0.015845966983161555,0.017414939355054008,0.02085902492394207,0.020145504409998766,0.0159089084096909,0.009922812174986176,0.007634378029487515
DK,1,extended,1482,0.022570741319497094,0.03236809129857167,0.06876010482087362,0.1194131084530137,0.1824008839881907,0.39518427907794107,0.5140197326355572,0.7055063439773811,0.8941734923178943,0.9510982387234951,1467,0.003936336522954261,0.009602780357506453,0.021250072742633026,0.04217440458195538,0.08555150450896408,0.1886035866670433,0.2724566442708991,0.45627251474079755,0.7637192636389775,0.9179169099695774,,,,,,,,,,,,,,,,,,,,
DK,2,extended,1463,0.017479934938199507,0.03187221854840944,0.06062800523202378,0.1164762272409559,0.1975200327150102,0.3825449060334514,0.5096562177246973,0.6903352328410051,0.8753601971682887,0.9482415543415281,1438,0.0038450439477735856,0.010024460891445333,0.02011797228472689,0.05185844833455394,0.07464136376978159,0.18026796819165855,0.2733886223041739,0.4566322430610335,0.7364177155211694,0.8949989792326285,,,,,,,,,,,,,,,,,,,,
DK,3,extended,1484,0.022215116663462757,0.034408883836967157,0.06153188350136167,0.1183538248886099,0.1741026557694444,0.35344980677837956,0.46204649919697277,0.6691608620166872,0.8805480386959117,0.9604061871431859,1476,0.006829116709047952,0.011866663004728313,0.023043238016856166,0.049617480988038615,0.0791230070870492,0.15938696085326612,0.2430080937439887,0.4198558842018338,0.6973035572899816,0.8869835284253972,,,,,,,,,,,,,,,,,,,,
DK,4,extended,1592,0.011899406301368291,0.02307386094177486,0.050590476105536276,0.11127087604599001,0.1738994743940204,0.35573259912970084,0.46575226148979587,0.645846353550614,0.8597139278064063,0.9448539916407954,1589,0.010102873839392028,0.015594709374338236,0.0320358031737778,0.05974298419451546,0.09863436437299868,0.18598037546611082,0.281490032733396,0.4484273786720036,0.718155532767053,0.9077889389277665,,,,,,,,,,,,,,,,,,,,
DK,5,extended,1548,0.024352122071762107,0.03829604571843281,0.07269277535245436,0.1580714062592061,0.2582701302636911,0.4527463924454807,0.5887445491457611,0.7603090127650215,0.9107214679454531,0.9686848969630782,1546,0.005824744880824306,0.014528810780236786,0.034788507989047555,0.07942491949955197,0.13777931402572077,0.24377749637538557,0.3400002403789869,0.5315546904174684,0.7915992628463356,0.9350413457390387,,,,,,,,,,,,,,,,,,,,
DK,6,extended,1625,0.023213265404801987,0.038007942637062815,0.08035490268949506,0.1477921064949468,0.23278963318044485,0.4041859120453976,0.5428440415836043,0.7400365480015261,0.8822272039267809,0.9573082184822845,1616,0.00620772906870149,0.012640828277376559,0.0249729634443409,0.05212280667381459,0.09035907687522908,0.18153603770366222,0.2712031808583076,0.4476193038828362,0.7481607219341141,0.9076514806791819,,,,,,,,,,,,,,,,,,,,
DK,7,extended,1491,0.03497987691844464,0.05917451602959378,0.1206766741201822,0.21132867838248143,0.2905912210005299,0.4336130580216917,0.5628650063834261,0.7178103002495194,0.8929335399826874,0.9599820587004001,1481,0.011333239911513674,0.01880776276960312,0.046322153866920616,0.08040251891953085,0.13372572893586498,0.23980184882632474,0.3269679870135582,0.4848232223074792,0.7438678704780732,0.8998719704270011,,,,,,,,,,,,,,,,,,,,
DK,9,core,1560,0.026670169769307767,0.04392520594367618,0.07910310955581124,0.1502915869481534,0.2342599472647737,0.39360432041586985,0.5257045668024318,0.6989670624807387,0.891526059906659,0.9559265142907367,1550,0.007957789962479528,0.015118630406165276,0.03435287800236621,0.06824875506300622,0.10565480727259464,0.17927280878538268,0.264346703317693,0.44126866510418317,0.7022055805758962,0.8994665039287573,0.006009434815039399,0.007460252613297423,0.009594528588970017,0.011981288796604154,0.01339351291958311,0.016002907180821573,0.01568034673230379,0.015105319516461834,0.009670919164331921,0.007167429217181161,0.0032443881363610617,0.0042095707798601514,0.006235718078551477,0.008339692192032856,0.009818689111386919,0.012051726400778316,0.01331047632059841,0.015086190603656348,0.014342333673719223,0.009634672222608805
EE,2,extended,1903,0.08052197852361424,0.13696579987558025,0.23422971033518036,0.38222142660803815,0.521905147958014,0.7444822671933706,0.8363916676057501,0.9244344175316073,0.9650660415018432,0.9820857816904963,1770,0.057075922029938775,0.11423263951642922,0.18120665780609202,0.30974758439312267,0.45449675625148866,0.6636270425394715,0.789947322805236,0.9023830885005246,0.969720109959071,0.9879669642741513,,,,,,,,,,,,,,,,,,,,
EE,3,extended,1424,0.05844715835683786,0.10834047647412895,0.19590584906702138,0.33468493132004584,0.4562567614941036,0.6877126540548998,0.7944533139347543,0.8995053321528469,0.9569356196465659,0.9812017087005713,1350,0.04053913654944343,0.07206911643434669,0.14716784084684242,0.2910959568289519,0.4021934138020329,0.6127610062244494,0.7351900896963817,0.8661617732938582,0.9565255437991738,0.987273433546761,,,,,,,,,,,,,,,,,,,,
EE,4,extended,1621,0.11416319725927342,0.1958737935641934,0.30133871729587575,0.44727080801258956,0.5671119815868391,0.7608098630519036,0.8380945736295994,0.9191231322003766,0.9727242756473038,0.990569052053996,1530,0.0762841786901143,0.11821681938428699,0.19586910853373982,0.3257181736964224,0.450660465922254,0.6482378685884399,0.774149709219284,0.8987015621839575,0.9737003044999997,0.9914488890177336,,,,,,,,,,,,,,,,,,,,
EE,5,extended,1732,0.10944540350772712,0.15256104973784057,0.22920994083334803,0.37843962639681006,0.48529511533906927,0.7060567026831015,0.8121952402574109,0.9131972101258068,0.967522994964343,0.9823307993714206,1678,0.04775613978415568,0.06924847344417741,0.12804455034687529,0.23899433210425935,0.34636766250947326,0.5626006099685759,0.695311060706736,0.8366946546423281,0.9526514723146966,0.9874045859169231,,,,,,,,,,,,,,,,,,,,
EE,6,extended,2337,0.11002146203137216,0.18183809489920325,0.2912313381520883,0.4379787185419445,0.5525160622348103,0.737781398395276,0.8340626362242697,0.9176457008390495,0.9723491136519493,0.9863823297557947,2260,0.05321738231818366,0.0786648221479369,0.1459776490160851,0.2735612980865428,0.3980367613039697,0.5864268836183893,0.7185710607636409,0.8655507581123097,0.9626234036745612,0.9891600434638341,,,,,,,,,,,,,,,,,,,,
EE,7,extended,2027,0.09756544916169531,0.14225021245135216,0.22502910111398136,0.35976347745668774,0.4788249063561437,0.6836164451039973,0.7864062993985994,0.8879529277575509,0.9583137104970689,0.976515813692247,1975,0.06227931835811809,0.10432654547514321,0.1677884649132453,0.28661328931445357,0.40806410657199965,0.6137842068383698,0.7243989649256156,0.8498105986386598,0.9504501671891739,0.9797071037484639,,,,,,,,,,,,,,,,,,,,
EE,8,extended,1995,0.08150296066123493,0.11846216348837445,0.19922870423030326,0.3287253450504101,0.4376956651312486,0.6601068095341978,0.769688240737108,0.8820265499349709,0.9557431915454584,0.9842352495217443,1947,0.04611811154953036,0.07598470126556482,0.144755899810796,0.2515088130322399,0.34567245574134625,0.561860630673955,0.6868182137118746,0.8235630468447148,0.9428940021652483,0.980872598960045,,,,,,,,,,,,,,,,,,,,
EE,9,core,1890,0.07221672304227196,0.1096844286730727,0.17436989146479995,0.2826187791913722,0.3787368848767772,0.592909521056972,0.726982017359799,0.8539279350939017,0.9479526300704308,0.9751256114944864,1848,0.037919644878562475,0.06806366715429515,0.12494262097445176,0.23356336630521699,0.319608600733987,0.5188611676647678,0.6434015755184569,0.7984576439858799,0.9333895454332783,0.9768948011806744,0.006320095454851302,0.007687173150337068,0.009063654746175426,0.010412612361981682,0.011515480194972769,0.011158501354451929,0.010002561662636784,0.008409038421142661,0.005102837704779061,0.003389452005434918,0.004379463357699925,0.006048420603430304,0.007735679691872691,0.01007744096451661,0.011455845862805757,0.011811703574476182,0.011527788199392958,0.009659682773490427,0.005849133169857272,0.0036224786727568716
EE,10,core,1523,0.06283013896277206,0.0926942496694887,0.15000594048176996,0.2631073676982661,0.3478137856737029,0.5558357049895268,0.6811625046464358,0.8289252578927974,0.93505167346515,0.9691314947833491,1512,0.027599384507968016,0.049238282507168,0.09293947907594023,0.17964637727306654,0.2591113843180409,0.4531572592627711,0.5915586627697147,0.7784845122949986,0.9189147496738757,0.9746585836487047,0.006333427522308847,0.007266042392403897,0.009058989054865017,0.011575813180523732,0.012345509313198527,0.012947791649516193,0.011923315995778335,0.009793415920284957,0.006659964317990933,0.004770589479561886,0.0043411672315839785,0.005724169369116355,0.007084179473446428,0.009812388700510224,0.011531941145301405,0.012873855728881244,0.012589842497601266,0.01067216202908866,0.006881398188741875,0.003952758578540179
EE,11,core,1271,0.10583623479614622,0.15817005377339285,0.22633064976331735,0.3552633677689659,0.44340946330993913,0.6270586032172638,0.7431430388108027,0.8748427756022071,0.9562363307397941,0.9844988900667107,1227,0.06113577059076819,0.11064948480132696,0.1822483526859983,0.29403823675434193,0.3879232546804248,0.5374781724596879,0.6450434507668786,0.7936677293053436,0.9191639062153906,0.9855884638728792,0.00920253871714295,0.011330392427144344,0.013108889939273173,0.014371554258012051,0.014462064472179266,0.01408082364410411,0.012284536455491905,0.009584704902458345,0.005477251290314755,0.0034060867196677516,0.006588266537635858,0.009211032384068972,0.012242856183938026,0.01413702075180599,0.014415797649803356,0.014961429249247139,0.014019371924974943,0.01140254704203177,0.007409458964634704,0.003722788071968618
ES,1,extended,1581,0.06872039691647464,0.10684800071945738,0.18668066515317747,0.2818815449602219,0.38228559636738174,0.6334513453773517,0.77181372726313,0.8807578837754235,0.951077512976522,0.9739013273188682,1595,0.022816089104950445,0.043864135827147294,0.08184830957011291,0.15074256345967008,0.24182665454982322,0.4734070073627655,0.6376245960534255,0.812578556831069,0.9312525832089914,0.9670028572068958,,,,,,,,,,,,,,,,,,,,
ES,2,extended,1560,0.06010243489603961,0.09054957519796933,0.13510773102032328,0.21906282282190398,0.3041373767620674,0.5794848126694913,0.7511957011390448,0.8865704321068345,0.9576664530405078,0.9792800984301664,1604,0.01831342722416028,0.02779543292332014,0.057494510107195335,0.10830811170415938,0.17459721830590214,0.3824104063653219,0.5550210470284337,0.7506651051767562,0.922105698165858,0.9674987460828,,,,,,,,,,,,,,,,,,,,
ES,3,extended,1781,0.06545655214744765,0.09900078718781075,0.1472088634084449,0.23207891326100102,0.3245019769871432,0.5761750065841124,0.7164026086327612,0.8721380966119696,0.9704122685038022,0.987722543808791,1800,0.01124377171812554,0.022192411132602258,0.05741081522774993,0.10098353127258376,0.18851186952269014,0.41370537111806144,0.5921031301843614,0.7671454286773718,0.9250347598505715,0.9759366053342889,,,,,,,,,,,,,,,,,,,,
ES,4,extended,2357,0.0556598046942541,0.08247453629948875,0.13278428149210267,0.23017013594750507,0.33263758265044086,0.5837330090778439,0.7385384137864774,0.8707457414570461,0.9677334208175092,0.9894859614391104,2444,0.01609618348282535,0.030100511967563567,0.07413393277486613,0.15321578099324878,0.22969785682178118,0.43814443901568606,0.5881056072290868,0.7589004912341982,0.9095822719626243,0.9697272007423342,,,,,,,,,,,,,,,,,,,,
ES,5,extended,1821,0.11679389647392123,0.1510106396027076,0.21796399860755816,0.33569122569724147,0.4574398932776697,0.7039671218674896,0.8399020660122442,0.9295108457324598,0.9807236787149151,0.9925954026395963,1837,0.04935694446272946,0.06611476889518936,0.12970156848650302,0.23731874987677976,0.34647282971371646,0.5859742561579584,0.7267360947436912,0.8594502307122974,0.9575180635822942,0.9764324010674515,,,,,,,,,,,,,,,,,,,,
ES,6,extended,1802,0.21553296292512575,0.2737325771196609,0.3693481088751032,0.5199339107905584,0.6200024815700138,0.7902129511599392,0.8849326451306568,0.9463223819219501,0.9835436367072534,0.9914823495886695,1834,0.13438539370440233,0.19219511098299635,0.29758827295337026,0.4147027286938465,0.5404350578864264,0.7360955302621254,0.8445390682202293,0.9253894572811106,0.9681080843356027,0.9886026709901361,,,,,,,,,,,,,,,,,,,,
ES,7,extended,1802,0.18468963475170047,0.24972056492681738,0.3351321075953201,0.4783990207897707,0.5821224786577086,0.7635027129935666,0.8556779899395055,0.9234940403592827,0.9728758141214775,0.9886748525850869,1864,0.09759439495262406,0.15395641079196787,0.26601520950414254,0.39853785759992616,0.5307190672103762,0.6931077672885798,0.7910404108114927,0.8988075528116667,0.961678860801509,0.9802678496324266,,,,,,,,,,,,,,,,,,,,
ES,8,extended,1854,0.17647538661679746,0.22209021520491212,0.302601684467594,0.41924705139485924,0.5251750519040668,0.7224345358003957,0.8354105994548142,0.9228005055059715,0.9749435634003591,0.9873933874063338,1893,0.0945819225914789,0.14793745347630763,0.2485093510002874,0.35781916988864954,0.46349085349922386,0.6575577498771374,0.7832724030505487,0.8933008447195508,0.9585518671667023,0.9850774788456452,,,,,,,,,,,,,,,,,,,,
ES,9,core,1583,0.14579608098373426,0.1941918794776281,0.2772064000039461,0.3909623424728876,0.49927738362325574,0.703192638176918,0.8246463305614095,0.9224485765760243,0.9734932959087185,0.990448469760484,1584,0.08073259769925419,0.12314759048500633,0.19458396531703245,0.29892006624886486,0.40273040321780634,0.6097944175647674,0.7404704301364993,0.8610141238858318,0.9531452857057479,0.9769798854243611,0.010051505137834744,0.011079309492727327,0.012223888040903913,0.014214649980645257,0.0140401234369828,0.012409015208853989,0.0095956997417955,0.007080219609188723,0.004284531532515291,0.0025308937332509896,0.006660627272687155,0.008431788440187299,0.01060253066309949,0.013763059105742362,0.01382320161377155,0.013208080217703737,0.012253590626646764,0.00923875647611934,0.005176025163682647,0.004076353785017606
ES,10,core,2244,0.18312691190162075,0.24132182151510817,0.3535778431988958,0.4664390190112561,0.5518227012625044,0.7456442980276056,0.8170163952293391,0.8937261401531076,0.9451645814867164,0.9583636966529085,2255,0.12132897113252454,0.1653863612968043,0.25063858783048454,0.351143200062217,0.43956917375254234,0.6113705388214155,0.7098707508636991,0.8346723504735385,0.9247097036451442,0.9490277016351946,0.007974939897168645,0.009151466438552079,0.010524001684968327,0.01094054524273505,0.010223968367007511,0.008700760750045122,0.006714230864585995,0.00635665660438973,0.004914440025125216,0.004366816862828153,0.007191357412802083,0.007800493106525808,0.008347949324779261,0.010062328590848739,0.010829087742724711,0.010574981428781662,0.010104072186824064,0.00808883033292145,0.006169500919812118,0.005259883219136844
ES,11,core,1795,0.14898761781947553,0.19226591186388908,0.25667685410722996,0.3494938749879686,0.45779387582085185,0.666964836300186,0.7910706322709857,0.8949079706426788,0.9697340847751158,0.9832994036679079,1806,0.08466226893377907,0.1272215941691227,0.2118727377831183,0.30578983047805985,0.40189189773289874,0.6039043178510639,0.7312443287476614,0.8626071091993945,0.9501407865779595,0.975618975762421,0.009742490949356546,0.010193535335187708,0.011014448343022764,0.013048598347067165,0.01313217117182268,0.012894238937286228,0.010982772961237376,0.008030947095321936,0.003865658766977973,0.003098434721982882,0.006923486704735463,0.008232076438757964,0.010280474346173832,0.01209367045588324,0.012548233003161604,0.011321649432162862,0.01039311246934075,0.00836151054359174,0.004937729679300918,0.0033454408172297247
FI,1,extended,1978,0.021081431707537755,0.04524910393564144,0.08280719495567083,0.1516177169245875,0.243029485203864,0.41263972748657257,0.5642215748531527,0.7698488538206935,0.9355233485994582,0.9824688627023588,1932,0.008845810179944588,0.019548403052357197,0.04021437869818905,0.08338610543415828,0.16447012716085627,0.3046878316944876,0.4482094903050108,0.6965471073984748,0.9054017736785289,0.9875908104507792,,,,,,,,,,,,,,,,,,,,
FI,2,extended,2003,0.015538510608807843,0.0333379769391414,0.06685524401095683,0.125047861763225,0.21956918698840777,0.3633319515740646,0.5119950955352441,0.7351592286544107,0.9286039459017197,0.9879692249104564,1949,0.007205019274778169,0.012101255600366139,0.031224148719288965,0.061695345438885406,0.12812151069107838,0.23409111832061977,0.35692609275850934,0.6096161861553289,0.8780471113079477,0.9874641778318767,,,,,,,,,,,,,,,,,,,,
FI,3,extended,1883,0.026277571653272526,0.03906364172969566,0.07174188724582391,0.13981579058150873,0.21776288580909772,0.36270227941172273,0.5125899986699628,0.732411289305242,0.9248525781855766,0.9839543423687516,1851,0.010410867659432877,0.017720586211901056,0.03001338764356632,0.06280605033588504,0.11710589287401293,0.2235099389690255,0.344930938298962,0.590546858651599,0.8620796993490467,0.9768328241150825,,,,,,,,,,,,,,,,,,,,
FI,4,extended,2183,0.017747170217707078,0.03584274290480787,0.07254248872539226,0.13173157837548682,0.2147056140981086,0.3683135954582621,0.5333512679328963,0.7407937587485635,0.9219267283692978,0.9833072802167129,2133,0.005793239696002227,0.014595986812844332,0.031536499647835316,0.08211927462761279,0.14253165044439373,0.2693094792694689,0.4072897309293932,0.6464173406269906,0.8943421549908745,0.9821044391854075,,,,,,,,,,,,,,,,,,,,
FI,5,extended,1866,0.03803628438726119,0.057568701713534565,0.11630292858691474,0.2093628148607965,0.3259884966475945,0.4970029953613677,0.6498162196728032,0.8188186341614475,0.9540794465675236,0.986397370432261,1829,0.006218671673111151,0.016250166177113067,0.04328081560988851,0.09648082851236298,0.17947961583671285,0.32918958676040994,0.4838831097930825,0.7165880555888099,0.9120161300301357,0.9836421222882438,,,,,,,,,,,,,,,,,,,,
FI,6,extended,2188,0.022762646786729058,0.03575806418697532,0.07168076702335308,0.14220304636326975,0.23212334466409637,0.3921482596666406,0.5468464397296924,0.7598025160712154,0.9352333071237371,0.9867257199043649,2146,0.005536857867170545,0.012982468924152972,0.026352355950807507,0.053469447244233505,0.09227411641513616,0.19251373190005236,0.32051717541588826,0.5982621847858685,0.8883427178571727,0.9819369945808284,,,,,,,,,,,,,,,,,,,,
FI,7,extended,2073,0.03107793022467259,0.06535426690606261,0.1260179175043633,0.209279660642444,0.30188525110925185,0.4558892930529018,0.5949613474683864,0.7923874915562302,0.9396199394384694,0.9850462776909008,2027,0.01264251228080406,0.03361292426441516,0.07858042736194507,0.14851983873520516,0.24741115104838443,0.39428769208875863,0.5391629448377705,0.7470784903339871,0.9299209069704599,0.9846791977533879,,,,,,,,,,,,,,,,,,,,
FI,8,extended,1922,0.02847909014078838,0.054064748754998206,0.1078942297171433,0.1905599270825748,0.27479222456352925,0.4219996882512073,0.5677444806164115,0.7612837124469398,0.9286377864369496,0.9860490225594783,1891,0.01483288318720432,0.03104168829658162,0.06461112096842059,0.13213875122093494,0.21263838799072332,0.3324366840536949,0.45800333677939503,0.6781166295893561,0.9014031678847868,0.9840456895038407,,,,,,,,,,,,,,,,,,,,
FI,9,core,1743,0.02336477028848814,0.04635869689460613,0.0929606973200989,0.1612062265757385,0.23905473929807303,0.387958497528461,0.5399904593206454,0.7573709548346733,0.920487977689961,0.9883833934615979,1709,0.014362872138364713,0.030871640080988527,0.055187154460019025,0.10806397672250899,0.17650654260492962,0.2938820524401194,0.4209854709302532,0.6525381139067271,0.8858289133884579,0.9812976638766964,0.003948790368157343,0.0051196305893713295,0.00709544876734774,0.009743385657671709,0.011260149634024892,0.012181601590365772,0.011505394652980288,0.010591438963219811,0.006626577123925655,0.002404467825735026,0.003101033966024941,0.0045468102858950985,0.005669998594699448,0.00727218593831849,0.008580088049156498,0.0105998563373276,0.011680140940500352,0.01118434574317724,0.007335323398621643,0.0035888491731099702
FI,10,core,1574,0.012060833292413132,0.0245915123428282,0.05675496342639423,0.11613449765328744,0.1733847118720967,0.274805205824984,0.4020703364646798,0.6232161750582433,0.8570488332510756,0.9705399000811793,1560,0.0027789506168413723,0.007259152577091212,0.02071640589802912,0.04742603012107916,0.07775075725682452,0.15376392359664998,0.2463246081733782,0.4436746528948848,0.7487314095046947,0.9593262176990752,0.0031732933049250676,0.004272098187988387,0.006613200418217027,0.009302244044701195,0.011058253973226607,0.012855704654129841,0.01354763085063865,0.012782304842662644,0.009188160685495706,0.0051850226137101245,0.0014869017946274046,0.002302810459332147,0.0038074570627705225,0.005510052635530344,0.006716048822167563,0.009575834485854183,0.01158909009990819,0.014553437930335188,0.010936583202983597,0.00514711406106852
FI,11,core,1559,0.019809434342442107,0.03325391054338314,0.05904657112190793,0.11302648174746993,0.1791523671987913,0.2862437603577615,0.4321435598940546,0.6447488677138851,0.869605085902767,0.9738268656752532,1537,0.006963327103541916,0.021428220246713578,0.041113358660853506,0.08266578179208035,0.1336583212054198,0.24665356163946353,0.36539701859948565,0.5648069299265078,0.8284181619880449,0.9679983581668173,0.004042706170131909,0.005146966274164903,0.006485247274618423,0.00877280670141044,0.010429777791420364,0.013592231496330518,0.014931625458381828,0.013840595642950435,0.009372278843071616,0.00426985403354364,0.0021982812501151537,0.003906959208822462,0.005398504891418303,0.0073214042955750645,0.008845594568168058,0.011780761515952318,0.012069712149930528,0.013220154880505436,0.010600018220685271,0.005784119961604809
FR,1,extended,1475,0.09053844940552407,0.12651893090939892,0.21227263597610194,0.3270820327037358,0.44487214182207546,0.7347636836988815,0.8260911227066041,0.9203402523887512,0.9745249107718092,0.9832655300126294,1482,0.06306662421572151,0.10411138293665813,0.18145037603553568,0.28183008921677954,0.41320904908097644,0.606634733285605,0.7086499328762335,0.8424206127574233,0.9464917218279428,0.9793422201124671,,,,,,,,,,,,,,,,,,,,
FR,2,extended,1778,0.09557050080049115,0.1420135875550863,0.22321043886078776,0.3426885356827347,0.4640307369516549,0.7462714132717948,0.8495431063904297,0.9300700807840893,0.9838164120526348,0.988504649030147,1790,0.05969731897958347,0.09115619007371936,0.1725182150749801,0.260738303334187,0.38580487764458415,0.6047880925222487,0.7259727295143407,0.860831665257144,0.9631196761785873,0.9819617437551099,,,,,,,,,,,,,,,,,,,,
FR,3,extended,1943,0.08926435467676096,0.12398662547965958,0.21376378037928542,0.35511845782892515,0.47687488347125084,0.7411478703000789,0.83762379898638,0.9229775305396627,0.9775048156927383,0.9859865281603628,1970,0.05992206867816778,0.10111881150922754,0.17613486547967833,0.30640247056733144,0.4431939262084808,0.6478535894045007,0.7593442213431296,0.8964577988534834,0.9710410919209792,0.9901365553702159,,,,,,,,,,,,,,,,,,,,
FR,4,extended,2038,0.07857496616552259,0.11096787347837689,0.19084091807905534,0.31020640887615575,0.4526275182659426,0.7033656395217391,0.8127407201649279,0.9134123189289223,0.9718723493673763,0.9892314947705981,2040,0.06974606931422717,0.11464300528705385,0.20612790141001675,0.3338691198838406,0.4459800407471814,0.6549770483029057,0.772373097097773,0.8824859940559634,0.9735453302770394,0.9922063449528684,,,,,,,,,,,,,,,,,,,,
FR,5,extended,1706,0.10212621396032999,0.14301964280243407,0.24866470516824102,0.3833981746427368,0.5003022244339338,0.7561198800125463,0.844494686588364,0.921432563917055,0.9759742465191628,0.98451790138843,1719,0.09562419695815472,0.15385709511510312,0.26118111540939265,0.3788279978439528,0.5126131509857964,0.6996660974697061,0.7966610822263481,0.8878344507101394,0.9655650339360143,0.9809601376095781,,,,,,,,,,,,,,,,,,,,
FR,6,extended,1942,0.1108120645203405,0.15708331392182195,0.25176719798122726,0.3906573552757408,0.5174003261408654,0.74419840430853,0.8474669918149841,0.9237175211107774,0.9777737118487547,0.9871194385258849,1940,0.06138724717418884,0.08163785949101286,0.14377823856941946,0.23299046752448727,0.3602624103474315,0.566540255694976,0.6840224781072951,0.8421159669062193,0.9548870128375062,0.9834912656649444,,,,,,,,,,,,,,,,,,,,
FR,7,extended,1884,0.12415794570525471,0.18494027340637811,0.29040571074767835,0.42294154780831644,0.544516665150897,0.7345083191741182,0.82986793521625,0.9260315612921098,0.9763423096071624,0.9849609418270093,1894,0.09040883205227834,0.14516789475930056,0.2541676772254571,0.37864094933284786,0.5051951872678382,0.6930195985699961,0.7956523499017214,0.8976308505872204,0.9668316853405734,0.9838703410309403,,,,,,,,,,,,,,,,,,,,
FR,8,extended,2043,0.1180789378862229,0.1528211815657086,0.24899820572235914,0.3792208448930091,0.5092742607069883,0.7394372124418231,0.8545926394184458,0.9307963749814167,0.9794443852705204,0.9877813637547478,2035,0.08826645708965533,0.13291437988143828,0.25353202082648774,0.38310574913475687,0.5024813760519695,0.6804510341412483,0.7853729263674045,0.8835408337339289,0.9645203915039137,0.9909403702931758,,,,,,,,,,,,,,,,,,,,
FR,9,core,1950,0.11470556770149647,0.16491149402755878,0.26484003589919425,0.3902647127797831,0.5232748665686549,0.7233819801455494,0.8388843629078386,0.9280169813832186,0.97804873713629,0.9914747534599329,1961,0.09156884562780196,0.1395632674922452,0.23444778310268924,0.3854213061448137,0.5006046006991867,0.6825143727938332,0.7713852842111542,0.8801319173379767,0.9564229814492169,0.9821655017265433,0.009841360633085203,0.010389087623691905,0.011697280794179856,0.013187354157700634,0.012434526042370952,0.012206077455719513,0.009670316283488644,0.0065305094841428745,0.003965408526230151,0.0024706202853884214,0.007702151383919558,0.009377418436005614,0.011821242233278044,0.013616043112900744,0.013324165527241721,0.012645914577800819,0.012443789751772384,0.009605554466969281,0.005944226022041111,0.004293281952803883
FR,10,core,1915,0.0947273231201365,0.12266137107949455,0.21377541723637786,0.3201577972002355,0.41727803433780736,0.6606737022782831,0.7766993857801686,0.8978398792379089,0.9717646808186382,0.9888604756180944,1930,0.061806699475141155,0.08554014210914948,0.14845964986477772,0.23631304008640908,0.33773550370253885,0.5162776548450304,0.6682682721852377,0.8260918170775889,0.9416534338494721,0.9721937226217883,0.0072742405543574865,0.00739737442021601,0.008845657146195549,0.010571374724959708,0.011277452677896389,0.01202845896184381,0.01100110753593293,0.006709465354931707,0.003972806602352075,0.0026311373781117667,0.006078402134383591,0.006615789855323359,0.008115015047665621,0.009323961901193431,0.01089568770111883,0.012295476783727997,0.011750505930052182,0.009879642359542862,0.0061738698602416065,0.004729409751725258
FR,11,core,1727,0.13786061800252267,0.1763030788796569,0.2705929326713132,0.38840465730656726,0.49411061186690025,0.7200786884921274,0.8286448313554269,0.9210169656651391,0.9768536186219855,0.9847801190057791,1733,0.1099712246157216,0.15562303591929447,0.25329923627825846,0.3983009913904619,0.5189179020589323,0.688427026769606,0.7923538453877105,0.9077758447368072,0.9690361524039214,0.9869633982796963,0.009476316862901173,0.010201072223774133,0.01179448936794472,0.012046702486101743,0.012986582265604013,0.012625943208195163,0.010704443260583979,0.0072342126080370914,0.004118168880772487,0.0038284069635898476,0.00808061018486843,0.008838025658676234,0.011316593278636097,0.013337810296338803,0.014111713044587493,0.012174835813143216,0.010252896094070305,0.008441561542406866,0.004739514598901727,0.0026581695074335003
GB,1,extended,2027,0.06463148120223627,0.0948506377506012,0.16889082464071467,0.30273499350312627,0.4415910528300692,0.6364188788283163,0.7686946649486934,0.8878040072148901,0.9666853888865711,0.9824794077232006,1977,0.04230913282392927,0.058933377910457295,0.12474507392334958,0.2398351020940777,0.3742369949390511,0.580118793643211,0.7055209483078422,0.8536684085768472,0.9561280403157306,0.9828790464098838,,,,,,,,,,,,,,,,,,,,
GB,2,extended,1874,0.07414648089178154,0.12485728396259482,0.2248037984583416,0.37626963652861195,0.5079800186827725,0.7046910628629229,0.8053928116602291,0.9045473243933285,0.9714199501951455,0.9887463932037447,1810,0.039240516460053235,0.06733708444060738,0.13440465313850422,0.243714466138719,0.3666727077381468,0.5701506855868437,0.6876866823654109,0.8195457174327638,0.9374482939327159,0.9842381531773711,,,,,,,,,,,,,,,,,,,,
GB,3,extended,2349,0.09018543818338616,0.13994502252184807,0.23979925173102098,0.3738070125851543,0.508515257416256,0.7158879505901579,0.8223184637274765,0.9246541313623645,0.9732828363221357,0.9908781577106046,2270,0.05224141152404533,0.0860182730009301,0.15019360550196054,0.25033146303984005,0.3954775058426536,0.6036897651323965,0.724445713431123,0.852241291369042,0.9541177502580065,0.9823216551595153,,,,,,,,,,,,,,,,,,,,
GB,4,extended,2318,0.10081731909280699,0.144037416415087,0.23232085364214297,0.35757201011029094,0.48683968270897504,0.6806603875170135,0.7824975463730092,0.8970730930528652,0.9631699997307526,0.9875748112284448,2258,0.05591732758973279,0.09486964148959053,0.17108540672678446,0.2850668041900034,0.40607745750101193,0.5907330114856237,0.7077349310495371,0.8401227103453534,0.94664580986686,0.9800191323573794,,,,,,,,,,,,,,,,,,,,
GB,5,extended,2344,0.10948520177305604,0.1762477175705152,0.27688202809525736,0.43301738821722263,0.5414158661949444,0.711423936172458,0.8136233112352934,0.9254357634709309,0.974618216116904,0.9901236751626118,2237,0.0646385987166099,0.10638981982309649,0.1851806811098154,0.2894253080027502,0.3992481453074793,0.5830479502688672,0.7071650634106144,0.8474946810111829,0.9495163981086044,0.9815437265212398,,,,,,,,,,,,,,,,,,,,
GB,6,extended,2219,0.09008326119220401,0.1400136941822559,0.23235832878756366,0.35577691012642326,0.48953975168892244,0.684809771817,0.8066597270190162,0.9179288999506064,0.9779132819111798,0.9935658743997369,2121,0.027939266810744205,0.049765493288146286,0.09995991545553815,0.17304107283696768,0.2857163143846685,0.46430249842887916,0.6088503326000683,0.7798937826422325,0.9213117664202156,0.9781068875808184,,,,,,,,,,,,,,,,,,,,
GB,7,extended,2227,0.1111735207226846,0.16439097262822328,0.2525897973552857,0.3683848806540001,0.5025138695079759,0.6583625421368967,0.759817499501336,0.872598311187306,0.9568351555120084,0.9753695342633352,2182,0.05144719033291547,0.08834150651255629,0.15641534326139944,0.2550985787247895,0.36786445995472883,0.5399384923069857,0.6512496030460462,0.7943490529837076,0.9214735077208629,0.9720001100215898,,,,,,,,,,,,,,,,,,,,
GB,8,extended,1939,0.0747934418901314,0.10495620204132373,0.17954978013232126,0.2908562899158908,0.42539925832593206,0.6187000830361056,0.7493531253536149,0.8790687181088662,0.9729252962642532,0.9869171160426,1894,0.036518561227970286,0.0635293733262219,0.12204752875834743,0.20400042637207522,0.3184568021482378,0.49313241079056663,0.6267307008589149,0.780020264104051,0.9205062653436724,0.9735431190004666,,,,,,,,,,,,,,,,,,,,
GB,9,core,2182,0.10831521809276481,0.15462434806407452,0.24191166488091098,0.36304492739523164,0.4804049061697982,0.6630567111686708,0.7907642472425442,0.9043864821730095,0.9669931616616935,0.9820007913307,2131,0.05835259778687565,0.09042565912242308,0.1537036668800728,0.2626284518981262,0.36857267072741046,0.5569885210146949,0.6766831212814436,0.8241457087522824,0.9465530280097492,0.9802796468089585,0.007686928909927529,0.00872247226521308,0.011483703231206805,0.011663222574156617,0.012019508511854928,0.013485755745653182,0.010770287695703401,0.007730278814399325,0.0049812316047825635,0.0037666648770018508,0.006084963260722511,0.0069827302030400695,0.00987443936436156,0.01189886030815982,0.013208878307820856,0.01272011106020802,0.011689933302136763,0.01154822446765396,0.006819009943930703,0.004438063212997408
GB,10,core,1141,0.09585202074863831,0.15621270894596787,0.2588674753564666,0.41227075937439156,0.5217504845622779,0.6695098340881361,0.7985768451313668,0.9168875659625702,0.9830559903647181,0.9929875973182485,1128,0.04097784688289819,0.07212435125970088,0.13369862532041132,0.23287217914311062,0.33647042062367694,0.5094828385599268,0.6744045657446248,0.8358368953532744,0.9386670776309509,0.9787194321654757,0.008792555144576513,0.011397954055226315,0.014925122261724901,0.019258650763249237,0.017609526753094264,0.016636648463938433,0.014585455855186386,0.010369615692110631,0.0046374792175382165,0.0038181351073515823,0.006306133363102339,0.00901499291643255,0.012534075475938834,0.01693911560004459,0.019113156351804234,0.020230176603649445,0.016866774219156153,0.013878610887349836,0.009164399577579032,0.004374322642535538
GB,11,core,1642,0.14899930102495895,0.22101762639808362,0.32796585042628273,0.4579316714548258,0.5661992981873384,0.7282522377583213,0.8491811024108868,0.9280038106259861,0.9772477880909731,0.9901351889890369,1579,0.08839633912590096,0.1631867132277531,0.25311923783963897,0.3524958399860812,0.4672710208970341,0.6317486503886295,0.7494989381380873,0.8639419998479158,0.9539524881286318,0.9864882354801304,0.010727884675922977,0.012878196091321669,0.015319792095636088,0.016279795238618333,0.015154245876081567,0.013890808209159645,0.009941959730088596,0.007991688697906438,0.003964851596647842,0.0030025910588270467,0.008312861549193626,0.009932674508841255,0.013274101457133446,0.014803235380907536,0.015327245981055535,0.015122633368460744,0.013761093021567318,0.011827032023116356,0.006573816342875092,0.0026415715500329533
GR,1,extended,2468,0.10097296630431103,0.14708818481767447,0.21068563339111765,0.32018325848230517,0.4145797048580126,0.6110808490313683,0.7153760191266956,0.8239276001690254,0.9148422669666798,0.9551080204557123,2498,0.04077630926512041,0.08296042433916759,0.13149055939632,0.20231348566032056,0.28683814179404554,0.435742774007293,0.5456681349256396,0.6844064790741972,0.8532286900720145,0.9443746906762183,,,,,,,,,,,,,,,,,,,,
GR,2,extended,2362,0.09473537843365509,0.14200631646199247,0.20371026414981452,0.2915920406477538,0.3922409631607331,0.6402630451495944,0.7574524936487347,0.8697829043631797,0.9464681433443803,0.9779774320204234,2366,0.016577550785124788,0.03920969087482272,0.06516564722141113,0.1230475705481873,0.19795036150755052,0.3872840725125056,0.5070601471492179,0.6765566027714295,0.8544702221880714,0.9586528549161099,,,,,,,,,,,,,,,,,,,,
GR,4,extended,2050,0.13304999906311,0.257857993600955,0.37239583067348747,0.4943496030996093,0.6008378977850131,0.7797044532689336,0.8545561384517775,0.9333263855114543,0.981713032217859,0.9934315911300255,2052,0.06848123326000184,0.15049480305638058,0.24268066331467028,0.3598389360257062,0.4886443606718586,0.6792620781376055,0.7883267636096414,0.8811811268349872,0.9621488061383698,0.9848642351322919,,,,,,,,,,,,,,,,,,,,
GR,5,extended,2687,0.36835173040975755,0.5282353733763824,0.6397493778899922,0.7393306469732746,0.8086337044011619,0.9226363034482858,0.9480031943290402,0.9726003682406407,0.9900258598600848,0.9935351992357659,2692,0.2027144940166704,0.3334486057104554,0.4612675219562413,0.6029490280879786,0.7178539070461616,0.8433676780870484,0.9005485806158713,0.9432864878366864,0.9825694485776478,0.9922026896110778,,,,,,,,,,,,,,,,,,,,
GR,10,core,2783,0.05848125066322003,0.13280472577922653,0.2576214763183207,0.3851182694477452,0.5108629944847645,0.6869932319683879,0.8289926404593516,0.9241437774016351,0.9884567560145316,0.9974618877007856,2784,0.03724865862138435,0.06651153921853818,0.14327721292180945,0.2639859701100744,0.3957664190757503,0.554718249650811,0.7140189320137149,0.8684332387033673,0.9676936389987019,0.9942891268659452,0.011224087910353236,0.013901486695026858,0.019947910007488703,0.024394922451196274,0.02428426778435365,0.022198958828509675,0.01676883280796605,0.010150289138654558,0.0025201975457442767,0.0008154276638773353,0.007353882496401766,0.011368967690207465,0.01585684251291758,0.019355578259403424,0.020047531843582045,0.0218706506846615,0.01728771163406324,0.011962884849003083,0.005155417485766789,0.0022334411685811613
GR,11,core,2739,0.10458505909154284,0.21592303571736726,0.4066885474722838,0.6103171085247391,0.7193227120786192,0.8487043154931971,0.9205260021944307,0.9650429496130383,0.9891785873164114,0.9962177247231808,2717,0.03380384937597118,0.09132857071781052,0.23857927160307668,0.40830568605773815,0.5534257907684818,0.7277924556813853,0.8399597203076808,0.9264739727052921,0.974627618381479,0.9972898479030147,0.006949958979614743,0.01018564103624439,0.012217366353560438,0.01151797855556564,0.01068850348340022,0.008871939188979138,0.006711414768318786,0.004364034351163274,0.002253323891828993,0.001604215656528601,0.004604827755804806,0.006657566488980676,0.010319453934426556,0.011966445471282557,0.01171060062166298,0.010748899066736602,0.008179755945166133,0.006469416918503448,0.003868759929870001,0.0009902288395460574
HR,4,extended,1448,0.21300742214735888,0.3155562632625633,0.4457686381255655,0.5887039505300735,0.6985836417858698,0.8535412996980687,0.9046891397659628,0.9484055292963945,0.979131562334778,0.9878134186965692,1441,0.09155117750402353,0.18556474652705485,0.3115154606239907,0.45109148390161347,0.5703095792045334,0.777865996512907,0.8534577421815918,0.9190375485546978,0.9691453853874881,0.9851225920469756,,,,,,,,,,,,,,,,,,,,
HR,5,extended,1610,0.28467305279468785,0.45945094872842207,0.6104770570948471,0.7344323532964185,0.8150340287662392,0.915484095837745,0.9418955702765935,0.9699142183845646,0.9873670385203009,0.994279842158314,1563,0.11119146880580046,0.1691272676987385,0.293984722909757,0.46334890296353703,0.6158384962499674,0.8032003423576244,0.8751993867532114,0.9312542517394702,0.9781977972883281,0.9875256350666256,,,,,,,,,,,,,,,,,,,,
HR,9,core,1794,0.3375711252957437,0.4447417587037453,0.6009542567980386,0.7291796458054158,0.810790430987297,0.9101959069966243,0.9456158592496422,0.9694586079985007,0.9894722707733551,0.9924375836236861,1761,0.16236257669447848,0.2292319709228574,0.3820074921415608,0.5427277549165925,0.6684876693651924,0.8246610448843167,0.9001439479216544,0.9581949146722586,0.9810459293477517,0.9894843525804128,0.013994783837162279,0.015174562427761199,0.015000580118346192,0.013493030621626191,0.01175976687381409,0.008694427837782214,0.007051135657685883,0.005149638747670362,0.002627106485163807,0.002029421948247514,0.01117260361104896,0.012518267418507572,0.01611288101227137,0.015982902636334128,0.014491055611083374,0.01170256325307658,0.009228803531648325,0.00601307489767931,0.004653965726701081,0.0033028465407313936
HR,10,core,1557,0.2011621159360746,0.2948737304320559,0.442239381374857,0.5896563026240426,0.6754948213234311,0.8371152694423522,0.8843860169250415,0.9291883425831944,0.9678823150186612,0.9787191195221473,1543,0.11093277444750373,0.16603714096261407,0.27344689732081756,0.40876410782997796,0.5172903208488525,0.7248510744838297,0.8044575520180683,0.8991600656782326,0.9557224148103469,0.9754678436090382,0.011049175337292475,0.012561825549147528,0.013204912680822028,0.0132026283276483,0.01231408543755598,0.01000539225417969,0.008597290516848342,0.007761239466217466,0.005070719354427903,0.004441445416212549,0.007753551875546428,0.010287325388880808,0.012808356235208885,0.013720520852578149,0.01397103156509884,0.012504462409518309,0.011747394092830099,0.008562261782614447,0.005611958665268065,0.004515008288931005
HR,11,core,1525,0.2229416486622005,0.3122591440130821,0.48658432398056334,0.627319265086932,0.7062794029839656,0.8355536147979483,0.8917119350461545,0.9467805435829646,0.9771795041734722,0.9854762022587994,1519,0.07164467255786643,0.12280741217186783,0.22193561704647702,0.3674928008953735,0.49417630312462074,0.6910505237305599,0.7782128811871578,0.880165080654354,0.9451964657292865,0.9703579071891978,0.01209333091562106,0.012614466260243925,0.011916042358735683,0.013620113456252032,0.012234384307049944,0.009895471990083378,0.008429525260023541,0.005461280733195765,0.003868674731463321,0.0034342934331296534,0.007211039484877861,0.009205105801439684,0.01293746501710981,0.014047928929254992,0.01482377890905228,0.014013782954280206,0.012145165224955536,0.00948383416002735,0.007541399364971047,0.006210378706504696
HU,1,extended,1627,0.07507741382461969,0.11511317781503602,0.1787642683761543,0.2855699120723308,0.36375185890402045,0.6262394036041783,0.7248798771805366,0.8121103086124701,0.9177585118260256,0.944447936335325,1545,0.05524384989362706,0.08628047107056379,0.16068262213716397,0.2819099112647655,0.39189334459508696,0.6534496346376217,0.7482852781946154,0.8621612095137566,0.9547852243676713,0.9790291849312551,,,,,,,,,,,,,,,,,,,,
HU,2,extended,1448,0.14218567250463987,0.22220885958259082,0.3344393463108736,0.5186236139947629,0.621226608794749,0.8118817725457417,0.8955639515601729,0.9400551582092381,0.9736737257962156,0.9859294385271872,1395,0.0746024089091295,0.14650102493352182,0.23045723584690012,0.3982681126098357,0.5312446952481861,0.7430584842283251,0.8505237806614435,0.9354111720329009,0.9791530728418535,0.9939362537348462,,,,,,,,,,,,,,,,,,,,
HU,3,extended,1454,0.1889512024240893,0.2650653380323732,0.41244791900016253,0.5551586781927343,0.6627171578509601,0.8316680333526189,0.8896694938992663,0.9299125066010027,0.9617146927239058,0.9758917567615035,1414,0.13913902297575337,0.23764756814285426,0.3781961696943837,0.5243179510910434,0.6289686051713669,0.79949048587805,0.8778805806520475,0.9282485562244333,0.9772710740554472,0.9879812412040392,,,,,,,,,,,,,,,,,,,,
HU,4,extended,1502,0.2846645245953938,0.4025816617809686,0.540471360023987,0.678878182470276,0.7566827695323708,0.909294452677205,0.9405525165228609,0.9689460468988579,0.9898930565747339,0.9934534537631112,1436,0.2243483624225821,0.3317848668707111,0.4709695398961235,0.6305825756413612,0.7273512716385495,0.879006362696377,0.915353942299396,0.9551789867018597,0.9831163413118965,0.9912955540754642,,,,,,,,,,,,,,,,,,,,
HU,5,extended,1520,0.10634952352597948,0.1706113201631055,0.27647233608213106,0.4091304137170758,0.5030740409990583,0.7169684213193479,0.8083724794036156,0.8846986231041115,0.94760618171026,0.9706105242641897,1466,0.0704453205458224,0.11776836616246916,0.2271512430673142,0.3489975290631363,0.4614592602577287,0.6875793867026209,0.7961719247911258,0.9087764061404312,0.9741282125340068,0.9881745633239793,,,,,,,,,,,,,,,,,,,,
HU,6,extended,1927,0.12586887818472817,0.21329101974520745,0.31716831562807585,0.46494394659994226,0.5646535780686941,0.7357381668002702,0.8142632224854955,0.9021094816774471,0.9670867275235988,0.9818572461598661,1906,0.07061533261756903,0.12706523444409645,0.22956924319995162,0.3557544345817511,0.4766417524639261,0.6484724105420093,0.7680576951677187,0.8797331478713484,0.9466268639741124,0.9750808407291797,,,,,,,,,,,,,,,,,,,,
HU,7,extended,1657,0.1218585107540863,0.19661875131948806,0.32557709634649157,0.46439089218483215,0.5731969954598175,0.7327414986023622,0.8358571670018178,0.9211602640537713,0.9665753826704933,0.9745667990303898,1586,0.09490789054412647,0.14858825688451072,0.2876315175264815,0.44087720778345063,0.5410893026837469,0.6967523513854579,0.817652980836392,0.9232049499746993,0.9661426725126551,0.9792486715476946,,,,,,,,,,,,,,,,,,,,
HU,8,extended,1566,0.10992621293920571,0.15676415554978995,0.23095038817012273,0.339336272160586,0.4541112448622287,0.6474407373813506,0.7816092217770284,0.8898627787163345,0.9467641630444042,0.9648112196042199,1529,0.07976185176505039,0.12241460352944408,0.20616468637595387,0.3103198376918799,0.39309649633340155,0.5760818007132783,0.716556655221605,0.8620036955441174,0.9418346545881675,0.968115445392032,,,,,,,,,,,,,,,,,,,,
HU,9,core,1621,0.09992767663074033,0.14432983109332012,0.22822828290533848,0.3415230164603335,0.44488013363408013,0.6145779711678407,0.7428795220825934,0.8553386191928991,0.9455742949618053,0.9688998401015722,1581,0.09309898831573826,0.14938115197650562,0.24212320318126468,0.36806054797094356,0.48359065028736764,0.6257752729109951,0.736289361138954,0.8528811070290101,0.9436405510527848,0.9729096794718753,0.011117821631034721,0.011956221206262307,0.012936567472387011,0.015215988647348863,0.014880234486849706,0.014277686052029556,0.013256319294845232,0.01078716430562727,0.006568905592978848,0.005068690786174657,0.00951406098830328,0.011705283441483812,0.013851141452496251,0.015548939761951873,0.015715476250587262,0.015565051081920887,0.013790542158422339,0.010747413892951958,0.0062601437903674825,0.004257673563041256
HU,10,core,1809,0.08279864116330997,0.13581025912851183,0.2042521953427557,0.3176626890284948,0.4210524218574704,0.6173293634806669,0.7429740954657327,0.8636335461128551,0.943988555097278,0.9709489881179512,1790,0.07918808060769765,0.12997744369163464,0.21453614166635868,0.3072328007919126,0.3939729743564346,0.5359870691619232,0.6481777207900705,0.7938363878027134,0.9122225299929356,0.9589957266650557,0.0073776800546562485,0.010164793832547857,0.012036210167810563,0.014894420971306745,0.015830352577471982,0.014375891357664441,0.012148362512245112,0.009419448236777997,0.0063650686772083066,0.004405866339459574,0.00753300108932709,0.009710387678128306,0.012461655781285219,0.01377902945457537,0.014713577748329945,0.014460852141201595,0.01260303606109833,0.011133255092506086,0.00716574839089413,0.004759734571717017
HU,11,core,2083,0.13614144358048044,0.19124981414514228,0.27281259825972987,0.3537841288062365,0.4516771128652364,0.6071642031018238,0.7215067737606001,0.8268385376091973,0.9169357250310057,0.9481865170490356,2059,0.12419923856483757,0.18819750164789828,0.2898859106597232,0.3860510203308851,0.48536892797456266,0.6359460940654478,0.7521407892134494,0.864298532862908,0.9443783291975665,0.9794790363909047,0.009646778582790552,0.010654234454470897,0.01244113241620037,0.013414153491585767,0.014442956754637021,0.013842866487902707,0.013342842953242616,0.010820731586769605,0.007494391422807739,0.005971123391231468,0.0085785603716747,0.01125423463607308,0.012311677172937917,0.013574694421936484,0.014670247928922945,0.014718446623975137,0.012959700554630707,0.010115418605198677,0.0062267964961332176,0.0033557863233507294
IE,1,extended,1979,0.09276168825767449,0.14924434124345815,0.2561613231926554,0.35242075817009877,0.4538079021252153,0.6811622425798965,0.7808531094208173,0.8767203444980302,0.9559011530489141,0.9794814541001802,1881,0.0579822875697425,0.10244260745221502,0.1798708054365476,0.2695106079502653,0.3803358428641319,0.5847972422413799,0.7117887751406013,0.8339785717774378,0.930952019699341,0.9751792058099359,,,,,,,,,,,,,,,,,,,,
IE,2,extended,2232,0.07429854959899927,0.11446191534514864,0.19662787019674435,0.2898781807215806,0.41653545555208815,0.6496519349903357,0.7605051564843219,0.8757070714196082,0.9610678336685856,0.9835247368463983,2149,0.024369335283390834,0.044111034429670855,0.0892257292211155,0.15510802204999036,0.24322944904431276,0.45675626123128804,0.6045696906863895,0.7777068762657499,0.9269430408707253,0.979484519726082,,,,,,,,,,,,,,,,,,,,
IE,3,extended,1719,0.06511679294951953,0.10523507285642379,0.16318091623761116,0.26582521180158836,0.4072898606532257,0.617910304379433,0.7423311248003502,0.8678490907425294,0.956737295173502,0.977412552483663,1704,0.017134639446005788,0.027082904436092476,0.06500303122566717,0.13396801100450764,0.22485888983550786,0.41205223725329104,0.5623432925456643,0.7380967890031261,0.9008453088465284,0.9654392941744472,,,,,,,,,,,,,,,,,,,,
IE,4,extended,1745,0.11895887381589611,0.17584809830118092,0.29882595375990484,0.43905451224052755,0.5770084299182391,0.7667968834479726,0.8595068363962718,0.9313888223761405,0.9754587137381253,0.9921824742689273,1715,0.05957246500874035,0.11636460288686624,0.22325817238888795,0.3654146222937911,0.4922405901561248,0.6655547764228847,0.7818015709688915,0.8783089540519305,0.9537141497969306,0.9850840657232935,,,,,,,,,,,,,,,,,,,,
IE,5,extended,2459,0.10108372304363174,0.19910653786723556,0.3327968995509974,0.4781165379052457,0.6145113913233116,0.7855675204000379,0.8716115112379443,0.9384813974953965,0.9802293431625421,0.9907750277089461,2428,0.04939050098657993,0.08011589955325482,0.15823853538420676,0.26938992460748346,0.3903421830447066,0.6198605947960142,0.7311890433370847,0.8365487782504697,0.9291173163951283,0.9660677165793832,,,,,,,,,,,,,,,,,,,,
IE,6,extended,2517,0.14618399980074617,0.22687093587503737,0.3411050405697077,0.4850059134301006,0.6292961645834297,0.7909762183092676,0.8772492759974485,0.9421006827523726,0.9819338524549038,0.9937544854580519,2510,0.05361796067328419,0.07406663561672365,0.13437507306696025,0.20934199715355742,0.32707046327863526,0.49916645317119707,0.622530426648084,0.7723870508812491,0.8977130895107299,0.951934317612728,,,,,,,,,,,,,,,,,,,,
IE,7,extended,2292,0.12185217204999996,0.18947988032419105,0.30838078522773543,0.4336183950099061,0.560072564185734,0.7567392263491194,0.8750711576024327,0.9477143068212692,0.9863198068633683,0.9946433352656753,2268,0.051686575548376454,0.0840225668886562,0.17177819811272016,0.2674365658066105,0.3986347395887006,0.5987520712334969,0.7232193057714995,0.8507456181846933,0.9471640765513741,0.9789613768081419,,,,,,,,,,,,,,,,,,,,
IE,8,extended,2681,0.08032978255152849,0.11717494371260544,0.19788490254134966,0.3125857607162856,0.4363261387173119,0.6562026911190415,0.7928318759015288,0.9150695420107142,0.9781923225507702,0.9910942803868517,2624,0.03454685089024787,0.05481413990086711,0.10574885300067569,0.1774480613325687,0.2772827520153376,0.4920373047589899,0.6560579755472598,0.8385818664913763,0.9540224285414644,0.9858981952154143,,,,,,,,,,,,,,,,,,,,
IE,9,core,2127,0.08225729876238276,0.13197584548180616,0.19466071096340865,0.2992522394451107,0.4044029608075686,0.5927544023321796,0.7369807314006034,0.8798535166036185,0.9639680417426394,0.981823420142001,2136,0.0352325912838077,0.05988380243040248,0.10267474402377315,0.16945192648943364,0.2619744313078794,0.4470585730598565,0.5810944156937157,0.75951257079161,0.9310347810312906,0.9796923041420889,0.008182241903646045,0.00976936303505842,0.011396853032239904,0.0126287408349693,0.014648612443637323,0.013748558437176137,0.012594595458746648,0.010032760460760617,0.00512785523028887,0.0035222202883132647,0.005510808952892773,0.007051142904725525,0.008385838817631889,0.010934208736274098,0.012406688728172023,0.01368204189426544,0.01426987726999014,0.011125183157460913,0.00665379698280585,0.0036815887360235485
IE,10,core,1677,0.10135998360995727,0.13621169783086196,0.19737232786456443,0.27901853782984637,0.3535930588615055,0.5415542836926788,0.6905980964351938,0.8294794204488553,0.9420721579425396,0.9804561756428912,1713,0.032151986398101434,0.050221582321703824,0.07914415398254918,0.1202802559234203,0.19462088248706713,0.3269759601144263,0.45847394882406306,0.66543445874089,0.8680986831669524,0.9558679668215674,0.010921147667314656,0.011807864938088023,0.013539619506744708,0.014095286806265475,0.01441997868186802,0.01584046357805076,0.014286633151747462,0.011786709408129509,0.008086819026856429,0.0035969548462277804,0.005723408049528504,0.006932066141444462,0.008374225286579684,0.01067862444389561,0.013521737463401778,0.01591082574529938,0.017302211396184083,0.014869774867267484,0.010651191861297194,0.006116504775570316
IE,11,core,1935,0.08491365484829176,0.11184682988509725,0.16474692454489745,0.25387588370054137,0.34503729578321846,0.5456156111665468,0.6692948973258125,0.8473443086089603,0.9580908977679777,0.9836837224579411,1928,0.03359772238607281,0.056676289609397884,0.09853811440738301,0.14963033777985013,0.23804911156287617,0.4130522841420767,0.5442403552207065,0.714918218392428,0.9033940439031457,0.9709192118658831,0.008775449210984295,0.009996710918961696,0.012619644147113869,0.013462800209122246,0.014288159867752297,0.015561356163892155,0.014512262628659246,0.011361482995135602,0.006121526646764228,0.0035121420039908305,0.005755236432636498,0.007125953771398793,0.009194930355471276,0.010658330399570856,0.012069763830044714,0.01445859535521701,0.014850225917150493,0.013187576063949689,0.008476210192634717,0.004475160522800404
IL,1,extended,2429,0.10881493627191706,0.16203023389308868,0.242523167909369,0.34476682565480815,0.43926547428400825,0.6264707082101897,0.7328319750878481,0.8335932701871072,0.9221762003713602,0.9560484519121187,2417,0.07856659321081004,0.11530330737803522,0.19142565888361965,0.28820312255534375,0.3724382377354719,0.541100240668981,0.6603830567305297,0.8052038634303733,0.9295658622451741,0.9698787774548537,,,,,,,,,,,,,,,,,,,,
IL,4,extended,2381,0.1690534122307385,0.22911286211963133,0.3354733643116304,0.4503153086628618,0.5719536641942659,0.7703156551730932,0.856516686606601,0.9286945795969636,0.9702681733127401,0.9868916129571592,2353,0.08348107989658322,0.12576651907119185,0.18593116039066063,0.271157084411587,0.3559784003833456,0.5365782205354453,0.669866433786834,0.8010685929680075,0.9285005154911045,0.9669121354831314,,,,,,,,,,,,,,,,,,,,
IL,5,extended,2209,0.18862866861708666,0.25563413311743155,0.3512753422981841,0.4859522575473313,0.6036842394955559,0.7698969136173037,0.8651378347997633,0.9321296927475001,0.9754435205941713,0.9830824500720672,2174,0.07365469498987132,0.11145429400196487,0.18203446170901447,0.2710049777280218,0.35166670503230124,0.5325462780378468,0.6524027334771638,0.7770959347946811,0.9124428233831878,0.9611180463124376,,,,,,,,,,,,,,,,,,,,
IL,6,extended,2422,0.18021020103675567,0.21807920556883956,0.302738519541528,0.4025591947566111,0.5043093842289322,0.6828442910813831,0.7840599043309983,0.882824741436924,0.966759453487508,0.9801040617770567,2440,0.04539949352210622,0.060350104594889195,0.09526420527107517,0.1466337205208769,0.2223831472188914,0.3997383463351461,0.5444829085417033,0.7271886652548483,0.8916777843469771,0.9535713438236779,,,,,,,,,,,,,,,,,,,,
IL,7,extended,2508,0.16776577884183452,0.21743315377446817,0.3012615022820743,0.41130647082358196,0.5218996182780975,0.6948726641760004,0.7912396167461052,0.8898037227184705,0.959024097385538,0.979710799251912,2476,0.07334689372242742,0.12475730396475665,0.18730600938005357,0.29111597108477644,0.3949112809484484,0.5713906047673284,0.6883015966462064,0.820522439275322,0.9258068817037386,0.9640878785145534,,,,,,,,,,,,,,,,,,,,
IL,8,extended,2510,0.16340664032523305,0.22321826634108902,0.3010402065904922,0.4105254484122264,0.5071649420549672,0.7085393710258746,0.8058241513383274,0.8964149058023718,0.9662328332080775,0.9764495333415797,2467,0.0967841302938149,0.13760104559848094,0.19927758024226366,0.27568058581606086,0.37652415770543285,0.5558908482709248,0.6781495026533221,0.7915088141179917,0.9149126361164015,0.9582415505439552,,,,,,,,,,,,,,,,,,,,
IL,10,core,1291,0.21239867550011002,0.29773316578216563,0.41035882377063926,0.5342489387552805,0.6083115352009665,0.7522748911763986,0.8320055503745277,0.901755722087922,0.9476648497594902,0.9648537820775613,1276,0.17111419806319034,0.2236722996117064,0.3136922020236003,0.3984878590275918,0.49548199598181186,0.6418188297677536,0.7305360142158546,0.8471966830713423,0.9317349774449495,0.9713778972069249,0.01744017762157,0.018808685950156993,0.021444843611864297,0.02214789730633129,0.022683508482114888,0.021217865541921375,0.017406532943237886,0.014070156026282461,0.011656061831606107,0.008853172372018575,0.01541496611871109,0.018658054564770273,0.02092776422088079,0.023592273178557218,0.02251963398348941,0.020085996660814887,0.01949286696117443,0.015411173593758355,0.010937103734603224,0.006943812966830422
IL,11,core,872,0.18733474765837582,0.24997783579525246,0.3575466755142825,0.4521536770631714,0.5305296431545213,0.6756649610094202,0.8106911140138272,0.9193314868716501,0.9726652413119168,0.9856389841099465,858,0.1319344401583774,0.21524211849210753,0.30330858258734916,0.3987253178989343,0.4996460528201557,0.6327735586339547,0.7571281713239723,0.8629808662173967,0.9612054607747784,0.982987561063005,0.013287496506807493,0.014067214719823863,0.01508745446423629,0.016039144068182624,0.016107409033143134,0.01621426713069695,0.013232174451682626,0.009148925172764433,0.005846352711016257,0.004322268320760966,0.012136679083119483,0.01389075232823587,0.014651305166444004,0.015482545268247697,0.015661910027901498,0.01546887475875163,0.014332212751254306,0.01164800428285031,0.006662932934356639,0.004697682320649061
IS,2,extended,563,0.014852117781619574,0.03205914749951239,0.08127176493426934,0.17099724260102842,0.23063650142828707,0.4102172427858422,0.5444460588519441,0.740475333660954,0.9076828165090867,0.9539108170903303,546,0.033633080419122656,0.045619369012229,0.08484851614408101,0.18404018236126296,0.2599458046481132,0.3844838081676011,0.5203113492598423,0.7216049631868587,0.9100206919896396,0.9740056571973186,,,,,,,,,,,,,,,,,,,,
IS,6,extended,734,0.10140959866470148,0.14388181266689543,0.2541447466424338,0.38475054678155474,0.5169876240075347,0.7060611667096272,0.8184805508933217,0.9334787659467958,0.9800604300084588,0.9906230733531186,726,0.030086442501278215,0.046704481158508046,0.09378892330929635,0.1700709850411511,0.2486925684281522,0.4166631761868514,0.5830331332435094,0.7824444597691657,0.9494529224284713,0.9892135667078326,,,,,,,,,,,,,,,,,,,,
IS,8,extended,876,0.05092705025259427,0.0775928633806852,0.14470008400032788,0.2408512428635746,0.3452627718763176,0.5334834796651627,0.7198964725148927,0.8960770542883261,0.9751878867600237,0.9897011215360192,858,0.028149896949840096,0.05005973876340224,0.10152580449400052,0.17748046476297336,0.2549565741627004,0.3970383989028229,0.5260616742398039,0.7383263059129909,0.9274643648807638,0.9772859255254531,,,,,,,,,,,,,,,,,,,,
IS,9,core,851,0.040684554233382096,0.060673424037262,0.13741468647457075,0.22895107414567206,0.33007221354014554,0.4992431756359717,0.6826863733266804,0.9039316394521967,0.9776824016618585,0.9947029719402919,837,0.018241002510760336,0.04908467667839822,0.09221215239980367,0.1495092757674742,0.21624044574125872,0.3294987345072028,0.47903576316030233,0.7259204293862466,0.9130511489377375,0.9732704597507399,0.006731464342383817,0.008621647134474069,0.012430015589975158,0.01584821372746311,0.01783443598353345,0.016498932282706748,0.016017667507408174,0.009678557267957601,0.005538452957907494,0.0024635179590299858,0.0050645114672901665,0.007551279552755216,0.011059375097842876,0.012021621346806939,0.014234784459716144,0.015691397107918368,0.018045378522614137,0.015948249363367275,0.009589374398860618,0.005299539411612797
IS,10,core,893,0.02635309336921853,0.042464672560452554,0.08131161651383405,0.14624648698200238,0.21591967780208082,0.3549220871698715,0.5108032109407457,0.7610535374113858,0.9452768848669587,0.9889264320211929,879,0.008884816517129048,0.01603303881959192,0.039801605478176044,0.0932686717792852,0.1563728726709329,0.2554756442344615,0.39357658212338764,0.6226059894385235,0.8777372759931893,0.9718200488680759,0.006077844717378308,0.007644102588406279,0.010635077619766457,0.012517130384544693,0.014161822835116019,0.016609552265065507,0.01696266093220261,0.014503222777320138,0.007317437450877527,0.003693718626943279,0.0035954588701884544,0.004728951954774789,0.0072265674076588135,0.011037900001236394,0.013998346600004456,0.01768678516060513,0.018576352701069353,0.01850373840280002,0.01148663790605022,0.005385464144240893
IS,11,core,834,0.03577571942962809,0.0675849110950391,0.1266815610882169,0.20612041489162422,0.3123064380394761,0.4668533179422479,0.6169258532479385,0.815518496579863,0.9533040154549254,0.9871807950870335,823,0.02999661942197501,0.048559367165017374,0.09798073402603702,0.17403373679912063,0.27057910687393333,0.38490240968808137,0.5097102862904803,0.7274189432995826,0.916285581873599,0.9866294021643646,0.008337303530132595,0.010745428265942363,0.014283486022294244,0.015891750939486922,0.017985220422759303,0.021537811926252773,0.020612258146572842,0.018391073604030757,0.008469076441860787,0.004698299196615866,0.007885578273908418,0.009342973268697622,0.013055261491029115,0.017362447659298823,0.020633111600785462,0.022227350389136032,0.021158818173514657,0.0191970514819424,0.0113601392276765,0.004914792142412094
IT,1,extended,1155,0.05529740401791736,0.0940859801585574,0.16280124143974387,0.2430084403754077,0.37048918314099216,0.6043289910701879,0.7896476084993723,0.9008769894487169,0.9621077478262154,0.987712884005522,1129,0.045427799630579635,0.07322149867677041,0.14175213000401837,0.2292347602912548,0.3521455277262347,0.5462964849635747,0.7504041902799793,0.8811282020230643,0.9614587298685883,0.9861915894954049,,,,,,,,,,,,,,,,,,,,
IT,6,extended,951,0.23378047757883805,0.3175781234989387,0.46766937187516044,0.573654111758537,0.69103900511408,0.8365901397949836,0.9062434459580404,0.9488001886791005,0.9823567949722112,0.9890053233338868,938,0.10915379341737626,0.14848677736333218,0.25300728283979745,0.39636574779778466,0.5355261129506603,0.7337854793576811,0.8461102953387991,0.9256152076655562,0.9881421416444888,0.9944038643772407,,,,,,,,,,,,,,,,,,,,
IT,8,extended,2565,0.23474673226404758,0.32118095763161825,0.42681268081946,0.5406570166476176,0.649435134282094,0.7949686043844123,0.9032537116304162,0.9562743830315072,0.9872111975008739,0.9927373255071893,2503,0.13616231141642973,0.19940020493187288,0.29060976478120526,0.416990224372788,0.5366262362201982,0.7022500343748378,0.8415121856177861,0.9332074519673684,0.9838845783136544,0.99350764860963,,,,,,,,,,,,,,,,,,,,
IT,9,core,2656,0.13627885171740636,0.18358866834552356,0.260673727850613,0.3583041643487623,0.47290451128334243,0.660970475789873,0.8153683469257035,0.9158685268463073,0.9704857833098466,0.9842519006975188,2618,0.04163011332580568,0.06878526816488867,0.13410808599712848,0.21145416676427517,0.3341015553337324,0.5222234006606763,0.7346383304396817,0.8845647705810787,0.9740793752669252,0.9873690514205269,0.011601241256625433,0.012608912274873872,0.014677837433036434,0.015494443073694155,0.015053910903326067,0.01589072539714638,0.014630928016626462,0.010133552102666546,0.004664864269960411,0.0032447213847732644,0.005729441138351305,0.007755266979271661,0.012183770018271586,0.015319777184641526,0.01760875907968716,0.019792113686729028,0.015994872572338236,0.011173849806958076,0.004497832940806524,0.0032011619280309348
IT,10,core,2611,0.0957178947876155,0.15418511379654581,0.25090258145192396,0.37912220038668826,0.506276379651694,0.6785115333202351,0.8291273759654182,0.9359952566381409,0.9852473621884996,0.9943587532305485,2587,0.0415824377286947,0.06840425411091379,0.12948088224012075,0.2123155909687954,0.33950733712921144,0.5199272928961088,0.7087828757703707,0.8775353417537698,0.9677741498932204,0.9858583596149194,0.00898134879363286,0.01061717944339032,0.013564262605629478,0.01602745452655806,0.01666628450432645,0.017455825720466812,0.013028898506884885,0.007983552930530597,0.0030666532364834213,0.0016410840065258212,0.0067584598196074545,0.008611340458749499,0.011940197277665624,0.015107787267832276,0.017872057178454238,0.018988338495935397,0.015292815010425552,0.010225573299177834,0.004621790753321346,0.002844852229863525
IT,11,core,2809,0.10406435621127638,0.1537316301336547,0.2347856890618495,0.3476124397894382,0.4910293524873479,0.6656592623218186,0.8134555912203144,0.9192252648724797,0.9777275936900738,0.987792320762902,2759,0.05169412863102917,0.08305738301873446,0.14295022808298882,0.24263457959681448,0.3790001295050722,0.5749603048399752,0.750907614800995,0.8972077273981628,0.9704106726029817,0.9909252001668888,0.009375327936482152,0.01175561639531324,0.014054544208369355,0.015797936248228645,0.01633173580570971,0.017006916054820298,0.013764017791543022,0.008554917722941296,0.0044839797571028395,0.00351107427896487,0.007238480156810162,0.010286488776122192,0.012382801081434096,0.015504434011563454,0.018012223136655823,0.01861818782522304,0.016487611083832402,0.011940975206852458,0.006343072078991829,0.0023239109206062156
LT,5,extended,1627,0.2792024533760593,0.4598116482325648,0.5951677113561469,0.7534558906471769,0.8201610906669723,0.9293913275355925,0.966886211251153,0.9862491526214526,0.9957710148037398,0.9966596338707553,1542,0.13627781795730481,0.2573045542636412,0.38378369146723085,0.5178448675999588,0.6260070788005843,0.7975138765545269,0.8636582595191339,0.9447199143268519,0.979668212607747,0.9970622443145568,,,,,,,,,,,,,,,,,,,,
LT,6,extended,2047,0.1562905731917653,0.28316220214849347,0.43322704204765017,0.577491475699627,0.7068332551440402,0.84226146919706,0.9139885540682335,0.9622441304419994,0.9912397076187113,0.9955417117744257,2001,0.02128734524162573,0.05111188708550182,0.14303765340105112,0.2533836257932053,0.3872747207644055,0.5980039193585505,0.7350925511208865,0.8701692692376576,0.9553163880792518,0.9903724254064217,,,,,,,,,,,,,,,,,,,,
LT,7,extended,2215,0.16096412720905207,0.2641003693519879,0.3953886029123327,0.5575943530824266,0.6681688050358258,0.8212533473799619,0.9064725877633691,0.9615882892871882,0.9878565646983049,0.9944591071612264,2149,0.06587890396356645,0.13124497044416344,0.21016244654415314,0.3274785666847418,0.45659557471353396,0.6506412509157666,0.7717459095129674,0.8937932933294943,0.9725934988433346,0.9919677071063773,,,,,,,,,,,,,,,,,,,,
LT,8,extended,2083,0.10328536496385501,0.1817328522004615,0.29477862447055003,0.45469102659579413,0.5752745929320214,0.7531519694263765,0.8660570961191174,0.9471673650184055,0.9806385426367047,0.9910362736747647,2047,0.03676156614442767,0.08187126015419585,0.17228760840852245,0.295008334832335,0.4248738561464308,0.6082099361493681,0.7525850387781867,0.8867597212989367,0.9693680615847708,0.9920194341649446,,,,,,,,,,,,,,,,,,,,
LT,9,core,1809,0.15034242072934323,0.28090561546828785,0.41668665825549206,0.5503014662635147,0.6392023201069588,0.7932490604451822,0.8940129814310349,0.9536662855142901,0.9813874366792725,0.992124497849547,1731,0.04612362079458702,0.09830432564112895,0.17606976293590498,0.30867133530106905,0.41344783088970793,0.6002583676206718,0.7233968641664966,0.8644318065277026,0.9558678427481558,0.9827758178434434,0.01134748064345134,0.014845873771885279,0.015551508622244466,0.016717013789081307,0.016749481383697598,0.014045659675596546,0.010004481440312898,0.007301735998623329,0.005051798718074839,0.0032695756411835015,0.006613796610606434,0.010680422872496076,0.012771201818819012,0.016607193359122877,0.01682582049253382,0.016483511344038776,0.015276228229968034,0.011788520101261296,0.0072166714162919055,0.0048495737053897165
LT,10,core,1642,0.14922573791163607,0.22106840465597563,0.30656518451220094,0.44444348163270175,0.5576601573781509,0.74077527022502,0.8230376647255645,0.9051505825140049,0.9607220187980937,0.9765273368047735,1558,0.0817431636560132,0.1238714569663525,0.18355433495645054,0.26398573029330696,0.3636091702348104,0.5607661605662001,0.6593008389065751,0.7770502090560781,0.9046508896395186,0.9537522340334234,0.010620832066215592,0.012489064927229218,0.014132165400319772,0.01574281525622355,0.016243660493052453,0.015513698672359192,0.013707699546793961,0.010158048559208129,0.00702308783422822,0.004915157910767944,0.008096935366804062,0.009546886329539003,0.011701314262820948,0.013352688924889625,0.014257583832534957,0.014768669755004194,0.015116651169064924,0.014036709570640956,0.011199307943520986,0.00719100098193352
LT,11,core,1354,0.15219608814176702,0.2188829039124206,0.31423958790934986,0.45304349071757155,0.5989355208573419,0.749389101885549,0.8394244162057033,0.9219635747813671,0.9713870915872322,0.9884238461349684,1295,0.08670371155420459,0.11144910882689517,0.17485131012270408,0.2833507985615244,0.4316280945589202,0.6533721860230687,0.7501516494803834,0.8783182024631039,0.9553072850092628,0.9889604827225805,0.01207982537226694,0.014610439983752986,0.016424674744319176,0.015568279140893091,0.01570423660039866,0.01379137176254322,0.01203504924730685,0.008763675636211289,0.005832198323278582,0.004013383041446625,0.010426424945272485,0.011417704865538112,0.01232948609296754,0.014646086737283116,0.016198076337471223,0.015378977556189964,0.014174698477896387,0.009676783330056333,0.005871573479024742,0.0030111261386174225
LU,1,extended,1300,0.034309284324005006,0.04750915718641766,0.08019268182916961,0.1412285783052938,0.20860884347852246,0.5110550939288581,0.6402758828170977,0.7800873335702553,0.8981253606341896,0.9442517788209571,1391,0.009451390095551319,0.018128951265368065,0.03333734843841765,0.07578636702550659,0.12673024229614305,0.2873398016669655,0.3745383825263865,0.5393266686100846,0.7618943777788504,0.8840444469818047,,,,,,,,,,,,,,,,,,,,
LU,2,extended,1456,0.02406916775323713,0.03963367661409913,0.0731692620299568,0.14529559269934147,0.21486563598265876,0.4702072300325778,0.6090536656716224,0.783008582073123,0.9222943362871185,0.9540560600709393,1503,0.012241030907249088,0.018483769001465578,0.03158349854433995,0.07162051049806628,0.13260684825476166,0.3200071842319616,0.41653411857492295,0.6155516620454402,0.8167369613751225,0.9268722055698491,,,,,,,,,,,,,,,,,,,,
LV,4,extended,1955,0.34843014778533843,0.5201815513644221,0.6812648204726388,0.7936535449295613,0.8545710114676474,0.9313086769203138,0.9611604016366279,0.9809206611133445,0.994613886274945,0.9972297870183088,1886,0.15785447577597403,0.26085437399255046,0.3882941088439694,0.5298818348447928,0.6722768969544161,0.8481937619742234,0.9128780992930476,0.9600461859901024,0.9835656524517308,0.9977704387089975,,,,,,,,,,,,,,,,,,,,
LV,9,core,887,0.22306187659720372,0.2834446047842211,0.38355347752827174,0.5064436120646784,0.6013492184503579,0.8307900011676079,0.9019747692608082,0.9604178221354135,0.9817358093738973,0.990166153274904,809,0.12249185720576501,0.1788993412083145,0.2518784999339371,0.3858387219271129,0.4767245960434032,0.6818909620037595,0.7838030218455403,0.8785512346901523,0.9551396514468592,0.9788362350451365,0.017100857726659133,0.019283039125880978,0.021696011759444453,0.022161844345706557,0.021534042340336144,0.016696369135633368,0.01160300548432058,0.006721163951190162,0.004034897537273742,0.0029514966032353376,0.013809449461413156,0.016381803548470217,0.01910899382728322,0.021268280574343566,0.02278863494329114,0.019868776297589194,0.017995812045682364,0.013384256038442363,0.00832114287536065,0.005656361682503093
LV,10,core,1017,0.2391075143554523,0.31968935655767927,0.43415746897681917,0.5657174241606587,0.6545146497229568,0.8155053337742443,0.8620251039100247,0.927427679125524,0.9720356935219937,0.9865964424018421,1004,0.16247974414227465,0.2403683096445819,0.35451360734253873,0.4669437345021436,0.5558430079936708,0.7270244375921272,0.8197101399943605,0.9057018370952972,0.9715264948200139,0.9910583749394118,0.014793326925794735,0.016236320878507075,0.016697621311100152,0.015521660026667073,0.015609773582685284,0.012102539708563332,0.010861042383275732,0.008316809580577645,0.005350172884574343,0.0038546488805514334,0.013023393331692935,0.015172264789668712,0.017214420836188342,0.0167747452998478,0.016996783742360473,0.015130894249694715,0.01339234579330159,0.009623168641643113,0.00597747217465424,0.0033364397186187314
LV,11,core,1222,0.243550578574369,0.32171614556658257,0.4256985627374257,0.5384955744522636,0.6514250007185818,0.822037406216059,0.8972565680651031,0.9589058867205145,0.990203221820255,0.9988496400368367,1155,0.10836199334398647,0.15543018365449807,0.23046412575464353,0.35327084936952796,0.4663059986522833,0.6682071034556474,0.7751412297615011,0.8935295689569106,0.9712665818212627,0.9861890935346822,0.01686057190972417,0.018211335492387175,0.020194319489858423,0.02024288169981142,0.01875247636657203,0.014133166311384716,0.011651234624600179,0.007839946886857355,0.002659891194018538,0.0007270076074199671,0.013326947412831832,0.0148591082126976,0.01706209917291031,0.018086895609761122,0.018660386923619803,0.01711289985892389,0.01613240794198669,0.0111662607368929,0.006179566328556657,0.004397678397384644
ME,9,core,1164,0.1602120148230743,0.22433201614962198,0.3350486409605361,0.4450223146488288,0.5265053959392438,0.6723027321651194,0.7550723654942563,0.8457258933059499,0.9056615945870624,0.9455660539457261,1163,0.11085469074816527,0.16737597688518754,0.29703528069586393,0.4373770628167678,0.5417620088033839,0.6950878248494913,0.7859256542346762,0.8786735860480764,0.943768770567547,0.9692718564074677,0.015112055954156557,0.017854005911076883,0.020843811374870264,0.022520057044777414,0.022766133935592046,0.021012469300046657,0.017871633574174754,0.013621867994706884,0.01103887049443462,0.00910836544101517,0.013663326839726528,0.015671161605347636,0.019948213764797884,0.021131801544201443,0.02334779000599582,0.02154296051102667,0.01785698468583802,0.014045098044651311,0.008480922355875942,0.005907863542730365
ME,10,core,1241,0.20803801103585806,0.2671063785643706,0.3640624706861203,0.49147240039083456,0.5893660490089507,0.7475910372916885,0.8478644750171135,0.906935034838429,0.9493066726977161,0.9638244834345641,1260,0.11819913928627152,0.17100608923190735,0.26778182511139353,0.4133573426558565,0.5272420260588351,0.7148392173638111,0.8214176565434045,0.9085078294285237,0.9568220044613902,0.9743228885680965,0.01871618219924731,0.019673367554723938,0.02112309174634029,0.021948195181160604,0.02206827044050408,0.019968824491892596,0.018727745300280787,0.015033887563319583,0.00970045084692623,0.008414557845079019,0.015546079631096344,0.018959407817647343,0.021765296458516513,0.024154775802839232,0.02537591797027524,0.021608371176419235,0.01978092896341912,0.015961013679550756,0.010652104675096568,0.007462672916943626
ME,11,core,1555,0.13359672767301134,0.20045093247275414,0.2769267338919487,0.4072625269612066,0.5337055981426113,0.7403842329308352,0.8600581458753486,0.9337830642935511,0.9761165707623793,0.9849196721540813,1571,0.1761577241937108,0.20040099019241792,0.25433429890645665,0.3124864083837772,0.439949137249293,0.6929694697608478,0.8366870648516523,0.9302944962793399,0.9748500984525789,0.9885312339381381,0.012368471161694629,0.015384324337469031,0.017173641700222723,0.0193469583010535,0.01897177146399259,0.015973144328058957,0.012778735629053734,0.010126673676227006,0.005222339948307348,0.0042964733736529735,0.013504928477803255,0.01404433647180681,0.015118381380245979,0.015990132269348215,0.018361574888075837,0.018667547550818873,0.012946911510620685,0.008127062645717237,0.005273124167299242,0.003607285714079967
MK,10,core,1411,0.255980572985395,0.3243619723958887,0.4278739928304009,0.5625802203325039,0.6446622645504121,0.8091425026224462,0.8751252193325998,0.9223316849124007,0.9607385625762555,0.9737695596450423,1399,0.19415580010684194,0.23782921693182063,0.331746731372633,0.4820827398782077,0.584967801664934,0.7275936683161109,0.8177604045453969,0.8981896839666962,0.9530620597174676,0.9698272919665432,0.027049720589055408,0.025181451910586437,0.025340144369713803,0.02323287118636269,0.01934701048489702,0.02109727657337422,0.016053355519390605,0.012404330728407766,0.00856448695404099,0.007104995436907627,0.027289865677110677,0.026604857464384797,0.02728195974364106,0.027316456623980807,0.024805001278693208,0.023592662416226255,0.01753759524021719,0.011921034735363314,0.00849143975275914,0.006857519221419837
NL,1,extended,2326,0.03371938895858463,0.051748884400976164,0.09761915048798918,0.17857690127404713,0.2810806093440512,0.48535523861471314,0.6951982863798105,0.9079702259537744,0.98448821529235,0.9931792791423821,2317,0.013288678911141653,0.02850454602051362,0.0501353521932403,0.10297894955562144,0.1977400604886565,0.36562775269009085,0.5727796093063752,0.8267801735554958,0.9670111128821932,0.9874282978963254,,,,,,,,,,,,,,,,,,,,
NL,2,extended,1864,0.04780835805078212,0.07422963314796968,0.140118240226534,0.266835029591144,0.4125745802084842,0.6069045188467462,0.7997903142706707,0.9431285661978153,0.9867563746691418,0.9955465985231052,1824,0.017565059492333616,0.03355118223209749,0.06982233598327782,0.1284143254934269,0.22512670604110135,0.3968825082426561,0.5861319806654859,0.8493993585526901,0.9685057388574285,0.9946942698455635,,,,,,,,,,,,,,,,,,,,
NL,3,extended,1861,0.023579005503507593,0.04233613491931808,0.08731690615411872,0.1544816564738042,0.25845759201324964,0.46253116919590626,0.6977359768812276,0.9160535155223348,0.9840675568975251,0.9973415374475978,1833,0.008488044825747986,0.015799847430918338,0.03940180268028798,0.07704617433159767,0.1556854345299959,0.30243812256292335,0.522894882647492,0.8035929531651621,0.9697494288022401,0.9948591283514532,,,,,,,,,,,,,,,,,,,,
NL,4,extended,1761,0.0224077629007915,0.03755335197274563,0.07323906361374875,0.144146039960334,0.2286125749137576,0.3969464894180886,0.6221069010607906,0.8962172933523181,0.9873641366344403,0.997894769380488,1740,0.008517600914207168,0.019996632124559426,0.041448374205152516,0.07930648377562627,0.14263185809317083,0.2743956824517382,0.47516218616685957,0.7682060713381066,0.9500517395149217,0.9926739390089443,,,,,,,,,,,,,,,,,,,,
NL,5,extended,1802,0.03297486746993311,0.05363265318746197,0.10042314576853323,0.16129953237633676,0.24670497253132112,0.442709806826089,0.6784993545661473,0.9038992523436603,0.9823763861994042,0.9918649168290802,1795,0.006393736882433941,0.014225638351679776,0.031952500244755676,0.06988813197371059,0.13662473327911503,0.28785111529468393,0.49263413885217266,0.7912899217396588,0.9603500295381958,0.9916540269139464,,,,,,,,,,,,,,,,,,,,
NL,6,extended,1824,0.03482217123941244,0.05696650674823771,0.09447208427043036,0.1657341333503775,0.28509377684520937,0.477182391875176,0.6830448734106004,0.9048685443858774,0.984547667129344,0.9941570762394947,1805,0.009477316542515003,0.01290008972054454,0.03146254601245317,0.06841730116604082,0.12732124564128028,0.25689523576243156,0.4742777025736118,0.7649819776539243,0.95647582198951,0.9926622513503941,,,,,,,,,,,,,,,,,,,,
NL,7,extended,1903,0.03773089621844274,0.06117545228172236,0.11940843253066123,0.19290977104288637,0.2952907308054231,0.465320508835636,0.67712946765306,0.9030190217725956,0.9899436766776537,0.9960941291113712,1877,0.012703048480801565,0.023907521619667745,0.05239257974128703,0.10950925049433675,0.1841972952942567,0.33733163399065696,0.5376474696794403,0.787202885314723,0.952595888791699,0.9920220894074313,,,,,,,,,,,,,,,,,,,,
NL,8,extended,1662,0.027985631196997304,0.042994703469895375,0.08578104658448879,0.15147296164559837,0.2439178764645462,0.407690916836277,0.6306939049867663,0.8782707289890856,0.984334232223277,0.9943500049724436,1643,0.019953634991287533,0.030592031817297412,0.060080037275565254,0.09298395881314356,0.1609535506296497,0.28411815670969853,0.49808460610548944,0.758239056514699,0.949696969895376,0.9866879990978383,,,,,,,,,,,,,,,,,,,,
NL,9,core,1637,0.01889544437512913,0.030716471788528155,0.0577870289938221,0.12014897880600804,0.2004271704159532,0.34362665334584885,0.5566139786055925,0.8414081726557489,0.9688830429471486,0.9921002880176804,1629,0.0056064435554781696,0.010663493487554567,0.02471247326371231,0.06781864983118295,0.13424009884022356,0.2602492775453987,0.4594460095148772,0.7187961014387647,0.9283548909150909,0.9857507856022105,0.0034389347297628884,0.004345203161649583,0.005654192400198297,0.007912128896341214,0.010162393166780817,0.01127201817734853,0.012926653109585486,0.00885897347290625,0.004203596088009756,0.0021752539731102606,0.0018397286567578015,0.002398020806199875,0.003630255381373831,0.006392979781707997,0.009514908191556294,0.011224579934982545,0.012147519929816226,0.01187384713529479,0.006598036975243725,0.003135527027024676
NL,10,core,1455,0.027349551484583626,0.04385068406760048,0.07842457337013171,0.16097122984475232,0.24075559712635142,0.38388607408064795,0.5941488547029765,0.8404258081586582,0.9640029494255811,0.9801120827535831,1449,0.02163098428944265,0.03133783823304679,0.05419211360662856,0.09674374777168449,0.17741824174053925,0.3059349845932868,0.4896923822477677,0.7638393859065912,0.9327888852259726,0.9870772016730801,0.004938074169949353,0.0059769206885887756,0.007831075273070238,0.010501769680132009,0.011136716454511643,0.012903078061296711,0.013051784484778605,0.009656098324671975,0.00491474252316904,0.003884975141746995,0.0039791151433401905,0.004751815232025618,0.005877212688645259,0.007814912009912214,0.010358410659529797,0.012231003634183142,0.014069594436168962,0.011154068258350133,0.006908967268962938,0.002934675275414825
NL,11,core,1675,0.041825614402398834,0.06878407848326758,0.11455385269506436,0.19413661849563305,0.30561928189582366,0.4576235272789297,0.6559195855751919,0.8716332451912595,0.9831405298997316,0.9966922709988224,1652,0.023353125019452175,0.03789413253945996,0.07284365781583296,0.13055260020265255,0.2075750467373329,0.3375817585482842,0.5328855668188341,0.7578732508886493,0.9343596159037084,0.9890566765388442,0.00473052828682966,0.0061305851162967995,0.008337390176231514,0.010252596079025065,0.01147921753212763,0.012587759762035423,0.01220846719152176,0.008437736754457664,0.003495428491626604,0.0012587267066116146,0.003753621663166589,0.004489450667034241,0.006391530670479756,0.008430008225787745,0.010311588608964372,0.011966026616932354,0.012597761636588293,0.011012158399593719,0.006246287403029595,0.0027093228179657226
NO,1,extended,2030,0.028059640847505223,0.04144577353510795,0.08005901791301683,0.16872263651791505,0.2798920306546886,0.4811314528717174,0.6177768094219243,0.7811901377973924,0.9237233800454842,0.9695451255924246,2013,0.01148730798282838,0.021147245723788864,0.04704138155739977,0.10427872575072696,0.188871618659266,0.37922741424072615,0.527933375857955,0.7266770879210942,0.9027924061214669,0.9808262806006142,,,,,,,,,,,,,,,,,,,,
NO,2,extended,1749,0.03555226704609108,0.057643490566672076,0.10938778771022714,0.21267549889520138,0.32419857132928526,0.542674958093284,0.689067795838141,0.8228792373291876,0.9463318165593886,0.977167463659215,1741,0.010723894868769193,0.019110068414198884,0.04268971721671944,0.11160174402592239,0.21074769134140278,0.371595022734047,0.5036341119585087,0.6996596391761822,0.9001986259969941,0.9658459530517788,,,,,,,,,,,,,,,,,,,,
NO,3,extended,1743,0.030440283180829666,0.04529636453438162,0.09535232176663086,0.20515468975593315,0.3086210675772799,0.49941711796190824,0.6378587212535464,0.8031350070100955,0.9298686656403148,0.9709460151146249,1729,0.006944295908377212,0.01586865327097987,0.03524803877003815,0.08050928978082054,0.14281099117710613,0.2887328825658087,0.4215849899642062,0.6414272343429888,0.8577628135149146,0.9642558832714322,,,,,,,,,,,,,,,,,,,,
NO,4,extended,1537,0.034680183543626154,0.048687654472749406,0.08839474155692849,0.16627129265390064,0.2682212571731394,0.4915375055694368,0.6175119236731841,0.7729501038164768,0.936784435150324,0.980002828918054,1528,0.006558752511913679,0.015019315709826583,0.03377426004558501,0.07678578046633941,0.14066760263812422,0.2931700814797097,0.4156329153945926,0.6288098579660901,0.8552530010393369,0.9568356352131541,,,,,,,,,,,,,,,,,,,,
NO,5,extended,1538,0.01997127786246174,0.03829496746543611,0.07099667255152206,0.1353208707951287,0.2095913807787737,0.38927396868241354,0.5463398730091705,0.7283642307548684,0.9045272656263227,0.9646653324243707,1527,0.009161269304644986,0.015290596641483703,0.02723358953729042,0.05869207660953861,0.11321685705625877,0.22265669163076918,0.33498701371338396,0.548824933631765,0.8006514365958937,0.928874573856242,,,,,,,,,,,,,,,,,,,,
NO,6,extended,1605,0.017431920994415335,0.028607901870469583,0.05631109272728358,0.11574198869810422,0.19834054151151873,0.35027277268947976,0.4983868330667958,0.6979416817648715,0.8912226742564319,0.9538325044392066,1610,0.003680838456483456,0.005826049991348535,0.014924416391761909,0.03313677495550921,0.07507525186272121,0.15384464821190819,0.25634590085545195,0.4822434396684067,0.8001861038555125,0.9527507381829322,,,,,,,,,,,,,,,,,,,,
NO,7,extended,1429,0.01716268294403692,0.028334532913511824,0.051558673698323246,0.08380297318402447,0.14582947230854162,0.25159093942151267,0.3829102601415251,0.6072996706008217,0.8367393801974017,0.9351282808534126,1418,0.006296109582675396,0.009552768080829253,0.01844587721640017,0.043853500436169604,0.08853548357018039,0.1892902319530552,0.28986474572901566,0.4801036801378159,0.7623113799034608,0.9144386695352567,,,,,,,,,,,,,,,,,,,,
NO,8,extended,1540,0.017563923295220787,0.02988240625780269,0.046668287980546626,0.07960293174711197,0.13835886721467663,0.26276005610685926,0.3864871304670196,0.5871304740573738,0.8259955465438656,0.9353760423157094,1530,0.00411377049897585,0.009949433817502082,0.021539935053216164,0.04529159524083835,0.09449711276114928,0.1885260997335305,0.2815723215763023,0.4905149896131425,0.7512491047104611,0.9174959154298756,,,,,,,,,,,,,,,,,,,,
NO,9,core,1400,0.016020857180216005,0.027238515631191913,0.05608326351659066,0.09940801150980397,0.1550880855895488,0.2745549690032473,0.40568424053019103,0.6023008771306925,0.8043861365905354,0.9074556240265201,1395,0.007858963512146192,0.015501629756483755,0.036000599806328956,0.07002884167606566,0.10664878155417126,0.1935504857096293,0.2959191860790559,0.48227041018739586,0.732980061834026,0.8995842742944028,0.003544745051288747,0.005134975956005027,0.007026222811054785,0.009030660730290609,0.011539408633349672,0.013731617270054125,0.015332547912934777,0.014445340282963938,0.011795279119454405,0.008557408051419683,0.00378139752094028,0.004522589696572214,0.005914192282683803,0.007651073445386923,0.00958974298962468,0.011491325564180662,0.01303581846273037,0.013939395656883494,0.0118490085699573,0.009082156051531879
NO,10,core,1407,0.011052623362965187,0.023473475839343748,0.04078943273205052,0.08259404038317861,0.1286288588815157,0.2300918269888368,0.33445779594665603,0.5502428944670847,0.7718316811982627,0.9084934456633631,1406,0.009065488381367753,0.011745710535397597,0.021578740915991407,0.03989128535920366,0.06646236789844029,0.13347430908065114,0.218717320734311,0.359895779912627,0.65203508016118,0.8867411428004814,0.004646983587869151,0.006686558502163983,0.009122541835452165,0.01176445368196827,0.013720109731052177,0.015819408500664506,0.01746267583732527,0.018367262610928196,0.016593430859051815,0.010255047438928513,0.004630320002378881,0.0049257520457701145,0.006714570891602981,0.008777222624414533,0.010681252661584211,0.014359716058542797,0.015634172706856454,0.01908078489227537,0.018922109149987414,0.012208102168649971
NO,11,core,1331,0.030589874333012784,0.04254951839881559,0.07405004381294962,0.12267000191918043,0.17980735069354642,0.3058067304007856,0.4210833334970025,0.5906652761376519,0.8298130621118878,0.9325288676484268,1331,0.011846730381151523,0.0214121455743833,0.04220142588036887,0.07302541553500108,0.1218304139612159,0.20914762108989912,0.30155217790582006,0.46326888444790926,0.71354343054221,0.8956636620338533,0.006804780482368525,0.007867423873798308,0.009302183806420398,0.010264134382635808,0.012012924554191121,0.014715377277335677,0.01571527716933808,0.014703038129182593,0.011268092140650764,0.008100324894273075,0.004074747539926998,0.005110203005365825,0.0068199749933760675,0.008414964725728037,0.01070788228121,0.01321092495801103,0.013794871351585728,0.015164169400123126,0.015061429684580073,0.01043160003590636
PL,1,extended,2019,0.11611591709112284,0.2043830249957201,0.33950778668483766,0.5153380315906936,0.6463222039693843,0.8526753975744388,0.9106845068365945,0.9559002724510932,0.9880045496101679,0.9910268007806412,1975,0.08256849653910564,0.14044157978172625,0.24256810468749396,0.4025861534567193,0.5615608693533544,0.7639135933369309,0.8550915404729508,0.9250683938246671,0.9730098425091726,0.988308246502755,,,,,,,,,,,,,,,,,,,,
PL,2,extended,1680,0.2802517618541087,0.39948881399984637,0.5595283544932969,0.70761441215209,0.798264171771958,0.9305516669463644,0.9649364472680972,0.9805383147111757,0.9916300776238104,0.994510181240708,1619,0.11466121163631898,0.18315279174108146,0.30988112510170757,0.4651404015419175,0.6141213874208237,0.8017247041660651,0.8869680867701514,0.9434115620450231,0.9771274154649623,0.9914796866489793,,,,,,,,,,,,,,,,,,,,
PL,3,extended,1678,0.21980028111970296,0.34382053130640966,0.5095436228601452,0.6653265867743631,0.7678545252875778,0.917286166513484,0.9497510713677437,0.971582838678006,0.9864947504157493,0.9923772842867353,1616,0.07111584109466731,0.12202435890296338,0.20928564210320544,0.34944042469901626,0.49330360101010373,0.7192573435633838,0.8325654196936414,0.9074516416962379,0.9704474509830234,0.98939174144022,,,,,,,,,,,,,,,,,,,,
PL,4,extended,1562,0.17177631936381055,0.28284111175861965,0.44025021256525204,0.6101788498733931,0.7098740531470165,0.8919695011082015,0.9450582717704431,0.984240145364513,0.9942675451348371,0.9980836514609713,1514,0.04507967030286023,0.08895780320227696,0.15619799823900957,0.27994884550466337,0.4067656903612007,0.6226148352925027,0.7491884019708749,0.8792910485357284,0.9664183372396729,0.9890236330041606,,,,,,,,,,,,,,,,,,,,
PL,5,extended,1689,0.11821103000380491,0.2212962487000583,0.3757984253745721,0.5407789555446141,0.6615317709408436,0.8375559243795659,0.903112491025741,0.9545004898874982,0.9807807979128292,0.9949229475556601,1664,0.032186707188480726,0.06416476888987144,0.14605712781128324,0.27103773088146604,0.40017252237906853,0.5982364534519519,0.7162448521221234,0.8451126336542965,0.9434785502174653,0.9783099061963015,,,,,,,,,,,,,,,,,,,,
PL,6,extended,1849,0.1882584958587744,0.3146964947864278,0.4773318800952265,0.626844380091692,0.719307116341499,0.873108007992021,0.9282789897014991,0.9578026365936927,0.9801479012095402,0.9902962081310956,1802,0.045754777009761056,0.08820465983148203,0.16368874054509452,0.2777182895488233,0.40165752273473443,0.6032983245715381,0.7244881464680385,0.85630107150793,0.9558238016528571,0.985545596112566,,,,,,,,,,,,,,,,,,,,
PL,7,extended,1567,0.21201026034244197,0.3492274095275503,0.5041160786442008,0.6507286641615863,0.7356618625995277,0.8855494771319511,0.9338119679412633,0.9668207581181891,0.988155153198491,0.9918098257001617,1521,0.07139971656775901,0.13675307770461143,0.24665558045099054,0.37481971862143454,0.4887332835307977,0.702132726047073,0.7847714142277232,0.8722795401550281,0.9606089025562262,0.9850685688296487,,,,,,,,,,,,,,,,,,,,
PL,8,extended,1645,0.17231138486804604,0.2782351911111922,0.4026768110540227,0.5452592203736812,0.6479189984869189,0.8357782448138955,0.8813135518456852,0.9252976741935066,0.9629665901255194,0.9761960786831673,1593,0.06868541773074989,0.12248597416998566,0.20801245910921473,0.3306239549446913,0.44641462122417686,0.643232103239556,0.7558661865048022,0.8476137522516037,0.9333179229217079,0.9673756104666175,,,,,,,,,,,,,,,,,,,,
PL,9,core,1456,0.15139270251455195,0.21712632777751936,0.3225294286436438,0.4500016638902795,0.5598333565125013,0.7661352059319699,0.853573781712721,0.928705988273796,0.9730465078292917,0.9871155886156227,1423,0.04949098639113858,0.07725665254507073,0.13959492163164525,0.22750240799342278,0.3009888304375439,0.5083865799335852,0.630117592145071,0.7787154855894638,0.916061746703977,0.9635490576430382,0.009911271338468584,0.010786523960243852,0.013083182576531571,0.013070796931685783,0.014003801583355822,0.01253612441755093,0.009954250049056044,0.007486778142673113,0.004583242019450496,0.003003065893832456,0.006496012649762278,0.007972868806833042,0.010662165651311508,0.01248597333853008,0.013861527182169792,0.01519885780301685,0.015248848430010419,0.012750776551461883,0.00776611640475428,0.005880221938459003
PL,10,core,2029,0.25114228194954746,0.3761362839477915,0.5218929804579443,0.650241268343599,0.7189262536726877,0.886564749332338,0.9186975963149928,0.9490109439067922,0.9722472790304475,0.982661600111947,2025,0.1945799098226988,0.2762897368214347,0.40963835486594874,0.5382284786708207,0.6159392849106462,0.7584906509683534,0.8103948742865602,0.8669080708044458,0.9264616742154065,0.9484859482356965,0.01002340983415191,0.011025116538570471,0.01163627787630903,0.011031647835129329,0.010069690327341648,0.007102548847214953,0.005799804758511564,0.004715298425774838,0.003395160214114816,0.0028478806000564326,0.00804466007007616,0.009540734764998251,0.011167630398312544,0.011597695748050961,0.010982169151862281,0.00936869596035897,0.008552123192883076,0.007700213816209038,0.006037938980457848,0.005027737583756437
PL,11,core,1403,0.14118861363245272,0.21118401707565618,0.3276371442769585,0.4541330583804249,0.5684528787233349,0.7559207475618105,0.8159137486200421,0.8848658482496988,0.9543233790709315,0.9741657871655625,1369,0.046522858451450606,0.08339714064432696,0.14927106722348094,0.24915260772100012,0.3535562501985916,0.5575812685919276,0.6829423339302352,0.8275095322552556,0.9224119428389174,0.9633162653950628,0.009719368497093924,0.011690074521335324,0.012564242639177268,0.014425346259629924,0.01412526223691543,0.011254362950494937,0.01059167495502323,0.008503251059050698,0.006002142776639546,0.004468392175737709,0.005650915966155607,0.007928078620450203,0.010290676079657914,0.012804679488967846,0.014299579023831877,0.01539106856164486,0.013253493739137819,0.010492717714023037,0.007874349197724603,0.005459720688108725
PT,1,extended,1403,0.09183449020909262,0.12840393683838716,0.19261005173704426,0.31795995041069963,0.45604514988228434,0.7093605258474376,0.8277939691433944,0.9294408316712535,0.9676877545494215,0.9761784597150881,1373,0.05575084268358925,0.08923169265661965,0.16368713603120152,0.2838078104738149,0.42413709395507315,0.7177917365002295,0.8242066272853825,0.9261471812533925,0.9747090639517229,0.9878240976632481,,,,,,,,,,,,,,,,,,,,
PT,2,extended,1971,0.11967752822782626,0.18981600187985603,0.31371317724484377,0.4512292647205795,0.5708523332237502,0.8050455846237379,0.904877792341583,0.9658607149112387,0.9859098006033455,0.9942950877728212,1949,0.09144698062231083,0.21836440951770386,0.39937935896792703,0.579484123682648,0.7077589441860463,0.8677669956418541,0.9296566589767375,0.9680745846271158,0.9913754077707494,0.997084285827296,,,,,,,,,,,,,,,,,,,,
PT,3,extended,2059,0.14020018356744843,0.19120055762649193,0.2822895759817281,0.4202228643609833,0.5441441073989035,0.7726121015299883,0.8758307730040272,0.9579371777722746,0.9885409808352159,0.9943116945838787,2053,0.0510815149631329,0.11551094178615323,0.20965308873203237,0.34267645258258633,0.4790860867005475,0.7477154695557857,0.8577915909365068,0.9466300203817493,0.9787000821592334,0.9923178419670303,,,,,,,,,,,,,,,,,,,,
PT,4,extended,2221,0.15707523307215943,0.2310805190840614,0.3447429372691477,0.4960571481550809,0.6221928971095274,0.8196099419463735,0.8938991716910798,0.9510968663553452,0.9887315978078067,0.9931746197619084,2210,0.06912015446813,0.1259471476132728,0.23137301738814584,0.3842085086623935,0.5204068075954648,0.7808062947025699,0.8902683899846827,0.959974185594149,0.9937146190674658,0.9981118138774998,,,,,,,,,,,,,,,,,,,,
PT,5,extended,2058,0.22742939698635667,0.3154109568675482,0.43896875021723786,0.5882794079911454,0.6977276866593826,0.8611894534402714,0.9333056530118489,0.9687230841851495,0.9939888239684698,0.9969962739375109,2038,0.08132072512652007,0.1602871476401961,0.29103378217498316,0.47932073151611737,0.6483305172515752,0.8713504636566529,0.9347032356670621,0.9709921245448762,0.9930439899430785,0.9972863789645442,,,,,,,,,,,,,,,,,,,,
PT,6,extended,2113,0.25014861476718836,0.3560615855597129,0.5227295367266147,0.691250259223189,0.7860620045060356,0.9049342555217024,0.9616310809512717,0.9859214050864299,0.9954330763018662,0.9975436473997877,2087,0.10847419189369584,0.1657934102911788,0.26704584917168944,0.3944191197800002,0.5557139540578915,0.7709353522974126,0.8729786306386632,0.9308240181942661,0.9758848582709075,0.9940785625563623,,,,,,,,,,,,,,,,,,,,
PT,7,extended,1227,0.2613470963968601,0.32945273328906716,0.4381070437432447,0.5408445577402251,0.6495333076750192,0.813665490208024,0.8982987059412005,0.9474582645320464,0.9757805606012535,0.984274990675819,1213,0.15192956885178407,0.21097704605888615,0.3211356547359458,0.47778216134426166,0.5987026303871623,0.795128140076938,0.8714519629586019,0.9358061749802264,0.9789348703682836,0.9868623861646147,,,,,,,,,,,,,,,,,,,,
PT,8,extended,1244,0.17866814645388646,0.2204468600025919,0.3000400377466126,0.4253710741769136,0.5486027034655149,0.743636857489883,0.8367566575517293,0.9109965834449409,0.9595832917497815,0.9735461783908159,1223,0.06519244035955464,0.08503857287010015,0.14950570861677157,0.25443991443426883,0.3740065739274843,0.6100862314231683,0.7444226110717747,0.8741866581171226,0.9628800786549874,0.9846563639704098,,,,,,,,,,,,,,,,,,,,
PT,9,core,1017,0.1392999960069783,0.18330449188235756,0.2668251031751534,0.39819410732298083,0.5177139623080907,0.7029286885667031,0.8083460122748516,0.8846649321260792,0.9498078985667191,0.9780878391630254,1019,0.04850500842034337,0.07444862051365263,0.13117717489431252,0.22491548236557074,0.3471194659573635,0.5765091224665563,0.7331305988875871,0.8473582247532139,0.9394096181880122,0.9746834920936954,0.01266957702172072,0.014292950497299157,0.01644959449203471,0.017370123304002356,0.0184609968279887,0.0161885440362239,0.014030508805814208,0.011017712099185513,0.00821538106046958,0.0050480892674604145,0.007585125354703356,0.009541222446681001,0.01159060048516157,0.015021814812587785,0.018126023584259673,0.01761235114008523,0.01624083610177693,0.013513611701315733,0.00928884190106798,0.00571173004734789
PT,10,core,1771,0.11278362239372042,0.16592939832879353,0.23568402770274388,0.33093734231036304,0.4056151750211049,0.6710070722695031,0.7778411323103919,0.8856832355525521,0.9695456834180166,0.9846164336419513,1726,0.0240755736725968,0.0419849232471267,0.0830692529161853,0.15831308224409715,0.24840734830683128,0.4773107832950658,0.6279359030377198,0.7955756559637056,0.954458719721398,0.9835134326246919,0.008643179667374672,0.009569073742746868,0.011185604585089173,0.011796887960476695,0.012555680657051474,0.01300710040008479,0.011820629996631467,0.00852012358509577,0.004659056568900358,0.003773234506747476,0.003950262778451807,0.005148721582679083,0.007420987668569376,0.010419893994137331,0.012519618791919188,0.01440164488366183,0.01343225429288585,0.011479299013939466,0.0059924195792858655,0.0038403597551257794
PT,11,core,1337,0.11552155987352716,0.1753535848867215,0.2724894937779059,0.36902243062174905,0.45785422465001435,0.6822933840197133,0.791702312365082,0.8840174183901958,0.9633234638456324,0.9823133831888349,1313,0.06753021830127609,0.11273106579837472,0.1946230360465579,0.2971070112246514,0.41475869952942973,0.6449857180395793,0.7526482010970363,0.8755580580845865,0.978207749700994,0.9932496566576714,0.010351665837998606,0.011832380782436197,0.014484480533608422,0.015939228367679262,0.016288189221044067,0.015773341738646536,0.014075475768556523,0.01137303289010943,0.006488442136312113,0.00394566544370555,0.00826996766256805,0.009962276338698058,0.012737801319999032,0.015268356573508345,0.015525561843359445,0.013473641871604379,0.012460607870926727,0.01045720195453075,0.003904971685276369,0.0022121469426857328
RO,4,extended,2065,0.15986516271944004,0.2503639030673115,0.35381734668824094,0.466050533782178,0.5669952937716412,0.7284212749170784,0.8058984068580888,0.8923240621080437,0.9473481467347852,0.9731467619710431,2001,0.13110250039088434,0.21331167928441547,0.30988964162448984,0.42904094273180404,0.5427654101177626,0.7231628422597293,0.8226263532346914,0.9024226033655482,0.9619944909864294,0.9875268820140957,,,,,,,,,,,,,,,,,,,,
RS,9,core,1970,0.24133741179678864,0.3065160884114621,0.38558393660522444,0.49583291465821516,0.5692472130694674,0.7378684023183936,0.8006548185561807,0.8677752761987974,0.9276813827676843,0.9432091309425272,1863,0.21461065343724756,0.28914293282435216,0.39755584638744096,0.5149123160739042,0.588899540608219,0.7805341887049814,0.8413648667217335,0.9050778297588581,0.943142711867377,0.9627041691414417,0.013167663203750988,0.013570892595126059,0.014485421071114786,0.014337517073005875,0.015229362142118329,0.014073873243680425,0.011973944598289758,0.009934086868384375,0.007763372789400348,0.006823788642195801,0.013482633992832336,0.0144457314458118,0.014847262115376368,0.014907851445059154,0.014171006587372446,0.012357953758732904,0.010093089947888639,0.008326822192594178,0.007238198644391888,0.005512039157468183
RS,10,core,1477,0.27520953642239426,0.3400387793214178,0.4045554014697156,0.4753970689444426,0.5219514038607224,0.7127932511349202,0.750555931668156,0.8097817698380083,0.8460703092203944,0.8774761118790174,1473,0.2710432336228073,0.33793864787080413,0.4235113370447078,0.5259940644647431,0.5895520584725438,0.7406685526266459,0.7828813432666544,0.8465575423871436,0.8918262912193017,0.9156173928455968,0.018707967545391446,0.019633536797780664,0.020405528763003694,0.020298435170565957,0.021257151679348964,0.01872853312816638,0.018363682464308872,0.01707910272502462,0.015426856589670157,0.013713356599027081,0.017307957295382443,0.01835046612345549,0.01906384514773714,0.01936684535910007,0.02005885936630345,0.017558754240933176,0.016533684285641496,0.014264515501760678,0.01232681523197268,0.010433605848958357
RS,11,core,1456,0.1931953288138468,0.2572123001673792,0.3550664237922021,0.4588506422980381,0.5126842118082466,0.6896330015674741,0.7465002055171747,0.8350220053950334,0.9060834939068031,0.9349481568047014,1385,0.20166406441302787,0.29126820662407804,0.3876741124566784,0.4849132976923457,0.5527354875063699,0.708299119229493,0.7804995944165559,0.849171305164953,0.9177086543301846,0.9434045061414326,0.011878186357435006,0.013134726090485343,0.014437015529804694,0.015325243833782544,0.016090162105499177,0.013696861487731773,0.012610111318277007,0.011301484483167694,0.00840565078908895,0.007288525202349352,0.012546453603457342,0.01416091002483732,0.014930088421975674,0.015984451953334564,0.015728423166271245,0.015348640676156171,0.013387514277198522,0.010583275272080068,0.00806945810883188,0.007094761379462045
RU,3,extended,2267,0.17982679661607198,0.2818205542093304,0.4007460582005535,0.5375906817283885,0.63441881010501,0.8287077997624532,0.877630861327992,0.9352201124452841,0.9730035496612298,0.9827854089666013,2007,0.1401001379844167,0.2124092268892163,0.3571084106148338,0.5221393228497593,0.6320230983150354,0.8157302001239419,0.8817865166384478,0.9344848227853305,0.9714608353422974,0.9825923183394392,,,,,,,,,,,,,,,,,,,,
RU,4,extended,2361,0.14028743072936067,0.20857813245238144,0.3240613842506676,0.46322861745153177,0.5534843829703989,0.7476167877202364,0.8245269915742923,0.9002379166168166,0.9554433263711563,0.9738676835218194,2090,0.12264239524181668,0.18874359612834832,0.30043227328397865,0.44654073071456846,0.5575772661688526,0.762955253451988,0.838492686916576,0.9158685596971341,0.9664067671454588,0.9828329406089096,,,,,,,,,,,,,,,,,,,,
RU,5,extended,2425,0.18843914438732706,0.277972802918714,0.39917375367491403,0.5264832645187738,0.6212827217238868,0.7833598212313461,0.8392586103591787,0.8893036731866331,0.9410678020352607,0.9672500127955285,2288,0.14250995778385367,0.20171150382265568,0.3101442515623677,0.47847115842366855,0.5873924691670708,0.7633382803617248,0.8391287126478898,0.9082011536283886,0.9669107929933188,0.9850780191452715,,,,,,,,,,,,,,,,,,,,
RU,6,extended,2349,0.16832190802718092,0.28354472480120374,0.39768117881401716,0.5458766260060659,0.647648535542982,0.8220007850141762,0.8775687421964324,0.9232545478422239,0.9585200575216751,0.9747558907954648,2262,0.1175447055930489,0.188093886472412,0.2875565077335505,0.45965570408386497,0.570410275959867,0.7622495389900937,0.8569246985365128,0.9375625524275086,0.9842507882221184,0.9917063953799167,,,,,,,,,,,,,,,,,,,,
RU,8,extended,2326,0.11914176230941206,0.1853567124198792,0.2635015556171445,0.3868932777495023,0.49602714683864724,0.7033454471677292,0.786556150327722,0.8752644367189873,0.9225643419484731,0.9441952514750117,2148,0.1003807136163895,0.15613444543453336,0.21249419029052583,0.33464306944367206,0.4593599017938054,0.7169854686696865,0.8392639926063448,0.9342456682143564,0.9772107179266717,0.9848298003282954,,,,,,,,,,,,,,,,,,,,
SE,1,extended,1960,0.019892488787338576,0.03760535671587134,0.08030833506765496,0.1412026675959219,0.23552474453680192,0.4166289933269472,0.5444926823852606,0.7134904394046222,0.8998406593636499,0.9589580124429671,1918,0.014255591394822447,0.02595385046635612,0.053325375602522034,0.12318090216138129,0.2229250354856419,0.3742356099445452,0.4919135233646194,0.7007311131791462,0.9016179156799767,0.9698314579998107,,,,,,,,,,,,,,,,,,,,
SE,2,extended,1908,0.03334018614250889,0.061100090005453404,0.11201777383091706,0.22299021510685563,0.3298811539460954,0.510944544477121,0.6359089986923222,0.8015204674419827,0.9366492940101679,0.9753706691470337,1879,0.020447438452969688,0.033625597218508566,0.07319120990360956,0.15423392625327906,0.24155872940068035,0.4017619046380721,0.5371329372520696,0.7324041810825025,0.9069726385412386,0.9767111644909031,,,,,,,,,,,,,,,,,,,,
SE,3,extended,1879,0.02558914227327072,0.041850315024988455,0.09141393138224846,0.16893036954405963,0.2626800432572686,0.46500335459546793,0.6045149322821501,0.7815143092400141,0.9262467437272524,0.9751523302502746,1863,0.010146690706262243,0.020880876426935764,0.049216319952712514,0.1095716100375476,0.18537340085081924,0.32489954197690557,0.4503089634738111,0.6544522305903473,0.8606537837332328,0.9616308931367354,,,,,,,,,,,,,,,,,,,,
SE,4,extended,1798,0.02636223151829331,0.04337652461656433,0.07863604782285473,0.16255023704721608,0.2549448543100352,0.43350634650236125,0.5809811267709624,0.7785171422222674,0.9273849410214586,0.9707579332726013,1786,0.009264965488147661,0.020807630303553842,0.04285488976770935,0.0894965326845074,0.16870834474154744,0.30172232575244445,0.4350044459629747,0.6379868062246546,0.8616867428480995,0.956217770948424,,,,,,,,,,,,,,,,,,,,
SE,5,extended,1466,0.015710655901261632,0.02439713068370543,0.05201115570944069,0.11172253676019703,0.16924543231441563,0.3387951228441375,0.4767524027838994,0.6841653481090421,0.8965905350338438,0.9651930824767702,1459,0.01039689801185129,0.018217042786822995,0.03734957255550691,0.07745721825230985,0.12884340148294127,0.2482992615416741,0.37038144844806853,0.5868210761950798,0.8124461606401263,0.941653430397794,,,,,,,,,,,,,,,,,,,,
SE,6,extended,1807,0.036503841319937405,0.04968376509005164,0.0862022107307653,0.15618157638053826,0.2385631701278584,0.4078276877615435,0.5397930911865233,0.7453216738790089,0.9076150722554583,0.9656281295887464,1812,0.00560402865363993,0.013638516640082657,0.026553506918075252,0.05993532944643712,0.10273592621123034,0.20133192859171206,0.3048492978438539,0.5353055019169047,0.8228190901043789,0.9413760702684185,,,,,,,,,,,,,,,,,,,,
SE,7,extended,1760,0.026636974753242535,0.043680827788178195,0.07678775012569121,0.14507131957790587,0.21046790387306374,0.34413606182171824,0.47869824650410125,0.6798182818298392,0.8700761609592231,0.9516863616040583,1756,0.01292618870023336,0.021375215804212033,0.03983249858753784,0.08402798356273046,0.14026738667998664,0.2543342610476319,0.36616012094110606,0.569357104040164,0.8071042311367082,0.928355606132591,,,,,,,,,,,,,,,,,,,,
SE,8,extended,1532,0.031621980653143304,0.047037477074099096,0.08954017271222875,0.15939882000742986,0.24642596080321078,0.39857741059469315,0.5159076015963646,0.7239063307605186,0.9005071311299896,0.9603985391668904,1518,0.013763089177113172,0.03312587227437937,0.059626013593375236,0.11021827493382483,0.175402787827731,0.2994823626143771,0.4147095258253755,0.6225611013130103,0.8565229022858529,0.9518794253344272,,,,,,,,,,,,,,,,,,,,
SE,9,core,1526,0.024375782084429438,0.04197146825133433,0.0799631273245823,0.14956144308719627,0.22869608366164845,0.35424645622325335,0.48891472089764654,0.6854027126769646,0.8635893380864436,0.9428617356787772,1518,0.01479455377912233,0.030033948279517546,0.06730376666266745,0.12390957413613336,0.19926598792216038,0.3136505705514285,0.4255476851661987,0.6189275828439244,0.8370267578958892,0.9522615211397449,0.004753564178219436,0.0064772481068604715,0.008680798648767927,0.011061124059754821,0.012592985766384983,0.014090256090282907,0.014669254001803626,0.014212336772869379,0.009594777762128403,0.006612355924816774,0.0033496873158718695,0.0054871098695290325,0.008445077606672081,0.01009369450155648,0.011638697021305633,0.01428929789134694,0.015154406205933075,0.013698963591239424,0.012047520827610667,0.0066873540036613685
SE,10,core,2265,0.04137129113852885,0.06693364582552574,0.13501794862807548,0.22086607814484513,0.2929747367918753,0.446379851023554,0.5601847512486003,0.7368596210450515,0.8865746093790714,0.946296807235563,2270,0.03609292127136312,0.055013030622175316,0.10091359640163086,0.16853443965551132,0.2265508504519425,0.35705986349284924,0.46366931412867807,0.6374299278930236,0.8486866771206986,0.9513846043332217,0.004879885252981546,0.00607727277092752,0.008160073203979289,0.009907088488372351,0.01052316083375319,0.011085957852962186,0.01082785771462933,0.010005306851261664,0.007309400837436677,0.005199741037890648,0.004770462354426882,0.005779722060463834,0.007717866525822548,0.008918249582195347,0.00980288226895827,0.011068592744221345,0.011065203692539697,0.01035255316136408,0.007876306757965894,0.004933829358023969
SE,11,core,1223,0.020485977384865354,0.03385865484586352,0.0573291521743444,0.11937588419983575,0.2027894373846637,0.33112871665888305,0.4780151370589671,0.6716160914027917,0.8533325065382662,0.9517408058160863,1208,0.012971088847500901,0.028390584298210262,0.05184191197224928,0.08961184402873192,0.16831642409738687,0.2869768410919946,0.4092784189042643,0.6146398582203623,0.8340042422955601,0.9563636746010733,0.0052662081733374985,0.006657191237928797,0.007894366064172131,0.01176441203146806,0.013922625409025145,0.015100023974580773,0.01568082284134207,0.014554308601997815,0.011116021869855337,0.006223073770205421,0.005310166490634104,0.0074178964377174875,0.008551222463741143,0.009440286044668157,0.013285930737355687,0.015396146937682617,0.01662979224857192,0.018308958732489434,0.012803601796046015,0.007290406254275198
SI,1,extended,1458,0.11810065133553771,0.16723038402459972,0.2667098579064817,0.4258374853198695,0.5302246856248422,0.7645877157294915,0.8391763673261047,0.9192625027826469,0.9742214970950538,0.98568608078776,1456,0.06869195934429481,0.11965015909233463,0.21679869316914643,0.3622706107865452,0.48356683365345204,0.6948337989117922,0.7987543919817026,0.9056976367247738,0.9767400900638384,0.9907241265342384,,,,,,,,,,,,,,,,,,,,
SI,2,extended,1387,0.08965444598855833,0.15077354776329044,0.2527056365341817,0.41189347012103367,0.5208267422737991,0.7550819191292587,0.8179054837665092,0.9055762794405143,0.9719939381180657,0.9851654095641086,1357,0.04936686337827901,0.08706296187524044,0.18509444672887454,0.31006946934002305,0.43984258819883,0.7024399314143581,0.8056394204753814,0.9153930286605451,0.9758545381461992,0.987864072540414,,,,,,,,,,,,,,,,,,,,
SI,3,extended,1404,0.0975178590605562,0.1536145239940855,0.24555255614521743,0.3765748445428982,0.5039534547117411,0.7324554397595456,0.8253666045740486,0.9065314330285162,0.96300799793404,0.9832441476082149,1378,0.05887844067446882,0.10204569170154451,0.1882395355321298,0.32208094016433936,0.4378344885656897,0.6687627406415706,0.7699611732117169,0.8961051083662609,0.9624887985847895,0.9860896141392292,,,,,,,,,,,,,,,,,,,,
SI,4,extended,1243,0.08432694913569082,0.1259414180512079,0.2054530599515739,0.3526225742809154,0.47281657025918966,0.7087322875323847,0.80599945063298,0.9131268560549036,0.9734877032678173,0.9828656085635099,1226,0.043852864100181806,0.08423364036000162,0.1518093349532099,0.27565902978445644,0.42063980558298913,0.6646716189389296,0.7764984248948972,0.8843429415212509,0.9662761799273676,0.9870291453399105,,,,,,,,,,,,,,,,,,,,
SI,5,extended,1341,0.19715896370921696,0.3172969561636854,0.44687788833870684,0.6030126591447161,0.7103033585976771,0.8649530736167808,0.9248731885733511,0.9647740995815053,0.9924568429708851,0.9983822331517545,1338,0.14123528643464087,0.24773258908077572,0.40577252093708577,0.5664873434265228,0.7077007676448747,0.8568940041447812,0.9150938066405663,0.959378822859577,0.9890848061383868,0.9971063740454665,,,,,,,,,,,,,,,,,,,,
SI,6,extended,1214,0.24918325698872798,0.31961551797377286,0.4540185256167196,0.6263008881969154,0.7058476991330646,0.8526301646324198,0.9178399589371337,0.9694143276068762,0.9888902658551757,0.9932715020638856,1210,0.13948264590673898,0.201782222890983,0.32580779615029853,0.49724353021808887,0.6182929127357987,0.8029761274452564,0.8835466509398747,0.9542054475074969,0.9865827768777299,0.994034137810339,,,,,,,,,,,,,,,,,,,,
SI,7,extended,1182,0.25465932226150767,0.35207336038686904,0.5196920184265591,0.6662549374168392,0.7461492207865246,0.8663798821947242,0.9222424393554105,0.9618600264498399,0.9871230315953318,0.9925966967747493,1151,0.18007992341188644,0.29837450574112423,0.46041079029235976,0.6468255652196258,0.7528627422926313,0.8774029021440639,0.9316050040643393,0.9672256137608677,0.9890649527433122,0.9925761914294071,,,,,,,,,,,,,,,,,,,,
SI,8,extended,1284,0.16835104541473148,0.23040123518911,0.3853542729493767,0.5494008310371484,0.6567917697203426,0.8169354277470354,0.8977380161918945,0.953532267292328,0.9867914449263739,0.996416685400077,1265,0.10281910418812792,0.1713885637481689,0.29186520497284063,0.44873922604185856,0.5850475648639594,0.762663659268174,0.8611675919564006,0.946463740848535,0.9773835051639463,0.989709795799165,,,,,,,,,,,,,,,,,,,,
SI,9,core,1284,0.16478016750018984,0.22228267653818065,0.33200263981615774,0.4999111037031596,0.6173387406684255,0.7979668516813113,0.8868358427525742,0.9457371113686271,0.9819261126163279,0.9878408511751133,1259,0.08126351462745168,0.13409082047862242,0.24263078726159218,0.3930210983438218,0.5205971005796882,0.6942584678684851,0.7943747466307247,0.8959393926385546,0.9715590251256195,0.9822712193313,0.011493282335589893,0.013266285758958388,0.014865753110535559,0.014507041725111757,0.013919985972192532,0.010643115107105156,0.008654462430249822,0.006460357743685524,0.003714087502819927,0.0030704604176377387,0.008250067645660988,0.01034313006563687,0.012164209882506792,0.014678358595538428,0.014707593209759064,0.013930200161678208,0.01143621682410733,0.009022336733939793,0.004834229340729464,0.003437841395347567
SI,10,core,1229,0.1311385658559513,0.19004014518952128,0.2989208822274975,0.46566259133052307,0.57223186480556,0.7537933924858907,0.8401119109204823,0.93386889859965,0.982511095355801,0.9901723471344925,1217,0.09137932066096831,0.14993727832159734,0.24771202384082708,0.37849566452991834,0.48804706174895357,0.6905688550087112,0.8072648391515549,0.901099038404691,0.9646417448665496,0.9862844693249307,0.009368081464121674,0.012321484056695874,0.01409371023395462,0.014282038077423835,0.015031383502139077,0.011757214120936612,0.010306634391874328,0.006854058197823228,0.0033306931889664974,0.0025241171726405652,0.0092157045941153,0.011755339965810074,0.012883507499012457,0.014732746852620436,0.015844012795640933,0.013480667611508497,0.01146895093493134,0.008933101183163539,0.005370226408954913,0.00282641038318326
SI,11,core,1225,0.10793441126389186,0.14798119072659247,0.248042909465449,0.4046985030706089,0.5222294413640495,0.7023848360501262,0.8222962151145086,0.9255726469806685,0.972856738191685,0.9858170567964989,1192,0.0553967182551742,0.08930053886341534,0.16554299647620577,0.2888359890483066,0.38101681185014197,0.5841275776959007,0.7226619416064674,0.8614680986623651,0.960960406890454,0.9855466978592993,0.009114933204172969,0.010117410876705875,0.011792102630554987,0.014612032697546979,0.01430914816719672,0.012284076157063449,0.010695526195903946,0.007068234678746038,0.004696545237880608,0.003346133394795586,0.006478041889314509,0.00855470262262442,0.01123912793440112,0.013144211223450568,0.013754720907792964,0.014278635668422838,0.01311459120962158,0.010490766244391258,0.005382438530450714,0.003355797671813248
SK,2,extended,1455,0.17570917903067923,0.2791537560348974,0.4245243118147735,0.5933040115110395,0.7106233734602505,0.8719695853701621,0.9217472664827129,0.9565740959460516,0.9823838298049155,0.9872056325048227,1435,0.11476109852931098,0.1867007123758057,0.29938856663650376,0.43185001024768094,0.5597191224247472,0.7791337253605104,0.8604343926256781,0.9319181539928314,0.9723934598690583,0.9878136568234465,,,,,,,,,,,,,,,,,,,,
SK,3,extended,1726,0.061437469125514635,0.1345482241051836,0.22803741596136248,0.3907206709673997,0.5266516915739635,0.7531276406347741,0.8345402281992262,0.9194766194349678,0.9698235299092753,0.9844900129684643,1702,0.035549237822248614,0.08582844310842312,0.16854657427827097,0.2957632763891963,0.42393132651110743,0.6211003048277989,0.7359867305215969,0.8831825008718627,0.9711709335754839,0.9859900847952202,,,,,,,,,,,,,,,,,,,,
SK,4,extended,1778,0.07617219468066845,0.1542606312260884,0.2613188485735399,0.4048645734144376,0.5316592868523017,0.7715347107171721,0.8567947029284134,0.9199240289869888,0.9637870332568754,0.9890930782366355,1769,0.03941453289329153,0.07863423081271001,0.1539633425151714,0.2629986239441833,0.39707977527029215,0.6225520387644706,0.7538150615277326,0.8718248322777283,0.9502612139312916,0.9791414992108155,,,,,,,,,,,,,,,,,,,,
SK,5,extended,1821,0.14007099657889974,0.24545822794277694,0.36060714316303455,0.5129111925413383,0.6485991065937065,0.8680459920022052,0.9243292014029862,0.9597419276148365,0.9877531012017338,0.9937187375656722,1795,0.0642235690437503,0.125526122924402,0.2291156065598451,0.36620368246964174,0.527489623457894,0.7547065464989277,0.8550990049252175,0.9420854227791936,0.9733326477311802,0.9895981503660976,,,,,,,,,,,,,,,,,,,,
SK,6,extended,1826,0.160926350945893,0.31661514422055836,0.4593234498922076,0.5965718796746343,0.7065589801267428,0.8459747283139328,0.8966704376055158,0.9443368032412397,0.9776655335312568,0.9884187681918576,1814,0.04502350954483235,0.09617015524531605,0.17991149512766633,0.2996987408849323,0.4110496534448878,0.5826625551584196,0.7219097554034023,0.8574099378903031,0.9298830904491937,0.9722933853658102,,,,,,,,,,,,,,,,,,,,
SK,9,core,1072,0.17394160809729267,0.2695959732421279,0.41403123829972427,0.528376468198521,0.6148858920683402,0.7425417733945268,0.8181198024304064,0.8790663323829202,0.9359519607027327,0.9593676417762882,1070,0.06834972498400128,0.12169947182231987,0.20170335187506103,0.3587124221905487,0.4871762478046805,0.6873170241183366,0.8026145788122045,0.9215240055814576,0.981042323170759,0.991242636227159,0.020167574597717126,0.02575719330020324,0.032507055114756614,0.024784894139986285,0.022454578534879862,0.022104471143297548,0.019034369727964264,0.014777825273218399,0.01066274966277922,0.010379065479170597,0.014860762917896652,0.020668283698126108,0.02271884380797409,0.025273348494994866,0.028033616148217578,0.02565508313496046,0.021563428171793703,0.015150637608375131,0.0072283478298181235,0.0036332888557100377
SK,10,core,1397,0.21352224711846987,0.288271446074684,0.42174237745904997,0.5515328541327005,0.6358634451681151,0.7817307209241119,0.8603424656856389,0.9240439545303036,0.9666793768732502,0.9755747114287938,1396,0.12119060604858085,0.17204595912347773,0.268380379973543,0.3936847309366924,0.5118800438740455,0.6924705733712814,0.7741553148046947,0.8802352853513068,0.9439595210336201,0.9797017367955005,0.018347987344299863,0.021122316425319032,0.02329643212414702,0.02162073338431908,0.022492038989968176,0.019022027357689972,0.01349297518651871,0.010146865566309868,0.006273326215452891,0.0057504591443890045,0.016469028768417486,0.01873200362188093,0.020071107799106012,0.020311209438073935,0.022203321115697228,0.019022035295747274,0.01744821609596821,0.014527868408059598,0.00984784351642103,0.0056026610004249995
SK,11,core,1432,0.15713198050142776,0.2047961683438231,0.30761781821265866,0.44060740157239336,0.5506117937227817,0.6940066637384292,0.7900475365503516,0.8796189001321643,0.944104514829917,0.9638448158080406,1413,0.07487905040837348,0.11792870863512572,0.21050663515527004,0.33158692383737154,0.4441312320757673,0.6061584924617549,0.696740933601572,0.8212036804770609,0.9209614055047648,0.9690849083772575,0.013709658127147412,0.014933688390136736,0.01793795252992963,0.019320854613161,0.019206481459319746,0.018716328677927645,0.015649345544669756,0.013505336800205244,0.009104245703710292,0.007399328643710969,0.010130094328504428,0.013115833409524517,0.016849939525912114,0.01954060996576504,0.020770094124173355,0.02195780251472335,0.020943378638553622,0.017289473977225297,0.011779764742668673,0.006513389562430588
TR,2,extended,1768,0.10582520324268209,0.15677110357412796,0.18534587119045218,0.22236732811142118,0.252657690176354,0.39250789512735335,0.4567562805894309,0.5371164202456014,0.6480495274282904,0.7272853656072019,1603,0.12146128558129914,0.1810684594774254,0.2464192026496753,0.32250930650411175,0.39667176819990857,0.5980403105852523,0.6921882178112336,0.7870235434887346,0.8669587691354992,0.9111966133300237,,,,,,,,,,,,,,,,,,,,
TR,4,extended,2360,0.10972872478034282,0.1569362756230034,0.2007372453524446,0.2569830090908578,0.3104597140598367,0.4720626616863333,0.5346376077907742,0.6054530877837845,0.7026080346643545,0.788168719651061,2279,0.19363568782118684,0.2594931019835704,0.3512728906997925,0.43637104069828797,0.5184698990987604,0.7281841557752284,0.8134472096111242,0.8878784196522942,0.9452911820261168,0.9638355636095077,,,,,,,,,,,,,,,,,,,,
UA,2,extended,1919,0.10949226740564091,0.16160515771477169,0.23193101629797144,0.3616369217984401,0.45393416912593193,0.689470990604236,0.7633931960284513,0.8465453389936896,0.9005198531551656,0.9452484049624578,1700,0.1319711241775301,0.20410171888731574,0.31757307867329165,0.447435212641755,0.5452299461496695,0.7145391173740617,0.7923897238020814,0.871755637978405,0.9344251681584014,0.9651927081517724,,,,,,,,,,,,,,,,,,,,
UA,3,extended,1925,0.33305926410259135,0.46079494073275357,0.5757451118899168,0.6899877028999566,0.7665954647102866,0.9112113804446941,0.9436528467237923,0.9604102789374209,0.9829342205395389,0.9857694659491903,1724,0.1815106054019855,0.29301185677002334,0.42870481659919707,0.5848199331779421,0.6763221914278346,0.8530899365724185,0.9049714831372045,0.945921901537161,0.9654738228762023,0.9891131027082862,,,,,,,,,,,,,,,,,,,,
UA,4,extended,1788,0.44224948096170463,0.5956403405606323,0.6968955342926741,0.8181149815986849,0.8714190694534172,0.9550503008107691,0.9768316382369644,0.9873400416251561,0.9908393167385838,0.994204204052258,1590,0.2924969706217616,0.42470152461069277,0.5480323601014534,0.6918616997193828,0.748722060485744,0.8799591202389285,0.9255291693870266,0.961069553704135,0.9826571938567413,0.986870344391076,,,,,,,,,,,,,,,,,,,,
UA,5,extended,1858,0.3573824923539638,0.5018358512978796,0.647548786143246,0.7835400492675509,0.8439000922163787,0.937577389623417,0.963245910489128,0.9818110985624523,0.9924783246752601,0.9938349959505837,1649,0.16008415670285345,0.2564228682719807,0.40516760230377685,0.5864711203144044,0.6762019953628715,0.8796461963221315,0.9352407522671574,0.9698459514236434,0.9885300486702967,0.9909499840811368,,,,,,,,,,,,,,,,,,,,
UA,6,extended,2103,0.4012675968078757,0.5564100279546986,0.7009488261219642,0.8051316514442413,0.8635901225459612,0.9346814940316512,0.9630766245590561,0.9822464877936918,0.9907521010556659,0.9941569187850218,1960,0.14764235438866136,0.24717627340097434,0.37872604222822276,0.5653143607610035,0.6849925604672753,0.8337417248728736,0.9026578239411986,0.9559075564071867,0.9862049378047161,0.9924138948185302,,,,,,,,,,,,,,,,,,,,
UA,11,core,2601,0.4539338441944593,0.5285061969727513,0.6327279536553129,0.7140635526558334,0.7667924755226614,0.897901515567321,0.9330462444705973,0.9654682777684227,0.9821205799823516,0.9872413722963861,2469,0.27850982499602916,0.36182127173186734,0.4701025083292194,0.5857059189998949,0.6809684031733151,0.8429767055054037,0.9003741655461089,0.9481615161704199,0.9759601314978098,0.9820288689384982,0.016474082290147803,0.015440480085709064,0.014531808813498104,0.013404820694420325,0.012385475534959712,0.007617309224161363,0.006328411822183478,0.004564100663369269,0.0031700926901929104,0.002494712546812765,0.01616443860569231,0.017559783604367798,0.016636625785491757,0.01603177877823681,0.014385025777805049,0.010226065001005171,0.008962930341593326,0.006241400852539298,0.003642404297328542,0.003164429654475454
XK,6,extended,1260,0.2653411174448255,0.3751582445675587,0.464669791195636,0.5620270512189424,0.6525729341367495,0.800886126645667,0.8614533427373416,0.9074223913492527,0.9505487790952007,0.9622444592684257,1208,0.12933224332247711,0.19447346724593323,0.2913426347437766,0.3982798088019176,0.5135358324410247,0.722273070092192,0.8218986003251884,0.90953968059803,0.9687659470940573,0.9825381400400456,,,,,,,,,,,,,,,,,,,,
