s_transport,rho,oracle_cov,plugin_cov,da_cov,oracle_w,plugin_w,da_w,clean_sup_mean,cont_sup_mean,dominance_ok
0.5,0.20249624321192672,1.0,1.0,1.0,0.29423570046117387,0.334146848539305,0.32732105064869227,0.10101024909572341,0.10802729152025574,1.0
0.5,0.23353008225912433,1.0,1.0,1.0,0.2388209829949186,0.27800537357651905,0.2597528314465335,0.07903643706824079,0.08643458035825556,1.0
0.5,0.21692639714378867,1.0,1.0,1.0,0.29019673001725294,0.3350071656302216,0.311700255018469,0.08664064203319385,0.09923778949346256,1.0
0.5,0.1863836654217128,1.0,1.0,1.0,0.3606326555740864,0.3420435356780442,0.3342821941617992,0.10277041668352335,0.10705153839087041,1.0
0.5,0.20114479527374685,1.0,1.0,1.0,0.32996154059017846,0.35241609378860833,0.3298314181757278,0.0957693574188961,0.10163893140967499,1.0
0.5,0.21981379829452774,1.0,1.0,1.0,0.3343420625121804,0.3402416072055134,0.31647049019607953,0.0874192627561172,0.09810787418410805,1.0
0.5,0.2360205417397377,1.0,1.0,1.0,0.24541973977865966,0.2742249793592549,0.2694218931416718,0.0874237782892113,0.08962385212143575,1.0
0.5,0.23384569416257328,1.0,1.0,1.0,0.2738846195294199,0.28036575532576213,0.2697259305977219,0.07883367303057344,0.08254342050772998,1.0
0.5,0.19666398761856457,1.0,1.0,1.0,0.37099080636254256,0.3627730637240437,0.3574793859071884,0.09456964835783527,0.09856500902665973,1.0
0.5,0.20196613661552373,1.0,1.0,1.0,0.31949800511081944,0.32393450318943173,0.30123333860162094,0.09134928084863116,0.09982957653844834,1.0
0.5,0.24053734242759345,1.0,1.0,1.0,0.2558680957160281,0.32333636406610144,0.2891073351550334,0.08340793291547907,0.08874767786765908,1.0
0.5,0.2053141082500179,1.0,1.0,1.0,0.2932129055433593,0.30731514774670315,0.30729446872996563,0.09449429075530742,0.10015741360899348,1.0
0.5,0.20004651110529528,1.0,1.0,1.0,0.3355873505299156,0.3857069697072316,0.3509820922969353,0.09891067132759784,0.10512811152892992,1.0
0.5,0.210432083380162,1.0,1.0,1.0,0.30600692360778514,0.293684065934042,0.2788369428225411,0.09333622649453467,0.09348151890429465,1.0
0.5,0.2382572945355411,1.0,1.0,1.0,0.2851672061607406,0.3151063915467307,0.2710990705636636,0.08296927681623678,0.08883206840005212,1.0
0.5,0.1924144455925699,1.0,1.0,1.0,0.3258698954047762,0.37792005001668844,0.33994226607670985,0.10354384297509656,0.11166903804534409,1.0
0.5,0.16996337055584038,1.0,1.0,1.0,0.3602088400337165,0.3658646084927864,0.35961520979990214,0.11071519481293374,0.11634685482917746,1.0
0.5,0.195833844775766,1.0,1.0,1.0,0.3336869107054912,0.3331221331889599,0.3057673886672057,0.09598225598774544,0.10160867506180582,1.0
0.5,0.20011134404288416,1.0,1.0,1.0,0.3470087402325722,0.36822926974122616,0.3443117645163566,0.09248740233278266,0.09851042178350575,1.0
0.5,0.17894586369865972,1.0,1.0,1.0,0.39499814820759693,0.3824046512202847,0.37066656588016067,0.1101715192523442,0.11382397745646732,1.0
0.5,0.16411022901408376,1.0,1.0,1.0,0.3896451158596266,0.43872630536519647,0.40824087047735613,0.11140787691854782,0.11118096412881241,0.0
0.5,0.23204771764658652,1.0,1.0,1.0,0.3430292292897145,0.31628628751965554,0.2730172120459058,0.08244356865687479,0.0890616490603186,1.0
0.5,0.203220201114291,1.0,1.0,1.0,0.31674698779560356,0.32284701639050145,0.31627683092528064,0.09447976543374827,0.09819216515163837,1.0
0.5,0.1856741382730589,1.0,1.0,1.0,0.3911262889250319,0.37462007578284234,0.3534060056679196,0.10562988737500927,0.11267957142415198,1.0
0.5,0.224306432378445,1.0,1.0,1.0,0.36219967073313064,0.37997524103645935,0.342456128080776,0.09244070091345485,0.09974081463821532,1.0
0.5,0.20013048117466378,0.0,1.0,0.0,0.2977460725908171,0.35660153839034014,0.3139716607046341,0.09636446748951039,0.09964389334797262,1.0
0.5,0.22481544112022847,1.0,1.0,1.0,0.3369683217648115,0.3000062805260316,0.2854994300267956,0.0844279593221692,0.0868528516335808,1.0
0.5,0.1930769649974617,1.0,1.0,1.0,0.3467652488298212,0.3774328098829984,0.36369729998126726,0.09707113701423667,0.10106164308422079,1.0
0.5,0.22894035742733068,1.0,1.0,1.0,0.24465710115592496,0.24334789856616829,0.2369764430198474,0.07987923791333584,0.0834806737310871,1.0
0.5,0.19228397763885757,1.0,1.0,1.0,0.3673336286178113,0.3581061187118072,0.3472802962684305,0.1026726505812642,0.10472686039499352,1.0
0.5,0.18790203677270162,1.0,1.0,1.0,0.33134101285542855,0.3308889061515324,0.3173575724295151,0.10301662848062819,0.11256646675604313,1.0
0.5,0.2399072568930889,1.0,1.0,1.0,0.2942163572678238,0.27694933391052257,0.2688474696000672,0.08025360362285083,0.08473474594616473,1.0
0.5,0.2405243772523458,1.0,1.0,1.0,0.2550438770066755,0.28485656939814147,0.26533569574895066,0.08145727202041099,0.09097341244618669,1.0
0.5,0.22677611558849048,1.0,1.0,1.0,0.24728084837143846,0.2583869553325656,0.2479277490845342,0.0839977623132405,0.08618105409723864,1.0
0.5,0.21103432515823806,1.0,1.0,1.0,0.31380299010436674,0.31170146657159725,0.3068110431262404,0.09893843781292315,0.10402636276709004,1.0
0.5,0.209149963575595,1.0,1.0,1.0,0.3122152431316428,0.31154556430345093,0.30266589440912617,0.09569077701930821,0.09872865075355154,1.0
0.5,0.21399862016248097,1.0,1.0,1.0,0.3263494673362421,0.29795235256976643,0.286918323386532,0.09651502275471273,0.10117410716480701,1.0
0.5,0.2115071436370938,1.0,1.0,1.0,0.27977980517029055,0.2723100711034944,0.2688775218214302,0.08857665810203304,0.09364802981351016,1.0
0.5,0.18488850236300314,0.0,0.0,0.0,0.31486298465363055,0.3585331414056445,0.31704270747901775,0.10308448830723231,0.11005553820672014,1.0
0.5,0.23117975553748651,1.0,1.0,0.0,0.2674905184857823,0.29400150747661113,0.27612122775563314,0.08650988382369997,0.09317447939307909,1.0
0.5,0.1990445105010574,1.0,1.0,1.0,0.3482909576361225,0.3655374680284695,0.34237621918525885,0.09771519038504721,0.09795557359523878,1.0
0.5,0.2260050059740917,1.0,1.0,1.0,0.34607046469870506,0.3755444778005496,0.3430954886509988,0.0892197931267316,0.0984251934593796,1.0
0.5,0.26497317087594385,0.0,0.0,0.0,0.23706993253076275,0.2370805547182381,0.23129987989896933,0.07805998669415133,0.08300491612569579,1.0
0.5,0.17750837652785978,1.0,1.0,1.0,0.37201355882728815,0.4316063452029842,0.3953838720544376,0.09919765444677754,0.11216404004147672,1.0
0.5,0.19702805583448943,1.0,1.0,1.0,0.2977926575536249,0.3412502234337901,0.3257280550331568,0.10241925083626054,0.10877016098730287,1.0
0.5,0.2133193501034482,1.0,1.0,1.0,0.3101550026385128,0.32676656217185374,0.31068718354901365,0.09127815368467389,0.09609326876819503,1.0
0.5,0.2014630759774756,1.0,1.0,1.0,0.3252486080351781,0.3648471617673944,0.3517099787842506,0.09631203775773134,0.10322036719095104,1.0
0.5,0.2326887839058056,1.0,1.0,1.0,0.27110469342537397,0.2896210583298871,0.27112653110388973,0.08355740920531876,0.08543817165659276,1.0
0.5,0.21411332897243845,1.0,1.0,1.0,0.29935970630517195,0.30295853151463276,0.29285410650318916,0.09319830204675485,0.09796563501929535,1.0
0.5,0.20864536091590355,1.0,1.0,1.0,0.31516918696265633,0.3434113362049735,0.3291911447623076,0.08850069297402632,0.0924049086844117,1.0
0.5,0.21861242353140772,1.0,1.0,1.0,0.28558726538600226,0.2810343122964784,0.27024934169500403,0.08969819569534904,0.09829915586802514,1.0
0.5,0.17056035720842444,1.0,1.0,1.0,0.3570112352236626,0.34527072199727715,0.33682674611121544,0.11245607908977813,0.12081937052706775,1.0
0.5,0.2543241932062179,1.0,1.0,1.0,0.26365276369978785,0.27886707823415746,0.2640571706691487,0.07492029220672618,0.08114410868732383,1.0
0.5,0.1956797493217577,1.0,1.0,1.0,0.3335617084061321,0.29921889043229577,0.2869373178738339,0.09830725283330496,0.09832763943768462,1.0
0.5,0.21662007676535408,1.0,1.0,1.0,0.31151597026937233,0.30791991022560966,0.2946775668562781,0.08905342598061736,0.09133137355310242,1.0
0.5,0.16433211844737428,1.0,1.0,1.0,0.38714372723277274,0.384980162707464,0.3716600127478934,0.11605296906203927,0.12363430510523905,1.0
0.5,0.21494057809272452,1.0,1.0,1.0,0.3553981316736907,0.3253978885557518,0.30755458795669693,0.08616627463081547,0.09084061191028361,1.0
0.5,0.2304649724230921,1.0,1.0,1.0,0.29214988597245983,0.2533157566949913,0.24480348846556801,0.08311716472443567,0.08425733508933009,1.0
0.5,0.22221788671797907,0.0,0.0,0.0,0.2849699778646964,0.2864820884410263,0.2750088161174908,0.09184264985307818,0.09959998018078094,1.0
0.5,0.24385618290419717,1.0,1.0,1.0,0.26725189249488,0.27125072575818665,0.2563445835105405,0.07919315172070138,0.08767038832959852,1.0
0.5,0.1948547218282366,1.0,1.0,1.0,0.35647597045209156,0.32145347434565363,0.30882999320540605,0.09929122056394721,0.1021899600587522,1.0
0.5,0.21085042361048068,1.0,1.0,1.0,0.3574212281500654,0.37019930586311867,0.35463761473640687,0.08852064928989907,0.09530926312507561,1.0
0.5,0.2100121449699059,1.0,1.0,1.0,0.27373288541333757,0.31882111384017464,0.2893883461178387,0.09769225569016067,0.10140818258541483,1.0
0.5,0.18489240705957705,1.0,1.0,1.0,0.30046811971123777,0.3444943498906835,0.3179560090128851,0.1014873437760211,0.10531311841659173,1.0
0.5,0.25631958652183867,1.0,1.0,1.0,0.21676589274567562,0.2870271629802502,0.24372814778976845,0.0758518943036287,0.08518096364765448,1.0
0.5,0.17923175845830094,1.0,1.0,1.0,0.3376455341272021,0.37924281256275894,0.35161177517607023,0.10336697028829363,0.11246877136197522,1.0
0.5,0.2011827870683043,1.0,1.0,1.0,0.38558772960096377,0.3791135025362369,0.33457978656832166,0.09271387386370958,0.09688984728950889,1.0
0.5,0.22609229670690026,1.0,1.0,1.0,0.28913301407241415,0.3022064385999695,0.2738098466593044,0.08318454222945429,0.09016071259716854,1.0
0.5,0.24107295298822623,1.0,1.0,1.0,0.28771350536183216,0.300745733372161,0.2930274083404837,0.0825325728084861,0.08792813341186831,1.0
0.5,0.22428548589140698,0.0,0.0,0.0,0.26788386806841447,0.2837679092510989,0.2598011206042304,0.08366965647267952,0.09108684742002385,1.0
0.5,0.19780422584195778,1.0,1.0,0.0,0.28759009803325675,0.3213471632332514,0.29783555639172465,0.10188245140580802,0.10588688087288352,1.0
0.5,0.24092607441160416,1.0,1.0,1.0,0.2828957526861413,0.271153730048468,0.26270401362716084,0.08406390540212502,0.09205446294825281,1.0
0.5,0.20258290848725327,1.0,1.0,1.0,0.25936571810742376,0.32426303583925975,0.29592109846356607,0.09213268542173321,0.10049703002418524,1.0
0.5,0.19139827190256592,1.0,1.0,1.0,0.4025537832878571,0.3778334964084703,0.36194632231976404,0.0991174932895005,0.10702515265967726,1.0
0.5,0.16935291248813913,1.0,1.0,1.0,0.32880226884111147,0.3642640254961139,0.35969322439581103,0.11336338375344886,0.12026290070557545,1.0
0.5,0.21376491573560732,1.0,1.0,1.0,0.31695547642810423,0.2883703480986818,0.260920268510358,0.09151330316256423,0.09405464474723413,1.0
0.5,0.19200608612578077,1.0,1.0,1.0,0.324636577169498,0.38827042450260685,0.36313889888595985,0.09938632752340765,0.10459024230629771,1.0
0.5,0.22068031640387714,0.0,0.0,0.0,0.2730712281158262,0.2989566077886777,0.2648643153980652,0.0792032768161259,0.08902157084914741,1.0
0.5,0.1975816959184248,1.0,1.0,1.0,0.3797701302232724,0.37691919177819966,0.3522788554690625,0.10057983019614826,0.10727379270243148,1.0
0.5,0.19942741658961152,1.0,1.0,1.0,0.34139001769522936,0.3371840420604758,0.31694146218149555,0.08997632951996788,0.09526916901827759,1.0
0.5,0.20361323525010516,1.0,1.0,1.0,0.3059903888740551,0.32489112318674457,0.3122990141878969,0.08817779392392427,0.10028382697244526,1.0
0.5,0.19787482413625654,1.0,1.0,1.0,0.34451318231778894,0.35860283507479346,0.3435100972159479,0.09609915163161509,0.10402875739006204,1.0
0.5,0.2002968677327277,1.0,1.0,1.0,0.3570174604930427,0.3549472258349816,0.33420659104016714,0.09376111216766901,0.10135348685517849,1.0
0.5,0.21187315409231247,1.0,1.0,1.0,0.23394847946080502,0.3020687786519246,0.28703816372116475,0.0936173577739709,0.10180841729771956,1.0
0.5,0.18656761931001323,1.0,1.0,1.0,0.327579984760357,0.3291193837683733,0.31420650588448273,0.09976222801815435,0.10827261683933966,1.0
0.5,0.1553551969464484,1.0,1.0,1.0,0.3873967652804648,0.3957854093135094,0.39140856459726303,0.11419236322320879,0.1268200244129477,1.0
0.5,0.18996977303527587,1.0,1.0,1.0,0.374736354654405,0.3803927996122047,0.35892068171690666,0.09903298010111201,0.10338640801185851,1.0
0.5,0.21371522654047773,1.0,1.0,1.0,0.349100796732134,0.3689607789422899,0.3419957957200509,0.0862615833126659,0.08996694680759554,1.0
0.5,0.24404197328272273,1.0,1.0,1.0,0.28170967154952875,0.31962433735333906,0.2993245923508576,0.08008964649856966,0.08769078744922432,1.0
0.5,0.23259138179208563,1.0,1.0,1.0,0.23605829132877076,0.2856642108474542,0.2782512350446793,0.0837621826861377,0.08860625729210642,1.0
0.5,0.19247716892319977,1.0,1.0,1.0,0.2789730962997644,0.3361699498821517,0.3106287370646529,0.0934706133719673,0.09884462563110262,1.0
0.5,0.2163731811905675,1.0,1.0,1.0,0.2745878897457188,0.28450125250247366,0.2624310099029973,0.08823881305860201,0.0909316713693749,1.0
0.5,0.20279235984935273,1.0,1.0,1.0,0.2862743610968336,0.3437409594470306,0.34135293438799674,0.094474666166979,0.10441619171221465,1.0
0.5,0.21635348892026615,1.0,1.0,1.0,0.2931383737404722,0.3275225243670684,0.3122641561850716,0.08891153796640867,0.09527775667443793,1.0
0.5,0.20297404921904058,1.0,1.0,1.0,0.27746387364221947,0.2810554834736046,0.2711763781199891,0.09340316669545974,0.09671485088236516,1.0
0.5,0.20145469202123165,1.0,1.0,1.0,0.3114658708685526,0.34612647627485793,0.3363500027744849,0.10265794617781027,0.11281965788768092,1.0
0.5,0.20206192463990513,1.0,1.0,1.0,0.2798838156964814,0.29425083507354144,0.27424855215523375,0.09889287579061139,0.10610835399597524,1.0
0.5,0.177153226557561,1.0,1.0,1.0,0.34371177178063983,0.35519115615534586,0.3359456169657665,0.10393167263899915,0.11058490240090654,1.0
0.5,0.20120397926710715,1.0,1.0,1.0,0.31460828120954576,0.31429630047639756,0.3022163256334694,0.08964294645696892,0.09143532484591319,1.0
0.5,0.24129633732801065,1.0,1.0,1.0,0.31267132908917267,0.3267386462632946,0.30635806728253795,0.07772224852727093,0.08578874973748672,1.0
0.5,0.21942512654575055,1.0,1.0,1.0,0.27826478298571455,0.27858735617944425,0.26196803040010525,0.09165253875420222,0.0955999989180547,1.0
0.5,0.18302753621987472,1.0,1.0,1.0,0.31088913627781495,0.30725659659506677,0.3008364241497737,0.10039596301177718,0.10147094727171285,1.0
0.5,0.2004739036043788,1.0,1.0,1.0,0.2912534263170249,0.30523242929968736,0.3014355479503563,0.0957449383193805,0.10266062464579827,1.0
0.5,0.20034373224093077,1.0,1.0,1.0,0.32389366051940344,0.31281775823477675,0.29096094270708556,0.0922213823856669,0.09357517521424148,1.0
0.5,0.20470069554809942,1.0,1.0,1.0,0.3282067905277053,0.3329734044242728,0.3233119251680738,0.09222052604783552,0.10308895118562697,1.0
0.5,0.18132794493493062,1.0,1.0,1.0,0.38458570492613764,0.4045871942168606,0.38065883820521834,0.103333438786962,0.10618247760073965,1.0
0.5,0.19850121707467122,1.0,1.0,1.0,0.33098304139883344,0.3064018187979952,0.29113309015627314,0.09748821747843074,0.0997715742076219,1.0
0.5,0.18598615360225515,1.0,1.0,1.0,0.28164684278868385,0.32171470400999347,0.31481061522950055,0.10118682106928002,0.10439226306057474,1.0
0.5,0.1653997722450528,1.0,1.0,1.0,0.3679852879397782,0.3964538520065735,0.35555282158942486,0.11449341365802028,0.11344584441820302,0.0
0.5,0.19740232774508842,1.0,1.0,1.0,0.3759182108745568,0.27878521889512176,0.27386137698953483,0.0975191667136238,0.09969157364888506,1.0
0.5,0.17947116269688776,1.0,1.0,1.0,0.37541855452273754,0.3819016757866578,0.3606961283317911,0.10409217410021811,0.11281422673085985,1.0
0.5,0.20997397121436895,1.0,1.0,1.0,0.3171338232908766,0.32773495199446306,0.3094119976023807,0.0890498226500525,0.09762562294913497,1.0
0.5,0.1968010072828254,1.0,1.0,1.0,0.32785066110972066,0.3022848721016719,0.2902749472254803,0.10254545592159164,0.10932241616884747,1.0
0.5,0.21012626783596527,1.0,1.0,1.0,0.3072490667699874,0.3193103340307739,0.2979794969406632,0.08871993988014076,0.09412716639413046,1.0
0.5,0.1844992702580129,1.0,1.0,1.0,0.3439929407896173,0.3717506895954924,0.3731822369102447,0.09773557202890328,0.10759261256271664,1.0
0.5,0.20207030395938191,1.0,1.0,1.0,0.3146717672570323,0.3056248302300843,0.28771997242650504,0.10037881008626122,0.09938157693528017,0.0
0.5,0.2166535058019179,1.0,1.0,1.0,0.32049430380931804,0.3163720741170284,0.30066828412348345,0.08782382769701248,0.09592189617608758,1.0
0.5,0.2743489865638862,1.0,1.0,1.0,0.23196273924188482,0.24063725679146017,0.22362002516928642,0.07645286350805185,0.08033784327567439,1.0
0.5,0.1640964656199329,1.0,1.0,1.0,0.39861726195784825,0.396246837133354,0.3861761554707947,0.12017374114228938,0.12358511694364342,1.0
0.5,0.19748449635118548,0.0,1.0,1.0,0.28450551504151134,0.31104260248839066,0.2954993986452797,0.09478857690674287,0.1024121049494722,1.0
0.5,0.21404018175323875,1.0,1.0,1.0,0.2799402550645509,0.29456090223157433,0.2851452437443784,0.09393197856389911,0.09898323145436715,1.0
0.5,0.1845638047966667,1.0,1.0,1.0,0.39554471784646594,0.37980953929812306,0.3699316460303712,0.10212967754327588,0.11225672786660836,1.0
0.5,0.20636389154908413,1.0,1.0,1.0,0.34967486580072726,0.3467734282701252,0.3179118515135858,0.09986838553547026,0.1077256722876731,1.0
0.5,0.249955752576884,1.0,1.0,1.0,0.2767115828956198,0.33018345123413695,0.3249306538814156,0.07589332013452633,0.07875521228017877,1.0
0.5,0.23635128135644687,1.0,1.0,1.0,0.28456908374769474,0.31342347202469883,0.3046610247268461,0.08283294938142316,0.09049225062845645,1.0
0.5,0.21270188299647502,1.0,1.0,1.0,0.3009169581591034,0.3483660713105726,0.32500405046198755,0.08327373029707574,0.08725936427533196,1.0
0.5,0.18760047431843668,1.0,1.0,1.0,0.3353012987852849,0.35609621334906133,0.34757187611755025,0.10438081390198192,0.1074138099129023,1.0
0.5,0.19580997670020256,1.0,1.0,1.0,0.38004357564544516,0.3968544672822455,0.34364117691782087,0.09513485600122673,0.10274718256349086,1.0
0.5,0.18850292812769193,1.0,1.0,1.0,0.349103620026572,0.34146562160282556,0.33605043781270655,0.09898548401153555,0.1093609378518237,1.0
0.5,0.1959772732106948,1.0,1.0,1.0,0.30623547012862323,0.3130075976310634,0.30130822140409663,0.09341215358076667,0.09837371539725673,1.0
0.5,0.24345288319118102,1.0,1.0,1.0,0.29591071576339595,0.2947791938616316,0.2596144403857498,0.08316409270617754,0.08684156472932719,1.0
0.5,0.2383287843092198,1.0,1.0,1.0,0.2956136817648701,0.29982053862615254,0.27303670742867914,0.08398044165386516,0.0895577241192453,1.0
0.5,0.20727379913783164,1.0,1.0,1.0,0.32928887613439184,0.33090661731250737,0.32592249189915656,0.09142252175835759,0.09840798980261413,1.0
0.5,0.18972650639273503,1.0,1.0,1.0,0.329184894055403,0.34346778713999626,0.33291369111169944,0.10221669735685791,0.10831269686064125,1.0
0.5,0.18860100161962035,0.0,0.0,0.0,0.3481134224844995,0.39418560753557735,0.37661857602189713,0.1075985345223401,0.11407218347900573,1.0
0.5,0.20437370118954332,1.0,1.0,1.0,0.31344876914246356,0.357244411708593,0.33823562254680395,0.09217690418635835,0.09737666301748864,1.0
0.5,0.21836276219067016,1.0,1.0,1.0,0.2823045418354072,0.3167521405012895,0.2947543185980261,0.09324694429737299,0.09459384228028635,1.0
0.5,0.21607672694786847,1.0,0.0,0.0,0.3658491881275285,0.3221815908796565,0.2958080213638232,0.08943752793151351,0.09942132645530777,1.0
0.5,0.22089137166980255,0.0,1.0,0.0,0.28842892448855306,0.30429216267481224,0.28970610940704683,0.0848284621857917,0.09015648844427059,1.0
0.5,0.23719720751791804,1.0,1.0,0.0,0.267638830470872,0.2756294330639827,0.26460665191506233,0.07916179388187278,0.083586550152008,1.0
0.5,0.18606888663674187,0.0,0.0,0.0,0.33442522931313184,0.30488806145087033,0.29664298149607105,0.10551062575058041,0.10441638729389316,0.0
0.5,0.2122294124656539,1.0,1.0,1.0,0.3665614744887563,0.360676959247315,0.34148961421901075,0.08508716107445947,0.0921711375202624,1.0
0.5,0.17504133283251883,1.0,1.0,1.0,0.3468440968488949,0.3510608467470204,0.3484590969026633,0.10164625495752277,0.11089207924338894,1.0
0.5,0.17865909635310714,1.0,1.0,1.0,0.37563624436449,0.3767631190752993,0.3502686401092565,0.10403371080609165,0.10732208075589143,1.0
0.5,0.18634386790967694,1.0,1.0,1.0,0.3299706023519738,0.3435158986955207,0.3187193466923424,0.10849321771118386,0.1163963509117019,1.0
0.5,0.19817055031350345,1.0,1.0,1.0,0.335807092446654,0.3165043231604795,0.30975145607283416,0.0952600955661574,0.1028969954613979,1.0
0.5,0.2382958480497225,1.0,1.0,1.0,0.27890732018686687,0.3221325857862105,0.27927630005447746,0.07607628274439143,0.08193404535668815,1.0
0.5,0.18726535904505423,1.0,1.0,1.0,0.3237017130297672,0.3408561322082644,0.33417484879864184,0.10843654647450948,0.11754148540804349,1.0
0.5,0.1914980442266491,1.0,1.0,1.0,0.3320204732655179,0.3389345574250882,0.32557215005187484,0.0977930220584043,0.10117649282658933,1.0
0.5,0.19877858871845233,1.0,1.0,1.0,0.3362413537375161,0.36232252147805066,0.3426110737619691,0.09749313893961745,0.10840916141826361,1.0
0.5,0.18817639770115044,1.0,1.0,1.0,0.3255597289820352,0.37304724775193643,0.3394247954574841,0.09321537170226663,0.09727856272504853,1.0
0.5,0.17732996033595944,1.0,1.0,1.0,0.30728818566205396,0.31751630592545876,0.31308972533013935,0.10355773322897859,0.10585143228226519,1.0
0.5,0.21871527547478503,1.0,1.0,1.0,0.32565036652822366,0.3498925623079392,0.32184092637676,0.0859181155696597,0.09324660147199242,1.0
0.5,0.2057978433312824,1.0,1.0,1.0,0.35123999651854393,0.3814650611366523,0.34248367840284294,0.09104691263872018,0.09521822223412502,1.0
0.5,0.20797042267151059,1.0,1.0,1.0,0.334532747965287,0.30434124927647654,0.28737889065773514,0.08800706020033872,0.0908790365354637,1.0
0.5,0.16131475346873825,1.0,1.0,1.0,0.39089082862628466,0.3958766048999237,0.38115042806614174,0.11662736738716109,0.12460176070287206,1.0
0.5,0.21965054686911473,1.0,1.0,1.0,0.3043919756968,0.31548917969541723,0.30257554122549857,0.08515583891202332,0.09146583845244444,1.0
0.5,0.20386581512644555,1.0,1.0,1.0,0.31174356105620216,0.31605410651790944,0.2964673436907309,0.09354159529374544,0.10384088900384306,1.0
0.5,0.16216966100601288,1.0,1.0,1.0,0.38372891846829893,0.39669313335526846,0.38885470332412886,0.10834653136995888,0.11345782564255825,1.0
0.5,0.22870503380502782,1.0,1.0,1.0,0.2890266946765182,0.30515092375617964,0.2920688822780237,0.08547857920260656,0.09491205755300028,1.0
0.5,0.23261430913523876,1.0,1.0,1.0,0.2575419511124049,0.2565909899884456,0.24634963453969955,0.08119028909565867,0.08416770360347504,1.0
0.5,0.21333888341464416,1.0,1.0,1.0,0.30258963186363774,0.35263581280824363,0.32884290010146006,0.08802569665211157,0.09554417116508405,1.0
0.5,0.21875859782210477,1.0,1.0,1.0,0.31188697688414335,0.31582842466752364,0.30781845161397614,0.08317495791463432,0.09155221998943341,1.0
0.5,0.17060954111002125,1.0,1.0,1.0,0.3554081187453084,0.36645855037291397,0.3610114874813566,0.10254650244870779,0.11003303997708855,1.0
0.5,0.18118114894907045,1.0,1.0,1.0,0.35038897031906596,0.33868413085895444,0.3309317693623216,0.11045759492536295,0.11038189970028287,0.0
0.5,0.1787003476746218,1.0,1.0,1.0,0.38745466736003215,0.37997064251269264,0.3793508076538504,0.1065061276200558,0.11589238301550103,1.0
0.5,0.2011491075860858,1.0,1.0,1.0,0.3313445294866084,0.33969486438373153,0.28217517945640147,0.09476221201210117,0.09885774405570492,1.0
0.5,0.2084774067642379,1.0,1.0,1.0,0.3273590553599675,0.35557769124589844,0.3200334016196506,0.09632718189964788,0.0983144597437289,1.0
0.5,0.1909148606636991,1.0,1.0,1.0,0.3391061319118475,0.4056650163897183,0.3879236156631351,0.09974781868047318,0.10979034834074845,1.0
0.5,0.18712094928798229,1.0,1.0,1.0,0.3037113912477528,0.35901094901023156,0.34224800583310855,0.1048867599167626,0.1107077914394762,1.0
0.5,0.23079869862529506,1.0,1.0,1.0,0.2648740211007271,0.35269999472324476,0.31672914030056887,0.08729333715558635,0.0957818838976097,1.0
0.5,0.2215777555663827,1.0,1.0,1.0,0.31212912192977127,0.33123872539389787,0.28674106283369794,0.09249357161945121,0.0930792319030861,1.0
0.5,0.20431524968639533,1.0,1.0,1.0,0.3249944744674259,0.3531392293121989,0.3339730625938378,0.08788740681797468,0.09634901209589383,1.0
0.5,0.1738320336201275,1.0,1.0,1.0,0.39898725420667397,0.3652304437126524,0.35166200988078217,0.1115992602575608,0.11559755001917969,1.0
0.5,0.18144483606994158,1.0,1.0,1.0,0.3977472663502235,0.42830692349377086,0.3966940757820017,0.1076730868857598,0.1123045041014818,1.0
0.5,0.18967086490097926,1.0,1.0,1.0,0.3316203785649442,0.3098546718537185,0.304993345283207,0.10691371794508588,0.11283489964000827,1.0
0.5,0.19320133018959626,1.0,1.0,1.0,0.3116418184688651,0.3195077477412852,0.3148140571438784,0.10068336257719483,0.1041096948923366,1.0
0.5,0.22758981598388328,1.0,1.0,1.0,0.3168066020341317,0.33251219857848546,0.3038894629514918,0.08215463223314494,0.08276202706948958,1.0
0.5,0.2019199580982621,1.0,1.0,1.0,0.29277378090165684,0.30776697668943837,0.2990772456359104,0.09467646073448152,0.0997788536573532,1.0
0.5,0.2425291605962298,0.0,0.0,0.0,0.26414948794526677,0.26132056379378216,0.2539573952122759,0.07307469890735276,0.08139433886972221,1.0
0.5,0.22640492223620198,0.0,0.0,0.0,0.2981842903743728,0.3090548745204662,0.28334708214266685,0.08964544475449783,0.09975308159483232,1.0
0.5,0.20238767260007762,1.0,1.0,1.0,0.32468253458679597,0.294940465539335,0.2805878068436202,0.09754388729670552,0.10006984436798622,1.0
0.5,0.18612369034329257,1.0,1.0,1.0,0.34235196128018647,0.3248106975354248,0.31947209304705254,0.10466451181336313,0.11002905562217435,1.0
0.5,0.23649133156806618,1.0,1.0,1.0,0.3251188964002837,0.3574647977778717,0.3268866801947615,0.08272193406577819,0.08689236596762033,1.0
0.5,0.2087375675395661,1.0,1.0,1.0,0.3144251420034059,0.28617716439891694,0.2764942146236188,0.09420083741436797,0.09932192175030165,1.0
0.5,0.20899374372773674,1.0,1.0,1.0,0.3187394637128967,0.34421174252766973,0.332398786970246,0.08948549510600104,0.09787773658735249,1.0
0.5,0.2329229511530807,1.0,1.0,1.0,0.29155841214739164,0.32065868238995504,0.30776317458250035,0.0803180554254088,0.09114873481608246,1.0
0.5,0.19034340432039826,0.0,0.0,0.0,0.36287223516064576,0.3131884958516352,0.3060403246777222,0.10765221217495666,0.11344476620659012,1.0
0.5,0.2204534254869311,1.0,1.0,1.0,0.2840593408464348,0.3136729724813062,0.2815283472887252,0.09051834772050814,0.09237524355611633,1.0
0.5,0.1654747429754072,1.0,1.0,1.0,0.3285016606543398,0.36577343327441914,0.36227640149277723,0.1118768248635,0.12021162070842692,1.0
0.5,0.20179998523457318,1.0,1.0,1.0,0.2894942158262898,0.34504831803329494,0.33249223331040656,0.09515209528827435,0.1000148204234469,1.0
0.5,0.21886668774000975,1.0,1.0,1.0,0.36249509226709126,0.3491840937219,0.3319388993908383,0.08385567012942624,0.09010728764007828,1.0
0.5,0.1891039077699591,0.0,0.0,0.0,0.3629563073875531,0.32285485420647425,0.30041053000934437,0.10506921955887838,0.10722593393332741,1.0
0.5,0.21230788662458727,1.0,1.0,1.0,0.27021573768066276,0.2674104153058323,0.2532671642124794,0.09066586611162758,0.09484495055114892,1.0
0.5,0.1931232531267519,1.0,1.0,1.0,0.34169896426333485,0.3713770044382638,0.3588819233049154,0.10284827216486811,0.11286744556283726,1.0
0.5,0.2901741410328811,1.0,1.0,1.0,0.23670119368927206,0.2640084182289478,0.23562732606553385,0.06697358211796171,0.07356692161925327,1.0
0.5,0.215487186902565,1.0,1.0,1.0,0.30523872949971576,0.3011379512478527,0.2927499713876163,0.09071240603854569,0.09307945667513795,1.0
0.5,0.21879155605792955,1.0,1.0,1.0,0.3036601812821208,0.30967630992271783,0.30136356365565775,0.08628825013758906,0.09496180003592057,1.0
0.5,0.22809267344512738,0.0,0.0,0.0,0.24618462247837014,0.2944334561723495,0.2708869352283215,0.08900732127377205,0.0908981642576362,1.0
0.5,0.191700320030648,1.0,1.0,1.0,0.39159211364431884,0.40912244645317825,0.3771692975381252,0.1051831247333297,0.11193003327418424,1.0
0.5,0.18421537528225912,1.0,1.0,1.0,0.3761607533678906,0.41719226422171457,0.3850774516868568,0.10370869068208569,0.10187344105336125,0.0
0.5,0.20511395897519275,1.0,1.0,1.0,0.30599720320566337,0.2990772910330581,0.28810845548077935,0.09813808924542469,0.10439910704813553,1.0
0.5,0.1928657106023183,1.0,1.0,1.0,0.33174035292109566,0.37607124786406754,0.3510390994516877,0.09048269380308525,0.09742304702688985,1.0
0.5,0.19841204545591654,1.0,1.0,1.0,0.34268079532924656,0.31885368149611193,0.29903529156766184,0.0952568779884341,0.09679226902133499,1.0
0.5,0.18990411587991093,1.0,1.0,1.0,0.3389900161003515,0.37430128855411293,0.34981295098764065,0.09927661667754042,0.09842337610549828,0.0
0.5,0.2645784440488941,1.0,1.0,1.0,0.2748543902336575,0.2749831527967063,0.25643351948243487,0.07136040447652375,0.0760076416005529,1.0
0.5,0.2215041911926484,1.0,1.0,1.0,0.31022770433806174,0.3398250107942521,0.31957979739724907,0.08989802675712974,0.09673443194190481,1.0
0.5,0.19946359803096145,1.0,1.0,1.0,0.32298376737214746,0.3331744723476349,0.3300582814828487,0.09777089216913883,0.1009733794623677,1.0
0.5,0.21954279465867474,1.0,1.0,1.0,0.3428200133165516,0.3125344192575228,0.29640456103212187,0.0872380996506171,0.09498552673683335,1.0
0.5,0.21434644834475786,1.0,1.0,1.0,0.3121397988557072,0.36058070861192404,0.3289134750393577,0.08920526054371977,0.09477848784313453,1.0
0.5,0.18007502508284273,1.0,1.0,1.0,0.4179436051737415,0.4182710856740776,0.40293724710019446,0.10945636016082043,0.11587653142178961,1.0
0.5,0.18356048200941902,1.0,1.0,1.0,0.37465175460494776,0.39091100320630995,0.3896546440776727,0.10423423414943844,0.11038542394204667,1.0
0.5,0.1990459119698116,1.0,1.0,1.0,0.2779279056699277,0.32542289210337555,0.3025824322941756,0.1059201512249245,0.1155979786464863,1.0
0.5,0.1804617496381207,0.0,1.0,0.0,0.3359433901773597,0.3814163505065103,0.35001154287727837,0.11274507800373497,0.11876690631873593,1.0
0.5,0.21816632257580879,1.0,1.0,1.0,0.3070573568422718,0.30003074618266146,0.2931684916263103,0.09296484292009169,0.09822634921175027,1.0
0.5,0.2046480113513946,1.0,1.0,1.0,0.3475230199355066,0.35869675770480774,0.33938571283028907,0.09772370265356481,0.10225497396600748,1.0
0.5,0.18940171178636836,1.0,1.0,1.0,0.3037340582879149,0.37641399017399346,0.3527947720074402,0.08853701049761796,0.0972101684642036,1.0
0.5,0.22267077971084964,1.0,1.0,1.0,0.32026610759625507,0.31253075888044446,0.30490275084531443,0.08594329686058959,0.09171700638407412,1.0
0.5,0.2221761574396959,1.0,1.0,1.0,0.3392858726088222,0.3483877872725627,0.31851388798210084,0.08476500823385952,0.09481344213885892,1.0
0.5,0.1622466094867517,1.0,1.0,1.0,0.41057680886757747,0.4183050486143866,0.40378950828631044,0.11341775852077232,0.11827348414332839,1.0
0.5,0.19655762617278885,1.0,1.0,1.0,0.3678219968957014,0.3467047482062412,0.33615471264839686,0.10234353170862162,0.10239735857543851,1.0
0.5,0.26285541897448855,1.0,1.0,1.0,0.24495121564968408,0.23906400749065843,0.23243502987776035,0.08115686046602522,0.08575103048601625,1.0
0.5,0.1915185855408475,1.0,1.0,1.0,0.33447390801783133,0.3472590763536972,0.3182910339484663,0.09604394908626554,0.10451011256884123,1.0
0.5,0.20031593498561148,1.0,1.0,1.0,0.32408421286739497,0.34334233130509734,0.3348793963308955,0.09658035661144317,0.1002495277654344,1.0
0.5,0.2133742914253158,1.0,1.0,1.0,0.35250461550977497,0.3557389089391679,0.3479099261169119,0.08174550356816884,0.08476043234821233,1.0
0.5,0.2083712086808651,1.0,1.0,1.0,0.31904395537116226,0.3155342045867912,0.29887783992978667,0.09649247636357382,0.09719260159143246,1.0
0.5,0.22131756344475023,1.0,1.0,1.0,0.2767989993762888,0.2604196000348809,0.24385188953449938,0.08770652573723053,0.09312817521684247,1.0
0.5,0.18925889273702065,1.0,1.0,1.0,0.33003949392735304,0.32514279353318903,0.3151715525615154,0.09629468204299732,0.09967139442663311,1.0
0.5,0.22297727378502252,1.0,1.0,1.0,0.31061766660213447,0.3226829361330056,0.30684418588009044,0.08672745291853609,0.09358188334251073,1.0
0.5,0.16706537412298975,1.0,1.0,1.0,0.37196301417014976,0.4139630390808411,0.38702918784456813,0.11014364119585342,0.1156615051727141,1.0
0.5,0.1833889727640158,1.0,1.0,1.0,0.35166830490521417,0.37190228281528326,0.3388210815814603,0.09830026177323933,0.10311522429976289,1.0
0.5,0.236949489155447,1.0,1.0,1.0,0.2537397266013245,0.2621041856974353,0.24422703885971742,0.07607827886685048,0.08081247485226928,1.0
0.5,0.20658949057295362,1.0,1.0,1.0,0.27160397518151785,0.3027962401140028,0.28975693339482933,0.09555976181727908,0.1071332303691135,1.0
0.5,0.18603711719457994,1.0,1.0,1.0,0.3924574581193162,0.39864534448526034,0.3611525856773733,0.10546637259241078,0.1089391444358784,1.0
0.5,0.17105889872958294,0.0,0.0,0.0,0.37650165210344694,0.34254625688366114,0.33837145531097546,0.11675257119004295,0.11993842322579215,1.0
0.5,0.21824722657515971,0.0,0.0,0.0,0.24307208852191714,0.23863018761242216,0.22152622865324,0.08855493542178056,0.09386840013156386,1.0
0.5,0.22808931579379685,1.0,1.0,1.0,0.26599912928934505,0.28296410781433795,0.2633596568122449,0.08296064716619139,0.081642460895208,0.0
0.5,0.22345204318690295,1.0,1.0,1.0,0.3102954166041936,0.30038556640132824,0.2635440015260403,0.08690478587564852,0.08790789116389836,1.0
0.5,0.22319207719230394,1.0,1.0,1.0,0.28915511155836204,0.29136442882556446,0.27099075403277484,0.08490528810240429,0.08847502026977844,1.0
0.5,0.20776144599236185,1.0,1.0,1.0,0.35738540025960186,0.3838275883120099,0.3557471554510577,0.08611867339263064,0.09383812623125648,1.0
0.5,0.19460934897164067,1.0,1.0,1.0,0.35655411740914933,0.36951592661808486,0.3584366294321413,0.09854246786532028,0.1056864201382732,1.0
0.5,0.20424378921004013,1.0,1.0,1.0,0.3211910350717177,0.3365639206967527,0.3304691148412343,0.09049214742271161,0.09720429967442865,1.0
0.5,0.2078844948654106,0.0,0.0,0.0,0.3019008693677717,0.2989460503523322,0.279517982497069,0.09274719738343878,0.0938041324002373,1.0
0.5,0.2032335081372031,1.0,1.0,1.0,0.32106781379584276,0.34287528937935463,0.3327441922372422,0.08565254847354468,0.094985232454843,1.0
0.5,0.19643997104396319,1.0,1.0,1.0,0.28584686429357953,0.33942911555260336,0.3299489052370107,0.0965863601103756,0.10514860859415588,1.0
0.5,0.22228385584107407,0.0,0.0,0.0,0.27341221696561463,0.2864944340285346,0.273318506378413,0.08756306556386079,0.08979597896016134,1.0
0.5,0.18377057005389405,1.0,1.0,1.0,0.43122923215473,0.4093466103375376,0.3914690692116765,0.10259529074547262,0.10753486885956147,1.0
0.5,0.2036386975125217,1.0,1.0,1.0,0.27521849699583856,0.3293680802350818,0.31724014120163274,0.08847326812389687,0.09519061749863943,1.0
0.5,0.20311812979014027,1.0,1.0,1.0,0.28980745977689454,0.3108377765555886,0.28925378122208906,0.09691772544123492,0.10037551517885192,1.0
0.5,0.1986662211337671,0.0,0.0,0.0,0.34779229418228325,0.3075804388426448,0.2958073510387437,0.09522173192953243,0.09876207122913316,1.0
0.5,0.18427370544017604,1.0,1.0,1.0,0.4013693139797262,0.41852721809392557,0.4002552832463663,0.10088106605069587,0.10435526434415893,1.0
0.5,0.20436251128992758,0.0,0.0,0.0,0.27095531077110735,0.288303725065408,0.28366358536431163,0.09051181192543885,0.09360538096740986,1.0
0.5,0.2136284792207041,1.0,1.0,1.0,0.3290373809503229,0.37778120204552695,0.3564332475165659,0.08980812553897945,0.09315884168438146,1.0
0.5,0.2281318150584224,1.0,1.0,1.0,0.2831838615161351,0.3054691562543993,0.2885244879723353,0.08825250349744472,0.08926242841827517,1.0
0.5,0.207794282767437,1.0,1.0,1.0,0.376651534644027,0.36186226143506617,0.3418395580225228,0.08990993653502397,0.09697209701234293,1.0
0.5,0.2092222530370123,1.0,1.0,1.0,0.2844753009397972,0.32947807818230845,0.2805094146056982,0.09694709149553393,0.10323679212963635,1.0
0.5,0.18975057097466805,1.0,1.0,1.0,0.336474470525835,0.3359565328403719,0.3126966183283129,0.09595500812433043,0.10134173936908926,1.0
0.5,0.22194584419060082,1.0,1.0,1.0,0.35713232153233293,0.32527453778896154,0.30356208125448625,0.08730028650839732,0.09436934045622268,1.0
0.5,0.22026755444267726,1.0,1.0,1.0,0.3248504950626641,0.32084427121907894,0.2941112943988384,0.09175018568672963,0.09584187491807064,1.0
0.5,0.23355713629729552,1.0,1.0,1.0,0.26307878395665335,0.26837281373771477,0.2623914158390204,0.08460360526117108,0.09107760161879697,1.0
0.5,0.1923639218293889,1.0,1.0,1.0,0.35478036812373615,0.3170688637633874,0.2843725636968527,0.09854369057817967,0.10078498647323388,1.0
0.5,0.23838128590208385,1.0,1.0,1.0,0.2825233259082479,0.2773007584171872,0.26352474828354355,0.07385780484749849,0.08015018851652397,1.0
0.5,0.21573634188676705,1.0,1.0,1.0,0.315972906610341,0.36464456295686537,0.3465161492534083,0.08800539773907998,0.09476329218098231,1.0
0.5,0.20096969100070422,0.0,0.0,0.0,0.28842346759271154,0.28616366600558196,0.2772397116824963,0.10574161584535752,0.11141143966888847,1.0
0.5,0.204525074520402,1.0,1.0,1.0,0.29070236851412534,0.2993916768922492,0.2954933554414873,0.09649464882022529,0.10011945606218425,1.0
0.5,0.19719478136725108,1.0,1.0,1.0,0.32580705674169863,0.340885095951366,0.3340006838596251,0.09373160884439939,0.10067171419261918,1.0
0.5,0.21753162669560336,1.0,1.0,1.0,0.32014173012270886,0.35531824514740284,0.30510085026729084,0.0799803875240266,0.08201357947413113,1.0
0.5,0.2206968796024688,0.0,0.0,0.0,0.2646018112279379,0.2562213329132189,0.2444926953120609,0.09029506520289413,0.09981031825944464,1.0
0.5,0.22382993384877184,1.0,1.0,1.0,0.3232814218237944,0.2799100198669872,0.2630305041920632,0.08947268550200996,0.09235492822109753,1.0
0.5,0.21160176657229823,1.0,1.0,1.0,0.31007394391638166,0.3064610416133421,0.2963914521166779,0.08744176147355448,0.09486188816897148,1.0
0.5,0.1961016520863774,1.0,1.0,1.0,0.3657828027994338,0.34722518432453026,0.31612657165438673,0.09693824569513593,0.10214176251268718,1.0
0.5,0.20895454094604243,1.0,1.0,1.0,0.2958897436140049,0.3294517003092997,0.3215007351893229,0.09188368024974433,0.0980008872813914,1.0
0.5,0.17550035970517192,1.0,1.0,1.0,0.395598529523893,0.4018602999306857,0.35386864579564004,0.10440318921980321,0.10992490403047261,1.0
0.5,0.17556488724554345,1.0,1.0,1.0,0.3448363529158067,0.3585329468375885,0.3457651733420616,0.10267555948189237,0.11258542330309561,1.0
0.5,0.21976113615332862,1.0,1.0,1.0,0.245121520929186,0.291418345987828,0.27027516085206826,0.09076559322110041,0.0978869794813067,1.0
0.5,0.1945822147168503,0.0,0.0,0.0,0.29328699993920654,0.30851742616554717,0.2931769745917213,0.10163376292834507,0.11161789373920711,1.0
0.5,0.18700945019904228,1.0,1.0,1.0,0.3224425194342394,0.34371158959707,0.3224300253568211,0.10451207972841745,0.10807169050679183,1.0
0.5,0.17856093630975658,0.0,0.0,0.0,0.3800092681719101,0.41682126653559937,0.4002824504596367,0.1062767893074929,0.11118535729860209,1.0
0.5,0.21931870965890973,1.0,1.0,1.0,0.25495670166581164,0.29852992516193344,0.2844064992749582,0.0892594945302697,0.09712031969003976,1.0
0.5,0.28632784621698737,1.0,1.0,1.0,0.22646036926039742,0.24998009048779685,0.22490276696380684,0.06571291092409035,0.07583665352432432,1.0
0.5,0.18592669535089318,1.0,1.0,1.0,0.40086626374051937,0.3515217876637469,0.33962191108912954,0.09697711285351089,0.10545925784279164,1.0
0.5,0.22411477007676212,1.0,1.0,1.0,0.30438514260214394,0.3172783527518465,0.290571893746877,0.07518622102013259,0.08075026333710744,1.0
0.5,0.23265938527875432,1.0,1.0,1.0,0.284359287706931,0.28373691191644557,0.2706006727834082,0.08041379308353731,0.08790585774095117,1.0
0.5,0.17468603238547745,1.0,1.0,1.0,0.3639589224030507,0.396475374853096,0.3806197605589719,0.11200363048234525,0.11756677333906858,1.0
0.5,0.21420418656632237,1.0,1.0,1.0,0.364421833625075,0.32011475574909554,0.30930835598246026,0.08661714566643602,0.09417470684050241,1.0
0.5,0.23431834193337855,0.0,0.0,0.0,0.27041515930298815,0.30159445189140494,0.28581208313752626,0.08454507810841601,0.08648300960997118,1.0
0.5,0.1894130341268562,1.0,1.0,1.0,0.3425821406614026,0.3756738296859591,0.34137783384192133,0.09825940447531535,0.10596050707123282,1.0
0.5,0.20777629897433383,1.0,1.0,1.0,0.32695377781027346,0.3359465045920606,0.31453611882968824,0.08877167081892746,0.08806388465027867,0.0
0.5,0.17182758533312387,1.0,1.0,1.0,0.36353186570168533,0.356666949037599,0.34931355804998654,0.10741114718097756,0.11386503438903384,1.0
0.5,0.22343468589372276,1.0,1.0,1.0,0.2882896773672668,0.2874777579603736,0.2668341925724194,0.08421180531461779,0.09385269737895172,1.0
0.5,0.19082693950742483,0.0,0.0,0.0,0.3264813520637041,0.3461193554755752,0.3321980097991412,0.09730339294503887,0.10173933584952641,1.0
0.5,0.1846572710676763,1.0,1.0,1.0,0.33543954178748747,0.44226287277565496,0.4042303624095605,0.10087400294407844,0.11235929837717844,1.0
0.5,0.1933839551934405,1.0,1.0,1.0,0.2948738917810072,0.28392337399014395,0.27864776015863973,0.10070853003317534,0.10573476902471601,1.0
0.5,0.19752464248731547,1.0,1.0,1.0,0.3231850878076256,0.3312242600236115,0.3119023616247111,0.10150825769178135,0.1030484952152788,1.0
0.5,0.27233184732162424,1.0,1.0,1.0,0.239024644781483,0.253012124266435,0.2280148758261599,0.07332819253588396,0.07838933923796243,1.0
0.5,0.1960172827698528,1.0,1.0,1.0,0.2990438321739442,0.2993197879747724,0.29420884596849184,0.09465912598003469,0.09628879048503766,1.0
0.5,0.21268704034717464,1.0,1.0,1.0,0.293164359800359,0.3155146937886786,0.29529868616607385,0.08898913332468565,0.09799898547404673,1.0
0.5,0.21036324977840512,1.0,1.0,1.0,0.3083583871681824,0.2880687965035215,0.2707680186202776,0.09088971516101527,0.09339485834124053,1.0
0.5,0.20592023197614281,1.0,1.0,1.0,0.3002292354314776,0.3087215472168913,0.2919943150816458,0.09717891069441625,0.10783481185371643,1.0
0.5,0.19678903552996635,1.0,1.0,1.0,0.3716583849656064,0.39391737978452285,0.37874694714241974,0.09779595287976922,0.1089256465501108,1.0
0.5,0.22119662024635778,0.0,0.0,0.0,0.2772569671152004,0.26312814637667514,0.24718912901854093,0.0883298351283032,0.09196929051288505,1.0
0.5,0.20507947210231234,1.0,1.0,1.0,0.2959863770656722,0.3306877400927575,0.3111883752920412,0.09304854237402535,0.09862749397373136,1.0
0.5,0.23594900574078198,1.0,1.0,1.0,0.27980991553571455,0.3207417191398193,0.2815138803925995,0.08244176448692496,0.09204029340822582,1.0
0.5,0.21761778601808637,1.0,1.0,1.0,0.2969629613185701,0.32064693718367154,0.3010618806893385,0.09272347163381829,0.09378023302172993,1.0
0.5,0.16281730061354444,1.0,1.0,1.0,0.40744413517798667,0.40728511487608066,0.39495023799868106,0.12088484230004774,0.12202189737814267,1.0
0.5,0.2091613239950484,1.0,1.0,1.0,0.31260397224005876,0.319560309370417,0.2829635209889124,0.09080601407810722,0.09756984759784337,1.0
0.5,0.22628061912750508,1.0,1.0,1.0,0.2924999625116129,0.2984850681279365,0.27397953958229027,0.08527738561560072,0.08729948370157142,1.0
0.5,0.1578290228195541,1.0,1.0,1.0,0.4363897303066559,0.4312904344777072,0.418440207774253,0.12151646707648607,0.1260210424820222,1.0
0.5,0.22446727977803896,1.0,1.0,1.0,0.2767225569283293,0.315084053896361,0.285751657755852,0.08236348563167556,0.0894770704922928,1.0
0.5,0.20666723056276043,1.0,1.0,1.0,0.3382084280291764,0.33942876420224116,0.3050110704639601,0.09301607440920956,0.09478994960012915,1.0
0.5,0.21439250911875415,1.0,1.0,1.0,0.3129701825719504,0.31245340657604476,0.3036562529762304,0.08622087341727866,0.09366097500667978,1.0
0.5,0.1968182622522643,1.0,1.0,1.0,0.35352168836040293,0.3403758654437284,0.32784449755771783,0.09516401653566986,0.09969511013971098,1.0
0.5,0.19158489223324288,1.0,1.0,1.0,0.3587859808994587,0.3431205337378226,0.31543170954028615,0.09832183681476721,0.10670759428075223,1.0
0.5,0.19979714302191903,1.0,1.0,1.0,0.3159714370242054,0.3639136319747476,0.358088095763436,0.09518736289098913,0.10490999296217372,1.0
0.5,0.20345469426444157,1.0,1.0,1.0,0.32813145792815296,0.31553234914313555,0.30355678476064807,0.09174927844685675,0.10204756843793623,1.0
0.5,0.20218014603990672,1.0,0.0,0.0,0.36350540717888913,0.34678455824973287,0.3392085856246452,0.0904854913233155,0.09482424853113748,1.0
0.5,0.19026711424346818,1.0,1.0,1.0,0.32072143168850775,0.351211789043657,0.34091179302896263,0.09489831448756711,0.10498764144102628,1.0
0.5,0.19595469322834938,1.0,1.0,1.0,0.34580904899291304,0.35786254161689746,0.33219151367103805,0.09421363934891878,0.09464267898355881,1.0
0.5,0.22317676311421486,1.0,1.0,1.0,0.2819387824886778,0.30372387765294845,0.2862252456723238,0.09020949144817329,0.08992319071678896,0.0
0.5,0.20192199702229993,1.0,1.0,1.0,0.3572434567101967,0.36134261296269216,0.3413241339891928,0.09134272769132776,0.0957540767484163,1.0
0.5,0.20918958490507594,1.0,1.0,1.0,0.3226722751630992,0.35194914227412,0.32231659862005724,0.09309176115768468,0.10075949339370795,1.0
0.5,0.2041703886386813,0.0,0.0,0.0,0.2706214023296421,0.25913420929141584,0.24517863141010868,0.0934615301769038,0.09424945128824706,1.0
0.5,0.17288574724988917,1.0,1.0,1.0,0.352627124414541,0.3739632719446181,0.35468885067390327,0.11232265853904164,0.1189916599252135,1.0
0.5,0.1906773662221378,1.0,1.0,1.0,0.34857982013637395,0.37714990803678367,0.3386935335035707,0.10385731895082001,0.10869971650404527,1.0
0.5,0.21852218489402672,1.0,1.0,1.0,0.29009069733493076,0.3102092760233737,0.29147197752130183,0.09264041979846306,0.09586818438281094,1.0
0.5,0.23808299692117174,1.0,1.0,1.0,0.2420650096528602,0.22593298589730723,0.21997811836832853,0.07985577758508296,0.08265581243106748,1.0
0.5,0.19160063268713254,1.0,1.0,1.0,0.28785786292816484,0.30540122783079704,0.2971203971645605,0.10056284025188131,0.10596566555849829,1.0
0.5,0.1838695179816291,1.0,1.0,1.0,0.2853641181360181,0.2819658136548605,0.27801691403451007,0.09665516771713056,0.1019237320333528,1.0
0.5,0.22707754031399288,1.0,1.0,1.0,0.26175901597669216,0.261606839302361,0.2569950890116533,0.08875783072887054,0.09174091742294946,1.0
0.5,0.18330249285904182,1.0,1.0,1.0,0.3517921182622867,0.34628294392227815,0.33574276847716794,0.11600471956566302,0.12028652743840162,1.0
0.5,0.16497368546556654,1.0,1.0,1.0,0.4249547923998402,0.4281580446515309,0.40762205323998446,0.11172784394485409,0.11945226961546135,1.0
0.5,0.20692972446819377,1.0,1.0,1.0,0.35950924314430566,0.35006439240918097,0.3262894707769092,0.09069760331098516,0.0922101063692926,1.0
0.5,0.19520020032477703,1.0,1.0,1.0,0.2828648804252929,0.30464880429415764,0.298164564398299,0.09678843839713833,0.10601460295725833,1.0
0.5,0.20525674234500008,1.0,1.0,1.0,0.2956629489901503,0.2925544209545888,0.2834888541318044,0.09383552397891037,0.10066321283174968,1.0
0.5,0.22382306158344353,0.0,0.0,0.0,0.2558233119708482,0.29794223538519315,0.26939500301667774,0.07854681687494686,0.09185327051314544,1.0
0.5,0.19962833235947303,1.0,1.0,1.0,0.2752410845064982,0.3051410422459787,0.29541057798359355,0.09166152506193813,0.09664063002962944,1.0
0.5,0.24644306154271942,1.0,1.0,1.0,0.26502655552739907,0.27376654151134694,0.25147784582876126,0.08079014244964747,0.08584183993299721,1.0
0.5,0.22903529870470354,1.0,1.0,1.0,0.26488779625572423,0.2985302067099535,0.2809378716243839,0.08145590131685697,0.08496414291546095,1.0
0.5,0.21556425316093797,1.0,1.0,1.0,0.2910616052065471,0.3102069779373996,0.2929581394330184,0.0866600599527894,0.09320679672424603,1.0
0.5,0.24191681912807816,1.0,1.0,1.0,0.27856050298320584,0.24714526415246887,0.24888941103557682,0.08261678622754336,0.0899729977300252,1.0
0.5,0.18428095959114968,1.0,1.0,1.0,0.3687068779177719,0.3400811931856261,0.33101576067124505,0.10626839089842081,0.10656851058139666,1.0
0.5,0.19649656060078902,1.0,1.0,1.0,0.33352616565829174,0.37106843022905267,0.34058013844338697,0.09700415239560374,0.10509084485392466,1.0
0.5,0.2257428722196541,1.0,1.0,1.0,0.2472972989210218,0.3295434641758844,0.29801078767459366,0.08377220708360619,0.08865538836414061,1.0
0.5,0.22799270572893998,0.0,0.0,0.0,0.2678412971531741,0.28254937984595346,0.2719406045086362,0.08559254969426427,0.08913400063581388,1.0
0.5,0.20420821911287873,0.0,1.0,0.0,0.331600945906415,0.36683351532002095,0.33082096891437185,0.08951144306542855,0.09832425165208136,1.0
0.5,0.21598975975150855,1.0,1.0,1.0,0.32644869277406807,0.3324328440396954,0.3107872587684754,0.08838081780884305,0.09346752027096708,1.0
0.5,0.19667501176824628,1.0,1.0,1.0,0.2992064614144754,0.30893961006116194,0.30175810673687264,0.09222818987771075,0.09630230682232833,1.0
0.5,0.19571503221238176,1.0,1.0,1.0,0.305314942677669,0.3856539507243635,0.3631258803945971,0.09410365811972522,0.10082696894720594,1.0
0.5,0.21720208679602676,1.0,1.0,1.0,0.3104855082808961,0.2967057177883826,0.2792403731851201,0.09355368635802025,0.10198164571609945,1.0
0.5,0.1912821644238026,1.0,1.0,1.0,0.3557023467469663,0.34841897585526255,0.33587567363013715,0.09656708261785264,0.10215492576332626,1.0
0.5,0.19762888372551207,1.0,1.0,1.0,0.30454625394860374,0.343663239353453,0.3278703748832118,0.09786968489522752,0.10458184249671808,1.0
0.5,0.2060546787849029,1.0,1.0,1.0,0.30064855159944825,0.3058620594857727,0.29093705358342337,0.09234882179674589,0.09750615413222531,1.0
0.5,0.18271925260906208,1.0,1.0,1.0,0.33850625958434416,0.3624377077756066,0.32857745297874663,0.09840702134686836,0.10412043541208289,1.0
0.5,0.20247559755328137,0.0,0.0,0.0,0.3227609403042767,0.29801807699686733,0.2938201906135357,0.09618917746677724,0.09904043622518204,1.0
0.5,0.18733177650713398,1.0,1.0,1.0,0.35048445176988874,0.4164214537187876,0.39290386943792543,0.10342029825831224,0.10839061237920268,1.0
0.5,0.20213371674563332,1.0,1.0,1.0,0.3221211915042449,0.35057418430627907,0.32375677262061453,0.08901105623463723,0.09736130200215226,1.0
0.5,0.19586722991484057,1.0,1.0,1.0,0.2790405788173147,0.3062648689736142,0.29311950733962605,0.09441395639869725,0.10025558341267095,1.0
0.5,0.19202548929155835,1.0,1.0,1.0,0.36067270458283646,0.3431910908728157,0.328057029172136,0.10163569159332715,0.10524153980225057,1.0
0.5,0.24205767775211082,1.0,1.0,1.0,0.30366679179731915,0.31980554266809197,0.28877678638894727,0.07428824622581802,0.08343095104332354,1.0
0.5,0.25902584787944505,1.0,1.0,1.0,0.23428704127467848,0.24997096503277655,0.22972515175052727,0.08312360150339494,0.08989605831639283,1.0
0.5,0.18380071947006638,1.0,1.0,1.0,0.3299343399822671,0.32396771296927296,0.3098000982282651,0.10835594666247243,0.11481139887650317,1.0
0.5,0.20699953462347723,1.0,1.0,1.0,0.29452741172203767,0.331200550167117,0.32077973272359517,0.0853947608602689,0.09176933262080461,1.0
0.5,0.19317013619814685,1.0,1.0,1.0,0.3543911081145026,0.37769856621795667,0.3571974028663112,0.10091349409397259,0.10943312869936907,1.0
0.5,0.20136098495946952,1.0,1.0,1.0,0.33014569783608333,0.3476471334841542,0.32918399238232016,0.09060830420211538,0.09365719290225016,1.0
0.5,0.21791752628356287,1.0,1.0,1.0,0.3087576649052114,0.31561698650994174,0.2908486069958663,0.08653625103717248,0.0966485943454123,1.0
0.5,0.21427528957153721,1.0,1.0,1.0,0.33470703587899125,0.3396973377700567,0.31143872482171986,0.08754906175122386,0.08912170281132573,1.0
0.5,0.24277002498328953,1.0,1.0,1.0,0.2741624520075946,0.2556320222389143,0.22905578380833921,0.07585497054576532,0.0823240827888765,1.0
0.5,0.21002229130182104,1.0,1.0,1.0,0.27914129055127845,0.3003438722078927,0.29221014733656603,0.08971362430830354,0.09534907090584623,1.0
0.5,0.1849632238310616,1.0,1.0,1.0,0.35748823349315073,0.3847048331928469,0.34544754070519396,0.10613165482694505,0.11238008482450702,1.0
0.5,0.15464957277425176,1.0,1.0,1.0,0.346610472677512,0.36688745789619137,0.363951611768679,0.12320203583167257,0.12595188016696696,1.0
0.5,0.21949014026583358,0.0,0.0,0.0,0.2851741638239661,0.3447256748453501,0.3056611022996109,0.08843619633538959,0.09632565421296366,1.0
0.5,0.17418827084453978,1.0,1.0,1.0,0.36768016071356513,0.3575074363622138,0.35019790551452185,0.12302413979811126,0.13015851356800073,1.0
0.5,0.1930515506043988,1.0,1.0,1.0,0.3422242843920576,0.3297670625933636,0.31555764580082785,0.09521509737949083,0.09741551540161485,1.0
0.5,0.1573801204615292,1.0,1.0,1.0,0.4003211759958306,0.4142614281436544,0.3955324561407793,0.12083903092969425,0.12609861240437656,1.0
0.5,0.19339340156074716,1.0,1.0,1.0,0.2970552364592012,0.3436256311420117,0.3305465012013547,0.09723416075469472,0.10460966705561756,1.0
0.5,0.1714247388621844,1.0,1.0,1.0,0.340161070160085,0.3858446120183646,0.36324499315910563,0.10419357818951473,0.11326264074001331,1.0
0.5,0.19980065946791878,1.0,1.0,1.0,0.32752312483278556,0.33530514791397026,0.3275450786665312,0.10026663875541775,0.10881792426722,1.0
0.5,0.2346968702919574,1.0,1.0,1.0,0.2710491772485278,0.2754106028483493,0.2525782485305146,0.08291751276691352,0.089747639986368,1.0
0.5,0.19249542832718478,1.0,1.0,1.0,0.3081491910193525,0.3392757137594459,0.33518127164882755,0.09641213034614055,0.10604104799079485,1.0
0.5,0.1938041374345656,1.0,1.0,1.0,0.38215316111733744,0.393186562027172,0.37323458866144466,0.09792915551090114,0.10745708571142329,1.0
0.5,0.2023459522991371,1.0,1.0,1.0,0.2895946685489179,0.3302891891548211,0.2965056189251234,0.09182300036702669,0.09747695878404217,1.0
0.5,0.23208997990800825,1.0,1.0,1.0,0.2669241451743852,0.2800581837863146,0.26764287203581466,0.09185873913232831,0.09313625642296948,1.0
0.5,0.190734085557899,1.0,1.0,1.0,0.3963719668372167,0.43380765925313847,0.40934894016783874,0.10438991642413015,0.10623940325021117,1.0
0.5,0.19362170973030152,1.0,1.0,1.0,0.286593478849801,0.31636561985807266,0.3119730766408931,0.09508050569459585,0.1011653815625657,1.0
0.5,0.1870904009716098,1.0,1.0,1.0,0.3556319597583603,0.36494505194575716,0.3462803788004532,0.10172758301291976,0.11201005968211626,1.0
0.5,0.19728875829219356,1.0,1.0,1.0,0.30051507110673736,0.27480892250938926,0.26143909998624115,0.09638420392058437,0.09627394746020611,0.0
0.5,0.20325335607444406,1.0,1.0,1.0,0.3324182682304171,0.3222304167995407,0.30322725865039496,0.08957862579217853,0.092110123791583,1.0
0.5,0.2062118268341226,1.0,1.0,1.0,0.2501196940907304,0.28739636089863196,0.2555834052991024,0.095261491098046,0.10279562294571445,1.0
0.5,0.18446089119396186,1.0,1.0,1.0,0.3247722201721581,0.35590176112526245,0.3437135697213662,0.09981073553373482,0.10556224574149761,1.0
0.5,0.2001151867478369,1.0,1.0,1.0,0.29667412435291163,0.2985839378155313,0.2890726582177199,0.09480322559341607,0.09928054860742462,1.0
0.5,0.19805081584036352,0.0,0.0,0.0,0.3435017315125263,0.34434754289075287,0.32650751851369086,0.09091149651982974,0.09831382227625571,1.0
0.5,0.2233081727796423,1.0,1.0,1.0,0.3581937068891173,0.3483005906994191,0.32629065539644336,0.07568292651397623,0.08578828999357022,1.0
0.5,0.20343411622685456,1.0,1.0,1.0,0.31700437635662543,0.30394914527075806,0.28424564006332115,0.08958017639989115,0.0959921545237839,1.0
0.5,0.1951520984314639,1.0,1.0,1.0,0.3482332529563021,0.332618491772296,0.32220731720778306,0.08781364813512153,0.09470485679674445,1.0
0.5,0.21206314302419263,1.0,1.0,1.0,0.27650435879498303,0.30855663106447445,0.3005092471913285,0.09093789332782264,0.09794306267235925,1.0
0.5,0.18527581702900553,1.0,1.0,1.0,0.36326351534116974,0.34535683025098685,0.32727911371689744,0.10625861081442983,0.11032269725022992,1.0
0.5,0.16639738078249391,0.0,1.0,0.0,0.39577143146518967,0.401838846044469,0.39192919440817464,0.10997281716267729,0.11575308682222349,1.0
0.5,0.23972428746984953,1.0,1.0,1.0,0.25654099170961914,0.23908250807827644,0.2326330074612061,0.084753442717335,0.08932985643373502,1.0
0.5,0.19977900571904886,1.0,1.0,1.0,0.3100751253148485,0.3547465168618144,0.3384816236852064,0.09738965941242139,0.10022391946007188,1.0
0.5,0.1964187305768756,1.0,1.0,1.0,0.3135749817161187,0.3036625134761319,0.29854972372925526,0.09938182295175857,0.10684928311229994,1.0
0.5,0.15694414972034973,1.0,1.0,1.0,0.4138435425458879,0.4209002113938121,0.4025167549613694,0.11126916530100411,0.11967824292079846,1.0
0.5,0.17957596037138718,1.0,1.0,1.0,0.4013050436281427,0.34852997047802486,0.33003272392314414,0.09959284571558967,0.10153409079462064,1.0
0.5,0.16600088009328653,1.0,1.0,1.0,0.412294217961467,0.4100125098556894,0.39470661615251973,0.10814060664762369,0.10807254099222778,0.0
0.5,0.1898410752296972,0.0,0.0,0.0,0.3172403417122721,0.3693587751654272,0.3412283942703235,0.09806745280056321,0.10065402200569303,1.0
0.5,0.2201867151359996,1.0,1.0,1.0,0.2844444085436622,0.32679125327912234,0.3033425668459456,0.09048752205339049,0.09954120579163106,1.0
0.5,0.24126680701870226,1.0,1.0,1.0,0.29331743651122394,0.28037954012065625,0.26962964095794073,0.07258475254464063,0.07719112798404434,1.0
0.5,0.1919036624039867,1.0,1.0,1.0,0.29997669235826985,0.3315354667788778,0.322928192872305,0.10258054544428759,0.1117052602317815,1.0
0.5,0.23284700531992997,1.0,1.0,1.0,0.2568803498901539,0.27308226827917625,0.26175958090058477,0.08718493617696688,0.09510860166794594,1.0
0.5,0.19852709324845016,1.0,1.0,1.0,0.3567510670944417,0.34622348673206604,0.34095136617694966,0.09915173775080956,0.10720213598534527,1.0
0.5,0.21778363460303757,1.0,1.0,1.0,0.2728686583588872,0.3136550485441316,0.2990249851536396,0.0895653110285087,0.0973451775617111,1.0
0.5,0.16861544931081146,1.0,1.0,1.0,0.35218792754152395,0.35544240676614003,0.3342643494532231,0.10330900732235937,0.10798218920961623,1.0
0.5,0.22813963002471818,1.0,1.0,1.0,0.30131919059293016,0.3216347501490935,0.29865851988982783,0.08776223694897128,0.08772325543168141,0.0
0.5,0.1673210297296136,1.0,1.0,1.0,0.33819082207968065,0.3751064494148749,0.35280773458830056,0.11851707988489688,0.12448799803528612,1.0
0.5,0.22554874665892558,1.0,1.0,1.0,0.3571436275449074,0.38628668132450883,0.3749050292314031,0.09588714499493484,0.10114022303808566,1.0
0.5,0.22656627891213257,1.0,1.0,1.0,0.31962147318545076,0.3085553271920037,0.3013567632739349,0.08233520526532527,0.08617031819906451,1.0
0.5,0.20404739878966333,1.0,1.0,1.0,0.29505666863295177,0.3149845299627366,0.30618698080929485,0.09277969531372694,0.1014058509471455,1.0
0.5,0.22789228061360672,1.0,1.0,1.0,0.32390322012542516,0.32930705280808936,0.30664799203283255,0.08357148020327569,0.09514495000519074,1.0
0.5,0.25199679257359453,1.0,1.0,1.0,0.2396916090120887,0.22322948887428193,0.20517160301243242,0.07405788965514816,0.08035935601413423,1.0
0.5,0.2287184153759278,1.0,1.0,1.0,0.23395642768636898,0.2351214722123534,0.22536150535239924,0.0865759030744421,0.08725491984621775,1.0
0.5,0.20040519188582753,1.0,1.0,1.0,0.3431701233659051,0.3702840832519346,0.34860210862078667,0.09570815454270472,0.1034043234005976,1.0
0.5,0.24651786981708954,1.0,1.0,1.0,0.28153928261224515,0.2981672704571509,0.2702745976115509,0.07658462127320606,0.08885877583261649,1.0
0.5,0.2352504425753411,1.0,1.0,1.0,0.28890348017198736,0.28611821968337126,0.2657322672241802,0.0749130625870054,0.0783573872951897,1.0
0.5,0.19041443071002795,1.0,1.0,1.0,0.33328724795210624,0.3281975908802601,0.319228276200519,0.10393463167309466,0.11023728112591127,1.0
0.5,0.17628588533122258,1.0,1.0,1.0,0.3244287909234661,0.3485152485661819,0.34030193744139525,0.10583817398863214,0.11483465961170909,1.0
0.5,0.2073777666232524,1.0,1.0,1.0,0.3095618926039655,0.3256522385927539,0.3192669894937047,0.0924726993960499,0.1042786863960789,1.0
0.5,0.21912461435495884,1.0,1.0,1.0,0.2679980970465955,0.29012570805949606,0.2838861393879312,0.0925706978052177,0.10324310962503531,1.0
0.5,0.21431113401752555,1.0,1.0,1.0,0.2898193668235455,0.2768271400779564,0.27331144215963177,0.0916377972212483,0.09527802648062407,1.0
0.5,0.2102106063849367,1.0,1.0,1.0,0.29429232684024365,0.3150763476354158,0.3011881852153237,0.09453984375995175,0.0999763917971009,1.0
0.5,0.20875236178805837,1.0,1.0,1.0,0.3109355107554227,0.3277798673940302,0.30710891343893315,0.10378731403746043,0.11139242335703502,1.0
0.5,0.24352141293887547,1.0,1.0,1.0,0.25755689049486546,0.2742762902532522,0.24643541750534945,0.07614360072940891,0.0816948003411004,1.0
0.5,0.1688133460311739,0.0,0.0,0.0,0.3000647086062644,0.3546609324318871,0.3348021314140228,0.10848897141287385,0.11080108203657119,1.0
0.5,0.21137604032062357,1.0,1.0,0.0,0.28579522119368017,0.2818873090524642,0.27087104828267616,0.08712190280384581,0.09319454990726016,1.0
0.5,0.2364652719781242,1.0,1.0,1.0,0.26153748347380446,0.280459794195927,0.2671921583585003,0.08729231798480715,0.09590557589555715,1.0
0.5,0.20609048378003073,1.0,1.0,1.0,0.3030532138719965,0.3254722626579887,0.285063514505862,0.1018205457132801,0.10404433358502896,1.0
0.5,0.16715628227348622,1.0,1.0,1.0,0.3776282320793342,0.4016045564602438,0.39435456055252444,0.11894477363006134,0.1286517519028281,1.0
0.5,0.22930274823769142,0.0,1.0,0.0,0.25260383486682986,0.29015893910894713,0.26557335460649306,0.08465530099173552,0.0882472162078368,1.0
0.5,0.21135901892193343,1.0,1.0,1.0,0.33280676158376393,0.3302820284023353,0.32077113857174155,0.08816011521385844,0.09359712469977756,1.0
0.5,0.1804149331992555,0.0,0.0,0.0,0.2885869683319154,0.30915977994385996,0.30143404227706905,0.099618647148812,0.11235749617244671,1.0
0.5,0.20186835630233627,1.0,1.0,1.0,0.33217338956110626,0.343972230003022,0.3124739849721362,0.08983376196327782,0.09193277904787012,1.0
0.5,0.20817863652021298,1.0,1.0,1.0,0.32531638447710665,0.3172369668797634,0.2982773369477949,0.09756423498695817,0.10022147148165139,1.0
0.5,0.19725530338844496,1.0,1.0,1.0,0.30458563173368153,0.31947478945146884,0.3128522206693858,0.09397390644018756,0.09726021615180452,1.0
0.5,0.20525022662125894,1.0,1.0,1.0,0.3260046781892195,0.33817802812001546,0.3112780741285789,0.09173638525661304,0.09844925107439556,1.0
0.5,0.2355297809674578,1.0,1.0,1.0,0.2958062573330906,0.2867466046631577,0.2753343159360787,0.08325608068259188,0.09267296238100328,1.0
0.5,0.19610625333833734,1.0,1.0,1.0,0.33189625258229677,0.3671479617127111,0.33999593794590127,0.09635792446209686,0.10113243564717292,1.0
0.5,0.22800197065908515,0.0,1.0,1.0,0.23383838470215362,0.2950554746518234,0.27943051730739743,0.08934697515688564,0.09692002835173665,1.0
0.5,0.17404603310440467,1.0,1.0,1.0,0.4393317647769299,0.43692084737435444,0.41147347204626594,0.10265117180552671,0.10451983663142729,1.0
0.5,0.1969676479202681,1.0,1.0,1.0,0.3093180614665446,0.3347857199067204,0.32806997338416466,0.09922338305442771,0.10519468782587228,1.0
0.5,0.22122734475289552,1.0,1.0,1.0,0.3057765298845957,0.3007461503688444,0.27906509628840503,0.08778958884906636,0.09341638968332981,1.0
0.5,0.23025588769533986,1.0,1.0,1.0,0.3109994418485162,0.3471916247474866,0.3219071272269442,0.07119893894970493,0.08818970689058968,1.0
0.5,0.21049503856878776,1.0,1.0,1.0,0.28918849762564947,0.2991183252092769,0.2653293549208632,0.09208255118404766,0.09616541346224056,1.0
0.5,0.2067819164311922,1.0,1.0,1.0,0.3350746678771811,0.3403199213311593,0.3332954626207624,0.09382126285199556,0.10175909106275131,1.0
0.5,0.23376622706687794,1.0,1.0,1.0,0.26592224398019826,0.33301002858229545,0.2788071407986351,0.08311692116774738,0.08673251540667827,1.0
0.5,0.17203517084000466,1.0,1.0,1.0,0.353667615295168,0.38074104194013864,0.3460238463033061,0.11158573709040902,0.11323424399213612,1.0
0.5,0.21081433254634158,1.0,1.0,1.0,0.30750401485991496,0.32335966889846646,0.3135418340110897,0.09006213225615844,0.10044332682761051,1.0
0.5,0.16171349732164703,1.0,1.0,1.0,0.433782572066553,0.387846806169345,0.3782109890670827,0.11260383393819595,0.11609019771389853,1.0
0.5,0.2345942675673738,1.0,1.0,1.0,0.3095618070473586,0.29665882243139746,0.27205260198648445,0.08196727742321346,0.09014605623507305,1.0
0.5,0.25736562723665296,1.0,1.0,1.0,0.24052304481685277,0.26189513908050366,0.2554549376625602,0.07413485746148603,0.07737421723406084,1.0
0.5,0.20310188708241758,0.0,0.0,0.0,0.2730023284555624,0.279117085892841,0.2649797380587354,0.09516677555673299,0.10047303395625333,1.0
0.5,0.2065899999568972,1.0,1.0,1.0,0.32496021590447693,0.31256317952541435,0.30189365442429567,0.09418648619104225,0.0964291007015694,1.0
0.5,0.20524815007848876,1.0,1.0,1.0,0.32129429837525797,0.36350904485736685,0.322592440342589,0.10452141737811252,0.10668219057378066,1.0
0.5,0.21055998777550725,1.0,1.0,1.0,0.31552585212533046,0.3052650665177805,0.2853654331305612,0.08713406107995869,0.09259545807039299,1.0
0.5,0.1989859132946699,1.0,1.0,1.0,0.301047372123156,0.34422262000721016,0.31218781774195226,0.10135333383758911,0.1036597728834141,1.0
0.5,0.2175538593192465,1.0,1.0,1.0,0.24271504286486492,0.25693017318596933,0.2501201781644574,0.08613931173391981,0.092948781424548,1.0
0.5,0.18530191537369017,1.0,1.0,0.0,0.32802830116694814,0.3201811850078447,0.2983047776140624,0.10525656396479553,0.11011952085909879,1.0
0.5,0.23319938340235175,1.0,1.0,1.0,0.3200814034296624,0.33382797737328734,0.30206381402525134,0.08053010789646367,0.08728573871611747,1.0
0.5,0.2171572819707568,1.0,1.0,1.0,0.3030759280919329,0.2783623706128638,0.2621292983317911,0.08851100549012855,0.09176391787285064,1.0
0.5,0.2095689933466568,1.0,1.0,1.0,0.2998617094935435,0.3110015959722357,0.2941548181982374,0.08410667862094687,0.08660657296570413,1.0
0.5,0.21217755809370997,1.0,1.0,1.0,0.273621330656399,0.2883772332213791,0.27727111012702305,0.08698467952118223,0.08765162541054826,1.0
0.5,0.20798405306456288,1.0,1.0,1.0,0.2908758495105058,0.3261245662364921,0.3084423517782862,0.09815594488079235,0.10576927018701672,1.0
0.5,0.18597962883160746,1.0,1.0,1.0,0.31778793301279723,0.35476865532515334,0.3322765616244772,0.10416809952998834,0.1117630260281151,1.0
0.5,0.2452622761875257,1.0,1.0,1.0,0.24619186970934998,0.25887677894179434,0.23450181645813756,0.08426689219717144,0.0880841481820465,1.0
0.5,0.20465483000463336,1.0,1.0,1.0,0.3138052166489672,0.33773473391608444,0.31800501164187117,0.09619595425307825,0.1000689882179216,1.0
0.5,0.2610582030886622,1.0,1.0,1.0,0.25515149382976265,0.3004057635783099,0.259364655721246,0.07838789663138693,0.08278735778529636,1.0
0.5,0.19659115353648612,1.0,1.0,1.0,0.2851426481972563,0.3115263519363979,0.3083163955833398,0.10273172141817082,0.11535841105081314,1.0
0.5,0.204266818449299,1.0,1.0,1.0,0.3004077762604961,0.317861427784711,0.3082598003098982,0.10263037616463669,0.10880447728369194,1.0
0.5,0.23722833972523297,1.0,1.0,1.0,0.3023426564412729,0.30188194192399426,0.27534655058645213,0.0832519572893208,0.09496555292543805,1.0
0.5,0.1983742873848633,1.0,1.0,1.0,0.33170623402658245,0.3153305406198129,0.29816452237741553,0.09677394404702477,0.09830361037904237,1.0
0.5,0.2381435206055806,1.0,1.0,1.0,0.27290257179722277,0.2870542728200774,0.274647284208476,0.08570300646065661,0.09325894825489515,1.0
0.5,0.17440398976763705,1.0,1.0,1.0,0.3552336318734943,0.363940229730558,0.3557339371801908,0.10686528175521087,0.11472048484422215,1.0
0.5,0.19140812555429107,1.0,1.0,1.0,0.3247413244226288,0.3659648151953169,0.3427334591679628,0.09916375746400047,0.1098791049682622,1.0
0.5,0.19974110548429436,1.0,1.0,1.0,0.3137782431142444,0.3029061178800404,0.2959576025985142,0.09767893198428824,0.0999924880561794,1.0
0.5,0.27640490222436037,1.0,1.0,1.0,0.25286019405986904,0.2804365969768927,0.2514706515048045,0.07408445532765415,0.0798006119666535,1.0
0.5,0.2148121943629041,1.0,1.0,1.0,0.3526057766294938,0.3504092664114021,0.32014905191390347,0.08983459849445471,0.09550763747064547,1.0
0.5,0.17860213954446666,1.0,1.0,1.0,0.3133289568709176,0.31586170519565604,0.31108563333977035,0.10356601598604104,0.10983914659574602,1.0
0.5,0.17635156619890996,1.0,1.0,1.0,0.3128800391373411,0.3636716328405803,0.3551450370089737,0.11164982218524107,0.12017158993201069,1.0
0.5,0.19601554013773684,0.0,0.0,0.0,0.30466548933614795,0.33347642853065373,0.32244727829734643,0.09301688842009742,0.10020269133046124,1.0
0.5,0.19499504847203258,1.0,1.0,1.0,0.3140367982094951,0.4243960696736596,0.38704416594921154,0.10185199926861005,0.10904468786078741,1.0
0.5,0.18994586783622303,1.0,1.0,1.0,0.34831048587292085,0.36381353903320307,0.3427836726083404,0.09553325889376461,0.10125381509759068,1.0
0.5,0.17365641411026103,0.0,0.0,0.0,0.30585893178755075,0.3058910336013293,0.2876056951686353,0.10658251610555626,0.11016939302603822,1.0
0.5,0.25090280812388593,1.0,1.0,1.0,0.2833423332529283,0.3012597276392194,0.27459784882921523,0.07507910792714645,0.08494158419327594,1.0
0.5,0.18938641842462284,1.0,1.0,1.0,0.3271582370797181,0.33638384924712195,0.31282215188064383,0.10196376416338128,0.10615836700214405,1.0
0.5,0.17281903940798676,1.0,1.0,1.0,0.36742523753806294,0.38459715462511657,0.37353229002409494,0.11046093534073091,0.11466237839541972,1.0
0.5,0.16956667141484952,1.0,1.0,1.0,0.3791094931283188,0.41184261515019405,0.40582826398881255,0.11658858875766671,0.12167900817598251,1.0
0.5,0.2027868794298396,1.0,1.0,1.0,0.30114458066751515,0.3206593772128249,0.30250614196836434,0.09051076576846646,0.09516806019974317,1.0
0.5,0.22111151884548427,1.0,1.0,1.0,0.2736654205075151,0.27960419816978566,0.2511332201919374,0.08766213743016445,0.09074171757635241,1.0
0.5,0.20178179620520292,0.0,0.0,0.0,0.30394930204755727,0.3217108884772981,0.31088033814776744,0.09174190907094934,0.09958620493103014,1.0
0.5,0.20573766657514544,1.0,1.0,1.0,0.29277616772595727,0.2959707063283504,0.2801318383275693,0.09548206402383047,0.09764249945696175,1.0
0.5,0.21548016169047116,1.0,1.0,1.0,0.3141611290783325,0.32736369659618053,0.317016892215345,0.08177030168655153,0.08837225938705626,1.0
0.5,0.21617654973057876,0.0,0.0,0.0,0.31062820669891406,0.3191459817465893,0.3017080033552875,0.09137973815452057,0.09498205456243802,1.0
0.5,0.24195182116425715,1.0,1.0,1.0,0.2791971098980232,0.30631219982724106,0.2991682365202229,0.08082505014666573,0.08601460208408972,1.0
0.5,0.1999820548265775,1.0,1.0,1.0,0.31647201248501633,0.3417701826868439,0.32211438113790447,0.09521877763058935,0.10432950077589061,1.0
0.5,0.19644126202083198,1.0,1.0,1.0,0.3452827766094562,0.3120140317933175,0.3074796270848175,0.09528206759342601,0.10318348322796761,1.0
0.5,0.19572368675691917,0.0,0.0,0.0,0.3316759057219564,0.33044121002456606,0.3191528445882059,0.09554041249112162,0.10085015863469173,1.0
0.5,0.16802617632665684,1.0,1.0,1.0,0.38833599210858405,0.3990816198494133,0.383011528786732,0.11111017646092038,0.11508780295506174,1.0
0.5,0.22379394141107337,1.0,1.0,1.0,0.27090180382058254,0.3062115000204154,0.28472843084156524,0.0887144068593138,0.10087928292321163,1.0
0.5,0.17343375348154177,1.0,1.0,1.0,0.4017156755535362,0.3757673424672129,0.35665068350936346,0.11497252274012768,0.11417814772782581,0.0
0.5,0.22668958517684348,0.0,0.0,0.0,0.3095077045969701,0.3329163685951947,0.3168071901256829,0.08599201347201856,0.09480531718405612,1.0
0.5,0.21529222068162826,0.0,0.0,0.0,0.2611679369488104,0.28932887483873876,0.270916359443855,0.08787343530220325,0.0963775820964758,1.0
0.5,0.2388799352533579,1.0,1.0,1.0,0.27631590097022124,0.29098533867018295,0.2710369151707517,0.07762015100268303,0.08453628398518209,1.0
0.5,0.22581024821849952,1.0,1.0,1.0,0.2653141892005932,0.30589628674148106,0.28391652490206665,0.08520811519100131,0.09040367222977137,1.0
0.5,0.18500706900033043,1.0,1.0,1.0,0.4100947608409114,0.3965247065878632,0.38259007745421875,0.0920538713793151,0.09924347481812916,1.0
0.5,0.18417434797486557,1.0,1.0,1.0,0.36080795727682846,0.3732336049796646,0.3625236116042614,0.10275937790495927,0.10831085137557889,1.0
0.5,0.19426674387260612,1.0,1.0,1.0,0.33258829355764596,0.3470025745786792,0.33293302586635243,0.09555200592137682,0.10381136689325653,1.0
0.5,0.18636841619237013,1.0,1.0,1.0,0.3580777393290734,0.36418365463778896,0.34462321545226865,0.10649388104256234,0.1110342168447907,1.0
0.5,0.18870113920769127,1.0,1.0,1.0,0.3423557682633178,0.3443360446619438,0.33445695518434204,0.10268020557819824,0.10519405570242796,1.0
0.5,0.1599923174981139,1.0,1.0,1.0,0.4214597145055209,0.417837204681624,0.4170027404868651,0.1126884285366642,0.12101950172425523,1.0
0.5,0.1842706791733879,0.0,0.0,0.0,0.3421024110273786,0.3456531062020571,0.34148492718134,0.1058346218318324,0.10493816172998088,0.0
0.5,0.21147561649745977,0.0,1.0,0.0,0.28932257749506646,0.3165179738292304,0.29844051668260285,0.08873842614085088,0.09129242557105341,1.0
0.5,0.1995641103819535,1.0,1.0,1.0,0.3434377952079135,0.35415107973501014,0.3380677201778741,0.09965250782262626,0.10320589759190112,1.0
0.5,0.18902693050971037,1.0,1.0,1.0,0.3613600323861429,0.4291244520248697,0.4047440692021098,0.10322729004698208,0.11270669493366382,1.0
0.5,0.2017288334439855,1.0,1.0,1.0,0.29485963250240343,0.3099487037188233,0.28616310207521883,0.10356845031768618,0.10596076260823566,1.0
0.5,0.17387051082807725,1.0,1.0,1.0,0.32001412721386435,0.3903154411461628,0.35098420777686506,0.10318193165766174,0.11693363761866514,1.0
0.5,0.19622952981646574,1.0,1.0,1.0,0.3310428078214023,0.3603856450179831,0.3417151987179842,0.10159429882448556,0.10832775146056484,1.0
0.5,0.18997279595171085,0.0,0.0,0.0,0.2942379611260871,0.2855990660011491,0.27958714168094156,0.09949536499722843,0.10545450069847714,1.0
0.5,0.20300748755310763,1.0,1.0,1.0,0.3315901729381746,0.3515932629171929,0.3333534221710384,0.09572258683018309,0.10461389367723135,1.0
0.5,0.19988454058881006,1.0,1.0,1.0,0.3506764616103798,0.3527380679007437,0.3295151047821637,0.10167143861099893,0.10311593814400831,1.0
0.5,0.2208631903752409,1.0,1.0,1.0,0.2790255780592298,0.27731395571972145,0.25676316304799085,0.09247459469228488,0.0961055605338512,1.0
0.5,0.19161888192353024,1.0,1.0,1.0,0.30075749383228,0.34152518321436365,0.32928818414363514,0.09841816350865683,0.10235648598895844,1.0
0.5,0.2116110838077774,1.0,1.0,1.0,0.24568310065325258,0.27184860852331905,0.26656599363036865,0.09217248560076877,0.09470075184474502,1.0
0.5,0.21916164523851128,0.0,0.0,0.0,0.30091230439949795,0.2767245429123081,0.27373152657707756,0.09107755078452133,0.10395643895335763,1.0
0.5,0.23737067153195932,1.0,1.0,1.0,0.2460555464066047,0.26659672218471425,0.25153944323830296,0.07487134371680801,0.07777753109565047,1.0
0.5,0.23868218613396303,1.0,1.0,1.0,0.2717501155547406,0.27285913368447573,0.25370545916782095,0.0777499324264841,0.0866124951682409,1.0
0.5,0.21954299461782503,1.0,1.0,1.0,0.271429892914723,0.3033923476782773,0.28211642409477267,0.08920623824263518,0.09381518509971938,1.0
0.5,0.21391561410937635,1.0,1.0,1.0,0.277807942768745,0.32409867442573903,0.29403685819084113,0.09438054492534713,0.09997184714426555,1.0
0.5,0.19667120940462315,1.0,1.0,1.0,0.30947207397639853,0.31319987681656836,0.3063840712542751,0.10015842619659132,0.10304196619020932,1.0
0.5,0.2654487393245025,1.0,1.0,1.0,0.264909026330944,0.30438272930354665,0.2760870168767747,0.07454037026274964,0.09041098743116983,1.0
0.5,0.23059792372811622,1.0,1.0,1.0,0.306750226101097,0.3133970917215002,0.29691270667202885,0.0945383875709068,0.09522901286048752,1.0
0.5,0.23260143740231917,1.0,1.0,1.0,0.2720919621263362,0.2980274188082712,0.2561428550744399,0.08345992788927624,0.09081373940342581,1.0
0.5,0.17737192299331037,1.0,1.0,1.0,0.37455727352161233,0.37249741512381435,0.33988127694024195,0.09409666530021213,0.10368778972860866,1.0
0.5,0.24280711746703465,1.0,1.0,1.0,0.3103642380547423,0.33037862086856346,0.2709024434449956,0.08607815775658512,0.09034766090065477,1.0
0.5,0.20676730525356152,1.0,1.0,1.0,0.3072187049578711,0.2975612118969862,0.27826801024214665,0.08913604962337399,0.09461176228657503,1.0
0.5,0.18443089690149056,1.0,1.0,1.0,0.4054265166177866,0.36053469092295665,0.3411147979388396,0.10668648234313718,0.11344898871654446,1.0
0.5,0.18948303962074123,1.0,1.0,1.0,0.2937409805929335,0.3350984912170235,0.32203180170621326,0.09457846991615351,0.09813008886658973,1.0
0.5,0.2129095631562617,1.0,1.0,1.0,0.2678407469857267,0.2925241417484115,0.2665332102574569,0.08937641128305852,0.09966519429767631,1.0
0.5,0.18187594659084974,1.0,1.0,1.0,0.34734925433400626,0.3409765860355144,0.3178691849227019,0.10556630396298174,0.11037490449603232,1.0
0.5,0.1981557520352575,1.0,1.0,1.0,0.29724669263702364,0.31319016850237763,0.30866396683245834,0.09412753968899928,0.10459326523743315,1.0
0.5,0.2106963170156167,1.0,1.0,1.0,0.29732583618082725,0.3424838608755228,0.3143107940435338,0.09090480045181314,0.09730177197870006,1.0
0.5,0.16788719202398195,1.0,1.0,1.0,0.2990113507652217,0.37959297391287616,0.3616004560016902,0.11926760418079609,0.12893945986515415,1.0
0.5,0.23184761449355315,0.0,0.0,0.0,0.2933790844014185,0.2924888002288702,0.2521569585283137,0.08201549768397438,0.080819952466636,0.0
0.5,0.23233241949987365,1.0,1.0,1.0,0.28181478219400574,0.2787931867632759,0.2665104730802057,0.08489780763950247,0.09140174589436909,1.0
0.5,0.20345810631451766,1.0,1.0,1.0,0.39700769880041664,0.38555840051122037,0.3767481270306369,0.09259455763758209,0.10304478608204574,1.0
0.5,0.17611757276452442,1.0,1.0,1.0,0.3952060409044821,0.36352457627483925,0.3424506338669322,0.11270945847078359,0.11669912910183532,1.0
0.5,0.19796606769188016,1.0,1.0,1.0,0.3323721674373594,0.3526498272780031,0.3228790842338605,0.09333674517541202,0.10277232641450207,1.0
0.5,0.19129264743441166,1.0,1.0,1.0,0.3590341553566164,0.38720025195569346,0.3577491238158641,0.09391144929347087,0.10327493992804186,1.0
0.5,0.21979458978731814,1.0,1.0,1.0,0.3200741510275625,0.3404959552393011,0.3285811774325152,0.09226173178339377,0.0979605913564829,1.0
0.5,0.21481023468836413,1.0,1.0,1.0,0.3154774682345858,0.35342565970965395,0.3197442406096698,0.08819369862002693,0.09759767647392775,1.0
0.5,0.21620612898856673,1.0,1.0,1.0,0.3382423195286615,0.381405602690015,0.3465290899626231,0.08912406631441824,0.09697221933333139,1.0
0.5,0.22041980560326918,1.0,1.0,1.0,0.31712460689923894,0.35008788655726086,0.3225762924674265,0.08430418130404188,0.08940790602907786,1.0
0.5,0.17153848381525622,1.0,1.0,1.0,0.38577678986417097,0.35809404704906866,0.34211037249595905,0.10184791819039812,0.10333863522633187,1.0
0.5,0.20508025912983902,1.0,1.0,1.0,0.31935370771099614,0.3040322919967705,0.28451121593793605,0.09339780495239997,0.09420725561952034,1.0
0.5,0.21324067055573326,1.0,1.0,1.0,0.321458482466717,0.30929587566143985,0.2995241902948478,0.09216900850949297,0.09696640853043106,1.0
0.5,0.20107819572535962,1.0,1.0,1.0,0.3259761462961095,0.36603044645715677,0.3472649155240832,0.09073866546744734,0.09601498923931683,1.0
0.5,0.25023658845511926,1.0,1.0,1.0,0.25148879608942265,0.28073375381217536,0.27290386972577513,0.07604935988013435,0.08220162612301582,1.0
0.5,0.21698471312177597,1.0,1.0,1.0,0.29957349091647467,0.2621145713004275,0.2593697197539391,0.08591568319222741,0.0884880963069293,1.0
0.5,0.1760460078340364,1.0,1.0,1.0,0.3819203705816202,0.41639594293127447,0.4009192675222334,0.11127308047457926,0.12191928784040097,1.0
0.5,0.22179959564615928,1.0,1.0,1.0,0.2796734117842844,0.3101826408723297,0.28903552984965714,0.08647697035690463,0.09363462546108346,1.0
0.5,0.20033245167036862,0.0,0.0,0.0,0.34980636145870003,0.3466956572138148,0.306531578013989,0.09776808241369128,0.10327022144804858,1.0
0.5,0.21729262019060694,0.0,1.0,1.0,0.2670368744335464,0.30835273085040027,0.2895829327472412,0.09893278301280256,0.10495389559621562,1.0
0.5,0.1832035089350833,1.0,1.0,1.0,0.3189320076898909,0.3449301834862955,0.33885042007178884,0.09661936869605095,0.10300143167477577,1.0
0.5,0.21178640409192132,1.0,1.0,1.0,0.3018599944853956,0.2771170789499802,0.27007827509387927,0.09402017518899443,0.09838649811151914,1.0
0.5,0.22220270945210346,1.0,1.0,1.0,0.2891732182628586,0.3048048920094076,0.28096335739205164,0.09272500243834837,0.10063878163759084,1.0
0.5,0.19075031231232875,1.0,1.0,1.0,0.38128235643956987,0.38032766872433604,0.3669666200825815,0.0942762979622041,0.10242893010559899,1.0
0.5,0.19153590296639766,1.0,1.0,1.0,0.3104092982412687,0.2866061866949014,0.2837556139505096,0.10820741250321793,0.11189495681835035,1.0
0.5,0.20406840140125238,1.0,1.0,1.0,0.29732913169498415,0.30562675010808216,0.2960700143564133,0.09204906450159527,0.09569253428571059,1.0
0.5,0.2618117424777333,1.0,1.0,1.0,0.24973947126421722,0.28390385014648195,0.2644130413772148,0.07125577320550645,0.07825978408507676,1.0
0.5,0.2207333108770661,0.0,0.0,0.0,0.26162883951488913,0.2442946837360808,0.2375825707383533,0.08793856897215768,0.09332936759957054,1.0
0.5,0.20062718819568715,1.0,1.0,1.0,0.30783132595664037,0.31498734695585007,0.3055107293108923,0.09888221714625976,0.10362417834176763,1.0
0.5,0.20967415161665046,1.0,1.0,1.0,0.27269021681736166,0.2758435752096432,0.265437213104948,0.09474311826647366,0.09677025926919988,1.0
0.5,0.19329620938128578,1.0,1.0,1.0,0.36007863864808665,0.39436157088835166,0.3828215009786022,0.10357136286212278,0.11431812700974099,1.0
0.5,0.21770748008890992,1.0,1.0,1.0,0.2874394359800473,0.28040421194935217,0.26232380999311833,0.09162220991282673,0.09532014345532454,1.0
0.5,0.21610010843342206,1.0,1.0,1.0,0.34351048121109373,0.30542129378562477,0.29473677096951306,0.08583449908957631,0.09272191403935778,1.0
0.5,0.2297274098212417,1.0,1.0,1.0,0.24158531450685977,0.286172831742251,0.2656695047070464,0.08595917845924232,0.09254557172995544,1.0
0.5,0.18935765461660334,1.0,1.0,1.0,0.2999053878406669,0.3034680754201057,0.2763748314681799,0.10209616462545162,0.10531053924901577,1.0
0.5,0.2002930477658502,1.0,1.0,1.0,0.24192352100959863,0.2940673947556235,0.2874861205336722,0.09223632740396068,0.09949453601056497,1.0
0.5,0.20869059151943953,0.0,0.0,0.0,0.3681103425852707,0.302065665880645,0.293548195782011,0.08508695665401866,0.09472612983979714,1.0
0.5,0.1838534284807479,1.0,1.0,1.0,0.37659599183558135,0.3656543329057006,0.3516819756956391,0.10377497349185537,0.10786817660519248,1.0
0.5,0.2380233271872331,1.0,1.0,1.0,0.2689278071765628,0.30495169517202186,0.28864735644361367,0.08588250235497359,0.0869267713615861,1.0
0.5,0.20701172413175245,0.0,0.0,0.0,0.28710284233761507,0.32091661623428624,0.31527952429154854,0.09085234899895082,0.0986459507677163,1.0
0.5,0.19401434588216596,1.0,1.0,1.0,0.27510299955227896,0.3538728179235085,0.33147514634141834,0.09685485548973471,0.09772316681587803,1.0
0.5,0.186490608611247,1.0,1.0,1.0,0.3452369511657485,0.38192795265585866,0.3460297683387538,0.10070469746176243,0.10538993778730667,1.0
0.5,0.18780531904311115,1.0,1.0,1.0,0.38892353327407847,0.35785962584818015,0.3488929786543983,0.0998337952249885,0.10686215563727954,1.0
0.5,0.20835167517615272,1.0,1.0,1.0,0.3065099687153241,0.31019218661662007,0.2978775473540297,0.08911789705646082,0.09425284727609567,1.0
0.5,0.2015964105662817,1.0,1.0,1.0,0.34592254308453907,0.3274056633230374,0.3117342076400623,0.10213246071204046,0.10471286483242474,1.0
0.5,0.19502490289919908,1.0,1.0,1.0,0.35647257565436796,0.3321856316617938,0.32618738570910916,0.09804572680851453,0.09965340953417627,1.0
0.5,0.20689673513420354,1.0,1.0,1.0,0.3191954898421192,0.33279634588400775,0.3141642668215224,0.10173746556754631,0.10513286996176366,1.0
0.5,0.1943576387773426,1.0,1.0,1.0,0.31022016230324984,0.3289404509326173,0.30937907297109,0.09649823914872407,0.10306013686539403,1.0
0.5,0.2217893148367002,1.0,1.0,1.0,0.3277815543989555,0.3527613034594871,0.32300399682809083,0.08756828384577764,0.09390395729300378,1.0
0.5,0.221626139512039,1.0,1.0,1.0,0.3253753074103028,0.34290398320886323,0.3190152125376362,0.08604690206328773,0.09218647750931858,1.0
0.5,0.18008223395784687,1.0,1.0,1.0,0.30890889517508213,0.32737964998635605,0.32331289480844977,0.10060457568340495,0.10329807674259815,1.0
0.5,0.2037580122230496,1.0,1.0,1.0,0.31066025961309895,0.31477289206343356,0.3039769583804273,0.09595410177458608,0.1024730724344261,1.0
0.5,0.19290147810954683,1.0,1.0,1.0,0.3870463917694792,0.3462438424428496,0.3221964434115558,0.09989270231569719,0.10311857886200089,1.0
0.5,0.21304278185670697,1.0,1.0,1.0,0.3272269175785473,0.3534338586125911,0.3305403338057276,0.08950884432127167,0.09599109730277033,1.0
0.5,0.22949673264216378,1.0,1.0,1.0,0.2840821507117356,0.32087268328147445,0.3079538927949078,0.08862752576882099,0.09894190537403286,1.0
0.5,0.16371384608168366,1.0,1.0,1.0,0.37952796728420773,0.39842008040552673,0.36779713666576896,0.12323243601105682,0.1265858976300599,1.0
0.5,0.1908318993569931,1.0,1.0,1.0,0.3169968190117337,0.3378185408047239,0.3311389396893918,0.09968993343331252,0.10334992042942921,1.0
0.5,0.16901557210072668,1.0,1.0,1.0,0.3753178341099071,0.36760101453034255,0.3612735013181754,0.11058681689940579,0.11114895545324015,1.0
0.5,0.2268545599140252,1.0,1.0,1.0,0.3222841029357931,0.3250043207879209,0.3168958123355087,0.08280212464856934,0.0902964659888455,1.0
0.5,0.20081667341748521,1.0,1.0,1.0,0.3237043650029058,0.3375270113957762,0.32120946574395715,0.10347453851163621,0.1103790585372775,1.0
0.5,0.21589354265796598,0.0,0.0,0.0,0.2806476548503709,0.2868574307221482,0.2819351294439028,0.08674350322464736,0.0916874543909271,1.0
0.5,0.17651729074448577,1.0,1.0,1.0,0.36842850123105925,0.3552540177721026,0.3518592480199945,0.10165610800478475,0.10788514796562008,1.0
0.5,0.16981139664675618,1.0,1.0,1.0,0.3330620743976357,0.3623783000627128,0.3491713376748313,0.1049842181234183,0.11150676652220488,1.0
0.5,0.21313471249258295,1.0,1.0,1.0,0.3273300255613355,0.2906032370674728,0.2809802278350654,0.09533561141569877,0.09853557889368184,1.0
0.5,0.18130197404962467,1.0,1.0,1.0,0.3474403825886661,0.370777361936402,0.3291834111367606,0.1089007128893319,0.11746155593465434,1.0
0.5,0.23211383580782854,0.0,0.0,0.0,0.27497206741109553,0.2906367624455083,0.26520369832536095,0.08135160798712786,0.08879461742992595,1.0
0.5,0.21631171234883304,1.0,1.0,1.0,0.31737186532232825,0.30046325973322685,0.2901143816339081,0.09126212506786067,0.09610438530744599,1.0
0.5,0.18958194416530755,1.0,1.0,1.0,0.33795921597917067,0.3201263443934608,0.31120278637282467,0.10293823050374729,0.1058926087181415,1.0
0.5,0.2242604365597467,1.0,1.0,1.0,0.2765225488619114,0.3052992709803088,0.26619885975312046,0.08134415117119193,0.09010024862952039,1.0
0.5,0.17482209661300685,1.0,1.0,1.0,0.3293295656494191,0.34703436419949574,0.3287010394679915,0.10919418531865131,0.11517903256092547,1.0
0.5,0.19681813733770712,1.0,1.0,1.0,0.3345072291869179,0.3602790571564851,0.33222010547770486,0.09983228617739587,0.10738282516458256,1.0
0.5,0.21654752443396863,1.0,1.0,1.0,0.29143998816709243,0.31303476551783904,0.2954632508602498,0.09425760703625637,0.09947385663203806,1.0
0.5,0.2922563302180154,0.0,1.0,1.0,0.21074798268125744,0.27011864353614634,0.2422300070778011,0.06503760707809757,0.07363888225268543,1.0
0.5,0.19022813375888883,1.0,1.0,1.0,0.3464441901412497,0.3731773515525529,0.3576384996816268,0.09851759472835289,0.10884813775745432,1.0
0.5,0.25009400197569587,1.0,1.0,1.0,0.2848730560338216,0.2488198662670284,0.2318483779814521,0.07415914800425324,0.0804109494152491,1.0
0.5,0.21138304434771352,1.0,1.0,1.0,0.32070562270409,0.3427095374328751,0.3300258740915041,0.09608226741461007,0.09778129058873733,1.0
0.5,0.21939899110180164,0.0,1.0,0.0,0.2514670845063768,0.2758537400067179,0.27221310179510516,0.09029909146570744,0.09448946312258805,1.0
0.5,0.2146971306196959,1.0,1.0,1.0,0.3151766314852381,0.31719687415010833,0.2922361000808747,0.0965702777359484,0.09581089750486395,0.0
0.5,0.21972716975353404,1.0,1.0,1.0,0.3150111197121602,0.31744176114554784,0.29928346435726116,0.08585014747068874,0.09349418405800325,1.0
0.5,0.19091590855097196,1.0,1.0,1.0,0.3195094845623706,0.3699763405369393,0.31569220813399046,0.10084028668086846,0.10587098802372819,1.0
0.5,0.23088652639248022,1.0,1.0,1.0,0.26599920269953137,0.2938733948283108,0.2565472475270391,0.08461545572893807,0.08797224224187879,1.0
0.5,0.18053960354042015,1.0,1.0,1.0,0.3968154154008345,0.37028068482976806,0.3507074910898266,0.09900195957102614,0.10019306865622894,1.0
0.5,0.1975479827821177,1.0,1.0,1.0,0.3268797052998773,0.3474898069654656,0.32877490671278,0.09369859837225598,0.1018537032330757,1.0
0.5,0.20953013313036895,1.0,1.0,1.0,0.30201984613830507,0.3239117844815397,0.2817297828939062,0.08714740426694365,0.09442649243220869,1.0
0.5,0.1544707111362179,1.0,1.0,1.0,0.39863980318105785,0.4556075513084938,0.41357622735314037,0.119003190420501,0.12607577746027496,1.0
0.5,0.23550343883755442,1.0,1.0,1.0,0.26283423692645114,0.26125831833700786,0.25471308102351353,0.08732060668767756,0.0874022311807452,1.0
0.5,0.22177904343820004,0.0,0.0,0.0,0.3019029811777578,0.3238208903901711,0.29385811859361094,0.0854477876525781,0.09237530907776163,1.0
0.5,0.1999498377509204,1.0,1.0,1.0,0.3429319766786918,0.34651750039518037,0.3378839806651027,0.0935997444234275,0.09527185879374458,1.0
0.5,0.205615381849345,1.0,1.0,1.0,0.29196422144282036,0.316982676569212,0.29932656050298945,0.09836107247514052,0.10537365897296377,1.0
0.5,0.2071102343457908,1.0,1.0,1.0,0.34638198472924586,0.345714386524152,0.3324850456021484,0.0893934211483496,0.0950194918137655,1.0
0.5,0.20374180801280117,1.0,1.0,1.0,0.37215549073988685,0.36570045496161047,0.3254656407472615,0.096216084701045,0.10099444074145947,1.0
0.5,0.20144621284662892,1.0,1.0,1.0,0.31830970554003263,0.3191572738186061,0.3017298444269714,0.09988578385148174,0.10551042308859515,1.0
0.5,0.20363676120009339,1.0,1.0,1.0,0.3288060715544817,0.36763786915768587,0.35096275957468637,0.09112807229782502,0.09400997686332876,1.0
0.5,0.19766673963894774,1.0,1.0,1.0,0.2985688521084192,0.33421984499669977,0.30481533877190037,0.08557709265601315,0.087069236952336,1.0
0.5,0.24432647863916945,1.0,1.0,1.0,0.2202038491957871,0.2448917678683741,0.23068057454781177,0.0797003529125624,0.08339103113981983,1.0
0.5,0.1908772464126872,1.0,1.0,1.0,0.34554601508926835,0.32954626788715496,0.31904615018357285,0.10497510907882149,0.10295334729045238,0.0
0.5,0.19140191309312182,1.0,1.0,1.0,0.29610237696378994,0.32778712207212984,0.3051057180896124,0.10294753621292829,0.10603773480960514,1.0
0.5,0.17896746732432448,1.0,1.0,1.0,0.34380389727626465,0.3380732279230466,0.33676131622340744,0.11078049679736386,0.11240437028104024,1.0
0.5,0.19988339036323144,1.0,1.0,1.0,0.3529739782009521,0.3361620899723117,0.3164430992384128,0.09515106700310451,0.09905406051439114,1.0
0.5,0.17912281616874798,1.0,0.0,0.0,0.38709763962540605,0.3482331429778087,0.33989798443323,0.10958266954884766,0.1179412762497764,1.0
0.5,0.2634435648005183,1.0,1.0,1.0,0.2549596898309576,0.27164650329706463,0.2531129124594833,0.07531602869268024,0.08558184901254151,1.0
0.5,0.231134681516,1.0,1.0,1.0,0.30037585012459245,0.3031237857852809,0.28853246360962487,0.08409992142876563,0.09075126950751956,1.0
0.5,0.19991376082880113,1.0,1.0,1.0,0.31623618855444147,0.3066538242289615,0.29389085876954485,0.08677711198441321,0.09026982509290846,1.0
0.5,0.15886113376940458,1.0,1.0,1.0,0.4372210953091965,0.42266313412711265,0.41145195991244454,0.11892498991382244,0.12151911414439576,1.0
0.5,0.2746548282921134,1.0,1.0,1.0,0.24231281432260587,0.24480313632389833,0.2368054310266637,0.07672475547336738,0.08176277240312929,1.0
0.5,0.18706559730289518,1.0,1.0,1.0,0.36501386946802084,0.3836958419595421,0.3522880610517193,0.09702768050374315,0.10526039933163168,1.0
0.5,0.2127840110056533,1.0,1.0,1.0,0.29255994857575823,0.2998867620813194,0.27532894319354184,0.09599452436767233,0.10302709099604612,1.0
0.5,0.17799212196351183,1.0,1.0,1.0,0.3494042613416073,0.42927369649584035,0.4142582820454776,0.10440668791323045,0.10892516537030993,1.0
0.5,0.2093940678622412,0.0,0.0,0.0,0.2984996626855315,0.2859144591087925,0.27457801428556045,0.09743273126638656,0.10258435847465322,1.0
0.5,0.20833009466464816,1.0,1.0,1.0,0.3066143682501018,0.34571261086507016,0.3287721821205505,0.09879596344097537,0.10478423442242663,1.0
0.5,0.21205391899393727,1.0,1.0,1.0,0.32440041538225406,0.3304116916281143,0.29369046156661566,0.09270405848580886,0.09571643369753416,1.0
0.5,0.20285948253013925,1.0,1.0,1.0,0.29768302576952455,0.3327052670992928,0.31097100064965044,0.09832655250991264,0.10521378581359572,1.0
0.5,0.1939054669509456,1.0,1.0,1.0,0.3307696373651709,0.3414863736186446,0.32184959278059305,0.1009606936073932,0.10556913416662185,1.0
0.5,0.2003802774351688,1.0,1.0,1.0,0.34211926573563783,0.3521522832160734,0.3284301127959216,0.1010794726168429,0.1053505041729429,1.0
0.5,0.26081609366077524,1.0,1.0,0.0,0.27426964270967524,0.2785890929192917,0.23166008934423182,0.06906516783931756,0.07566168190877884,1.0
0.5,0.18973203868981187,1.0,0.0,0.0,0.3276695658551762,0.3029412857678114,0.2987196200510875,0.1009849891900535,0.10333812716276818,1.0
0.5,0.18354602811535367,1.0,1.0,1.0,0.337242761220355,0.3812141296977455,0.37468720417191925,0.10977068937827697,0.11699333337445651,1.0
0.5,0.21838813137488383,1.0,1.0,1.0,0.2896889220901974,0.32758895715208836,0.2966144517096797,0.09317947907238802,0.09689386456360387,1.0
0.5,0.20386712240880275,1.0,1.0,1.0,0.27821649864843323,0.32737499717333374,0.29858828949533056,0.0908663758599479,0.09716489913608956,1.0
0.5,0.2013684412857885,1.0,1.0,1.0,0.31627757406671364,0.35181551318211124,0.33921171546162854,0.09273086838481119,0.09348483864814633,1.0
0.5,0.1862451097906755,1.0,1.0,1.0,0.33949380584727984,0.3496560497070164,0.34338685630534493,0.10284789423009419,0.10605257740790047,1.0
0.5,0.20301243518680054,1.0,1.0,1.0,0.2759089779820653,0.31405811717118653,0.29830104572622584,0.09885813288635817,0.10171694590790864,1.0
0.5,0.22622265425551943,1.0,1.0,1.0,0.2762914338244852,0.2959871807998636,0.28930728480323514,0.092449848269005,0.09518084227018418,1.0
0.5,0.24396338116389046,1.0,1.0,1.0,0.24989146186309208,0.2700497284288115,0.24199891107649277,0.07558787284757817,0.08521408435937944,1.0
0.5,0.19224820872772685,1.0,1.0,1.0,0.3333491657861801,0.3368767775538998,0.31967711640426494,0.09924531279293632,0.10296408600041997,1.0
0.5,0.18369749325941995,1.0,1.0,1.0,0.3791742791150785,0.3843599702201693,0.31887383730255764,0.10510656172097388,0.11287474047108187,1.0
0.5,0.2259027169038759,1.0,1.0,1.0,0.24633318734419757,0.31346320710026576,0.31611862668958784,0.07711089923082697,0.08718753053878647,1.0
0.5,0.20142718737709922,1.0,1.0,1.0,0.29912111456982443,0.3289726636137733,0.2990463184396314,0.09167419972994723,0.09311443948135122,1.0
0.5,0.2326483980441545,0.0,0.0,0.0,0.2548196857791907,0.2650295683823611,0.2513183546295924,0.08176992909568832,0.08754156075383059,1.0
0.5,0.20047115287689218,1.0,1.0,1.0,0.3165372884858151,0.33442997105966943,0.3017133968384483,0.08956156665537333,0.09640582216462569,1.0
0.5,0.22667861817261425,1.0,1.0,1.0,0.25689493877932773,0.27942012561181223,0.2741209138375965,0.08286395600261139,0.08773338932159748,1.0
0.5,0.20688722665593753,1.0,1.0,1.0,0.304220265929492,0.3119360232029959,0.3042629717509694,0.09715875823843972,0.10103485052999821,1.0
0.5,0.2191125931044306,1.0,1.0,1.0,0.3221546463434488,0.3537096169555127,0.31028492217208836,0.08340425893275938,0.09163278340728548,1.0
0.5,0.17119628298074424,1.0,1.0,1.0,0.3316090417684741,0.34452075219121825,0.32837259874491376,0.1105248642040679,0.11289930518534902,1.0
0.5,0.22410854039157432,1.0,0.0,0.0,0.29191917335513573,0.2793836903548149,0.25770979758880963,0.09003806284507487,0.09906839385195429,1.0
0.5,0.1966750691495653,1.0,1.0,1.0,0.29830706136149987,0.2974410871452893,0.2843640612920112,0.09752968327238973,0.10444778770718186,1.0
0.5,0.1678535292802672,1.0,1.0,1.0,0.3930455727848111,0.42609104022132616,0.38349228076890596,0.11268184260797476,0.11420428588735901,1.0
0.5,0.19724800954439692,1.0,0.0,0.0,0.30503508563441945,0.2735419666131384,0.2681764637923002,0.09620213142577846,0.10147914812010646,1.0
0.5,0.22147402550521605,1.0,1.0,1.0,0.2999803736409871,0.32226620333586076,0.3029135007436684,0.08499337355464519,0.08940354924951639,1.0
0.5,0.20550783681435175,0.0,0.0,0.0,0.30131420057699343,0.3117847164243043,0.306651248686837,0.09063437385693485,0.09657068450089318,1.0
0.5,0.21299297140590065,1.0,1.0,1.0,0.37375785626643815,0.36412562655644526,0.32682822220404795,0.0916992794882115,0.0950511362156563,1.0
0.5,0.19942893879434245,1.0,1.0,1.0,0.35822732699685716,0.36825691788609105,0.34493336962224463,0.09477975023706486,0.1045923587150099,1.0
0.5,0.21369209256413738,1.0,1.0,1.0,0.3135007497000184,0.32460012981502273,0.31938063231866143,0.08470213918215759,0.09349171352311009,1.0
0.5,0.23299251585116826,0.0,0.0,0.0,0.2578470612412501,0.2523579008874048,0.25865526271668876,0.08254494880016516,0.09448399822637009,1.0
0.5,0.17993260297089514,1.0,1.0,1.0,0.32269161830118276,0.36586031492196697,0.34862094054897697,0.10760653184570508,0.10884334779914447,1.0
0.5,0.19135265852346642,1.0,1.0,1.0,0.36800777922742395,0.36409306098551897,0.3605169313704281,0.09433328260243545,0.09713649658351636,1.0
0.5,0.18046933098221696,1.0,1.0,1.0,0.3998028542946861,0.42155669470111096,0.4022020271775232,0.10842579519644753,0.1157949981671191,1.0
0.5,0.22945336781139652,1.0,1.0,1.0,0.29699029242769553,0.3053907726251212,0.2934921201361894,0.07982660452684107,0.0815369895246887,1.0
0.5,0.200071185959384,1.0,1.0,1.0,0.33468063226770955,0.3518530640413146,0.3410639335103456,0.09543214021731526,0.10197182512080225,1.0
0.5,0.24328219050921676,1.0,1.0,0.0,0.2446670110959137,0.2500835625367245,0.23651899530570425,0.08797155509825862,0.09121170850764278,1.0
0.5,0.18806202725270224,1.0,1.0,1.0,0.27618922283907016,0.30822227420330645,0.3040810201229769,0.10624181777676965,0.11545361843204185,1.0
0.5,0.1939225613332918,1.0,1.0,1.0,0.3580731786814105,0.37950841164894594,0.36580261394077584,0.09977825213248057,0.10421143898537594,1.0
0.5,0.17983917826654278,1.0,1.0,1.0,0.38965529879110955,0.3638458398531943,0.35882463143392557,0.11041614977225546,0.1114640426718535,1.0
0.5,0.19841535872739768,1.0,1.0,1.0,0.32700549219838076,0.33763695779984404,0.3279102007483018,0.09758306747264343,0.0989786570676493,1.0
0.5,0.2071487763715529,1.0,1.0,1.0,0.28973554696414483,0.31670738070652615,0.30483991339507244,0.08925741274062357,0.09457156508895491,1.0
0.5,0.2132995344000451,1.0,1.0,1.0,0.291772676572183,0.27852544893483977,0.2740973794519235,0.09086308196259597,0.09515300184086233,1.0
0.5,0.20610733296872502,1.0,1.0,1.0,0.306183915346549,0.3364158070220601,0.32606167846752887,0.09330666082803094,0.10273021833380785,1.0
0.5,0.22257745676323032,1.0,1.0,1.0,0.3028408938652215,0.30489950149113265,0.2898377929427083,0.08572664271635431,0.08755756030804768,1.0
0.5,0.21886097963694778,1.0,1.0,1.0,0.30482297515758916,0.31083543139898456,0.29083509397664165,0.08286911613767883,0.09220242743327786,1.0
0.5,0.2024516514932714,0.0,0.0,0.0,0.2852400322791474,0.31492053941372367,0.2881836009037973,0.09212081757840071,0.09847311073453485,1.0
0.5,0.20427653987820635,1.0,1.0,1.0,0.35497147521632505,0.3792464909729191,0.3469840609007979,0.09409547067351111,0.0947913969345646,1.0
0.5,0.17631440342037827,1.0,1.0,1.0,0.36197580428432213,0.3752408874643848,0.37128596849198336,0.10856668985098145,0.11468804098952079,1.0
0.5,0.2002913055874712,1.0,1.0,1.0,0.2954916388129667,0.29334586458370915,0.27640863856002956,0.09835734644775693,0.10224208223262853,1.0
0.5,0.20204754626343183,1.0,1.0,1.0,0.2774097005933411,0.31951469039089087,0.31547761202754837,0.10137790669983898,0.10688383188138154,1.0
0.5,0.19115834479317742,1.0,1.0,1.0,0.3225707219022044,0.28696709694505884,0.28070870824529576,0.10162142862556267,0.10581829414063847,1.0
0.5,0.20222576999094766,1.0,1.0,1.0,0.3223862133991924,0.3334292897968646,0.32750813022130243,0.08661196503943785,0.09031596208989333,1.0
0.5,0.21077388557408971,1.0,1.0,1.0,0.34592643910249804,0.4128582270060114,0.36667951083817973,0.08718130970064754,0.09561219236187103,1.0
0.5,0.18890850809434936,1.0,1.0,1.0,0.35568111301310357,0.3647173783803912,0.3542515633283244,0.09306876275318776,0.10104894845815485,1.0
0.5,0.18220412977155706,1.0,1.0,1.0,0.3091570492681011,0.33325214231770245,0.3136545244517029,0.09772998862006309,0.10056464937186421,1.0
0.5,0.17047804386206009,1.0,1.0,1.0,0.37161631915291116,0.4084803019135581,0.3951820314146092,0.10981472794556567,0.11193811275980226,1.0
0.5,0.20344048496592487,1.0,1.0,1.0,0.34103150833591517,0.340651287769847,0.3316840899193173,0.0942937357034691,0.0989650352068546,1.0
0.5,0.18708285602751798,1.0,1.0,1.0,0.36115940525514884,0.3899303827971199,0.3809608287294416,0.10084413334934737,0.10390612143742706,1.0
0.5,0.18455920091222955,1.0,1.0,1.0,0.362843314932712,0.36957841775215405,0.365952668198512,0.09137675683782855,0.09604058416346238,1.0
0.5,0.2679856779632439,1.0,1.0,1.0,0.25629061282587023,0.29227847697149417,0.26588205016613936,0.07438542001193367,0.07550639313301685,1.0
0.5,0.20508484273139493,1.0,1.0,1.0,0.30797057838617814,0.29710047848460736,0.28899691847109676,0.09863422857924026,0.10294173575112364,1.0
0.5,0.23030773282283498,0.0,0.0,0.0,0.30487619297253277,0.3225251026269855,0.3164793612251789,0.08210842035968077,0.09250637399442718,1.0
0.5,0.18401790568535967,1.0,1.0,1.0,0.3313635365609546,0.37399511003949215,0.34850839627017144,0.10587125834572875,0.11391073341211733,1.0
0.5,0.1870917805527521,1.0,1.0,1.0,0.3539962584415725,0.3449699694253323,0.33863654143285593,0.10257583298128567,0.10136942403870107,0.0
0.5,0.17605946633719607,1.0,1.0,1.0,0.36573954483774074,0.3405577945757546,0.33468936736012006,0.11147407558842858,0.11446695421850117,1.0
0.5,0.2292111085127687,1.0,1.0,1.0,0.282610033868461,0.30168234910255265,0.2938495482871241,0.08017543132222311,0.0865841396616578,1.0
0.5,0.1888816817694252,1.0,1.0,1.0,0.3656588130560377,0.3769300127331644,0.3712427345474184,0.1050666400366971,0.11033538467085544,1.0
0.5,0.2182629117060568,1.0,1.0,1.0,0.2736712113470531,0.3037346117639683,0.29058071628682586,0.08926800672615919,0.0918867990530135,1.0
0.5,0.1770345958179208,1.0,1.0,1.0,0.3653840608833557,0.3764351241969791,0.3673580206202988,0.11260519547523973,0.1182264326087586,1.0
0.5,0.24739482557466344,1.0,1.0,1.0,0.24807923337140583,0.26726675122026355,0.25560869498393873,0.07859553334759473,0.08594072659359629,1.0
0.5,0.19955578761780896,1.0,1.0,1.0,0.32320048248849803,0.29857352297478934,0.2867141645416975,0.09938424145460274,0.10589908194672995,1.0
0.5,0.1655976752367139,1.0,1.0,1.0,0.4058700712742612,0.41123742201765784,0.4074521907043708,0.11386876753995652,0.11911050318208917,1.0
0.5,0.2167738350308608,1.0,1.0,1.0,0.3142461925911244,0.30135683141415004,0.29351653053842197,0.09145431362629784,0.09413250378933288,1.0
0.5,0.23013856352264533,1.0,1.0,1.0,0.2911375116460789,0.31951633830306825,0.2871570239438177,0.0871174464115442,0.08978752912521559,1.0
0.5,0.21347111495502094,1.0,1.0,1.0,0.26358884907197133,0.3183259584153172,0.2873888677677562,0.09144879544150211,0.09455489522005384,1.0
0.5,0.1791568603952296,1.0,1.0,1.0,0.3529167201244797,0.3998513140898939,0.3693328703178199,0.10589124449884656,0.11178377572249158,1.0
0.5,0.20792354575664931,1.0,1.0,1.0,0.3563548838379848,0.37521561161998757,0.3419394982477454,0.08519595379527928,0.09116809781447259,1.0
0.5,0.20378881636780322,1.0,1.0,1.0,0.2626939870106715,0.3649972640160793,0.33421924707683226,0.09053855577579245,0.1023172578346274,1.0
0.5,0.18742686020943322,0.0,0.0,0.0,0.34588913656480186,0.3492152550992136,0.32595454780993144,0.10444036993803853,0.11447202684650462,1.0
0.5,0.1880592760330146,0.0,0.0,0.0,0.368109790508231,0.38214194464700324,0.3622991051755254,0.10495366076161446,0.10810947939104333,1.0
0.5,0.20377177840068803,1.0,1.0,1.0,0.30677484975867386,0.321480156106044,0.29531249287618433,0.09833290084736342,0.10811554392537351,1.0
0.5,0.2173049630364881,1.0,1.0,1.0,0.34376354465920234,0.3254133176545544,0.3074969906650538,0.09390267651237114,0.09759488142687335,1.0
0.5,0.2263743799081267,1.0,1.0,1.0,0.29662555190001105,0.3123379476437945,0.2981118595634026,0.08034040660340314,0.08651588652009046,1.0
0.5,0.23289415207241784,1.0,1.0,1.0,0.3163613633124607,0.31481427793728933,0.29103243083266545,0.08677870800391092,0.08914134332470564,1.0
0.5,0.18675721734686113,1.0,1.0,1.0,0.33537757735355556,0.3164369498713616,0.29728503230512315,0.10029372678151388,0.1017205733467348,1.0
0.5,0.2306717748565997,1.0,1.0,1.0,0.27520853598120015,0.27901421974680846,0.2721812652337976,0.08595463952237513,0.0920782740366843,1.0
0.5,0.25817631775700944,1.0,1.0,1.0,0.2809350513051935,0.2619610561504297,0.24807547209913094,0.07811873895311994,0.08328596503402261,1.0
0.5,0.19443666584517427,0.0,0.0,0.0,0.31300209150912317,0.3049850229340171,0.2909772221895238,0.09544006691842855,0.10473767012005007,1.0
0.5,0.21950723468035774,1.0,1.0,1.0,0.27653196950682774,0.3182869065991301,0.28935448509733736,0.0922676841070065,0.09924674856317313,1.0
0.5,0.20858141402934002,1.0,1.0,1.0,0.28871333655335424,0.2981429133368873,0.2939376034251498,0.09613476367550847,0.10024541232516375,1.0
0.5,0.17223550991149358,1.0,1.0,1.0,0.35093892128103665,0.35558341301799645,0.34537943136781946,0.10457087321807892,0.11106724711133317,1.0
0.5,0.2153330478441724,1.0,1.0,1.0,0.31177741973738105,0.33699402389169913,0.3238262727862459,0.08651520667839792,0.09708167157890461,1.0
0.5,0.18659465403886313,1.0,1.0,1.0,0.3775482449748404,0.3604994949136816,0.3451300196495035,0.10661809443360026,0.1064682749297141,0.0
0.5,0.22332091854047667,1.0,1.0,1.0,0.2884059676739115,0.2713062696874889,0.26025461290648944,0.09243691558032875,0.10077895474924431,1.0
0.5,0.21791175809287283,1.0,1.0,1.0,0.2759621096921799,0.2826790718081353,0.2700760428894994,0.08780125837257896,0.09250136262096488,1.0
0.5,0.18128753076420226,1.0,1.0,1.0,0.35208212576712705,0.33563900400383406,0.3295161306144158,0.10806800858880844,0.11165270715451069,1.0
0.5,0.18397019662693226,1.0,1.0,1.0,0.3403020741878911,0.3559770322423227,0.3480050674679983,0.10497218939881436,0.1092613619228371,1.0
0.5,0.21072672971239184,1.0,1.0,1.0,0.2763412410794114,0.30537491863962474,0.28914298949012973,0.09061408297679954,0.09868806234591171,1.0
0.5,0.22344350687567407,1.0,1.0,1.0,0.30946320763908364,0.36655198294595837,0.3412281799133924,0.08836495204245151,0.10080824333094637,1.0
0.5,0.18902817275325096,1.0,1.0,1.0,0.32626869336118036,0.33844746178419594,0.34250407805120964,0.09779216024320543,0.09956981364892632,1.0
0.5,0.21078883009989596,1.0,1.0,1.0,0.2861279077155879,0.30788434329262515,0.2920161599587177,0.09096671809611155,0.09778746436915457,1.0
0.5,0.2272607501190954,1.0,1.0,1.0,0.3161652420978335,0.3350534574077576,0.29975856683234375,0.08142351929921088,0.09436519927168618,1.0
0.5,0.18326555196822045,1.0,1.0,1.0,0.37645484467876406,0.369604491060344,0.34268242298414897,0.10427489683926576,0.11239893760664976,1.0
0.5,0.19538245665140375,1.0,1.0,1.0,0.33430875050269154,0.3337544979055074,0.30989438667624447,0.09622816064599543,0.10034665133836378,1.0
0.5,0.23352039023371146,1.0,1.0,1.0,0.2569528000785348,0.27590999611625266,0.256390177709269,0.08040009098985922,0.08858273824091362,1.0
0.5,0.18053712932099875,1.0,1.0,1.0,0.36837314232857443,0.350198319067524,0.345007409469858,0.10500975843017997,0.11361537874614706,1.0
0.5,0.2325768390752317,1.0,1.0,1.0,0.27422786166909185,0.2714756192952162,0.25889488461534527,0.08731901979879172,0.09181564502912963,1.0
0.5,0.20427340640244124,1.0,1.0,1.0,0.3249302560043175,0.36147694208596787,0.33491457115978757,0.0885554191666775,0.09560669195255204,1.0
0.5,0.2365222094802904,1.0,1.0,1.0,0.28501840148820645,0.28009487095748675,0.25978324186064305,0.0848001904269109,0.09144514434001909,1.0
0.5,0.15911833774474496,1.0,1.0,1.0,0.40117103413797184,0.40396356249949167,0.4001972442430553,0.1142946903440739,0.1202797322233935,1.0
0.5,0.18196526412384495,1.0,1.0,1.0,0.3242533254253076,0.33510290136942006,0.33025827664259555,0.0972812960397173,0.10138772423825315,1.0
0.5,0.2030823561227127,1.0,1.0,1.0,0.29986715142128967,0.3177984028094484,0.2928656039492309,0.09082134775925574,0.10053959083749117,1.0
0.5,0.2407797351676335,1.0,1.0,1.0,0.32118128779348754,0.3313841573011064,0.30665342484612246,0.07543369948426074,0.08330978288511232,1.0
0.5,0.2017214321991856,1.0,1.0,1.0,0.3023558588625982,0.2989406309685705,0.2897000015737037,0.09187332773929961,0.09533646480244888,1.0
0.5,0.2048677422799908,1.0,1.0,1.0,0.2989525198139975,0.35475269961103073,0.3391980716643535,0.09401838760866178,0.10301785432948198,1.0
0.5,0.17813618636094855,1.0,1.0,1.0,0.3821372441702996,0.34817012705011674,0.335092010239295,0.11095424084945202,0.11582025644614494,1.0
0.5,0.19212666474271864,0.0,0.0,0.0,0.29675720866655403,0.31915869013762077,0.2845300433390171,0.1013895361439447,0.09736092669561071,0.0
0.5,0.22902960427291383,1.0,1.0,1.0,0.27323631717160096,0.2768645209386432,0.27176546845658744,0.08245349123252037,0.08536833669038081,1.0
0.5,0.18128438060677032,1.0,1.0,1.0,0.3080097379625458,0.34444547379648294,0.3402471376342109,0.11032416773773038,0.11704521104725092,1.0
0.5,0.2395000277144868,1.0,1.0,1.0,0.2503237009250435,0.2332001753521975,0.2010118170271178,0.08269342727551146,0.08102739063861387,0.0
0.5,0.21461239041346614,1.0,1.0,1.0,0.33503562255558345,0.3101176542898142,0.2916166955944054,0.08915467461901891,0.09381961340055661,1.0
0.5,0.1946867737222861,1.0,1.0,1.0,0.31950223223312335,0.3242477532352585,0.3164646078927089,0.10033534973086114,0.10685361651495202,1.0
0.5,0.18785527656302958,1.0,1.0,1.0,0.34720567475251707,0.32842825905287787,0.3234748458299331,0.10215628167133946,0.10465087344664468,1.0
0.5,0.1843409550611644,1.0,1.0,1.0,0.389716861362312,0.41582308803437196,0.3787984270155801,0.09569427243886229,0.09977709401150227,1.0
0.5,0.18880838042075718,1.0,1.0,1.0,0.3303055257290414,0.327143201448826,0.3218272789098283,0.10202163490509433,0.10907488101556498,1.0
0.5,0.2023643646473783,1.0,1.0,1.0,0.3103901513976032,0.28153904611387814,0.2740596271440731,0.08507595805052279,0.08961390795025816,1.0
0.5,0.2150234969827206,1.0,1.0,1.0,0.27668754763303793,0.29194972569206257,0.26829244128462176,0.09065229092911918,0.09184899746811497,1.0
0.5,0.1828484667704906,1.0,1.0,1.0,0.35219670476620285,0.31759288434638505,0.3069138657453097,0.09557503094759622,0.09461706848741508,0.0
0.5,0.22089479045351032,1.0,1.0,1.0,0.28442361489040335,0.31684409679537195,0.28412414395258123,0.08749050856675844,0.09288872674923526,1.0
0.5,0.24594551830261235,0.0,1.0,1.0,0.22470610655213513,0.28614012522553534,0.2736525245066045,0.07200972795194838,0.07607489155639394,1.0
0.5,0.21534579837109738,1.0,1.0,1.0,0.3134183293550169,0.30593679735093166,0.30066229734713235,0.09855236970421145,0.10389527102570816,1.0
0.5,0.22514379331742432,1.0,1.0,1.0,0.2600142579961293,0.2737810117184778,0.2673916650173661,0.08100132811352079,0.08209155089649212,1.0
0.5,0.19625663364669763,1.0,1.0,1.0,0.33813317460386516,0.30794802495355883,0.30099412142369925,0.09775348183447391,0.10270440848195694,1.0
0.5,0.20425583510185683,0.0,0.0,0.0,0.2666998685732982,0.3138076451917126,0.2867779527014855,0.09406029193854934,0.09987163219801824,1.0
0.5,0.19208920786289657,1.0,1.0,1.0,0.3173367770813956,0.35279667665078157,0.3382732979372899,0.09252517936414467,0.10106549162306867,1.0
0.5,0.19393417432767157,1.0,1.0,1.0,0.3047075534745007,0.3088547557894561,0.30146451691262266,0.1033085062610843,0.10939879721163123,1.0
0.5,0.2051186231538661,0.0,0.0,0.0,0.3212953924576635,0.34097115451381027,0.3364331735937556,0.09420087269472555,0.10493766637921143,1.0
0.5,0.18739243361037608,1.0,1.0,1.0,0.367882872648717,0.4070932694550128,0.38701759668285207,0.0979126471032227,0.10089157762109034,1.0
0.4,0.2830325515927454,1.0,1.0,1.0,0.25891433306706196,0.29829204821813976,0.270594377498609,0.07154392954936963,0.08116899745067803,1.0
0.4,0.2610366007268434,0.0,0.0,0.0,0.29041372344784505,0.26072224506300634,0.25203555382105797,0.07303683963092182,0.07918315937745718,1.0
0.4,0.23009167125898533,1.0,1.0,1.0,0.2641585236498972,0.27817814951885406,0.2651161344546332,0.08716169924671165,0.09175816252400658,1.0
0.4,0.25091220399526526,1.0,1.0,1.0,0.22034341046118663,0.24011807767147958,0.22648669110109904,0.07491237378708618,0.07850509645585123,1.0
0.4,0.2731478045555295,1.0,1.0,1.0,0.23664529281764296,0.2205438709217157,0.21269609956400498,0.0687961279130853,0.07297862791059626,1.0
0.4,0.2904122256834669,1.0,1.0,1.0,0.2248055573093953,0.2338200329648914,0.2227615398662935,0.06420146373716783,0.07453497606148382,1.0
0.4,0.2603263082943612,1.0,1.0,1.0,0.2621566420110286,0.2722961767622326,0.24344091664198392,0.07709474387926259,0.08389561758235635,1.0
0.4,0.21676622592595965,1.0,1.0,1.0,0.25420015813535407,0.2701213616637697,0.26350093909931793,0.08673260614405948,0.09073900967299123,1.0
0.4,0.24815572892694315,1.0,1.0,1.0,0.2486237637021158,0.3034078603857362,0.2714544037230326,0.07310527847781147,0.08127638801713108,1.0
0.4,0.21678326872807685,0.0,0.0,0.0,0.29703768625186866,0.3290106683997668,0.29550300502711435,0.08808426492821891,0.09992375390045194,1.0
0.4,0.2427799130480594,1.0,1.0,1.0,0.25285076756687186,0.23518383612858082,0.23149461602630242,0.08478710626485206,0.090828255038945,1.0
0.4,0.2482130785943805,1.0,1.0,1.0,0.2943134566645167,0.28888908202947045,0.275942740021726,0.07891426238148985,0.08283320119407234,1.0
0.4,0.26232377086807934,1.0,1.0,1.0,0.2535387029509132,0.28076715010101727,0.2692760726236756,0.07460593490311661,0.08341422385066796,1.0
0.4,0.2513989727973303,1.0,1.0,1.0,0.2343279540754104,0.28710319031711684,0.27705058043496034,0.08693473627921929,0.0902001764127296,1.0
0.4,0.26138541213543487,1.0,1.0,1.0,0.25278196196986247,0.2577502676439411,0.24926020775274665,0.07620789194336497,0.08514743215813599,1.0
0.4,0.36936269153716433,1.0,1.0,1.0,0.18341490505635644,0.2143946488340373,0.1838658493647379,0.05619983334094598,0.068106291700632,1.0
0.4,0.2852575558017342,1.0,1.0,1.0,0.23434753526118013,0.2530937591002378,0.23195998152065078,0.0686312939860002,0.07628568067811635,1.0
0.4,0.270459529898771,1.0,1.0,1.0,0.2254875762103214,0.24255640173191587,0.22819423106933598,0.07155932585766947,0.07804356730297123,1.0
0.4,0.2095793640879512,1.0,1.0,1.0,0.34816808897952783,0.34932006078511374,0.31454948710560576,0.09550038838807573,0.10394262251308155,1.0
0.4,0.24381580065681635,1.0,1.0,1.0,0.2745809265723949,0.2921424941306499,0.2602183214562351,0.0816272308834773,0.08309616465544124,1.0
0.4,0.21968255517631713,1.0,1.0,1.0,0.2531353262605499,0.28476174756287476,0.2703331041143372,0.09050686229197619,0.09819975843937927,1.0
0.4,0.2532838304998127,1.0,1.0,1.0,0.3011356340705643,0.2785038752365848,0.270856072208308,0.0703992757516474,0.07782726911900748,1.0
0.4,0.22915340047576663,1.0,1.0,1.0,0.28458403170177005,0.3131397511381106,0.27636769325098076,0.08874056549151427,0.09654607206542626,1.0
0.4,0.2603766633675214,1.0,1.0,1.0,0.30628366065635704,0.29744065116575086,0.2505069678743436,0.07640461284851899,0.0789879846436603,1.0
0.4,0.23115030295932973,1.0,1.0,1.0,0.2816618734916036,0.2975024591077861,0.27277906062219504,0.08153475778632384,0.08677234411052165,1.0
0.4,0.25423142887845895,1.0,1.0,1.0,0.25568900116754406,0.2566483173758778,0.234711738176041,0.0773023806659978,0.08031620991178182,1.0
0.4,0.25127801225053836,1.0,1.0,1.0,0.2621708768160776,0.26291785107067994,0.24078629027079396,0.0756863984336961,0.07972275628854826,1.0
0.4,0.32208619152742834,1.0,1.0,1.0,0.17845056432706838,0.21990784122097415,0.19472768800265977,0.06486192864273586,0.07034558360210502,1.0
0.4,0.2805731205968943,1.0,1.0,1.0,0.21647113493554926,0.2319411033322071,0.2060528908117009,0.07241519347857289,0.08041954513817391,1.0
0.4,0.259914155672667,1.0,1.0,1.0,0.2696114977307008,0.32549534912109324,0.29734514016199404,0.07189320125411841,0.0798822395815957,1.0
0.4,0.255386268884008,1.0,1.0,1.0,0.23657486744087555,0.27871609566402256,0.25226044615296217,0.07629557803095163,0.0809219017848022,1.0
0.4,0.25013825757531166,1.0,1.0,1.0,0.3151459751241726,0.3323357852057726,0.30743478190288676,0.07892110730229948,0.08881720093378398,1.0
0.4,0.29510022337151864,1.0,1.0,1.0,0.21007936117922577,0.2301424084579901,0.22425994207620628,0.07117481267091474,0.07401937848938812,1.0
0.4,0.2632005612050514,1.0,1.0,1.0,0.33026532088536004,0.35509819776629536,0.3145271103352605,0.06685901642927504,0.0779926653723088,1.0
0.4,0.2782790356007653,1.0,1.0,1.0,0.24628857346337113,0.2836786868115103,0.24463677140533363,0.07456082806178396,0.0803590887682572,1.0
0.4,0.26680202149768023,1.0,1.0,1.0,0.25578010806146023,0.28809348050343886,0.25289506641441906,0.07631289638025142,0.08549578379098423,1.0
0.4,0.23301933843365122,1.0,1.0,1.0,0.3116911360102033,0.3219243582580979,0.300563034476896,0.07976502457073636,0.08690077743234986,1.0
0.4,0.24364007724834666,1.0,1.0,1.0,0.27950759757484256,0.27270994504151524,0.2630616939976421,0.0749385806074341,0.08036345655717145,1.0
0.4,0.2788174194836389,1.0,1.0,1.0,0.2552124627910426,0.27686623530881116,0.24172285210664834,0.07153819295744823,0.08094651956772023,1.0
0.4,0.2709474433696237,1.0,1.0,1.0,0.2504404575452778,0.2589932075579592,0.24944561459518208,0.07220286677334056,0.08130740592775383,1.0
0.4,0.25421098594821034,1.0,1.0,1.0,0.2513048794052805,0.2777045358984487,0.2451587549793494,0.07473628623337623,0.08166917402617374,1.0
0.4,0.2550255793912688,1.0,1.0,1.0,0.2418602314577071,0.2555232614463763,0.23837722798571193,0.07392784031855254,0.08025463286294561,1.0
0.4,0.21060686313465338,1.0,1.0,1.0,0.29626765954652906,0.2722297643458504,0.26055281847138,0.09278519030359095,0.10058090067540341,1.0
0.4,0.2645881132670633,1.0,1.0,1.0,0.27271845535411526,0.27631209605098717,0.22575351083302606,0.07703360546163031,0.07784284241666545,1.0
0.4,0.26358028701635083,1.0,1.0,1.0,0.25638744963459575,0.2783989173467617,0.2537517768677274,0.07733332913218001,0.08202784149780999,1.0
0.4,0.24916672633370898,1.0,1.0,1.0,0.2568832975562585,0.2571299649463048,0.24488630516834062,0.07920122860626931,0.08238124558667172,1.0
0.4,0.2383141821229659,1.0,1.0,1.0,0.2909142805913311,0.3322593362973787,0.28972731662936,0.0717722991535401,0.08090332177613979,1.0
0.4,0.21820120964745235,1.0,1.0,1.0,0.2960284187800878,0.30672093587904203,0.2920232590216674,0.08761526556976909,0.09383603805248192,1.0
0.4,0.2784370925525061,1.0,1.0,1.0,0.22562419890946378,0.2506688198132928,0.2398999756209884,0.07164639414686018,0.07863476918590186,1.0
0.4,0.26601941220718045,1.0,1.0,1.0,0.20648902821516107,0.2897737006394787,0.24709680947327275,0.07711043129913957,0.08380109472466182,1.0
0.4,0.27708449901975685,1.0,1.0,1.0,0.2534685814092806,0.24668557201356633,0.22517386463537234,0.07057310258976768,0.07814360559377304,1.0
0.4,0.24175759114429798,1.0,1.0,1.0,0.2542145855339013,0.2734726694353566,0.25911963672290683,0.07979689476418438,0.08766508395019537,1.0
0.4,0.24377162611171993,1.0,1.0,1.0,0.29448300607527245,0.31709465308901563,0.2855711736630116,0.07567584257758506,0.08287628950451725,1.0
0.4,0.25426277720458257,1.0,1.0,1.0,0.2771498001443187,0.29964967278818583,0.2701021277180395,0.07785464504888445,0.08188377963856083,1.0
0.4,0.26662109373227644,1.0,1.0,1.0,0.20774628260830585,0.25125490718001603,0.23748101643190403,0.06779342760555199,0.07630114329360865,1.0
0.4,0.24715366859659751,1.0,1.0,1.0,0.2084240963068967,0.2317463186963431,0.21994443620409668,0.07923907368076125,0.082625017275344,1.0
0.4,0.2460107804609002,1.0,1.0,1.0,0.2638637123816613,0.3134795866488093,0.30350516466137645,0.0807676049018926,0.08755149892331769,1.0
0.4,0.26446211669113406,1.0,1.0,1.0,0.2348014698212128,0.26583664429620335,0.25435586363744117,0.07250393123384466,0.07951990949865735,1.0
0.4,0.2501911905976434,1.0,1.0,1.0,0.3010806290696767,0.3118991624854077,0.26713147598660497,0.0774459155671394,0.08795873267882787,1.0
0.4,0.24896901265433125,1.0,1.0,1.0,0.241991211991568,0.327213111879946,0.2793183197271495,0.07808159513328417,0.08535880092519481,1.0
0.4,0.2508319904622932,1.0,1.0,1.0,0.2586775136435059,0.2890630932503662,0.25845332357321654,0.07790824854043849,0.08403529374796306,1.0
0.4,0.2636346165133032,1.0,1.0,1.0,0.22816095521752167,0.27362029402867655,0.2530575228668901,0.07386969052445944,0.08170918629843621,1.0
0.4,0.30926721727400197,1.0,1.0,1.0,0.22611364109022603,0.21604740058030175,0.20532309627064604,0.06361706193094874,0.06813883639562922,1.0
0.4,0.24094158271987387,1.0,1.0,1.0,0.24954848145017877,0.2503898396784779,0.22589711290381526,0.08550420053616792,0.09831778222014197,1.0
0.4,0.2252795789043947,1.0,1.0,1.0,0.25340594783130105,0.3049108726545219,0.3010163790445929,0.07945490065243034,0.08876972781846185,1.0
0.4,0.2895604805573522,1.0,1.0,1.0,0.18494744021998605,0.2358238190597366,0.22504018892129102,0.0678184629328107,0.07554681512944779,1.0
0.4,0.24755190331986884,1.0,1.0,1.0,0.24855340531152786,0.2989975918018156,0.2587611422990596,0.07904257454476833,0.08891316847800847,1.0
0.4,0.2351984948072339,1.0,1.0,1.0,0.21904544096253628,0.2701018017438493,0.2528888074330024,0.08110255008086215,0.0878869253808538,1.0
0.4,0.2509491203976504,1.0,1.0,1.0,0.26636159224112194,0.26335198408975835,0.23432469643767712,0.08605359657612538,0.09007577167544664,1.0
0.4,0.23330273071663482,1.0,1.0,1.0,0.2884202736541453,0.2856605933920669,0.2716547422883696,0.08654313803092155,0.08765628228145889,1.0
0.4,0.25487751723914415,1.0,1.0,1.0,0.2628543951657347,0.24322237454805382,0.22208234088183826,0.07024665933109166,0.07747920903716897,1.0
0.4,0.26595544227013335,1.0,1.0,1.0,0.23785716626911363,0.26300468332120486,0.25039831332500745,0.07076914643530124,0.07842017439561895,1.0
0.4,0.31491506672440855,1.0,1.0,1.0,0.2033756899924973,0.22962721903206731,0.19469582282988449,0.06071173367777336,0.06575937381642476,1.0
0.4,0.27385214018441556,1.0,1.0,1.0,0.2196413410133089,0.24583486860430784,0.20705976755704175,0.06973945971025096,0.07159873147313948,1.0
0.4,0.2776214330138669,1.0,1.0,1.0,0.23249058642473316,0.2641962956836271,0.24609764912732213,0.07075682395131896,0.07501915552664162,1.0
0.4,0.2523073952099321,1.0,1.0,1.0,0.2710563872508149,0.26872728522947475,0.25261717054123684,0.07762494945218325,0.08410578568423333,1.0
0.4,0.2683343656392195,1.0,1.0,1.0,0.26351369713096606,0.22950858603722918,0.21675789614581725,0.07308378789762524,0.07726815548944789,1.0
0.4,0.259645023857541,1.0,1.0,1.0,0.25684464631825354,0.26393515212949803,0.25410660354255826,0.07362077967352382,0.0786853257493122,1.0
0.4,0.2973872392235378,1.0,1.0,1.0,0.21930766418785633,0.24342886741552552,0.23324922998078884,0.0675047974796167,0.0746419941617692,1.0
0.4,0.25598811174999075,1.0,1.0,1.0,0.25304039675116696,0.24856386414874704,0.23573498707374424,0.07532032720269463,0.08465453272252199,1.0
0.4,0.2904288419091709,1.0,1.0,1.0,0.218476590877271,0.25804789744425105,0.22521484309656792,0.06953961734992598,0.07395068077412853,1.0
0.4,0.20875900398852704,1.0,1.0,1.0,0.35881925967809825,0.3735019977376152,0.33483051076782394,0.08692551520099455,0.09557167189582821,1.0
0.4,0.21772470606263228,1.0,1.0,1.0,0.2664795897715209,0.3430426801022411,0.3225336355428124,0.08576379273667238,0.09282505063632675,1.0
0.4,0.2332826247152046,0.0,0.0,0.0,0.2228956123708624,0.25767342433784945,0.23781640335665166,0.08139460831424744,0.08203196268204258,1.0
0.4,0.30282581659834557,1.0,1.0,1.0,0.20448357263101707,0.2533887113308572,0.2210205044516594,0.06684086160431243,0.07454142136403216,1.0
0.4,0.23108479060281917,1.0,1.0,1.0,0.2828745346371112,0.3174233593696377,0.2985832819002411,0.08377368605790023,0.09173195466345635,1.0
0.4,0.2646504463152459,1.0,1.0,1.0,0.26173200158185017,0.277355256074968,0.26364550662586145,0.07615785637201543,0.08122893113967894,1.0
0.4,0.2978865341549814,1.0,1.0,1.0,0.19371984638163414,0.204740627856352,0.195125736042941,0.06756876293931506,0.07205272750444894,1.0
0.4,0.2683910604701931,1.0,1.0,0.0,0.2718470138819594,0.2548548267825729,0.23769602490911873,0.07368322821305157,0.07609861122382136,1.0
0.4,0.26084171936291534,1.0,1.0,1.0,0.21889729830934365,0.2356855850265008,0.21127877217581129,0.07577307790319888,0.0833429429346526,1.0
0.4,0.3183462051876871,1.0,1.0,1.0,0.22846780073711695,0.22604424318197963,0.2007677187339064,0.06103258468869812,0.06942908156550148,1.0
0.4,0.218422979818548,1.0,1.0,1.0,0.31282422006538935,0.3012062232903248,0.2770974100857762,0.08652969128407946,0.0923705902141588,1.0
0.4,0.22665722832470286,1.0,1.0,1.0,0.29035118876614996,0.29987321120428817,0.2655320260298005,0.09341461804925597,0.09601851501634773,1.0
0.4,0.24337635362099322,1.0,1.0,1.0,0.25287186834325115,0.26693725481027625,0.2617889242560937,0.07814549098895386,0.08930459518799204,1.0
0.4,0.307418817844144,0.0,1.0,0.0,0.2172902529113042,0.23247452575892194,0.209675725781098,0.06232546028141571,0.07013313934385383,1.0
0.4,0.2974072754323402,1.0,1.0,1.0,0.23236248961828485,0.23626069691562135,0.22010470116194777,0.06380244073652543,0.07132210617336598,1.0
0.4,0.21488490169318725,1.0,1.0,1.0,0.2980980848357686,0.278763032144535,0.27594030108726286,0.09225265417828749,0.09601678911139995,1.0
0.4,0.19728685406690186,1.0,1.0,1.0,0.2988755097748971,0.32032432432377045,0.30602492798212877,0.09581995753581056,0.10202394233898646,1.0
0.4,0.23513373336612953,1.0,1.0,1.0,0.26306622129075236,0.2743650042596756,0.2587190687631491,0.08481776050681984,0.08797285931742993,1.0
0.4,0.27570374949907467,1.0,1.0,1.0,0.24390064413734133,0.2349204346559776,0.22652057988124036,0.07523251702519312,0.08401705362828803,1.0
0.4,0.29718500438387985,1.0,1.0,1.0,0.22574848865412062,0.2495515896597425,0.21897534497852242,0.061198285156083804,0.06709746853794553,1.0
0.4,0.23557544842247174,1.0,1.0,1.0,0.2758957816491012,0.28283867673823043,0.26516884724516154,0.08324486859773003,0.08753528197637933,1.0
0.4,0.2689325178882008,1.0,1.0,1.0,0.26394884329265567,0.24950646405073879,0.232478030298934,0.07176301923140202,0.07586972438729313,1.0
0.4,0.2771533660950863,1.0,1.0,1.0,0.26238702011469517,0.31492309227006626,0.2925078158873882,0.07176623437157073,0.08048404801098988,1.0
0.4,0.2924437788128723,1.0,1.0,1.0,0.20524031185509034,0.26262720760768044,0.22742006775376802,0.06562216876463423,0.07145998536108066,1.0
0.4,0.26297817274220836,1.0,1.0,1.0,0.2738494637874048,0.2743127509721735,0.25190843350786396,0.07534238357401611,0.07624223306623298,1.0
0.4,0.2362398749917625,1.0,1.0,1.0,0.2658221231548542,0.30145991702915453,0.289787569176145,0.07777522751832334,0.08149740075763452,1.0
0.4,0.3138128408150817,1.0,1.0,1.0,0.21084997052991478,0.2578534641891004,0.22373327121319306,0.06178998748766287,0.07240827990052781,1.0
0.4,0.3020303466254749,1.0,1.0,1.0,0.2094235730925334,0.2333015957962119,0.19378957279605127,0.06097059608805658,0.06834870441385509,1.0
0.4,0.25011599620702885,1.0,1.0,1.0,0.22011819295642968,0.2682879222782586,0.2515697976777501,0.0761517182745609,0.08129356420973907,1.0
0.4,0.2292735498105018,0.0,0.0,0.0,0.27024047387809835,0.25866060048585504,0.24745472894525075,0.0840764649471672,0.08617568370852347,1.0
0.4,0.26010834762128293,0.0,0.0,0.0,0.21994098710730006,0.25339811409224533,0.2293821804308493,0.07589516200707486,0.08453420065013986,1.0
0.4,0.24059672067934504,1.0,1.0,1.0,0.33308049777485127,0.311177956968355,0.2794452447363394,0.07574016458774685,0.08479764303803489,1.0
0.4,0.27817047793588395,1.0,1.0,1.0,0.21636030687584,0.2401883185687122,0.2280633691024596,0.07438357172632876,0.08207236806085062,1.0
0.4,0.2296511000188768,1.0,1.0,1.0,0.2515409707860917,0.30248769278583487,0.27097939425373413,0.08815880332032795,0.0906265082655657,1.0
0.4,0.26537398944725654,0.0,1.0,0.0,0.22106854675925686,0.27928028178328895,0.25745764175829927,0.07237660182039925,0.07172312104601067,0.0
0.4,0.2564737347416326,1.0,1.0,1.0,0.2664647966917991,0.2590993210687884,0.23992245605562545,0.0781234506770528,0.08422298139077256,1.0
0.4,0.24843453483803216,1.0,1.0,1.0,0.25383062312206606,0.2399019366388567,0.22472374642957024,0.07841457881515777,0.07342081243943012,0.0
0.4,0.2676638603027957,0.0,0.0,0.0,0.20785814173303024,0.20589254304060467,0.19308294480022392,0.07009868158246607,0.07380598672056571,1.0
0.4,0.2829192576067078,1.0,1.0,1.0,0.19882720395679349,0.26523295243758466,0.2402228029006826,0.06511092688592508,0.07053978707421196,1.0
0.4,0.23238703823368245,1.0,1.0,1.0,0.2627598382230154,0.26279724866934523,0.24624423834627204,0.07825796155845433,0.08286251550881164,1.0
0.4,0.24996491641223983,1.0,1.0,1.0,0.2709067406291722,0.3135112109389314,0.27061185294200074,0.07916200892233256,0.08571980185398666,1.0
0.4,0.31373821616437253,1.0,1.0,1.0,0.21736502488583823,0.21384977640373792,0.19199637562440147,0.06346617441053073,0.06893244316012803,1.0
0.4,0.22262767116453788,1.0,1.0,1.0,0.24526932656996808,0.2578504957773956,0.24682819880304532,0.08286230850917681,0.0827450257095276,0.0
0.4,0.24076939707488296,1.0,1.0,1.0,0.2668962366597598,0.2846496723193955,0.2691667759011742,0.07746662245087668,0.07914320374537198,1.0
0.4,0.30487394137443286,1.0,1.0,1.0,0.205933021401064,0.2186413672297743,0.20495335565104034,0.06656204687945606,0.07486528278031675,1.0
0.4,0.2808014618469874,1.0,1.0,0.0,0.26296346238360585,0.2366401242655672,0.22745392358813618,0.06471134207088297,0.07115548964629322,1.0
0.4,0.24029362204331478,1.0,1.0,1.0,0.24700002206801575,0.2569864622642376,0.2286510766463321,0.07908037165743843,0.0816893094026882,1.0
0.4,0.22744599031607682,1.0,1.0,1.0,0.2958266236777459,0.3582110473941319,0.3288099392074316,0.08102439550333643,0.0908333461620062,1.0
0.4,0.24044307683827315,1.0,1.0,1.0,0.2724559975989093,0.27866032240835603,0.26468070896111595,0.08115321239356285,0.08854367174189255,1.0
0.4,0.23166307250416557,0.0,1.0,0.0,0.21493478114696912,0.22397369109842163,0.2134594079708349,0.08010017816910658,0.07907341043792991,0.0
0.4,0.24509387339424155,1.0,1.0,1.0,0.25220513354895113,0.30446083118987327,0.2997452638434662,0.08029032041839353,0.08597544247121552,1.0
0.4,0.2503857269885981,1.0,1.0,1.0,0.2818802161462087,0.31101256424060564,0.28164271177425376,0.0735235534240067,0.07642045117820674,1.0
0.4,0.22476871878409696,1.0,1.0,1.0,0.31315083139870054,0.34373005802432055,0.33509575181874246,0.0797093713583216,0.08852016174848149,1.0
0.4,0.24976803081437945,1.0,1.0,1.0,0.26257926420351435,0.26190286250760975,0.2413698880400354,0.07868569851659825,0.07955694866068541,1.0
0.4,0.24333164515641384,1.0,1.0,1.0,0.2652902150221549,0.3121998514785977,0.27961775694338326,0.07833528488706863,0.08360468652006434,1.0
0.4,0.2734194913306984,1.0,1.0,1.0,0.24164177434924183,0.26408862979313075,0.24658517681080502,0.07069227021943962,0.07611439904795114,1.0
0.4,0.25426365935139567,1.0,1.0,0.0,0.25900820746142933,0.26235508867901447,0.247806302378474,0.07626317970697462,0.0826123327940988,1.0
0.4,0.3002762451198357,1.0,1.0,1.0,0.2056432286313213,0.25147803700492777,0.21045526607104445,0.06333928208013845,0.07268073693370238,1.0
0.4,0.2300465600064509,1.0,1.0,1.0,0.3213164763911742,0.3383945404586041,0.31902264969379907,0.07745254772774189,0.08554078858324758,1.0
0.4,0.22898083146602316,1.0,1.0,1.0,0.2737014412711421,0.2840716871983141,0.27420367714501576,0.08893996634790417,0.09196910303491564,1.0
0.4,0.2582350162662572,1.0,1.0,1.0,0.2682075469247805,0.2726760592456119,0.2591067679284838,0.06844974153419188,0.07334797362834367,1.0
0.4,0.2552009561562132,0.0,1.0,1.0,0.2409151089027278,0.25192525252570996,0.24847390735685387,0.07548005036084113,0.0844765784900496,1.0
0.4,0.3076884429906263,1.0,1.0,1.0,0.21259884751170927,0.23389624607574583,0.19807961171133495,0.06331670962844307,0.07298656626825889,1.0
0.4,0.28895891934278967,1.0,1.0,1.0,0.2284915409509975,0.2834836509054265,0.24411104903658404,0.06395572888950372,0.07826968565317309,1.0
0.4,0.2678433302780227,1.0,1.0,1.0,0.24077997191494313,0.2500920539021034,0.22789628471007486,0.07235947035707956,0.07829194385123134,1.0
0.4,0.24056843410299902,1.0,1.0,1.0,0.272100652410074,0.32675221250019143,0.3126926052083016,0.07776041762208345,0.08685878277412742,1.0
0.4,0.2074625041924831,1.0,1.0,1.0,0.31991509028738463,0.33880696023293355,0.32176587507226173,0.08802715482905739,0.0935172654566221,1.0
0.4,0.20183332645071023,0.0,0.0,0.0,0.250911079977819,0.2656581458123374,0.25207346439035905,0.09133489097475009,0.10078045165134224,1.0
0.4,0.2685646043942008,1.0,1.0,1.0,0.2948153795866791,0.2811531550750609,0.24751863292355752,0.07367307811290807,0.08182252043202203,1.0
0.4,0.27417062353159416,1.0,1.0,1.0,0.2085539458657763,0.2627544422129137,0.24389812060600416,0.0691652152596319,0.0790449686200316,1.0
0.4,0.22003121642037882,1.0,1.0,1.0,0.27504713106482737,0.27844486441110605,0.27150954086511364,0.09629539585855655,0.0998626918397381,1.0
0.4,0.27382915354834214,1.0,1.0,1.0,0.24175663405959388,0.25685494859955477,0.23900279263294447,0.0733862502554783,0.08386966823416454,1.0
0.4,0.2583696657072874,1.0,1.0,1.0,0.25577946033783583,0.2661560425307382,0.25849367734097656,0.07059927300326317,0.07762997608300648,1.0
0.4,0.20788009027339724,1.0,1.0,1.0,0.31417420546197883,0.32463133768404023,0.3040801574448919,0.09819456788214734,0.10156079483125172,1.0
0.4,0.22227810222786296,1.0,1.0,1.0,0.37401549005339396,0.35257293571567117,0.32968018246790937,0.08427587055386222,0.0907185124596084,1.0
0.4,0.24075260288534256,1.0,1.0,1.0,0.2818622574096854,0.2840450208369262,0.27256575264223076,0.07729648534387898,0.08506570459728502,1.0
0.4,0.30774652945159314,1.0,1.0,1.0,0.19622538491168762,0.24323885457013672,0.21565445032864847,0.06346199716990114,0.07091691110646847,1.0
0.4,0.2486812414225435,1.0,1.0,1.0,0.2905726713271681,0.29351742404529685,0.2757585747042886,0.07323151852353448,0.08022361325174765,1.0
0.4,0.23197165823234683,1.0,1.0,1.0,0.2650510014240771,0.29049509413621194,0.27636328509983643,0.08244802147587255,0.09516744771225358,1.0
0.4,0.2733152865084867,1.0,1.0,1.0,0.275195785495492,0.27191843672180893,0.24598948000735898,0.06629494427383206,0.07725860746703608,1.0
0.4,0.23031480925623296,1.0,1.0,1.0,0.301508643767847,0.2914309510398373,0.2466009528933725,0.08967413890660987,0.09376551956170427,1.0
0.4,0.2393437489382763,1.0,1.0,1.0,0.2610086127753911,0.2935602869311092,0.2769136474414574,0.0815456629557418,0.08739479900826087,1.0
0.4,0.2310215575599934,1.0,1.0,0.0,0.33628009799177433,0.32026968049679594,0.2819985317978464,0.07753043290844398,0.0839530791263079,1.0
0.4,0.28120308422298274,1.0,1.0,1.0,0.23922006401072382,0.24283486829371892,0.22920592618960467,0.06601905504990895,0.07202883192643621,1.0
0.4,0.2549470065333825,1.0,1.0,1.0,0.2445681698578354,0.2257090070012456,0.22078932318920302,0.07555050501161356,0.08259365807182785,1.0
0.4,0.26511707538371243,1.0,1.0,1.0,0.22810305509196124,0.25670715231177504,0.24502285493687714,0.07281942774042467,0.08286586128849642,1.0
0.4,0.2410219399517247,1.0,1.0,1.0,0.21047225737251146,0.22241078478023546,0.21049891043028673,0.0850095923466899,0.09121039657385852,1.0
0.4,0.24070604256147876,0.0,1.0,0.0,0.24563419353361518,0.2819900695587603,0.2420926779562797,0.07792263716848088,0.08760339554748757,1.0
0.4,0.27271595140176585,1.0,1.0,1.0,0.2375872988085023,0.2725685447104291,0.2556118241386405,0.06838077788107488,0.07720881159063903,1.0
0.4,0.25043750160032424,1.0,1.0,1.0,0.2512354824660491,0.25775964464655465,0.24251720284730421,0.07498227100617923,0.08499766018052797,1.0
0.4,0.2160532082885915,1.0,1.0,1.0,0.2999623569297121,0.3034775419037502,0.296055750171694,0.08408219493375862,0.09202319499390996,1.0
0.4,0.2650875774399798,1.0,1.0,1.0,0.21341098190290272,0.228244076992961,0.2231165790005291,0.08078351967021162,0.08526990969428642,1.0
0.4,0.24459959332285966,1.0,1.0,1.0,0.24614426934594585,0.2747639254945662,0.24570261841149849,0.0772393444750813,0.08558250933936193,1.0
0.4,0.2295267940671413,1.0,1.0,1.0,0.2639861512811546,0.29059380549386865,0.2834773240137833,0.07841800869990367,0.08215888466085737,1.0
0.4,0.2334061558140433,1.0,1.0,1.0,0.24998169262923123,0.28253902567619105,0.2593950229609452,0.08789688340196937,0.08939897030643698,1.0
0.4,0.2712718915619002,1.0,1.0,1.0,0.22360787724728565,0.2731070314750695,0.2551192788485244,0.06810549978753029,0.07846715337937182,1.0
0.4,0.24557101802480685,1.0,1.0,1.0,0.25896681936280763,0.26601933105308667,0.2423617103528927,0.08420051237680742,0.08779939838951423,1.0
0.4,0.2911408672771944,1.0,1.0,1.0,0.2421159201219462,0.23790051727205758,0.2084301148990157,0.06612865300690803,0.07237521370160924,1.0
0.4,0.2669623946065323,1.0,1.0,1.0,0.2855948557774638,0.24611492429025147,0.2368925790372482,0.07236533644532521,0.08341661988142567,1.0
0.4,0.2506616476685444,1.0,1.0,1.0,0.23503734688021122,0.24602934114388075,0.23900162679107728,0.07901566519964737,0.0765411007863622,0.0
0.4,0.25763428770890456,1.0,1.0,1.0,0.24284016653251905,0.22597037332053288,0.2204167037240663,0.07808117710567043,0.08640327024086186,1.0
0.4,0.3231181176675842,1.0,1.0,1.0,0.18871777330978207,0.2213745297339828,0.20964598022056471,0.05627455500391012,0.06472823850334318,1.0
0.4,0.2295979641327583,1.0,1.0,1.0,0.2857854166116489,0.3235863549149933,0.30077306430327877,0.07999932033831783,0.08422155910466941,1.0
0.4,0.2488651964069897,0.0,0.0,0.0,0.22484422952290845,0.2750403581575366,0.2634611813161222,0.08079328856837414,0.09077031872474933,1.0
0.4,0.2754413235499061,1.0,1.0,1.0,0.26378740133578404,0.27961767579180596,0.2654401031264991,0.06364952090179175,0.07583795600249141,1.0
0.4,0.23029503779476262,1.0,1.0,1.0,0.29988373766258813,0.3145282647186905,0.2934015949366839,0.08090966047976973,0.08652873780624656,1.0
0.4,0.2527363805800052,1.0,1.0,1.0,0.30314158916657685,0.3105766958626483,0.26572478098703034,0.08001208674744843,0.08410229221052141,1.0
0.4,0.27153583006669485,1.0,1.0,1.0,0.22368406735412288,0.25769264193185154,0.22183480361828564,0.07123417617592848,0.07803905805707993,1.0
0.4,0.2931402807522237,1.0,1.0,1.0,0.2162856491719094,0.25725460592490335,0.22578735051883408,0.06632759856910045,0.07518537417320413,1.0
0.4,0.2320569482475362,1.0,1.0,1.0,0.25974936243906155,0.3113203083749846,0.2931160616460482,0.085170509622644,0.09113078743980113,1.0
0.4,0.22912997692163845,1.0,1.0,1.0,0.2582174867640301,0.2925977654810937,0.2852173322232435,0.07995441390105798,0.08880784307075441,1.0
0.4,0.23588990742502786,1.0,1.0,1.0,0.27674041257659276,0.2728704610153041,0.2565927089357568,0.08460017052743464,0.09322772530104943,1.0
0.4,0.23740053418184057,1.0,1.0,1.0,0.28497952278071353,0.2764303897320575,0.26679805255898137,0.08485834632639905,0.08724191898665175,1.0
0.4,0.2599803822597255,1.0,1.0,1.0,0.24791734012032268,0.29369066475373007,0.2882331008338857,0.07261287012254632,0.08055266973336175,1.0
0.4,0.2313782324851489,1.0,1.0,1.0,0.23256968263963856,0.23071304540895055,0.21487268886927344,0.07492126282266719,0.08171894094557476,1.0
0.4,0.29310255024423537,1.0,1.0,1.0,0.2386616349921323,0.21343556224470825,0.1774597813576514,0.06209731808278018,0.06960613559784269,1.0
0.4,0.26225148280088,1.0,1.0,1.0,0.24667724876286257,0.26854362864310205,0.2448854484959051,0.07516699357921705,0.08606353175500249,1.0
0.4,0.2907297045702147,1.0,1.0,1.0,0.21825031394039138,0.25115087436061206,0.2333151299443533,0.06281538039753648,0.07346901263460072,1.0
0.4,0.274639756230824,1.0,1.0,1.0,0.24062717567980058,0.2840084278500252,0.26337695366567626,0.07505179878880269,0.08332360450758687,1.0
0.4,0.27554156052210194,1.0,1.0,1.0,0.2453995534074646,0.2328748054701424,0.21842424295073753,0.06719466109814289,0.07419775331650474,1.0
0.4,0.25993786479823694,1.0,1.0,1.0,0.25436871870639355,0.2623705087028255,0.2495366413105072,0.07264699885447909,0.07811271960635549,1.0
0.4,0.30264297062556467,1.0,1.0,1.0,0.1866802346796632,0.2225604049426594,0.20193750548240988,0.06995452432790865,0.0808949943099848,1.0
0.4,0.2490955011422617,1.0,1.0,1.0,0.2534616068534853,0.2766425641009639,0.25458919537592595,0.07757632385587324,0.08343168307135881,1.0
0.4,0.22474589804135028,1.0,1.0,1.0,0.2942048237849523,0.31492450519366494,0.30140154525838275,0.07645940582153132,0.08534566844798334,1.0
0.4,0.24938598515170166,1.0,1.0,1.0,0.2648498557323335,0.2854196082694429,0.2684975976412819,0.07847451420824139,0.08848291972191039,1.0
0.4,0.2717605663775492,1.0,1.0,1.0,0.24286417567569057,0.29101314857521754,0.27156015619691437,0.07424113953098127,0.07949630455054425,1.0
0.4,0.21513627130008897,1.0,1.0,1.0,0.2935475039630774,0.31559077167155714,0.2905287482607937,0.09382226186640377,0.0944315197471961,1.0
0.4,0.2511676422361398,1.0,1.0,1.0,0.25860454892376084,0.25585237595083676,0.2366235291313123,0.0747991561636899,0.07755767059313536,1.0
0.4,0.27280306955175176,0.0,0.0,0.0,0.2386872597305903,0.24618290572085288,0.22556508589248966,0.07329249184567796,0.08082485723974614,1.0
0.4,0.3450153824941654,1.0,1.0,1.0,0.212978855244706,0.21017387601368917,0.18313499798301236,0.05224906985316128,0.05795004642075721,1.0
0.4,0.23736559983864022,1.0,1.0,1.0,0.29456083710053627,0.28844828290835955,0.26568062441492984,0.0860529126192846,0.09059368311825924,1.0
0.4,0.24217150315910196,1.0,1.0,1.0,0.23568496596437666,0.28105960915996775,0.2564583222827225,0.08185387967373015,0.08907039127657974,1.0
0.4,0.22259601929718428,1.0,1.0,1.0,0.31080472050944286,0.3224807376747276,0.3079758497254824,0.08789284913492022,0.09373899534536985,1.0
0.4,0.20751020273978166,1.0,1.0,1.0,0.291528938140253,0.33730842021158153,0.3047089855095543,0.09711761554710491,0.10503634569735805,1.0
0.4,0.23177555685693185,1.0,1.0,1.0,0.27319215173307926,0.3043291826436475,0.28887049580078394,0.09008838523392688,0.10098115278194228,1.0
0.4,0.24301005085212032,1.0,1.0,1.0,0.25118741329327215,0.2364710215788109,0.22856893939564546,0.0784897788218025,0.0811589527297496,1.0
0.4,0.2555330759976308,1.0,1.0,1.0,0.2500848573306718,0.28479598385189275,0.263400622447984,0.07690583493630662,0.08097558654130767,1.0
0.4,0.2803847968949818,1.0,1.0,1.0,0.24785279277810818,0.2660218046713947,0.25531859669818235,0.07215572674570045,0.08502564401520907,1.0
0.4,0.25599500437028405,1.0,1.0,1.0,0.26921156443996247,0.2642520900959192,0.24376284001267562,0.0746632389830744,0.07652870188034795,1.0
0.4,0.23712860513405415,1.0,1.0,1.0,0.303086581408704,0.31980704733161247,0.31194151046775476,0.08675031107102,0.09034087597766667,1.0
0.4,0.33829206375234405,0.0,0.0,0.0,0.1776020666071166,0.2206112415052129,0.2224142308167826,0.05703579393902318,0.06614186511413318,1.0
0.4,0.2436849655297996,1.0,1.0,1.0,0.24939112950046796,0.24643334918735232,0.24030093615848652,0.07725600531399417,0.08466523454083266,1.0
0.4,0.25193450971831555,1.0,1.0,1.0,0.2704562360312326,0.25509700139284963,0.24213007834711128,0.08032208010374296,0.08967298205715421,1.0
0.4,0.23503879829311355,1.0,1.0,1.0,0.26375039866117805,0.29438541018451614,0.266940680797371,0.0853249662832143,0.08911185662686098,1.0
0.4,0.1972652510003777,1.0,1.0,1.0,0.29155519720040773,0.31695692769961514,0.3026744956851612,0.09300023440808305,0.09970406711180643,1.0
0.4,0.23711946407383563,1.0,1.0,1.0,0.2522674642247882,0.2513568356857449,0.24177256879723408,0.08352474919110281,0.08989294276436542,1.0
0.4,0.28179453394395676,1.0,1.0,1.0,0.2206738855203862,0.2556925979069581,0.2485351424827574,0.06759869984065965,0.07867883105389381,1.0
0.4,0.2663310226218852,1.0,1.0,1.0,0.23249178714804594,0.24394048313351835,0.22821444052929918,0.07209085116866491,0.08165116754550933,1.0
0.4,0.22903418457274513,1.0,1.0,1.0,0.2678152855872721,0.29142766863620295,0.2627369211863484,0.08267078422909421,0.08849497099575446,1.0
0.4,0.28703493433120475,1.0,1.0,1.0,0.2267663705139693,0.19171284242516368,0.17821223838044867,0.06403753884990804,0.06885414057224538,1.0
0.4,0.24040125965502257,1.0,1.0,1.0,0.29950520840140527,0.3084285841113383,0.28162272715185255,0.07779747119207014,0.08735292327617908,1.0
0.4,0.2324889633641171,1.0,1.0,1.0,0.2841061501174074,0.31451261482838094,0.3002181075490579,0.08808334068782454,0.09990036161802707,1.0
0.4,0.2601688963476099,1.0,1.0,1.0,0.26024273958621014,0.3027989987123667,0.28327498909147064,0.07120761153497876,0.07697576290884835,1.0
0.4,0.24879788879337086,1.0,1.0,1.0,0.23460270202622638,0.22856557152450682,0.22254298956810406,0.07684798806703347,0.08316724960854875,1.0
0.4,0.2739874797003114,1.0,1.0,1.0,0.2112776800624651,0.19884687887282831,0.18467983445679265,0.0769847430019606,0.08034322961131962,1.0
0.4,0.2601884703269739,1.0,1.0,1.0,0.2329524546394321,0.2577169150340683,0.23593401073571485,0.07711023669019651,0.08366648859686146,1.0
0.4,0.30251843791959043,0.0,0.0,0.0,0.22200098633704074,0.25596332479942474,0.21054635763562146,0.06338901855132908,0.07266781896468788,1.0
0.4,0.24178205869930472,1.0,1.0,1.0,0.29979178582236005,0.32344379392890577,0.2841294976316607,0.07911525843132486,0.08471301748171836,1.0
0.4,0.23604696334003278,1.0,1.0,1.0,0.23303969528197638,0.2697133599382742,0.26423003187680133,0.0813546723616459,0.08730336106900817,1.0
0.4,0.23929672733002572,1.0,1.0,1.0,0.2973832139355093,0.3087612340748386,0.2854722201903833,0.08552170772177786,0.08965499944310797,1.0
0.4,0.25032085332970433,1.0,1.0,1.0,0.2496353504531653,0.2781141255854767,0.2475869838753763,0.07417170931450176,0.08422992292218083,1.0
0.4,0.23183552576811406,1.0,1.0,1.0,0.27241367307074527,0.2819215754450866,0.2688047478021739,0.07909718977813827,0.08416452286238033,1.0
0.4,0.23472220470532518,1.0,1.0,1.0,0.22722231846179505,0.2346648529136846,0.20337665811556177,0.07754931817416914,0.08072444940164525,1.0
0.4,0.27394826841271147,0.0,0.0,0.0,0.22251958778638503,0.23040861635006035,0.22165349621686298,0.06717766881525192,0.07531469156916111,1.0
0.4,0.32332147796556915,1.0,1.0,1.0,0.2325005751043145,0.2176311649220443,0.20326421139099518,0.06333229008156395,0.06936129031322694,1.0
0.4,0.2831314045732879,1.0,1.0,1.0,0.23858828796884884,0.29186261933478763,0.2430204400218213,0.06618516981657635,0.07390392549425898,1.0
0.4,0.26935431321491304,0.0,1.0,0.0,0.22233813333836902,0.25631041236576946,0.24601227656365943,0.07265427644163255,0.08487737487568527,1.0
0.4,0.2305178790392168,1.0,1.0,1.0,0.3032397092532541,0.3387702849800011,0.30507947739602864,0.08298889820208499,0.08674776340710803,1.0
0.4,0.2428220529535044,1.0,1.0,1.0,0.25664317231096423,0.2667836869925767,0.2528589529319086,0.08022652214671709,0.08833124205209955,1.0
0.4,0.3077648103339254,1.0,1.0,1.0,0.21287496545603668,0.23677554943386253,0.23179156090333214,0.0644751527324317,0.07662031272964583,1.0
0.4,0.22572951405500424,1.0,1.0,1.0,0.24561621064167455,0.2832888777727898,0.2734537768212435,0.08585033577611334,0.0995532170122808,1.0
0.4,0.22217934177503876,1.0,1.0,1.0,0.32072561746987427,0.3283708380827087,0.3036644284041457,0.08309757578253432,0.08537534679260993,1.0
0.4,0.2406651572945475,1.0,1.0,1.0,0.2561240263151599,0.2691775565219278,0.2500335544657154,0.08280588774887958,0.08628977078969716,1.0
0.4,0.24631558955819166,1.0,1.0,1.0,0.23623901911275874,0.2674634460987239,0.25162871458990294,0.07949548627025313,0.07980060048926926,1.0
0.4,0.25094927117165855,1.0,1.0,1.0,0.2925419276175393,0.2592844453674203,0.24268838051437375,0.06702632169956865,0.07244280896463332,1.0
0.4,0.23106120487157542,1.0,1.0,1.0,0.2754031394338511,0.2634021517745854,0.25472969019749775,0.0873483652394215,0.09237826430043974,1.0
0.4,0.28544153986610665,1.0,1.0,1.0,0.22094783840900484,0.24464920477583796,0.20160265073409422,0.07049048120381131,0.07263260891622625,1.0
0.4,0.24117887962925266,1.0,1.0,1.0,0.2550420385939593,0.2920504237680149,0.26293466132060467,0.07835053412748799,0.0828274458147871,1.0
0.4,0.31178273803721945,1.0,1.0,1.0,0.15197901508659675,0.20395224434636655,0.18960124836770267,0.06354796814349331,0.0755206488781092,1.0
0.4,0.24388224807978034,1.0,1.0,1.0,0.36045578379498633,0.2875745917900475,0.27096873241864994,0.08225570467582154,0.08985997410728545,1.0
0.4,0.2757424428280245,1.0,1.0,1.0,0.24717449580414003,0.2531041133983772,0.24400165352476857,0.0713980907612368,0.07213017956634656,1.0
0.4,0.22724413617352493,1.0,1.0,1.0,0.30180073361442905,0.32264593999650926,0.3111306576871906,0.08515185926599661,0.0974556250540697,1.0
0.4,0.25806867766725516,1.0,1.0,1.0,0.24942610462082043,0.2543482347609817,0.23535195662435812,0.08084150052176459,0.08571743496164366,1.0
0.4,0.23908655122807218,1.0,1.0,1.0,0.29363233873601535,0.30490115509992166,0.28962345379554233,0.08061330605536243,0.08655323244263537,1.0
0.4,0.2544806373150368,1.0,1.0,1.0,0.2913599937466856,0.29342241723899,0.2727462204228395,0.07297391979719661,0.07875629502559046,1.0
0.4,0.21626238090783004,1.0,1.0,1.0,0.32674692551338,0.3315353218508651,0.30509172998753736,0.09236212923968125,0.0986673175978558,1.0
0.4,0.28737758957902454,1.0,1.0,1.0,0.2674844636012503,0.2164293248595865,0.19787392225207884,0.06629144938394119,0.07487143251645995,1.0
0.4,0.255578937405807,1.0,1.0,1.0,0.22691865340758163,0.2518672404516681,0.23288430915484204,0.07391962080071085,0.0851442268397256,1.0
0.4,0.2727289494842622,1.0,1.0,1.0,0.24422902889864817,0.23662988757804534,0.22680421482650753,0.0772454221169284,0.08137293470846808,1.0
0.4,0.23796632766291764,1.0,1.0,1.0,0.25664415705439814,0.26930914596489575,0.24575649902141267,0.08286595097066804,0.09115012989196339,1.0
0.4,0.2785406117398477,1.0,1.0,1.0,0.2502189357947178,0.295960434714067,0.2631285036035654,0.06909081269731386,0.0765902412827871,1.0
0.4,0.24397564046069767,1.0,1.0,1.0,0.2554873336189282,0.2915016086323118,0.2652045389785631,0.08268010291569404,0.08663111881412223,1.0
0.4,0.2937067670673621,1.0,1.0,1.0,0.1941919169807736,0.2207870846072873,0.20327513315211707,0.06623946223138105,0.07195083875738356,1.0
0.4,0.24807065488142363,1.0,1.0,1.0,0.2513221291388522,0.2714400822671955,0.24444957648522858,0.07836448805113522,0.0850998613481599,1.0
0.4,0.256353759321834,1.0,1.0,1.0,0.23608744482647204,0.2949855210714316,0.26421732569156936,0.0761405992811177,0.08604548155829331,1.0
0.4,0.2452942872767714,1.0,1.0,1.0,0.278066673373242,0.2621351974683914,0.243877379740373,0.07349594744239715,0.0758740000430862,1.0
0.4,0.2334110861938108,1.0,1.0,1.0,0.2925212115497892,0.2978656804865349,0.288332149918111,0.07616296277153888,0.08609880926352385,1.0
0.4,0.26419229466065886,1.0,1.0,1.0,0.22882934691064322,0.24081296221072562,0.2441384696927214,0.07687862927090978,0.08120568890151388,1.0
0.4,0.28892257906339086,1.0,1.0,1.0,0.28449946885755256,0.2683234725264,0.2455099561185671,0.07468145817112949,0.08233586123861773,1.0
0.4,0.2667250689055778,1.0,1.0,1.0,0.27662118933135715,0.28519034390174053,0.27372487213076424,0.07131227062739637,0.08015033212753878,1.0
0.4,0.2454381501223183,1.0,1.0,1.0,0.2127766875061242,0.23079247453433388,0.2199177318967546,0.07702993361807342,0.0791016149641516,1.0
0.4,0.23297083754418618,1.0,1.0,1.0,0.29453418514771385,0.28783787788156456,0.24973903105824324,0.08256371598927005,0.09134073646765252,1.0
0.4,0.2695212212836718,1.0,1.0,1.0,0.266081686025589,0.25153524465651395,0.22961480441276633,0.06653043061171407,0.07292537630860868,1.0
0.4,0.25362577431302497,1.0,1.0,1.0,0.25961315029012444,0.33902519604143133,0.30218130053195236,0.07600925482079898,0.08507388331681252,1.0
0.4,0.24244032455628803,1.0,1.0,1.0,0.30400085530039933,0.31163523613426414,0.2869881026869615,0.08207404541733655,0.08945593321253051,1.0
0.4,0.23602145008324904,1.0,1.0,1.0,0.28954868517565224,0.3022734085962952,0.2788985947809288,0.079642397282352,0.08434302935058337,1.0
0.4,0.19168200588272466,1.0,1.0,1.0,0.37627990786139026,0.35750740666196545,0.3479660845355145,0.10533299752224953,0.10978275418326276,1.0
0.4,0.27602144476692464,1.0,1.0,1.0,0.2502660072071813,0.2641207966514323,0.23911760224763215,0.06771999300893543,0.07791086982993069,1.0
0.4,0.2418425662457778,1.0,1.0,1.0,0.27548395309508156,0.32705797495096545,0.2949220713507789,0.08504826283835193,0.09453432713110203,1.0
0.4,0.23913233511702603,1.0,1.0,1.0,0.29206210445476544,0.2915478615748123,0.27421193865173216,0.07768854383729164,0.08686757430876325,1.0
0.4,0.2566239843409204,1.0,1.0,1.0,0.2766039057812232,0.31580862301500323,0.28377035437616355,0.0753780712272268,0.08737829316596966,1.0
0.4,0.23706674826722363,1.0,1.0,1.0,0.25230836705783527,0.23797724978257845,0.21301438396524902,0.08016564285133274,0.08516981166641605,1.0
0.4,0.2355723793462591,0.0,1.0,0.0,0.2744750678345425,0.28970225638713326,0.2793518140270644,0.08168922562672545,0.08600853949014152,1.0
0.4,0.2657891310181857,1.0,1.0,1.0,0.19321283380903537,0.26887596959815857,0.24674526247214423,0.07403336837184085,0.08051761636244548,1.0
0.4,0.27233764414675804,1.0,1.0,1.0,0.26197034693415755,0.23801455902949523,0.2142982718914265,0.06836062416108336,0.07664415049426693,1.0
0.4,0.26140456478354923,1.0,1.0,1.0,0.20700297124802258,0.18897553920513765,0.1831185808163784,0.07337646660984798,0.07577746116802858,1.0
0.4,0.2342524362300167,1.0,1.0,1.0,0.20311321174654565,0.2368565321909344,0.2294435500506399,0.07997855373415602,0.08859480233431156,1.0
0.4,0.21977301405590624,1.0,1.0,1.0,0.2764372835562627,0.300299030994871,0.2885614747286797,0.08707087234941185,0.09338574894705066,1.0
0.4,0.22333056358874506,1.0,1.0,1.0,0.30991953724051097,0.3325823444952357,0.32054289647572054,0.08720991158570943,0.09208680904279763,1.0
0.4,0.26049941369320345,0.0,0.0,0.0,0.20818442592191055,0.23501260028998186,0.19676861559562325,0.07534317673038672,0.07765126521568294,1.0
0.4,0.25885909020038045,1.0,1.0,1.0,0.26193670939488795,0.28655627206098383,0.27674378040277203,0.07451825722815668,0.08532868590897616,1.0
0.4,0.24064549473870236,1.0,1.0,1.0,0.2876472095211154,0.3406825473142442,0.30257384389744835,0.07922517276608133,0.08930463575836552,1.0
0.4,0.25994417487864296,1.0,1.0,1.0,0.290557435185011,0.2790773737930478,0.24966580720325354,0.0702508228087582,0.07258508571363763,1.0
0.4,0.2591724012875937,1.0,1.0,0.0,0.2485362166472707,0.24077550143347617,0.22730643903775735,0.07518948878749242,0.07980364583644967,1.0
0.4,0.23988836345382825,1.0,1.0,1.0,0.2971921410808648,0.33060951041490366,0.313762010000035,0.08106957640682465,0.0924968396435402,1.0
0.4,0.25310996273556796,1.0,1.0,1.0,0.2150628163249507,0.22801328133766435,0.21585445395804145,0.0738967988038623,0.08018299908029533,1.0
0.4,0.2737641159877401,1.0,1.0,1.0,0.24616454763911158,0.276303057978421,0.25695595170001156,0.07243361463231528,0.07581349652227981,1.0
0.4,0.2119744422863175,1.0,1.0,1.0,0.3013749183503119,0.29051401427853807,0.27834967042345804,0.09176261126452974,0.09423512043222475,1.0
0.4,0.3066885482327946,1.0,1.0,1.0,0.1889526495162542,0.2655971040561783,0.24639295893180968,0.057685086251851786,0.06645740936339417,1.0
0.4,0.2866097790352822,0.0,1.0,1.0,0.17411449104926185,0.28202630008592955,0.2505233062533668,0.06038637650769979,0.07253026446685898,1.0
0.4,0.27825366969402776,1.0,1.0,1.0,0.2627279667001149,0.2782361379862221,0.2385287820272814,0.06588870958000743,0.07282693672974197,1.0
0.4,0.3199805517291825,1.0,1.0,1.0,0.19747259661419195,0.24265175741154715,0.2325235000375682,0.06095805983723243,0.06968785092183204,1.0
0.4,0.25289350840075403,1.0,1.0,1.0,0.260204505721194,0.2639235468861408,0.2471820985906999,0.07463388893995834,0.07704845824507361,1.0
0.4,0.23816443484743888,1.0,1.0,1.0,0.2744065502423735,0.31140037992010766,0.30699689471248837,0.07833003834493414,0.09324764814042202,1.0
0.4,0.2827955187407356,0.0,0.0,0.0,0.21596619948666343,0.21326700650097669,0.19367011108562798,0.0712352670277465,0.0778230522717072,1.0
0.4,0.23960352444210944,1.0,1.0,1.0,0.265927920373878,0.29326915107539675,0.27216162567034924,0.08178813513796505,0.08995589510816972,1.0
0.4,0.25845723595495146,0.0,0.0,0.0,0.24966963476863305,0.2534308298633256,0.24806109213178534,0.07522408391516575,0.0852485120907802,1.0
0.4,0.24559750036083533,1.0,1.0,1.0,0.2386060619619374,0.2667579313754776,0.2546011116981557,0.0723383114883033,0.07954962857302293,1.0
0.4,0.22432651198850456,1.0,1.0,1.0,0.2585779257504671,0.254885631076268,0.24939485127679945,0.08694823182001687,0.09161812669391804,1.0
0.4,0.30368896219643715,0.0,0.0,0.0,0.2239523771537681,0.25503467890693177,0.2290811498120648,0.06396774414181917,0.07379430422351811,1.0
0.4,0.24887916862572554,1.0,1.0,1.0,0.31258329798859297,0.2878219584264462,0.2606091143974655,0.07845137466073977,0.08545146231256111,1.0
0.4,0.245590439083678,1.0,1.0,1.0,0.2872091434357127,0.2387442704114721,0.2285316016837715,0.07617088180703202,0.08305706719199969,1.0
0.4,0.2929695187092632,1.0,1.0,1.0,0.19847413507624032,0.23804596185795318,0.22126500948467093,0.06000451992511729,0.0669513013676986,1.0
0.4,0.20767266828595773,1.0,1.0,1.0,0.31134576767110145,0.34255540060838346,0.31444209070633317,0.09389968060009418,0.09837871739117018,1.0
0.4,0.21671475986629965,1.0,1.0,1.0,0.32513364941897227,0.31388668444460843,0.29943955725344357,0.09206039170889722,0.09689057159204044,1.0
0.4,0.2387804130380048,1.0,1.0,1.0,0.29108446221212436,0.29655146952691336,0.2740848357036604,0.07912443640592161,0.08469322910687431,1.0
0.4,0.24782884453436557,1.0,1.0,1.0,0.2636933359238619,0.249799276107533,0.23820836002802795,0.07234291309816838,0.08086378345565816,1.0
0.4,0.2500389318831638,1.0,1.0,1.0,0.24016590028629267,0.2735050310738266,0.242882564320339,0.08095547402810832,0.0822554653855564,1.0
0.4,0.33803554030903904,1.0,1.0,1.0,0.22133512806724215,0.23018860829204124,0.19682740730689421,0.056266518183792635,0.06387584908641619,1.0
0.4,0.2998664072231056,0.0,1.0,0.0,0.23678297638202053,0.242611808459218,0.21444468111905732,0.0655043330206693,0.07613122695442359,1.0
0.4,0.24933603636227245,1.0,1.0,1.0,0.2881544662673285,0.3288012609831802,0.3117149430689199,0.07298600555278358,0.08047998001062724,1.0
0.4,0.2541891600704784,1.0,1.0,1.0,0.2881558978615735,0.2921786088011177,0.263701041703683,0.07223893265273051,0.0845113575414975,1.0
0.4,0.27673242028225187,1.0,1.0,1.0,0.25624283174956397,0.2680817446703784,0.2380990865139923,0.07082079773684223,0.07512419401405777,1.0
0.4,0.24507024165065913,1.0,1.0,1.0,0.25305081174382643,0.26043729041042657,0.24682747209821349,0.0791534594150109,0.08605146043047403,1.0
0.4,0.20186289822824555,1.0,1.0,1.0,0.3435501680166907,0.3296712015859368,0.29931872496215906,0.09341880299509472,0.09880299838563227,1.0
0.4,0.22123784673979693,1.0,1.0,1.0,0.2876543114308054,0.28088936602100506,0.2669694639905783,0.08504319350651615,0.09183337627970117,1.0
0.4,0.24819922698670258,0.0,0.0,0.0,0.2599390731994197,0.2804661811803682,0.256674464274587,0.07708854252450474,0.08220983131497367,1.0
0.4,0.26276287175361546,1.0,1.0,1.0,0.24397272083747268,0.2500562116258334,0.22926572701671294,0.07188312127964214,0.07537196301490719,1.0
0.4,0.28394823951938714,0.0,0.0,0.0,0.25596191648610483,0.2983420951101743,0.23728523919981379,0.06796955668088371,0.07266866868656902,1.0
0.4,0.32826032327680177,0.0,0.0,0.0,0.18359750688082585,0.2073332842412226,0.1922826217400613,0.05748650505394336,0.06329783524745983,1.0
0.4,0.25106824148065676,1.0,1.0,1.0,0.2588210910233132,0.2852225520042623,0.2527605146788968,0.07878859644973911,0.08725405775551102,1.0
0.4,0.25438665216747636,1.0,1.0,1.0,0.24707406223693934,0.27095294831780836,0.25882062740267137,0.07682303909338388,0.08594501368782817,1.0
0.4,0.2791664614216384,1.0,1.0,1.0,0.22758009496645304,0.2535678151929873,0.23266135011635355,0.06625051365755215,0.07179477413424956,1.0
0.4,0.26797868009262604,1.0,1.0,1.0,0.24028011423704498,0.21622327554908,0.20135430321580466,0.07598026476250087,0.07546701307109638,0.0
0.4,0.22072098021032674,1.0,1.0,1.0,0.2842398101275511,0.31012843445055605,0.2915987212733537,0.08198720361779864,0.09051704071660346,1.0
0.4,0.25830349214306353,1.0,1.0,1.0,0.23216412490226085,0.26057581950482167,0.2371113646829993,0.07734850139598148,0.08615798374504186,1.0
0.4,0.2479052663204793,1.0,1.0,1.0,0.2780025636446878,0.3119875615037609,0.2869697664907226,0.07832956989575995,0.08630797616538065,1.0
0.4,0.24030234378581877,1.0,1.0,1.0,0.24613642144314563,0.274034121927366,0.25248289392416673,0.0808787212228218,0.08651155427215232,1.0
0.4,0.24766726510087558,1.0,1.0,1.0,0.2533575198853829,0.280308999995854,0.24373838310226517,0.07327183785848151,0.08072303704613784,1.0
0.4,0.3226117531153705,1.0,1.0,1.0,0.21076967682255807,0.22386944699217737,0.19879270118911782,0.05416973782950735,0.06272799821556245,1.0
0.4,0.2617223881513155,1.0,1.0,1.0,0.2427904034929005,0.25588374724208773,0.23916368024536888,0.07441300812094667,0.07873244301019594,1.0
0.4,0.2346233680469711,1.0,1.0,1.0,0.2507298572787404,0.27759491216353993,0.2651670414287654,0.07827178949343179,0.08395932712745963,1.0
0.4,0.24051648331715267,1.0,1.0,1.0,0.23678814765694697,0.2517605217155844,0.24476485223348607,0.08490945115471997,0.09109339699434012,1.0
0.4,0.2756864210118951,1.0,1.0,1.0,0.22392646796759536,0.254659133677443,0.23947951076088575,0.0729321019605583,0.08079995337668212,1.0
0.4,0.23075679725958712,1.0,1.0,1.0,0.3275305779351995,0.38917772365763587,0.3428830143520465,0.08047561016108715,0.08853891861775887,1.0
0.4,0.2524345032636992,1.0,1.0,1.0,0.24702224826933067,0.3193110862916688,0.2941121542248196,0.08032773188653987,0.08758158785051305,1.0
0.4,0.3023282356912258,1.0,1.0,1.0,0.2272453414253876,0.2458535645325169,0.22699417722839704,0.06738807136218573,0.07574769208189167,1.0
0.4,0.2096842489718382,0.0,1.0,1.0,0.31458207502937086,0.3579823358421671,0.3287735003935281,0.09489897687711953,0.10079594440400637,1.0
0.4,0.27263737662477644,0.0,1.0,0.0,0.19329403874012357,0.2158353180656206,0.19775711057537668,0.07321227694139709,0.07956337130183908,1.0
0.4,0.23289087146571189,1.0,1.0,1.0,0.2864738428575847,0.3027938738241033,0.29205528596391744,0.08615771280651222,0.09108818656634822,1.0
0.4,0.266636257881442,0.0,0.0,0.0,0.2227509165284774,0.23442905025618418,0.2251487242815295,0.07104870427061147,0.07019758434623155,0.0
0.4,0.23699309939193572,1.0,1.0,1.0,0.24894589514543383,0.2942905658635311,0.27777315389561047,0.08159825489699137,0.09188065574525499,1.0
0.4,0.2855297883547007,1.0,1.0,1.0,0.25107218035212897,0.24847954347635498,0.2201887022909707,0.06799351676416308,0.07362743178525688,1.0
0.4,0.27143141829825923,1.0,1.0,1.0,0.22514025153534023,0.2730864405127862,0.24481924112415018,0.07012377879438803,0.0789702934752668,1.0
0.4,0.26292162220376686,1.0,1.0,1.0,0.2736983004011798,0.261001084980781,0.2515023053619648,0.07058166048875925,0.07335574797666618,1.0
0.4,0.2596242439166273,1.0,1.0,1.0,0.25878525964159943,0.2995536145295329,0.26740472988884934,0.07871807149419452,0.0873729188428716,1.0
0.4,0.26214272698123137,1.0,1.0,1.0,0.27257317128609626,0.2636702031072839,0.24556800487852662,0.07055462669351349,0.07435559130280081,1.0
0.4,0.2592482970562258,1.0,1.0,1.0,0.2439450870481453,0.24957938320180242,0.23998194784532031,0.07374191526369715,0.0789224174526473,1.0
0.4,0.24404802545575538,1.0,1.0,1.0,0.24010564903613787,0.26437742562439925,0.24795700313495156,0.0806890840345122,0.08323549156700168,1.0
0.4,0.2216011254463303,1.0,1.0,1.0,0.2829062100804756,0.2628626553615051,0.2562061122686562,0.0851323076634414,0.08893688302330435,1.0
0.4,0.18015651865272433,1.0,1.0,1.0,0.32321581067580457,0.3435023022827985,0.3391995611945942,0.10215295098381516,0.10519688529931359,1.0
0.4,0.2607474417792282,1.0,1.0,1.0,0.22822237260553271,0.24148960089925553,0.23634300389034166,0.08009023599401793,0.0879580273362842,1.0
0.4,0.2534143537170835,1.0,1.0,1.0,0.28698511311522223,0.30061552432163585,0.2867183770869561,0.08007963863499194,0.08809499303657731,1.0
0.4,0.25999460728839574,1.0,1.0,1.0,0.2388252788185808,0.25780430741248994,0.24613462562018462,0.07411368816040895,0.08192584166271491,1.0
0.4,0.24684489523438213,1.0,1.0,1.0,0.2379145397636333,0.31322240938990725,0.29002341691689704,0.080738438925003,0.08546678805996344,1.0
0.4,0.251969280350556,0.0,0.0,0.0,0.2593744615419392,0.327037234295506,0.31764148321251523,0.07779647376233555,0.08390786076295091,1.0
0.4,0.2601095532895128,1.0,1.0,1.0,0.266108277685567,0.24454324282435244,0.23188120608365334,0.07390346505103224,0.07686942441289041,1.0
0.4,0.25565212048991914,0.0,1.0,0.0,0.2132927667401699,0.2304896838698644,0.21926997299337742,0.08051807146140233,0.08699968145736077,1.0
0.4,0.24582147493175396,1.0,1.0,1.0,0.29521366242783703,0.3283626042303861,0.30049491084740415,0.07594556908722366,0.08811916739098603,1.0
0.4,0.24183348657049245,1.0,1.0,1.0,0.2764984757763615,0.2637369809204174,0.2521847164833869,0.07969463228624224,0.0850438707468243,1.0
0.4,0.2437502390985904,1.0,1.0,1.0,0.28186118987954056,0.2818223715457755,0.2641324012541858,0.07882403300023463,0.08458770047162678,1.0
0.4,0.2662114980392198,1.0,1.0,1.0,0.24872299914619922,0.26650382074353896,0.2408776191587671,0.07221444395615713,0.07738212235347558,1.0
0.4,0.2648810822001515,1.0,1.0,1.0,0.2267045667331482,0.23779454537540787,0.21791010874817904,0.07168993233149233,0.0814249413163975,1.0
0.4,0.25304456774033757,0.0,0.0,0.0,0.2451038795768495,0.24558355790792774,0.23611938597447998,0.07368918705830384,0.07884389153769777,1.0
0.4,0.2323552985591117,1.0,1.0,1.0,0.2942788906839359,0.2832337963196041,0.2635614588414018,0.07913506737087517,0.08385219601502801,1.0
0.4,0.31727749494580215,1.0,1.0,1.0,0.21496075006489884,0.2667024160583847,0.2161523173545679,0.05965558351208559,0.07074313304462815,1.0
0.4,0.2802895229814807,1.0,1.0,1.0,0.23838095390599395,0.24479333562979316,0.2210655088158359,0.06554734232777086,0.07009944349893615,1.0
0.4,0.26155482113646206,1.0,1.0,1.0,0.24424796101828603,0.26376149289012485,0.23171422071405218,0.07300707652630312,0.08104186510884535,1.0
0.4,0.266807860228326,1.0,1.0,1.0,0.23107358773136388,0.24996437086645087,0.24396426890049744,0.07529736561441662,0.08003969687795574,1.0
0.4,0.2729992012184108,1.0,1.0,1.0,0.2409803741126057,0.2488046928676002,0.2340241704478659,0.07806254465877432,0.08913925765133598,1.0
0.4,0.2568776680562205,1.0,1.0,1.0,0.25425973658357764,0.28547297271058564,0.2726131966503609,0.07465728423127312,0.08281072526096687,1.0
0.4,0.2222205476758372,1.0,1.0,1.0,0.289786723161749,0.29560099121194505,0.26844779665803414,0.09218307942387101,0.09604507216510853,1.0
0.4,0.23640189842701742,1.0,1.0,1.0,0.27727641755084304,0.2998252580013192,0.29463480031717637,0.0838024750864902,0.09168996786712363,1.0
0.4,0.24804345818825282,1.0,1.0,1.0,0.26922078523793214,0.2555261998113859,0.2439184842584993,0.07282984032750582,0.080227008214878,1.0
0.4,0.27575415052319957,1.0,1.0,1.0,0.22730698846935224,0.2569202537769879,0.24594535204458298,0.06775293065460519,0.06985345623529096,1.0
0.4,0.2999632932314358,1.0,1.0,1.0,0.21791706144338435,0.2358108036498741,0.19586974451508019,0.06338839487339254,0.06941546625278593,1.0
0.4,0.28305867287738146,1.0,1.0,1.0,0.1982618747669377,0.20484871213256994,0.1855534520221091,0.07087081864742684,0.07144382331082032,1.0
0.4,0.2867681571062628,1.0,1.0,1.0,0.25956773014943674,0.25374218797116505,0.234137481888521,0.06672505922871398,0.0743433917027963,1.0
0.4,0.2534801059911994,1.0,1.0,1.0,0.26572306266542683,0.2927281320523006,0.2500557926722644,0.07360319109478888,0.08609358387665944,1.0
0.4,0.2613104302672514,0.0,0.0,0.0,0.25968249440062185,0.2747755873887208,0.2592149384460264,0.07353538930298317,0.07794287873713385,1.0
0.4,0.28739348723531294,1.0,1.0,1.0,0.24219018600386208,0.25128784286705247,0.24358681841394061,0.06459862685994724,0.07719839959235884,1.0
0.4,0.25502442913263407,1.0,1.0,1.0,0.2878270247784396,0.26956121044658105,0.260304219175309,0.07765337642605599,0.08796898388440033,1.0
0.4,0.21839160946063063,1.0,1.0,1.0,0.31518255207380635,0.3327016207662522,0.3213880297187863,0.08598817582131599,0.09170086114268292,1.0
0.4,0.21026160430246643,1.0,1.0,1.0,0.3061774733828214,0.3179773239454485,0.3098584897827107,0.08544373542031332,0.09264460296794896,1.0
0.4,0.22992410246906492,1.0,1.0,1.0,0.28106444190760543,0.2918664959563606,0.2710712492128401,0.08766489319130942,0.09171138490660401,1.0
0.4,0.28424983958773753,1.0,1.0,1.0,0.2380245261086163,0.25857685532379243,0.2252742036716052,0.07101138095968933,0.07669864662437754,1.0
0.4,0.2716409462949419,1.0,1.0,1.0,0.27139036041177633,0.28490794204288383,0.26961547171600536,0.07030981046287675,0.07494423342648954,1.0
0.4,0.326422507029291,1.0,1.0,1.0,0.21230940219969985,0.2549166814456373,0.22173977413905394,0.059511776508462316,0.07144837085839079,1.0
0.4,0.23169761200567363,1.0,1.0,1.0,0.30284604989415387,0.27017667728784855,0.26048294605633115,0.08915652421595681,0.09428466469007793,1.0
0.4,0.21843714802063163,1.0,1.0,1.0,0.28798620621121546,0.2983976724009567,0.2936964532914782,0.08505066516787517,0.09274255387564649,1.0
0.4,0.28973828688506076,0.0,1.0,1.0,0.2204631236229302,0.24280654680582042,0.2313055969625221,0.06744744607483019,0.07569195179934418,1.0
0.4,0.22871384840225384,1.0,1.0,1.0,0.23582045858533718,0.28719335409974767,0.2702416279530803,0.0815288419561952,0.0886966539764656,1.0
0.4,0.2808021780260415,1.0,1.0,1.0,0.1998765775543067,0.23652095083029692,0.22345683033002758,0.06965791581775353,0.07392581772738543,1.0
0.4,0.24756152155379604,1.0,1.0,1.0,0.25224530279502266,0.252111712700013,0.23071366635231855,0.0785053887289921,0.0826943760158795,1.0
0.4,0.24457128794916375,1.0,1.0,1.0,0.25048517306677687,0.25521807359109433,0.2419683051065097,0.07840274445306743,0.08362051157934969,1.0
0.4,0.28540438070186225,0.0,0.0,0.0,0.20468278008381188,0.20561055490499455,0.19851026553735063,0.06996265886702031,0.07485540930600405,1.0
0.4,0.23448687467932575,1.0,1.0,1.0,0.237091944065399,0.26352422004773546,0.2560428862508725,0.07733905725277868,0.07924016988656417,1.0
0.4,0.2765604753569324,1.0,1.0,1.0,0.2495596925890414,0.247593551995985,0.22451641974458503,0.07458067102301294,0.08049159550318744,1.0
0.4,0.279309245474852,1.0,1.0,1.0,0.2111401905576983,0.25656094493629916,0.2393964544921527,0.07461280178310553,0.08601422623443739,1.0
0.4,0.26679169115819595,0.0,0.0,0.0,0.22486815644513936,0.27728669806880557,0.26767206647453695,0.06991377422599034,0.07263531255145585,1.0
0.4,0.2721992081501918,1.0,1.0,1.0,0.2398351621818254,0.3249486242960577,0.3042361432235986,0.07025047848657297,0.07968692946172026,1.0
0.4,0.25268591098185766,1.0,1.0,1.0,0.26233508183975757,0.26669051273814476,0.24513773657693042,0.07438569271977598,0.08680011967022577,1.0
0.4,0.2514302259178114,1.0,1.0,1.0,0.2546920283849629,0.25912668972660524,0.24152528704913118,0.07562609870116571,0.07979366315936266,1.0
0.4,0.256312727285395,1.0,1.0,1.0,0.22722112570778324,0.23856558487674878,0.2157025454699661,0.0740145166618037,0.07926165423628218,1.0
0.4,0.2241200761504742,1.0,1.0,1.0,0.32088773674461474,0.3330761557007121,0.30808301567398116,0.08316554656731125,0.08784137752002956,1.0
0.4,0.33616093190619756,1.0,1.0,1.0,0.18756470863171754,0.20539725427220418,0.1912811456706499,0.05868619105554208,0.06594096373619239,1.0
0.4,0.25615559656170367,1.0,1.0,1.0,0.23152600085886813,0.2592995010894667,0.2426550003313559,0.07265766847953667,0.0823726557380643,1.0
0.4,0.29311003827165955,1.0,1.0,1.0,0.20127457772611193,0.23579033093896426,0.2239875427491768,0.06364047276010766,0.07350044165340133,1.0
0.4,0.288201727634289,1.0,1.0,1.0,0.23355335787798107,0.20325943599453625,0.19490100137356267,0.0664271600218092,0.07525235422493658,1.0
0.4,0.24191144874929982,1.0,1.0,1.0,0.2930372918359597,0.3199710685022549,0.2836923796130814,0.07783275190319268,0.08468756015945729,1.0
0.4,0.28283884925266956,1.0,1.0,1.0,0.2612024029406486,0.2705397263378091,0.24595565723230842,0.07284752602009076,0.07787693014966425,1.0
0.4,0.24213252001950994,1.0,1.0,1.0,0.2692204819028577,0.27266332077866057,0.2653871366610018,0.07949961440288802,0.09065688389479769,1.0
0.4,0.198598301799329,1.0,1.0,1.0,0.40664184421921423,0.39841130853994244,0.38758967223146085,0.09453985187543715,0.10360804982133384,1.0
0.4,0.22642525578636333,1.0,1.0,1.0,0.28226185417745614,0.29491123648046996,0.2740695795423458,0.08954441179945928,0.09100922436467876,1.0
0.4,0.243395394125311,1.0,1.0,1.0,0.285465644662425,0.23480634454238106,0.21443517581391144,0.0778175555671528,0.07955354751717313,1.0
0.4,0.2860441375510258,1.0,1.0,1.0,0.2645763333005151,0.24779047135039728,0.23345258023247836,0.06789531737469988,0.07403782694353685,1.0
0.4,0.29785208261722407,1.0,1.0,1.0,0.2143294590122246,0.23808133342320098,0.2208492978540452,0.062400185254147145,0.06872899598000774,1.0
0.4,0.32506372004394357,1.0,1.0,1.0,0.24717888425913115,0.21988893100450113,0.1996216782991648,0.06288816956475787,0.06452847943440995,1.0
0.4,0.21695909659805712,1.0,1.0,1.0,0.28352961919716646,0.2811435677424095,0.2559162276358512,0.08949782639802924,0.09788300146972789,1.0
0.4,0.24576903953260362,1.0,1.0,1.0,0.2950462799408947,0.29076593523961913,0.27604004811892324,0.08122081944167663,0.0901379156282572,1.0
0.4,0.27428475210210185,1.0,1.0,1.0,0.24033936893575242,0.2726010403101077,0.26742743372361977,0.0661138519058947,0.07528231663377068,1.0
0.4,0.23309972209131385,1.0,1.0,1.0,0.24666891061092047,0.3039030122972492,0.2786612928322791,0.08732744654487389,0.09480354899945417,1.0
0.4,0.24997155041119182,1.0,1.0,1.0,0.29798570918244327,0.3198550950599858,0.28071792991809075,0.07276857582701533,0.07837205916297597,1.0
0.4,0.28708155461707896,1.0,1.0,1.0,0.2117164078751089,0.2279246071273513,0.22208795635452505,0.06754948469351406,0.0786242444063065,1.0
0.4,0.24692393118882802,1.0,1.0,1.0,0.2940285245600721,0.2986038072224866,0.29127278160183556,0.075513157551092,0.08531405131417884,1.0
0.4,0.2390134118065532,1.0,1.0,1.0,0.23987714489764161,0.2602335696324869,0.2576431921104139,0.08257167981326216,0.0896085575451107,1.0
0.4,0.22453627659313236,1.0,1.0,1.0,0.27381618451703893,0.292089603360299,0.27067184016348345,0.08298954193879414,0.08877415206538376,1.0
0.4,0.2311962164400197,1.0,1.0,1.0,0.331737183287621,0.30899076958185934,0.29717731531163355,0.08144751216090464,0.08439986880613133,1.0
0.4,0.21654514643731854,0.0,0.0,0.0,0.2945139748480802,0.29023671412382146,0.27099315472931396,0.08551331496058456,0.09105287891301883,1.0
0.4,0.23072825440831474,1.0,1.0,1.0,0.25829290534765786,0.27072222876749824,0.25905257648998153,0.07781753810892339,0.08467783132538212,1.0
0.4,0.21114665330349136,1.0,1.0,1.0,0.26098471560053565,0.266549616124175,0.2520814226016433,0.08984580459524011,0.0948968101957046,1.0
0.4,0.25398571068598746,1.0,1.0,1.0,0.23615257043321458,0.26247072906301666,0.2464644604274359,0.08097287055601057,0.08753691876543619,1.0
0.4,0.3054928620168464,1.0,1.0,1.0,0.22008557120093072,0.23862886350437157,0.2116095372822107,0.06319929773773453,0.07093916685856143,1.0
0.4,0.21473168317363878,1.0,1.0,1.0,0.2952830933846176,0.3059020815211787,0.2844570736029389,0.08517554319989429,0.09522384413578303,1.0
0.4,0.21652878798212805,1.0,1.0,1.0,0.2905744411257981,0.3023635794507004,0.29315214620386515,0.08414716067090415,0.08977695098795563,1.0
0.4,0.22532459071247876,1.0,1.0,1.0,0.31684474921178973,0.3349829062141693,0.31576761793057423,0.08472689800810551,0.08956850355807189,1.0
0.4,0.20781618234490287,1.0,1.0,1.0,0.29064873415221176,0.2953153241301895,0.273900334560519,0.09379699544021318,0.10331505304398697,1.0
0.4,0.30340504167278465,1.0,1.0,1.0,0.20250918481686409,0.24181813960352788,0.2244245421074133,0.06642390000235787,0.07821375289546809,1.0
0.4,0.29706360600565856,0.0,0.0,0.0,0.20785886962538166,0.2228071336673374,0.21439613039258992,0.06958030721923823,0.07608757418531953,1.0
0.4,0.19922191610194756,1.0,1.0,1.0,0.2752604306225773,0.32311802973799947,0.31800981786258736,0.09168802814082863,0.09988099508058326,1.0
0.4,0.26001897827340387,1.0,1.0,1.0,0.29583089487526215,0.3087003866077865,0.2853484915454453,0.07175145495822767,0.07559350363161214,1.0
0.4,0.24053826349455362,1.0,1.0,1.0,0.2659395675837873,0.27697309336114684,0.260666679213393,0.08341686780695116,0.08846400171019393,1.0
0.4,0.27214124391389743,1.0,1.0,1.0,0.23960153610847365,0.24751283278534658,0.22291030050216704,0.0721261735671549,0.07905342153547992,1.0
0.4,0.29203202298765385,1.0,1.0,1.0,0.27011876784590505,0.2722290705679524,0.2479430549730519,0.06505699363874483,0.0697386621747666,1.0
0.4,0.2600479984265842,1.0,1.0,1.0,0.26451204191600797,0.285006166472361,0.2727643018231674,0.0720169405911227,0.08135437887019291,1.0
0.4,0.20323967108159574,0.0,0.0,0.0,0.28158005076401055,0.3115837971849482,0.2924163330077064,0.09118630460625299,0.09772956118394857,1.0
0.4,0.30753467472363716,1.0,1.0,1.0,0.21165355367293032,0.2529277108386829,0.22951539682212507,0.06334316627639622,0.06401834425886485,1.0
0.4,0.2048678920458172,1.0,1.0,1.0,0.34044399974155687,0.3251640191062647,0.3171380047957991,0.09240938814812011,0.09337894733785282,1.0
0.4,0.30131336495947664,1.0,1.0,1.0,0.24646617826518447,0.24678055800795784,0.22377466176458446,0.06498302743253326,0.07088954905636802,1.0
0.4,0.326334492472666,1.0,1.0,1.0,0.20432659851051493,0.22751065620358446,0.20143111180300477,0.06067202309294231,0.06976261301763773,1.0
0.4,0.23825746382627536,1.0,1.0,1.0,0.32590418596257786,0.2771716092755338,0.2551556435512267,0.07409623149954592,0.07941683058835798,1.0
0.4,0.25799258976741524,1.0,1.0,1.0,0.24554253317062935,0.25335135038901035,0.23436158093460202,0.07692236373081471,0.0863708445090515,1.0
0.4,0.24689971410923012,1.0,1.0,0.0,0.2776984893545892,0.2561436448481521,0.24613238115276553,0.08754868859942282,0.09271552549415862,1.0
0.4,0.2548252417711001,1.0,1.0,1.0,0.24501816205167454,0.22577154554117432,0.2133922243088091,0.07561180649989317,0.07675195700176739,1.0
0.4,0.2979530862885457,1.0,1.0,1.0,0.19381643392620015,0.22596323070076396,0.21602580735224408,0.06557107605948026,0.07584726107473712,1.0
0.4,0.20451011296746915,1.0,1.0,1.0,0.30065328254522605,0.30211933944824915,0.29199470500716285,0.09183281333996832,0.09699903959706749,1.0
0.4,0.26372515633892996,1.0,1.0,1.0,0.237826023043972,0.2790250486882649,0.2577603894573318,0.07219295963884688,0.085108578059103,1.0
0.4,0.24226021411816648,1.0,1.0,1.0,0.24223534399386032,0.2659617306923917,0.24115577899914004,0.07652686514949575,0.08372677745623303,1.0
0.4,0.26434317692621556,1.0,1.0,1.0,0.24950880402667255,0.270193855084819,0.2583277451931711,0.0750987650590905,0.08140448603883903,1.0
0.4,0.24493079742330529,1.0,1.0,1.0,0.2421744486647802,0.2653709853192526,0.25275854939141046,0.0788368503289502,0.08509248446731867,1.0
0.4,0.24796583932645308,1.0,1.0,1.0,0.27939905651648667,0.30034597637046845,0.27590265049431884,0.07878594250313734,0.08466504389935978,1.0
0.4,0.23851448257586255,0.0,0.0,0.0,0.29276596903428886,0.28249536507815437,0.25855649619325816,0.08104865149457868,0.08772477691284253,1.0
0.4,0.24629805907600466,0.0,0.0,0.0,0.24181555805943167,0.2628275412916512,0.24442124780713873,0.07679836565197112,0.0857402138506209,1.0
0.4,0.2648401958385534,1.0,1.0,1.0,0.24955088711580076,0.25620654638168416,0.23652965440112933,0.06949484811330918,0.07284235487334817,1.0
0.4,0.2731076062423863,1.0,1.0,1.0,0.3144008780871088,0.28897293637515553,0.25630136947727794,0.06891371610372835,0.07263334579537985,1.0
0.4,0.249460506166917,1.0,1.0,1.0,0.22913789318591685,0.23416091434387,0.22286614835883217,0.08442265657534964,0.08844990367243799,1.0
0.4,0.2212847795106954,1.0,1.0,1.0,0.2977052270462389,0.3127198330703411,0.2951040473138087,0.08454468215602114,0.0890181616387305,1.0
0.4,0.20926843545143306,1.0,1.0,1.0,0.306192395340995,0.3380223286271648,0.3294321185712216,0.09301228042425282,0.09469633079989687,1.0
0.4,0.27925364759258064,1.0,1.0,1.0,0.2367866188604309,0.23589981486110193,0.2156996581392625,0.07573120992961589,0.08219339909307502,1.0
0.4,0.22747732036795196,1.0,1.0,1.0,0.23941120048722625,0.2596558932357735,0.24976698096303962,0.08413748144419347,0.09088028846013735,1.0
0.4,0.3372439500924388,1.0,1.0,0.0,0.2110036734711215,0.20894060012711088,0.197397557004998,0.059153953452937696,0.06736212485405957,1.0
0.4,0.27311455883354097,1.0,1.0,1.0,0.26176282449012456,0.25620320979872463,0.22706117529933048,0.07224410796940468,0.07789666684090549,1.0
0.4,0.25656215607013694,1.0,1.0,1.0,0.2654629252342214,0.26432572364197326,0.25000498294236567,0.0741453974071713,0.07705099877657991,1.0
0.4,0.28368726910303244,1.0,0.0,0.0,0.22529450173865304,0.20201454847668465,0.19516106465225,0.06769936326046624,0.07297899769575293,1.0
0.4,0.2399660140844667,1.0,1.0,1.0,0.3208825938318009,0.2931963893454712,0.27838108188243227,0.07500932892564158,0.08209356305679767,1.0
0.4,0.22946784958955657,1.0,1.0,1.0,0.29837010365119854,0.311349205276327,0.2964662583307585,0.0842920022577811,0.08913004918762912,1.0
0.4,0.21725419386732325,1.0,1.0,1.0,0.3036267194853954,0.30649517937678633,0.2915934184169754,0.08222117286951962,0.08492438584062866,1.0
0.4,0.28833902841807224,1.0,1.0,1.0,0.23149439585174658,0.23675937370823044,0.21950727028132477,0.06715046549075536,0.0738827104981484,1.0
0.4,0.2677616713712818,1.0,1.0,1.0,0.22918879696046943,0.26503253788495257,0.24982493030559372,0.07279423801140977,0.08214008148666073,1.0
0.4,0.2667434159273917,1.0,1.0,1.0,0.2394164623468405,0.25872715684524633,0.23039468156120885,0.07124997037556459,0.0764469882564238,1.0
0.4,0.2729967711899923,1.0,1.0,1.0,0.24148838485486107,0.24055770093358558,0.22914093672257926,0.07190168704695708,0.0760626615021434,1.0
0.4,0.21935490276592878,1.0,1.0,1.0,0.2971002593650646,0.3098519917133258,0.294037995275476,0.08609196128823139,0.09147966129804756,1.0
0.4,0.25341059412492134,1.0,1.0,1.0,0.24584687488915913,0.26287500852339996,0.24323117206223924,0.07644688064273705,0.07904199346261798,1.0
0.4,0.267005190133618,0.0,0.0,0.0,0.29295344452156735,0.27504448923259694,0.2588375155487636,0.06973375896806024,0.07717566094005585,1.0
0.4,0.22617522292411837,1.0,1.0,1.0,0.2803343876547103,0.2742596183046536,0.2588480173438069,0.0853089820578936,0.09233267769717163,1.0
0.4,0.2517244358527042,1.0,1.0,1.0,0.257552270285349,0.2833544739838957,0.2627711441921784,0.0803148349725231,0.08479062032260722,1.0
0.4,0.24343720886877512,1.0,1.0,1.0,0.2477325153877314,0.26628408909479645,0.25325627129312,0.08293107670121437,0.0906851698492647,1.0
0.4,0.22873365464792123,1.0,1.0,1.0,0.27227493325591523,0.3476533379632538,0.3172968941869736,0.08225546559084818,0.09528769909020479,1.0
0.4,0.24316350137652204,1.0,1.0,1.0,0.2691083007946468,0.2956592856178598,0.27483376214704164,0.0764235338584338,0.0824971929015462,1.0
0.4,0.31104373432511023,1.0,1.0,1.0,0.23289178214246356,0.26487920965671086,0.24170787539282168,0.06662657655794291,0.07207635240216188,1.0
0.4,0.3021047230639889,1.0,1.0,1.0,0.20505883581304207,0.23340697838221783,0.22414470715672072,0.06353015020747885,0.06960605044078332,1.0
0.4,0.24304199407031984,1.0,1.0,1.0,0.28950987986012205,0.2811923416358948,0.26016861326734125,0.07410207198378202,0.07880178550121993,1.0
0.4,0.2595231835322629,1.0,1.0,1.0,0.24479387787595996,0.23408313724118363,0.2195266683858696,0.07321520298342596,0.08127455121294441,1.0
0.4,0.2872777152172264,0.0,0.0,0.0,0.21701827482660083,0.23928338871418645,0.21770555388511967,0.06960523964489702,0.07496191802521601,1.0
0.4,0.2127540746117508,1.0,1.0,1.0,0.27501227095920056,0.29964234467650525,0.28668599921332133,0.09255856983931934,0.1034442554719272,1.0
0.4,0.20294579784401287,1.0,1.0,1.0,0.29400713062335776,0.3063545250484445,0.28807102055542916,0.09847267125152101,0.10264021288814755,1.0
0.4,0.31994138797454097,1.0,1.0,1.0,0.15691672264202852,0.19152788086259065,0.18436015693490337,0.05755588215120582,0.06848096404997932,1.0
0.4,0.25216268398893416,1.0,1.0,1.0,0.22229124708297135,0.2860097372542182,0.25776821878108375,0.08166223025009436,0.08658300159914525,1.0
0.4,0.22801844544708733,1.0,1.0,1.0,0.3008890511506708,0.33378929155745285,0.3092964653912153,0.08449101484737025,0.09293540262819829,1.0
0.4,0.26123396337011234,1.0,1.0,0.0,0.2659144928630203,0.30635486718182936,0.26948876144343376,0.07357032398847975,0.0811124142865032,1.0
0.4,0.29329678688672617,1.0,1.0,1.0,0.2333928786767301,0.23336451261318553,0.2121656927216454,0.06292508571138311,0.07331308282602628,1.0
0.4,0.2822613221201559,1.0,1.0,1.0,0.23888340811591585,0.23062716308516099,0.21332350920617613,0.06945653446486715,0.07298247333102373,1.0
0.4,0.2543984932456794,1.0,1.0,1.0,0.25653465416742305,0.2508122126920924,0.23843729948105427,0.08485587171571762,0.0847625441664217,0.0
0.4,0.2529358069006725,1.0,1.0,1.0,0.2513715251808166,0.2672185893496447,0.24552228025509598,0.073858517503768,0.08136830555263604,1.0
0.4,0.2944407325874965,1.0,1.0,1.0,0.21433903830359652,0.24436217740577154,0.21841478087823027,0.0707252014283422,0.07731843564310058,1.0
0.4,0.21251318622623422,1.0,1.0,1.0,0.3188932500032203,0.35501991045583864,0.33918103625998447,0.08673052214691572,0.09896886460517151,1.0
0.4,0.2640122689454541,1.0,1.0,1.0,0.24812900549529365,0.26928829053977626,0.24484706794109262,0.07116841105138656,0.08060111064117981,1.0
0.4,0.2590969697823647,1.0,1.0,1.0,0.2672057896921876,0.2763939145989168,0.25799613100776,0.07555653150408025,0.0854122765526954,1.0
0.4,0.216067332843067,1.0,1.0,1.0,0.32005185301597505,0.3036648090425797,0.2951157512626018,0.08421310804235471,0.08823620232418382,1.0
0.4,0.2609621157642999,1.0,1.0,1.0,0.24393454205409304,0.2535245535906876,0.2401789473696953,0.07169834789944762,0.08234087490445473,1.0
0.4,0.2336126142763069,1.0,1.0,1.0,0.2900822340614974,0.2973470746272187,0.27162738120388347,0.07878652439725252,0.08173896669939448,1.0
0.4,0.2644406704624039,1.0,1.0,1.0,0.22442330340843375,0.23578230531421673,0.2173799367202384,0.07114479512031124,0.08443543630422169,1.0
0.4,0.21651841390436996,1.0,1.0,1.0,0.26558472370912006,0.27247215517439927,0.26605256628115476,0.09078508043724277,0.09933027153084513,1.0
0.4,0.2860896485966176,1.0,1.0,1.0,0.19006954737384274,0.21817991393834585,0.19952409167033874,0.06811743855875133,0.072963987680893,1.0
0.4,0.24508010415343004,1.0,1.0,1.0,0.2599686674094902,0.30162239810847996,0.2787024572981597,0.08261463858500552,0.0914980279672081,1.0
0.4,0.2604079811476753,1.0,1.0,1.0,0.2596431096730154,0.2761430354592721,0.2528101257298031,0.06779658582805123,0.07348782047720712,1.0
0.4,0.29133659853323507,1.0,0.0,0.0,0.27260791609813034,0.23430442023713155,0.2129007285322873,0.0664212356797278,0.07249695795192312,1.0
0.4,0.27608686579833924,1.0,1.0,1.0,0.21726836289455567,0.275781335001274,0.25778652524451295,0.07080053257183064,0.08448234861290022,1.0
0.4,0.35528016725716627,1.0,1.0,1.0,0.1666480791861236,0.18981037481751753,0.18709186570451625,0.057845701313810956,0.06675602948744568,1.0
0.4,0.20605896627496414,1.0,1.0,1.0,0.26661320453912773,0.2704201720095515,0.26518792766096116,0.08699835982406365,0.08831624104923709,1.0
0.4,0.25253774361724274,0.0,0.0,0.0,0.2322698452917443,0.22880749346798135,0.21673390833990203,0.07324596314302917,0.08290121514225593,1.0
0.4,0.2434425601551471,1.0,1.0,1.0,0.2447445023289196,0.2695314832647929,0.2588702269393043,0.07853068246332455,0.08250423437701578,1.0
0.4,0.24579273740824698,1.0,1.0,1.0,0.25659608725610317,0.2417754857330479,0.2295611469624284,0.08224389385731234,0.08747126121929437,1.0
0.4,0.2433673385083412,1.0,1.0,1.0,0.22653535930857854,0.2825388789268795,0.22885082012491367,0.0787906335234575,0.08410896789515102,1.0
0.4,0.2934940295500858,1.0,1.0,0.0,0.21244871985404137,0.21938066377180293,0.20275821330493177,0.06348202569724358,0.06712253134440088,1.0
0.4,0.2655647937024605,1.0,1.0,1.0,0.22874199793410144,0.2454178741152051,0.23906730120733072,0.07365027840610006,0.07696175717680784,1.0
0.4,0.24218321034015325,1.0,1.0,1.0,0.2580335245550126,0.24278055121586864,0.2316118493065197,0.08471818495844481,0.09130279838769338,1.0
0.4,0.24090683285005354,1.0,1.0,1.0,0.30270055813564994,0.2987649332963544,0.272774696066457,0.0790702247814155,0.08875073547816001,1.0
0.4,0.26921952876124416,1.0,1.0,1.0,0.22387254783293606,0.29445406012440806,0.25128035782702235,0.06987311679049478,0.08248741097905508,1.0
0.4,0.2471996891440763,1.0,1.0,1.0,0.2505709288701977,0.2733924866411156,0.2649135443189027,0.07825115724933102,0.08865517242832394,1.0
0.4,0.26879146267757686,1.0,1.0,1.0,0.26047836502784116,0.25201554427442463,0.2434979557664605,0.0758422480934039,0.0828479155046175,1.0
0.4,0.25681315351108,1.0,1.0,1.0,0.28809561380150733,0.30240117506332526,0.27441255066316017,0.07979959562676772,0.0885321717515334,1.0
0.4,0.2999447192879655,1.0,1.0,1.0,0.17664388734873923,0.1965330476839951,0.18437845652161017,0.06639583752617031,0.07353881547158031,1.0
0.4,0.2728287987052701,1.0,1.0,1.0,0.23199786204312192,0.23999607641962442,0.228579411115932,0.07499180219731527,0.07932452089496354,1.0
0.4,0.24141688491625934,1.0,1.0,1.0,0.2480345919244879,0.26767876548844904,0.25645089628356227,0.0782761353160209,0.08850611738016693,1.0
0.4,0.24803923819433707,1.0,1.0,1.0,0.2506284772156088,0.24273035846698932,0.2288680976288182,0.07902472685012722,0.08493567007569801,1.0
0.4,0.2349048451452794,1.0,1.0,1.0,0.2802836779354581,0.2968946473029388,0.2867723005871557,0.07503260841652866,0.084754899571137,1.0
0.4,0.2358787546008286,1.0,1.0,1.0,0.29710446346800057,0.312466743051221,0.2897388235031455,0.0797098112125239,0.08712713287103684,1.0
0.4,0.22867658985034314,0.0,0.0,0.0,0.2752904149529722,0.28861797690279,0.27596366153085433,0.07991869386101838,0.08799909953196546,1.0
0.4,0.2607211404355997,1.0,1.0,1.0,0.2328224467817699,0.26486565255176475,0.24019828696536524,0.07070146219390983,0.07588357305888299,1.0
0.4,0.2365702552245565,0.0,0.0,0.0,0.2502389056181231,0.26696162362457243,0.25905112531611596,0.08213769175756525,0.08645649655872938,1.0
0.4,0.24917827693210826,1.0,1.0,1.0,0.30267505129904737,0.26639836606343065,0.2518671951795464,0.0757348285776522,0.07586080530533663,1.0
0.4,0.3450272788372225,1.0,1.0,1.0,0.18637174262997533,0.20724012856306287,0.19013481237424595,0.05881657597756054,0.06575985152557574,1.0
0.4,0.283593584520902,1.0,1.0,1.0,0.23254709920660144,0.23068472807436396,0.21780131870113953,0.06852385996443668,0.0707641050831323,1.0
0.4,0.2665236636573659,1.0,1.0,1.0,0.20891009818060247,0.25272420851359945,0.22281758332586693,0.07295950523329142,0.0821012283986224,1.0
0.4,0.22648485716516978,1.0,1.0,1.0,0.23659480012292528,0.28161647629220043,0.27048908455850373,0.0879981156487011,0.09037221571558915,1.0
0.4,0.28626385804140075,1.0,1.0,1.0,0.25504830487928276,0.2368566526390325,0.20337426870277514,0.07076381122975875,0.07791740409825276,1.0
0.4,0.2258978622670348,0.0,0.0,0.0,0.3160537326734804,0.2904231658963773,0.27866903466351084,0.08120113024304802,0.0854043955715693,1.0
0.4,0.26778560893203346,1.0,1.0,1.0,0.2420588703034626,0.2553819273106292,0.24591321262094956,0.06841475169089759,0.07537378468370162,1.0
0.4,0.2887079763241614,1.0,1.0,1.0,0.22666129742143232,0.2763679284714511,0.24442862257940817,0.0689200649524854,0.0743378396426959,1.0
0.4,0.2842288345659291,1.0,1.0,1.0,0.18680948211123788,0.19063879293171052,0.18349581400851311,0.06631004791129921,0.07110890947833445,1.0
0.4,0.23202432172118345,1.0,1.0,1.0,0.26918661336153826,0.30619797902565954,0.28828691114224625,0.0818003774195889,0.08715864957352824,1.0
0.4,0.2477393470758377,0.0,1.0,0.0,0.21393663372654995,0.2690874596754821,0.24423617388482985,0.08337418777372956,0.08946169078758817,1.0
0.4,0.2807441237142656,1.0,1.0,1.0,0.23326314073139995,0.2479822342962525,0.21303215658724542,0.0671813270511115,0.075815795489596,1.0
0.4,0.20785542873911292,1.0,1.0,1.0,0.2684442208828304,0.3044520362907678,0.3011831300401455,0.09342487299564181,0.10175908834809283,1.0
0.4,0.27741159369859303,1.0,1.0,1.0,0.24604516128077525,0.25367501268510495,0.24307234913732062,0.06779953672823266,0.07782954020386092,1.0
0.4,0.22863509434652685,1.0,1.0,1.0,0.29809392126286305,0.28404453859338435,0.2770884793434161,0.08257086449537392,0.08827708277199059,1.0
0.4,0.21769008368481885,1.0,1.0,1.0,0.3288113372896193,0.3252131506265255,0.30552704666563296,0.08650951218670869,0.09329988750807315,1.0
0.4,0.2136024740408807,1.0,1.0,1.0,0.3184340431771343,0.3118809261684604,0.30603626616978513,0.08558537008162492,0.09000089459787838,1.0
0.4,0.2620780691341637,1.0,1.0,1.0,0.2536571415612956,0.27803581909354147,0.26946125314733654,0.07273101963506476,0.07965132337963547,1.0
0.4,0.26258148027725337,1.0,1.0,1.0,0.25895242835897236,0.25299032872034577,0.2419318623169125,0.07606314955039571,0.08450609296745687,1.0
0.4,0.21428342539813686,1.0,1.0,1.0,0.3460159901445598,0.32030370402370617,0.2979206327688836,0.08660041704173285,0.09380210801476506,1.0
0.4,0.272683671067699,1.0,1.0,1.0,0.23687600061632458,0.2785112958630255,0.2534032644389843,0.06548277117303959,0.07451250984065837,1.0
0.4,0.2842394459951758,1.0,1.0,1.0,0.24686746533217524,0.2413405814278109,0.22055380989632561,0.06737326348868788,0.07444923121381819,1.0
0.4,0.26259196394730266,0.0,0.0,0.0,0.27702093522575233,0.32280418361924956,0.2879532414081364,0.07274899254396687,0.07617879611883958,1.0
0.4,0.26974029119457327,1.0,1.0,1.0,0.2816752987197646,0.25886482378499986,0.25248451750879164,0.07651844169273413,0.08195513213657754,1.0
0.4,0.2783059555119746,0.0,0.0,0.0,0.21240033745711093,0.2196675672710191,0.2076049602380478,0.06817864270857692,0.07501082037112998,1.0
0.4,0.24468184539748483,1.0,1.0,1.0,0.251940181934918,0.28564658960287803,0.284124324875979,0.07975313316976587,0.08719341603270651,1.0
0.4,0.27349966849769203,0.0,1.0,0.0,0.21347457169804018,0.2635761493594052,0.22251581957203323,0.07094488943215543,0.07885182050282916,1.0
0.4,0.27420034378206104,1.0,1.0,1.0,0.24922554235173583,0.23047727281132913,0.21563484613684944,0.06896267438664601,0.07840332420045608,1.0
0.4,0.2468028548550765,1.0,1.0,1.0,0.23255698163107455,0.25641666355703546,0.240333113168245,0.07965653155486364,0.08472980651876723,1.0
0.4,0.24891702204114244,1.0,1.0,1.0,0.27536126806106526,0.3058209110735409,0.27124382379594525,0.0787213268785905,0.08621559767167768,1.0
0.4,0.2583181510988774,1.0,1.0,1.0,0.2497327080070076,0.2860937256385118,0.2560270554150154,0.0759120426906612,0.07849437190598758,1.0
0.4,0.19915408186287714,0.0,0.0,0.0,0.3157416187507132,0.3409673676071816,0.31371312995600714,0.09351723718221085,0.10089166373300948,1.0
0.4,0.23627891406026544,1.0,1.0,1.0,0.3035628583259137,0.2862179296882976,0.2589203335164343,0.07755649384424103,0.08740373488619482,1.0
0.4,0.3119942607520169,0.0,0.0,0.0,0.2448362508704942,0.26149435080189304,0.24906446895728712,0.060931278120348875,0.0713535409089419,1.0
0.4,0.26303985304635424,1.0,1.0,1.0,0.2806814712144427,0.29407015356051075,0.2640931473972423,0.07238878596966901,0.07702077257243448,1.0
0.4,0.27779320596953555,1.0,1.0,1.0,0.21609309416524564,0.23998846954308775,0.2136335481863135,0.0711112011069292,0.07889773454942312,1.0
0.4,0.23923820752396657,1.0,1.0,1.0,0.2886304938763774,0.3308689442211376,0.3061478917841929,0.07713665121519402,0.08511873396884757,1.0
0.4,0.2837754189458443,1.0,1.0,1.0,0.21657936521333804,0.2623204149632448,0.24066132617603478,0.07005298734339684,0.07755030236926345,1.0
0.4,0.23959185543782896,1.0,1.0,1.0,0.25303988676452327,0.2727528000736569,0.2605520942295792,0.0789705280930978,0.08260313666368235,1.0
0.4,0.3102422657702177,1.0,1.0,1.0,0.20856810345707374,0.25155396462750457,0.22687058963656043,0.06284243799147446,0.07687272023199719,1.0
0.4,0.2274898433484145,0.0,0.0,0.0,0.28281083002705937,0.3058502889692455,0.2923123057435939,0.07878634036571305,0.08388219171278999,1.0
0.4,0.2360407485563067,1.0,1.0,1.0,0.31987316216767436,0.28173718534705894,0.25942083456755444,0.08418212509085315,0.09158982048974995,1.0
0.4,0.25170162577152483,0.0,0.0,0.0,0.252263258753718,0.2660484965268942,0.2548124233527733,0.07810933421264053,0.08606489586502945,1.0
0.4,0.2722410049786378,1.0,1.0,1.0,0.2667984859929951,0.28990495831002416,0.2688902010063735,0.06957082328900292,0.07793501352642072,1.0
0.4,0.22112616546763575,1.0,1.0,1.0,0.267208195412152,0.28539946960070817,0.2687577742292486,0.08416606454752185,0.08991800323770084,1.0
0.4,0.26210616377247425,1.0,1.0,1.0,0.2360343126120396,0.2729446263615668,0.23499366123705964,0.07617577150861927,0.08039665124878617,1.0
0.4,0.2645411789939629,1.0,1.0,1.0,0.2551699736912326,0.31724764673510414,0.3069442442391046,0.07136472620318243,0.0823440177754623,1.0
0.4,0.24839932717408247,1.0,1.0,1.0,0.26369238631880304,0.2748253720908619,0.2589724726928746,0.07643827302580393,0.08287056344368261,1.0
0.4,0.25904931824245536,1.0,1.0,1.0,0.24588608974612458,0.27227074607253154,0.26238481452226586,0.0744323640666054,0.08173580427210408,1.0
0.4,0.28980820861193735,0.0,0.0,0.0,0.22542086823418614,0.22545077160812949,0.21487168546286792,0.07074188168284279,0.07405587310428921,1.0
0.4,0.2538143561806968,1.0,1.0,1.0,0.2563499984616705,0.31920673592824594,0.28022474614718085,0.0750153103059242,0.08012359096759931,1.0
0.4,0.2826712832176874,1.0,1.0,1.0,0.1855865678864946,0.2383514518112529,0.19478182266590877,0.06953914154755732,0.07433673648312772,1.0
0.4,0.21716895257472368,1.0,1.0,1.0,0.33943127118955535,0.3450137238812868,0.3206559975543134,0.09015175631716006,0.09942053106466402,1.0
0.4,0.24861359404177016,1.0,1.0,1.0,0.2871036301422351,0.312326078685112,0.3033923604632658,0.07078691065536755,0.0779470877250008,1.0
0.4,0.30894265084716177,1.0,1.0,1.0,0.2087473927523173,0.22346012615764713,0.21099043035889248,0.06449493772013526,0.0733382305992373,1.0
0.4,0.2098067855931405,0.0,0.0,0.0,0.2938374823316301,0.29866058244644533,0.29050626541854535,0.09797032108596125,0.1064700009551638,1.0
0.4,0.26348241234089664,0.0,0.0,0.0,0.23260899077413502,0.24962632998924175,0.23826725084630657,0.07297370169066159,0.07690570313836394,1.0
0.4,0.26729595618607366,1.0,1.0,1.0,0.23895543286395146,0.23762901689786836,0.23370070164541268,0.07593032235332015,0.08159414545855137,1.0
0.4,0.2717787699743649,1.0,1.0,1.0,0.22783817018288607,0.24040004964958914,0.22247595172327705,0.07763575167443254,0.08309886262857115,1.0
0.4,0.2502948898439221,1.0,1.0,0.0,0.24097017352474842,0.26843176733713997,0.220624998237402,0.07167645740347517,0.07320166754615792,1.0
0.4,0.2902768344370869,1.0,1.0,1.0,0.20101190188753773,0.2421556656612248,0.22407894301936632,0.06790723406061723,0.07689031691675,1.0
0.4,0.24613187299273218,1.0,1.0,1.0,0.2743364099846289,0.2922651130671395,0.2839823757036365,0.0699732404265409,0.07968904748330642,1.0
0.4,0.24028846973284343,1.0,1.0,1.0,0.3018678781543612,0.3446804574216896,0.2998357208624922,0.07505374170522963,0.08170050417306479,1.0
0.4,0.23084193107990922,1.0,1.0,1.0,0.29444117938199876,0.32247372509983957,0.3023428310466214,0.0798902231637672,0.08865340969606267,1.0
0.4,0.2756108239665923,1.0,1.0,1.0,0.2259007675024601,0.23009559070252023,0.20764072577437703,0.07099767658708446,0.07912760612407069,1.0
0.4,0.30050190696468043,1.0,1.0,1.0,0.21913577842365783,0.23444215311556574,0.2193337545586366,0.07018678116583266,0.07467033262418414,1.0
0.4,0.3170765668088819,1.0,1.0,1.0,0.20071629041531355,0.23090836563509426,0.20466235264358074,0.0636827111035372,0.07292298977139135,1.0
0.4,0.27334921954251445,0.0,0.0,0.0,0.21113274130297843,0.2377244641051562,0.21062753511822424,0.07228473548722994,0.07600631714287075,1.0
0.4,0.24366561835459918,1.0,1.0,1.0,0.31184109841620955,0.3144589257130369,0.27921379420243825,0.07970508477610998,0.08669432907475613,1.0
0.4,0.26374039321212234,1.0,1.0,1.0,0.21874955240961508,0.2424468752423296,0.237799465141424,0.0751446318884535,0.08373389416863426,1.0
0.4,0.23683329085079763,1.0,1.0,1.0,0.2681597899932518,0.2913178589115519,0.2673727510221946,0.07506740968871844,0.08587350880961131,1.0
0.4,0.22291068976182965,1.0,1.0,1.0,0.26841005310872756,0.300989492823703,0.29481657015606083,0.07699695584172285,0.08610566643061617,1.0
0.4,0.22876945650739472,1.0,1.0,1.0,0.3267416727103347,0.30225548918884926,0.28187757590067336,0.08107470258695203,0.09098402330956049,1.0
0.4,0.25666290684974535,1.0,1.0,1.0,0.2969191738949721,0.3111594499828073,0.2878330664300664,0.07359807952547283,0.07976839321292618,1.0
0.4,0.2306187087753055,1.0,1.0,1.0,0.292470347782399,0.2796212551895169,0.270953667839646,0.08363115857796595,0.08796876152168885,1.0
0.4,0.24142310376802487,1.0,1.0,1.0,0.29810383788965156,0.32669412475182263,0.29162559358197376,0.07793517404858238,0.08589870105116292,1.0
0.4,0.24193466843179015,1.0,1.0,1.0,0.24269305252319215,0.2642929400073651,0.2539063065239804,0.07707798257198563,0.08234861107913309,1.0
0.4,0.24499901864176593,1.0,1.0,1.0,0.23603225325306498,0.25041269205546424,0.239566420006231,0.0833730934061294,0.088130303225338,1.0
0.4,0.2351029035723468,1.0,1.0,1.0,0.24771577410133278,0.2800098716676377,0.25867625382766163,0.0813784661269432,0.09362709559300676,1.0
0.4,0.2168043783786893,1.0,1.0,1.0,0.32128303961420146,0.3744527885544903,0.3508332788362204,0.09262891847229192,0.09874307632859977,1.0
0.4,0.25069825248253447,1.0,1.0,1.0,0.25567717778444266,0.2676462603796673,0.24559810776880084,0.07134374440288374,0.07729294407398753,1.0
0.4,0.238352565298736,1.0,1.0,1.0,0.27105798087233357,0.26593901877467635,0.25131888629160476,0.08535403521018217,0.08988508063889887,1.0
0.4,0.27742766454901824,1.0,1.0,1.0,0.23841566157964644,0.25704950238971563,0.23213661740772246,0.06898320710254159,0.07215632069603625,1.0
0.4,0.22265862367773617,1.0,1.0,1.0,0.3523110429053738,0.384663781395017,0.3479990108497068,0.0820624118841511,0.09008271007267415,1.0
0.4,0.27091386062252504,1.0,1.0,1.0,0.26510558228466935,0.2651631214739241,0.25529627313921754,0.07201727297682664,0.07333752686214541,1.0
0.4,0.2228422034807287,1.0,1.0,1.0,0.2556270100124919,0.31709406685339175,0.29858036660714415,0.09043679505984116,0.09633414405169813,1.0
0.4,0.2810461434057681,1.0,1.0,1.0,0.23033456960933102,0.2741982222544073,0.24785257694914736,0.07142291673864128,0.07868472691830544,1.0
0.4,0.2497962606769926,1.0,1.0,1.0,0.27672417280192063,0.2653701328108943,0.24384490217775107,0.07695038666415178,0.08013946027587167,1.0
0.4,0.20066409944926158,1.0,1.0,1.0,0.3492668696788669,0.40330971283635053,0.3872099619935848,0.09123251271615027,0.09481615620360322,1.0
0.4,0.24706962783691735,1.0,1.0,1.0,0.2819439996730371,0.3110288182326146,0.2829699078669377,0.07988540689546317,0.088632805077842,1.0
0.4,0.23071025631046221,1.0,1.0,1.0,0.2424159555178665,0.3050932183469395,0.2712334803616725,0.08305135642078858,0.08757545395348018,1.0
0.4,0.22995634846841692,1.0,1.0,1.0,0.2963988910529277,0.3186641469295225,0.30074781172297516,0.08146658963139246,0.08914100931540846,1.0
0.4,0.2852977430157921,1.0,1.0,0.0,0.2456814308881814,0.26192117143537974,0.2295690094010144,0.0662099587316139,0.07275565496822056,1.0
0.4,0.24313002067163697,1.0,1.0,1.0,0.2901557259676336,0.31035958138768815,0.2846720187952629,0.07993366018701725,0.08324857152559278,1.0
0.4,0.26207206298192964,1.0,1.0,1.0,0.2678344273816188,0.28151165742220247,0.2573090639285767,0.07744785900995925,0.08723909564223291,1.0
0.4,0.278286234723146,1.0,1.0,1.0,0.22966155020634788,0.2814627408488083,0.25801293358433586,0.0688805396418673,0.0729215006285391,1.0
0.4,0.26768572709198196,1.0,0.0,0.0,0.2793859453295454,0.26844414066533323,0.2362800314932338,0.07246307115716932,0.07827103679266738,1.0
0.4,0.23736960264524468,1.0,1.0,1.0,0.26526236286079063,0.2632076727961935,0.2503765966336418,0.08677282453923835,0.09036948280831768,1.0
0.4,0.2602148784617181,1.0,1.0,1.0,0.2499357907447398,0.2556294381486076,0.24178598259568213,0.07663962731641366,0.08856543309449522,1.0
0.4,0.24512051583002828,1.0,1.0,1.0,0.2691311002816913,0.28587510604569655,0.26305566274148207,0.07928021540932423,0.0816143198857067,1.0
0.4,0.2785011040980471,1.0,1.0,1.0,0.2149024574409081,0.23246078153722927,0.21711949436047143,0.07400427040389235,0.07927344610248453,1.0
0.4,0.24035330742564504,0.0,0.0,0.0,0.26875015903493404,0.24012478992988942,0.2293979227211068,0.07496723054690077,0.07589113468174047,1.0
0.4,0.2777992684988301,1.0,1.0,1.0,0.3023016834619157,0.25615034321287516,0.2382126981539721,0.06583569324677958,0.07522366759600425,1.0
0.4,0.22685602214615103,1.0,1.0,1.0,0.3039470689208246,0.31111603862348186,0.2889780802669712,0.08418413687759693,0.09030673508066771,1.0
0.4,0.27252972873233383,1.0,1.0,1.0,0.2490853012924296,0.2401036766386934,0.2194947405583207,0.07020194737849018,0.07490327106947196,1.0
0.4,0.26869554078194624,1.0,1.0,1.0,0.25331287505261485,0.2766029308638678,0.24574517880505908,0.07740933400710288,0.08321097709854602,1.0
0.4,0.2741030570332177,1.0,1.0,1.0,0.2092156977455059,0.20285071557456766,0.1963971379576241,0.07451742498416344,0.08160553689940382,1.0
0.4,0.22214570270557538,0.0,0.0,0.0,0.26426478292983985,0.27240899813816377,0.2613144246189907,0.08211990164735913,0.093212746580846,1.0
0.4,0.2954512214951195,1.0,1.0,1.0,0.18002106383252903,0.2188913993104976,0.20344494090845916,0.06384844205095344,0.07262406763116852,1.0
0.4,0.25260360337110227,1.0,1.0,1.0,0.25444571079232675,0.2716605429164579,0.24488009154427362,0.07365349599603316,0.08128269215715672,1.0
0.4,0.26343759926728044,1.0,1.0,1.0,0.23406073453205525,0.25517335667942215,0.23952490112300756,0.07031149582146783,0.07413615499669396,1.0
0.4,0.3138673697138973,1.0,1.0,1.0,0.22772931715038527,0.24044341210827413,0.21649638904880186,0.0635440769565442,0.06588548471223497,1.0
0.4,0.22357756867359171,1.0,1.0,1.0,0.30099325200676963,0.2954551929079055,0.2764659585672199,0.08467439611210184,0.09513656753681006,1.0
0.4,0.25529059415302796,1.0,1.0,1.0,0.25997344424521796,0.26146261531161225,0.24772685710635037,0.0714729137413297,0.07632048628918991,1.0
0.4,0.21905553433577332,1.0,1.0,1.0,0.2861569531014062,0.3015708890068154,0.2934367675348818,0.0848204004865336,0.09810117179180945,1.0
0.4,0.21967156421872802,1.0,1.0,1.0,0.27791811216317647,0.3416271549058723,0.33084190690607324,0.08624123028414038,0.0939510201899248,1.0
0.4,0.25459553991284206,1.0,1.0,1.0,0.2162277846826426,0.28826827386909787,0.27295888454869566,0.07632822647144441,0.08419839667923407,1.0
0.4,0.30961222730042925,1.0,1.0,1.0,0.1951689732843711,0.23563123139098371,0.2017596168296339,0.06405767935227953,0.07316915031756215,1.0
0.4,0.2777536044566871,1.0,1.0,1.0,0.272566601718205,0.2735541861253434,0.2384920058686551,0.07175396363121948,0.08059090706665563,1.0
0.4,0.3074342878207213,1.0,1.0,1.0,0.19455508248085715,0.22469312288601317,0.20167893066562942,0.06208967434051786,0.06695561772390013,1.0
0.4,0.23600231071907768,1.0,1.0,1.0,0.288603406552076,0.29099628959387414,0.2785795037826295,0.07609111382128601,0.08625332037977368,1.0
0.4,0.19986251093426544,1.0,1.0,1.0,0.2845485908708018,0.2909008386080438,0.2813137684071326,0.09396217625755074,0.09807530270641174,1.0
0.4,0.255816679793024,1.0,1.0,1.0,0.25143267855780727,0.2821179643446029,0.2550464729389125,0.07278600476344466,0.08412643151635738,1.0
0.4,0.23525359327684855,1.0,1.0,1.0,0.2730210618949436,0.27359828443227624,0.26687241225455416,0.0866411050695029,0.0962055321578172,1.0
0.4,0.2529551256391417,1.0,1.0,1.0,0.32190828970891966,0.29206768534517435,0.2550733405244522,0.07685507197260624,0.08171205978014909,1.0
0.4,0.25420389532313037,1.0,0.0,0.0,0.2805623662145107,0.2647633481901468,0.24478972162607068,0.0704606094239219,0.07701514938231925,1.0
0.4,0.2739537139168411,1.0,1.0,1.0,0.23043454440692224,0.25485594999616656,0.24509933479132107,0.06940997436347499,0.07587123301921092,1.0
0.4,0.2175810983377344,1.0,1.0,1.0,0.3124897310566599,0.30766025138932535,0.2902450850840214,0.08560358491420246,0.09157679155036791,1.0
0.4,0.24315060993663073,1.0,1.0,1.0,0.27251771105133954,0.2969390741150206,0.26897791369752355,0.07796714315020971,0.08726958525889456,1.0
0.4,0.2699773458827614,1.0,1.0,1.0,0.228351037857981,0.2696482343045541,0.22909781370299315,0.07136111699830512,0.07672475257689962,1.0
0.4,0.2464139398628892,1.0,1.0,1.0,0.24142032694618437,0.2717359679311692,0.26110385460380664,0.077626654498944,0.08485653804957895,1.0
0.4,0.2434049850003116,1.0,1.0,1.0,0.2910026481063737,0.33091063194441217,0.3151252256510463,0.0791587221724807,0.0841344941381602,1.0
0.4,0.23461153489862926,1.0,1.0,1.0,0.27081387845595895,0.293005379751255,0.2689845118757275,0.07730969277686647,0.07819389970259856,1.0
0.4,0.36584461493973386,1.0,1.0,0.0,0.20998434476257605,0.21497655906976537,0.1863265227522609,0.053681180677820954,0.0662837725072794,1.0
0.4,0.27304781888907026,1.0,1.0,1.0,0.21410954195274226,0.24224989332439528,0.23477966624477306,0.07333806130294102,0.08425255288411539,1.0
0.4,0.28226103995553564,1.0,1.0,1.0,0.21589093394299227,0.233022267288611,0.21911483677643884,0.07083506712246995,0.07759139735710223,1.0
0.4,0.2031397359448965,1.0,1.0,1.0,0.2860568397680171,0.3475027055465816,0.31330824359907494,0.09221646664896962,0.10090929538459631,1.0
0.4,0.3252458027373522,1.0,1.0,1.0,0.1828611229396411,0.20847509194626573,0.18941552233074982,0.06256731476745514,0.06495373135421731,1.0
0.4,0.3028000509457612,1.0,1.0,1.0,0.19315500036110161,0.21768355102497222,0.19956205673867217,0.0660282007790161,0.0704692315834213,1.0
0.4,0.2676600250973921,1.0,1.0,1.0,0.21235423691405927,0.2514358304946527,0.2377318338088798,0.07383695965014679,0.08028817036230673,1.0
0.4,0.241470339897569,1.0,1.0,1.0,0.30496759266984325,0.2646183123758616,0.2506431782326695,0.06890912283133162,0.0702804685660316,1.0
0.4,0.25735936701085727,1.0,1.0,1.0,0.23856713955781522,0.254310507940699,0.24186154208049576,0.0787892675688196,0.08338364475136012,1.0
0.4,0.2597839829927461,1.0,1.0,1.0,0.2629341595017144,0.2884167199331612,0.24833536052429972,0.07151743909366512,0.07488080675748326,1.0
0.4,0.24037410727177244,1.0,1.0,1.0,0.2385342608628734,0.25555858863211206,0.23693647080845742,0.08224259738670747,0.09057466497253618,1.0
0.4,0.25283181485990014,1.0,1.0,1.0,0.2527806796989452,0.2811598854406895,0.2717762123781132,0.07590442572905305,0.08401940064745457,1.0
0.4,0.2491879762269239,1.0,1.0,1.0,0.2666307982921142,0.26382699213850214,0.24517616222122868,0.07647767056217426,0.08571179141319606,1.0
0.4,0.25763326359742755,1.0,1.0,1.0,0.2573876043594211,0.2627182549860606,0.23674358162631134,0.07659634600544962,0.08402659839052436,1.0
0.4,0.3219684215954932,1.0,1.0,1.0,0.21554070527501773,0.23871286608835945,0.20511001537246773,0.05906213806143081,0.0664353948903495,1.0
0.4,0.3088750975668244,1.0,1.0,1.0,0.2047980585327615,0.22066878903303505,0.18703241569364543,0.06245300070902722,0.0688201987450052,1.0
0.4,0.21737469102676382,1.0,1.0,1.0,0.2495090088577876,0.2653011172728933,0.24853809552873077,0.08623558795087861,0.09121571231277359,1.0
0.4,0.28109755766787325,0.0,0.0,0.0,0.2442720959913159,0.24630424754942376,0.23518247199737413,0.07263342648292535,0.08092752403830003,1.0
0.4,0.28087439482682564,1.0,1.0,1.0,0.25248484307743785,0.24425608191538997,0.20764999564466807,0.06780336439242136,0.07305301714335771,1.0
0.4,0.26806043978332744,1.0,1.0,1.0,0.2901587438436338,0.2613153031344833,0.251631642779544,0.06695714031259742,0.0756184286607467,1.0
0.4,0.28374224218621724,1.0,1.0,1.0,0.25015287414240156,0.2550742281809557,0.24002504134411384,0.07414682839130643,0.08046713067236626,1.0
0.4,0.24817926728426,1.0,1.0,1.0,0.23599981316448213,0.23578795239280118,0.21587665729244415,0.08175910980979006,0.08608558053975343,1.0
0.4,0.2398955108018002,1.0,1.0,1.0,0.28885196976035893,0.31136817967318386,0.2674496648341463,0.08348346414638919,0.09019113199905432,1.0
0.4,0.3231503502139769,1.0,1.0,1.0,0.2418208047943226,0.25032026482624375,0.20859940434785457,0.058469093923154046,0.06031941720771265,1.0
0.4,0.2341377424879534,1.0,1.0,1.0,0.2530496949050679,0.2831322038480906,0.2750126918912614,0.07648912435836629,0.08413032132236459,1.0
0.4,0.2565609557454755,1.0,1.0,1.0,0.274222346171666,0.2890214182537393,0.2693843199367434,0.07761267349468173,0.08593692875733691,1.0
0.4,0.23129847898318923,0.0,0.0,0.0,0.2899171569027256,0.28974921772274975,0.2761727123270388,0.08021997386963328,0.08624022788904435,1.0
0.4,0.2590193711718265,1.0,1.0,1.0,0.27609145334465024,0.2795781068278879,0.24132799689984613,0.07198258617293624,0.07857150508890653,1.0
0.4,0.25144480991249335,1.0,1.0,1.0,0.25232794230173927,0.27273703180452713,0.23934056571215873,0.07566125881845742,0.07496956611675533,0.0
0.4,0.2402190440184746,1.0,1.0,1.0,0.23614160318679156,0.27851123297917757,0.2582270481289319,0.07979500318707927,0.08312910187245627,1.0
0.4,0.2648156147007624,1.0,1.0,1.0,0.23131543309921304,0.2788360008712813,0.2628911072480008,0.07270887206100032,0.07797131807552433,1.0
0.4,0.26643264507856523,1.0,1.0,1.0,0.22718726356337626,0.24086032906189675,0.23107048106134181,0.07170237320448589,0.07473767287072026,1.0
0.4,0.26661757888375903,1.0,1.0,1.0,0.24773932566439089,0.2972051211075573,0.2599599705591794,0.07086129858222291,0.08257884870197575,1.0
0.4,0.23783169925569628,1.0,1.0,1.0,0.23953786069561347,0.2617737448237333,0.2565822611198448,0.08074522206986622,0.08852500434187517,1.0
0.4,0.26132565509457123,1.0,1.0,1.0,0.24702576675484256,0.2461653649634985,0.23437918612797493,0.07402566537173741,0.0773541308983349,1.0
0.4,0.25101980690239584,1.0,1.0,1.0,0.2665562999169885,0.2807169281752903,0.26181673654201826,0.0697824832785598,0.07821295090723174,1.0
0.4,0.27950352655320104,0.0,0.0,0.0,0.22714688208308553,0.2525940642245027,0.22667300554942246,0.07076254524201052,0.07742391039406295,1.0
0.4,0.28195881277406765,1.0,1.0,1.0,0.22300847327369944,0.22622007681416562,0.21719585298524305,0.06909202392177137,0.07527560286709357,1.0
0.4,0.269631068600275,1.0,1.0,1.0,0.2430511980036381,0.26623503567191176,0.23367776709068028,0.07539451861686283,0.08088058643239819,1.0
0.4,0.2178253849459979,1.0,1.0,1.0,0.3249002089670415,0.33491000373165397,0.3014007505307186,0.08763797341115316,0.09888504816811473,1.0
0.4,0.24765905181755532,1.0,1.0,1.0,0.2804035670513546,0.2802113358798701,0.2552504990878006,0.0728407568195067,0.07911527442612679,1.0
0.4,0.2460287457228367,0.0,1.0,0.0,0.25487332785592337,0.28426037759383516,0.24625069844534053,0.08262294304269568,0.09424682357515984,1.0
0.4,0.23165236463661246,1.0,1.0,1.0,0.2706115667536714,0.25726054674134574,0.25056807159861905,0.08159100930232414,0.09076623014281125,1.0
0.4,0.2633407764383151,1.0,1.0,1.0,0.2461951510587146,0.2885508527608595,0.27769633985083086,0.06982646393562017,0.08011606751280981,1.0
0.4,0.28450094891445776,1.0,1.0,1.0,0.2539800725261869,0.25375954597825423,0.23992353052083293,0.07126599231187675,0.07647818760295029,1.0
0.4,0.23795643073297307,1.0,1.0,1.0,0.31052190189064166,0.3326942580807738,0.3146064806516417,0.07999265198065632,0.08575446137500947,1.0
0.4,0.27928270631185687,1.0,1.0,1.0,0.23067690917813427,0.20471104378865074,0.18458255972450505,0.0694301056467591,0.07494719007562865,1.0
0.4,0.26117485220294784,1.0,1.0,1.0,0.2696931488912441,0.27267956832578844,0.2532260962239368,0.07496723092179806,0.0874562471355197,1.0
0.4,0.2097510266952381,1.0,1.0,1.0,0.30562736423309567,0.2958057134709421,0.27763582191078634,0.08748052954685426,0.09374462737760286,1.0
0.4,0.24097129831232503,1.0,1.0,1.0,0.2601096093797795,0.27186495097341784,0.2590098049899693,0.07707099638081029,0.07849458082670326,1.0
0.4,0.2438500138584146,1.0,1.0,1.0,0.2726519850330813,0.25985949543694115,0.2352868271101316,0.0753969474727227,0.07779357647036872,1.0
0.4,0.2676487311362745,1.0,1.0,1.0,0.23180720862660348,0.21288800529124807,0.2005439735158526,0.06640405760895637,0.07793886728909546,1.0
0.4,0.2525020867813377,1.0,1.0,1.0,0.2707883048258976,0.28532562016022645,0.270527229326383,0.07535890108275532,0.08082756493657882,1.0
0.4,0.2851558011461917,1.0,0.0,0.0,0.24881550603825248,0.24221216291953943,0.21863820432055675,0.06247672658240145,0.06981160856574664,1.0
0.4,0.23239525380253082,1.0,1.0,1.0,0.2910464698332995,0.28078915482849204,0.27444297008573454,0.08980677968855325,0.09171873636911382,1.0
0.4,0.21620430646061142,1.0,1.0,1.0,0.3332286684223915,0.3161203988848979,0.2932231669214869,0.08507729636427623,0.09031337531461599,1.0
0.4,0.21497221496846466,1.0,1.0,1.0,0.2772403374495716,0.30065656025968346,0.28663569762956964,0.08690779816418104,0.09089768492749344,1.0
0.4,0.24299106133380693,1.0,1.0,1.0,0.26952323254538146,0.29436818456721253,0.2811811575005865,0.07639261786321691,0.08083205618534556,1.0
0.4,0.2807652016400863,1.0,1.0,1.0,0.24395150774906438,0.25486973478785535,0.236781149720006,0.0689712412486978,0.07560623110266985,1.0
0.4,0.30449185540735335,1.0,1.0,1.0,0.19111669949330642,0.2069940248306546,0.19517824638161763,0.06614607573312523,0.07371919860480941,1.0
0.4,0.2522123904323487,1.0,1.0,1.0,0.27669954297421984,0.3055345658545874,0.27005793909145676,0.08076856413459772,0.08756745294737106,1.0
0.4,0.20300822772461996,1.0,1.0,1.0,0.2858600962450194,0.34153290201734177,0.3235015208685533,0.09031296231176013,0.09676646733505423,1.0
0.4,0.23097324340331474,0.0,0.0,0.0,0.31625414052810713,0.2974927276695801,0.2878288605437152,0.08851429740698286,0.09522520133573123,1.0
0.4,0.21997252836119102,1.0,1.0,1.0,0.3029336679266078,0.3161979735616478,0.2781789426640896,0.09022588637051797,0.09495667962812679,1.0
0.4,0.24090750146313983,1.0,1.0,1.0,0.3195540788751698,0.3241938597189102,0.3024738311951279,0.08786325026046782,0.09235134565814784,1.0
0.4,0.2654409568984657,1.0,1.0,1.0,0.2752889471069058,0.24805327734160015,0.2374888912761511,0.06839764242714183,0.07556990546002022,1.0
0.4,0.2752064089773845,1.0,1.0,0.0,0.2794461330786085,0.26697341219758636,0.2396420822392364,0.06886429127340707,0.07529841704872026,1.0
0.4,0.303917789564249,1.0,1.0,1.0,0.22333943736959938,0.24326114744498276,0.20630855412794458,0.06822438654639773,0.07087951136199938,1.0
0.4,0.26563898410936077,1.0,1.0,1.0,0.2097611457821996,0.24232703622523855,0.23552335636628124,0.07012636052182632,0.07913450206813234,1.0
0.4,0.29589551097237865,1.0,1.0,1.0,0.24707451587239007,0.26036370102015727,0.2351334994289615,0.06948702472943434,0.07947074627651526,1.0
0.4,0.26952129291090604,1.0,1.0,1.0,0.2381385731911112,0.27155589836149496,0.25320264405156784,0.06817903547744929,0.07944573444040691,1.0
0.4,0.25018191844255855,1.0,1.0,1.0,0.2709689541733645,0.28571033310402144,0.27756634578171707,0.08110584602714235,0.08978217537975589,1.0
0.4,0.24162706380998655,1.0,1.0,1.0,0.2693609517298117,0.2554455217399774,0.24490036031009027,0.08095583628991784,0.08767958083701771,1.0
0.4,0.24939987745069062,1.0,1.0,1.0,0.24299843071272792,0.24625656099726206,0.24107190645185614,0.07903460700451306,0.08854027442379163,1.0
0.4,0.2618976931757598,1.0,1.0,1.0,0.2047532186950513,0.2641438282366404,0.2379413108900978,0.07435635169717668,0.07817770394765734,1.0
0.4,0.29045393616742304,1.0,1.0,1.0,0.21279812188852282,0.25136621938508685,0.22853149409170764,0.0659399510645738,0.07445768078423098,1.0
0.4,0.2734312287440197,1.0,1.0,1.0,0.20561428017851116,0.2549651179915447,0.22067896562631395,0.07272166385440564,0.07552598019916078,1.0
0.4,0.2691507589557411,1.0,1.0,1.0,0.22027469497627794,0.26762944185795334,0.23255219235518335,0.0705254382079386,0.07966875706380135,1.0
0.4,0.2664321270826104,0.0,0.0,0.0,0.21294015790173354,0.263011536912469,0.24865316757012837,0.07679724257307746,0.08185869353357474,1.0
0.4,0.29077625502611665,0.0,1.0,0.0,0.23384880625245996,0.2492124818510697,0.22869730544975023,0.07041160506359363,0.07811104478041317,1.0
0.4,0.2548346801280381,1.0,1.0,1.0,0.28719566591675433,0.3068550375963022,0.2737833478398031,0.07184408381611145,0.0800255180777131,1.0
0.4,0.288482292795841,1.0,1.0,1.0,0.21572862747605742,0.27596062241218905,0.24046866478967854,0.06674364919556368,0.08116564043222387,1.0
0.4,0.2872944377302318,0.0,0.0,0.0,0.23427101851551413,0.20993670005716786,0.19616050759515216,0.06858958459170554,0.0740242047730343,1.0
0.4,0.28653222491768104,1.0,1.0,1.0,0.25185585552592743,0.24841111050208026,0.21831565829468036,0.06536130872425544,0.06934631267039969,1.0
0.4,0.26478278048929493,1.0,1.0,1.0,0.24570040923474618,0.2840402668715865,0.2496854903954926,0.07222166504489079,0.07548649995471021,1.0
0.4,0.28749462529313646,0.0,1.0,1.0,0.216329725488226,0.25597425887591746,0.23158631454443118,0.06454494088728469,0.07344597360471802,1.0
0.4,0.28476410095390886,1.0,1.0,1.0,0.26051284853929746,0.26040401823714027,0.2422080663995004,0.06993191483749078,0.0737555979025416,1.0
0.4,0.21960812730279075,1.0,1.0,1.0,0.23857136409654894,0.28011175065640204,0.2501983562470732,0.08474926399745296,0.08977024154856741,1.0
0.4,0.2847784478870449,1.0,1.0,1.0,0.21887079365665088,0.24043945539951234,0.2207199770477714,0.06689936208314883,0.07461302393844177,1.0
0.4,0.26269831369882723,1.0,1.0,1.0,0.24907056684888979,0.2375023597938751,0.2075789536020472,0.07746651204175714,0.08074782101860542,1.0
0.4,0.2770802856300076,0.0,0.0,0.0,0.20956386649674313,0.2419859225099518,0.2312810973316089,0.07369914033604676,0.07863884060344802,1.0
0.4,0.23437469054559806,1.0,1.0,1.0,0.2443511138517261,0.256270806809683,0.24781587069452599,0.08103698538108692,0.0853610455714973,1.0
0.4,0.25033626600254766,1.0,1.0,1.0,0.238709231310588,0.31998169187172226,0.2836044199310609,0.07470005539373221,0.08345110764364914,1.0
0.4,0.27452667914167617,1.0,1.0,1.0,0.21508756411638014,0.2552678408276547,0.22859352536285749,0.07490350864988439,0.08398508544391638,1.0
0.4,0.24917055813550212,1.0,1.0,1.0,0.2656809697400009,0.303945324737991,0.27483290036643515,0.07782205547643285,0.0842136266208354,1.0
0.4,0.24464373009705995,0.0,0.0,0.0,0.2507885032546319,0.24368745252373852,0.22474635123358633,0.07845977620200736,0.08167984652707122,1.0
0.4,0.2921027301210888,1.0,1.0,1.0,0.22854922457066412,0.2632373213974516,0.23533957644062733,0.06916430787377424,0.07751384170976623,1.0
0.4,0.2807922019454093,1.0,1.0,1.0,0.2337002101205583,0.25007168206759073,0.24248663729001824,0.06458442077473113,0.0710331137000166,1.0
0.4,0.23803523386561615,1.0,1.0,1.0,0.28373013534983865,0.2512431769724665,0.2447094935717426,0.07983963074143924,0.08488090976154318,1.0
0.4,0.2738932186918025,1.0,1.0,1.0,0.21810287484646124,0.2771114617980857,0.23447531699527846,0.06657681197980611,0.0752935250408082,1.0
0.4,0.28296813824275685,1.0,1.0,1.0,0.2775456800134345,0.3210933271528852,0.2991353527155156,0.06182964018414892,0.0708213769171497,1.0
0.4,0.2383231298240943,1.0,1.0,1.0,0.24181848245872678,0.27687672668243496,0.2705850982897999,0.07886954897331129,0.08428540527387274,1.0
0.4,0.26777487684165463,1.0,1.0,1.0,0.23325371344508294,0.25310756675540186,0.2396923595809847,0.07368761522718832,0.08196982671472547,1.0
0.4,0.2161078309024142,1.0,1.0,1.0,0.27547935167804066,0.2657177343567942,0.2591808752699171,0.09135688802408487,0.09526402805968455,1.0
0.3,0.3672585428267919,1.0,1.0,1.0,0.1562528040170683,0.1827408802911144,0.1486928518963224,0.049969575928157824,0.059203504471773555,1.0
0.3,0.2801901072099585,1.0,1.0,1.0,0.21834467839115962,0.20042352661781587,0.19307730259102904,0.06296312809471878,0.07125110546699771,1.0
0.3,0.3001488440949117,1.0,1.0,1.0,0.19981323963357672,0.21117437701456848,0.1979527658306442,0.06501965139217214,0.06718651955341223,1.0
0.3,0.3250841959876053,1.0,1.0,1.0,0.2135946314068405,0.2163704904633592,0.20415329946367441,0.059508953414864195,0.06815680043443546,1.0
0.3,0.3846545445014547,1.0,1.0,1.0,0.17072172513532685,0.19405052840709666,0.16445381342809026,0.05087866694264886,0.06151490235378862,1.0
0.3,0.30420127785348894,1.0,1.0,1.0,0.24901669494687262,0.26328177234879474,0.23788385856468963,0.06350642500412383,0.06809557184860117,1.0
0.3,0.33140588773201585,1.0,1.0,1.0,0.2018854524405847,0.2184598810382198,0.20296249908172675,0.059284977161149575,0.06585674427604223,1.0
0.3,0.3029555739761613,1.0,1.0,1.0,0.21610869505541203,0.21737212664314648,0.20198052617985995,0.060615433270896156,0.06819803163191777,1.0
0.3,0.3247253517368316,1.0,1.0,1.0,0.16043336129661015,0.20525185994016332,0.16457897050615872,0.05759129052785372,0.05912179043662842,1.0
0.3,0.29438298356228476,1.0,1.0,1.0,0.22553414373492037,0.25997292190318344,0.2258301310655133,0.06569939662267167,0.07781148542560022,1.0
0.3,0.27636000524279947,1.0,1.0,1.0,0.20245441645956572,0.22196394456366147,0.21151827491219918,0.07091238134324371,0.07894350506630936,1.0
0.3,0.3367372508149937,1.0,1.0,1.0,0.18600095137200665,0.19747908926881444,0.17387300594220406,0.05457678222667234,0.06374914728377974,1.0
0.3,0.3799199918253091,1.0,1.0,1.0,0.17556550057921255,0.2140091508216324,0.16739733831301265,0.05097322476679455,0.06366708308953084,1.0
0.3,0.31308847631966547,1.0,1.0,1.0,0.19232956907267582,0.20507392841356786,0.19075168328522996,0.0598409193418565,0.06557166602074119,1.0
0.3,0.3899147545876347,0.0,0.0,0.0,0.14971425794168852,0.1959591162043814,0.17205700207651714,0.0469570638252241,0.059211707652641395,1.0
0.3,0.33067489533532174,1.0,1.0,1.0,0.23179204245300467,0.2632835844633171,0.2167889269741016,0.05695552550390857,0.06733755955082801,1.0
0.3,0.3165071113271073,1.0,1.0,1.0,0.21988804290899883,0.25520035660553,0.24536695906438202,0.058118656531413196,0.06770475524598502,1.0
0.3,0.4049836231004733,0.0,1.0,0.0,0.1454769790599064,0.2118050724149973,0.15012368303717388,0.04766315590251228,0.05711589752180192,1.0
0.3,0.3759263824412395,1.0,1.0,1.0,0.1652585402037612,0.21308240160217737,0.19416707858940746,0.05167024086582409,0.06223884915207904,1.0
0.3,0.3775262627248329,1.0,1.0,1.0,0.20500074125096535,0.2386297923493527,0.19241946795702758,0.046036646203068556,0.05455938279327362,1.0
0.3,0.3455477651633555,1.0,1.0,1.0,0.23155616817666927,0.17904041976110197,0.16001576635133125,0.05664197048030925,0.05722903541207419,1.0
0.3,0.3116762324883765,1.0,1.0,1.0,0.2041278841167003,0.20880440435712985,0.18367765469808592,0.06535656659267103,0.06801879561667074,1.0
0.3,0.2891191083822012,1.0,1.0,1.0,0.26750020788544093,0.28617453164986806,0.24896594778113598,0.06116795414106907,0.07034943394128738,1.0
0.3,0.3520643809782064,1.0,1.0,1.0,0.17104069789064294,0.19944625066896143,0.18920606185480432,0.053568990887848764,0.062495190844565854,1.0
0.3,0.261188165198784,1.0,1.0,1.0,0.24188642223174725,0.24275842196198627,0.2301485240998336,0.07458114505566367,0.08152214254070607,1.0
0.3,0.4002357535290387,1.0,1.0,1.0,0.13972120041828118,0.18396337167586915,0.16180731589600458,0.04997238410288186,0.054709234285863176,1.0
0.3,0.3575337030631316,1.0,1.0,1.0,0.1799247691321666,0.2038504105726627,0.16776757007949616,0.0504538733495761,0.06077868009325295,1.0
0.3,0.324422348486928,1.0,1.0,1.0,0.1687484635535825,0.22392971547542678,0.20421280986854376,0.05754604080437519,0.06804051794027238,1.0
0.3,0.3167135433162248,1.0,1.0,1.0,0.19322891283299035,0.2070682427309815,0.19692164762706293,0.056497476487302106,0.06886501184170248,1.0
0.3,0.3750033218602194,1.0,1.0,1.0,0.1735967158853283,0.19450269134108092,0.17729835144002584,0.05251787546024044,0.059706503975279206,1.0
0.3,0.3778497201568144,1.0,1.0,1.0,0.18645834218330384,0.23758963587697846,0.2076849187377013,0.052552753453182804,0.06463997394998824,1.0
0.3,0.30688973274487613,1.0,1.0,1.0,0.22479634229745038,0.2297491489779328,0.2065838253541313,0.059563904821804285,0.06264966450345677,1.0
0.3,0.3132299646084898,1.0,1.0,1.0,0.19639012814097584,0.24545571989301845,0.21027172436867897,0.06333376624767693,0.07157909448761872,1.0
0.3,0.30374476113755056,1.0,1.0,1.0,0.19566421662895686,0.19367877909900477,0.1861555694079463,0.06034976214340629,0.0710607033170681,1.0
0.3,0.3909672679951883,1.0,1.0,1.0,0.15512729710134016,0.18997701925863175,0.16384532714879307,0.05518568641035111,0.0627727983660323,1.0
0.3,0.3351243502482266,1.0,1.0,1.0,0.20012892117025288,0.20017096023933253,0.1836719953380766,0.05550617128857158,0.061536702869214664,1.0
0.3,0.3772894840433856,1.0,1.0,1.0,0.1691828396104561,0.18163753791102025,0.15595056719599273,0.050262632636883645,0.05721685026910568,1.0
0.3,0.3512242404715891,1.0,1.0,1.0,0.16552417973864703,0.19270974212452532,0.16300468041878385,0.05208880758749439,0.05282896460465018,1.0
0.3,0.35569231523679506,1.0,1.0,1.0,0.20409512384129846,0.23761109913318962,0.19993029412924146,0.05777880197035769,0.06724560421086068,1.0
0.3,0.3364994261671737,1.0,1.0,1.0,0.17914436714924734,0.22166424960562145,0.17462518632913038,0.05927036798914456,0.06457750141117233,1.0
0.3,0.3229145402120458,1.0,1.0,1.0,0.21871605539384556,0.21587817789895425,0.20398053835984004,0.0584066457656476,0.06157362569255466,1.0
0.3,0.39241657306398825,1.0,1.0,1.0,0.13548537121473075,0.1809163053059049,0.16958926366815147,0.04904772276925001,0.05777895078730402,1.0
0.3,0.3145849999115304,1.0,1.0,1.0,0.20678330681570833,0.2508860491896511,0.21834814541717687,0.05753912160728659,0.06341624866127708,1.0
0.3,0.2793421406297034,1.0,1.0,1.0,0.23631840666330328,0.2459238421210775,0.2412290725924396,0.06709273201351434,0.07326875523483416,1.0
0.3,0.3802476162396095,1.0,1.0,1.0,0.16689567677545747,0.18006374963047003,0.162269569121692,0.0539468750577542,0.06545129463846507,1.0
0.3,0.314312742955746,1.0,1.0,1.0,0.2105755952792845,0.23165254691022316,0.20149452567873832,0.06080864899303658,0.06813087539556888,1.0
0.3,0.307698338975048,0.0,0.0,0.0,0.19258396060671273,0.21794402260803009,0.18920915046760003,0.062130421838816084,0.0689808929214989,1.0
0.3,0.3435630324218221,1.0,1.0,1.0,0.22112324760332389,0.2155241964023103,0.20182186389714046,0.054478230357552136,0.06629450695981057,1.0
0.3,0.3104957601066425,1.0,1.0,1.0,0.2240651612961519,0.2514027115134381,0.19067282980705133,0.06155987387707701,0.07238070370864715,1.0
0.3,0.384489939139271,1.0,1.0,1.0,0.18996571218009578,0.2060880735593698,0.15724104108229595,0.049740881050765,0.05314486285028282,1.0
0.3,0.3260105743316444,1.0,1.0,1.0,0.18726497067244546,0.21508188103940049,0.19459548950769698,0.06122340500141239,0.06971585497144889,1.0
0.3,0.32959184702566124,1.0,1.0,1.0,0.19503262113662975,0.20467983527268263,0.1764507412297337,0.060476155629270494,0.06451737612600887,1.0
0.3,0.2987599193538355,1.0,1.0,1.0,0.24534902674510314,0.26023470150755407,0.2387213025190679,0.06453568937525408,0.06599654746199486,1.0
0.3,0.38202127043286993,1.0,1.0,1.0,0.1674047384541782,0.21466062876265876,0.1940344018064716,0.05370132312715045,0.059511196739609765,1.0
0.3,0.31120629759580826,0.0,0.0,0.0,0.19974726646622026,0.19291630714427832,0.1793034500619618,0.060911390478631866,0.07032321578849748,1.0
0.3,0.3865003490354513,1.0,1.0,1.0,0.1975188732979239,0.19721106757424464,0.15737475204425988,0.0508674996188361,0.05548211796551225,1.0
0.3,0.4059606887172391,1.0,1.0,1.0,0.16432658928189972,0.1848383613849445,0.1674925502100218,0.04869786385871505,0.055635400891290133,1.0
0.3,0.30696377174979234,1.0,1.0,1.0,0.21890649753776237,0.21410835956863722,0.17871450907472208,0.06318069764638048,0.0707701608085581,1.0
0.3,0.3979766467973476,1.0,1.0,1.0,0.15624290930648058,0.1508622933776833,0.13570767373500997,0.05155942665114441,0.05638950825451601,1.0
0.3,0.41676925814416177,1.0,1.0,1.0,0.13567243800977044,0.14488846047776605,0.11760889176835228,0.04485894527421226,0.05123473196626151,1.0
0.3,0.30060067730329026,1.0,1.0,1.0,0.23392200131491894,0.23934144580356778,0.20373673534802128,0.06187590171564187,0.06890431730259224,1.0
0.3,0.3440371394563876,1.0,1.0,1.0,0.19908190407815268,0.2005105106671774,0.1844957573508007,0.059186712971891986,0.06636700374308019,1.0
0.3,0.3610173447892657,1.0,1.0,1.0,0.14910914945340203,0.18382461039117973,0.17062901677954032,0.05360687671339625,0.0633255752513447,1.0
0.3,0.3480012778843439,1.0,1.0,1.0,0.20150335480056233,0.22383869628992598,0.1949625063556742,0.051796472195777425,0.05809238832944588,1.0
0.3,0.32315411736947364,1.0,1.0,1.0,0.18613631394477598,0.23027914953793416,0.1933707516134761,0.062390943518242065,0.06669675570466321,1.0
0.3,0.3640440523612353,1.0,1.0,1.0,0.18659181079222134,0.20128336151624887,0.188578314011948,0.05275821875179174,0.06227345169718987,1.0
0.3,0.3135473381034168,1.0,1.0,1.0,0.19673330612637602,0.22139023137211203,0.18322331529656644,0.060086902872855036,0.06649673618144755,1.0
0.3,0.34902774161255334,1.0,1.0,1.0,0.1943626968759663,0.21988006977020386,0.17894193746322518,0.05353562848928426,0.059615924612067064,1.0
0.3,0.3159143728667095,1.0,1.0,1.0,0.19769408518279238,0.23619159916932447,0.2192207118096306,0.058942776029037525,0.06927274602983521,1.0
0.3,0.32848252283668417,1.0,1.0,1.0,0.19751310758573082,0.2140750356679429,0.2096103519742274,0.060705130922668056,0.06838582241969787,1.0
0.3,0.33285284278814947,1.0,1.0,1.0,0.1849188084306911,0.20153386059655753,0.18376352878437896,0.06101238829690475,0.06365103584610793,1.0
0.3,0.28890548396327126,1.0,1.0,1.0,0.21802926099803727,0.24179147899244854,0.20910078938634138,0.07049287509129082,0.07470331690486513,1.0
0.3,0.2805333910986683,1.0,1.0,1.0,0.22067618091051927,0.22565519041868587,0.2051315121797363,0.06660305280177253,0.07159739761834208,1.0
0.3,0.3182396647598842,1.0,1.0,1.0,0.20124496794459007,0.23218159342226458,0.21411355245038358,0.06052732976652656,0.06671210603189526,1.0
0.3,0.333926483994478,1.0,1.0,1.0,0.20551390790784801,0.2010681613435732,0.18850809388838163,0.05756349255520693,0.06541236746426553,1.0
0.3,0.39335698566012806,1.0,1.0,1.0,0.18539942720311844,0.19216038279024897,0.17543441129610618,0.0523286452023915,0.057694378003069556,1.0
0.3,0.35642641414586584,1.0,1.0,0.0,0.20010039453716635,0.19522862754923215,0.1872614966857419,0.053183573004772174,0.06122898937603667,1.0
0.3,0.34144950692581233,1.0,1.0,1.0,0.18266398156527613,0.251026198431346,0.2182198910637198,0.05369606528052128,0.06785242097755251,1.0
0.3,0.3677338722692101,1.0,1.0,1.0,0.19682117004872354,0.2296771177166669,0.21326277274752234,0.05175193937572646,0.05697229477719785,1.0
0.3,0.35821247439339676,1.0,1.0,1.0,0.18983841706870092,0.18648760283497018,0.15985454671217497,0.05286946624494194,0.058029201901099496,1.0
0.3,0.31752851557480155,1.0,1.0,1.0,0.20033695477232988,0.22259755543173218,0.19752063819219617,0.060662544034244606,0.0686976002074588,1.0
0.3,0.2861516265634275,1.0,1.0,1.0,0.22055753388331018,0.21531431474067167,0.205580637329065,0.06401344116303627,0.07396541771866533,1.0
0.3,0.3204111539179636,1.0,1.0,1.0,0.24838621027857774,0.26636595116730727,0.251063969497322,0.05582200604358801,0.0670521981567577,1.0
0.3,0.3008546542866547,1.0,1.0,0.0,0.20794116991819972,0.22308554188036284,0.2018678354214035,0.06676907989394212,0.07328481950584265,1.0
0.3,0.31917012209114437,0.0,1.0,1.0,0.20368636553369396,0.23119965911994864,0.21732545557478913,0.05686942596851011,0.06728195898299333,1.0
0.3,0.3544606151069599,1.0,1.0,1.0,0.16778025958976356,0.20328651957798996,0.17810302045914408,0.056744223856141265,0.06176643532486942,1.0
0.3,0.34393024389187804,1.0,1.0,1.0,0.19133256808064986,0.21488851778804804,0.1802336776075438,0.05786137966818408,0.06474974170696018,1.0
0.3,0.35655599665260845,1.0,1.0,1.0,0.19110630558646274,0.24036654306801228,0.19699845531047774,0.058104053062703144,0.06550868505183988,1.0
0.3,0.2871414902381591,1.0,1.0,1.0,0.27781168281428037,0.286891763579496,0.2720102718868359,0.06840333043287601,0.07716251240245944,1.0
0.3,0.27777364525655673,1.0,1.0,1.0,0.2389807659266779,0.223956874047824,0.21676983556997637,0.06529029646625638,0.06937850875976405,1.0
0.3,0.328101958184387,1.0,1.0,1.0,0.1908395284734611,0.22900706708587482,0.2125342447387421,0.058575650497470315,0.06645871257030576,1.0
0.3,0.3535494951250212,1.0,1.0,1.0,0.15971385013645673,0.2009695530651731,0.1800547779430044,0.0552279129913415,0.06300837778000659,1.0
0.3,0.3143941707454457,1.0,1.0,1.0,0.2127089310250289,0.24638084552335612,0.2232636693217147,0.05811629909538774,0.06915368625852132,1.0
0.3,0.3508273492573834,1.0,1.0,1.0,0.19777598905698496,0.18799721910231887,0.17522550666894793,0.052572867269090044,0.05386763882878559,1.0
0.3,0.3369491757894135,1.0,1.0,1.0,0.17087133610218877,0.21965983311570958,0.19967926989513246,0.05601996561430509,0.07008032334821389,1.0
0.3,0.3002929309443773,1.0,1.0,1.0,0.18680972330694362,0.21886899332009105,0.20149006725685506,0.0662897575066803,0.07203963930279512,1.0
0.3,0.39192603595792536,1.0,1.0,1.0,0.17324981755049823,0.2053520308810354,0.16782614577160188,0.0489221298572317,0.05386678388910107,1.0
0.3,0.33198436291817,1.0,1.0,1.0,0.17804512464704,0.2125568821713455,0.1788012085304518,0.057387235327200144,0.06671155781131706,1.0
0.3,0.3151516942054775,0.0,1.0,1.0,0.18455175020523168,0.21817248917630477,0.20246372905312332,0.06237676987526493,0.0723507887105618,1.0
0.3,0.4083785652806254,1.0,1.0,1.0,0.17735761033549982,0.177830900203846,0.15546982453574326,0.05016407883873985,0.05529945892250589,1.0
0.3,0.3689019266379908,1.0,1.0,1.0,0.15253594221049865,0.1989738788191709,0.16671688113948382,0.053096422420008185,0.06873547536421128,1.0
0.3,0.36304364517780074,1.0,1.0,1.0,0.18205988781097726,0.19151509198872535,0.18642754819071133,0.052349841536812276,0.05838360652613519,1.0
0.3,0.44183640862078705,1.0,1.0,1.0,0.13645923079990488,0.17202512914970286,0.13432714990719655,0.045611659810882055,0.051876654745766686,1.0
0.3,0.30309826460750305,1.0,1.0,1.0,0.1894787194775232,0.21044554352274245,0.20171412236961966,0.05926405470649791,0.07176093273652627,1.0
0.3,0.313916922290146,1.0,1.0,1.0,0.22735091662695658,0.2274985663888352,0.20475187652401394,0.06174896643535159,0.06540125740074265,1.0
0.3,0.38627726859307576,1.0,1.0,1.0,0.18631824660337318,0.22945767845515,0.17814522612460876,0.04979561456552194,0.05660778698534341,1.0
0.3,0.32523975127553845,0.0,0.0,0.0,0.2232480264571643,0.20356430511973964,0.17629645374099073,0.0592748759055654,0.06686654782832187,1.0
0.3,0.3436400691861328,1.0,1.0,1.0,0.19307681763445986,0.20867312863320758,0.18961787801464722,0.05933265683930863,0.06634066331858225,1.0
0.3,0.3019205593550588,1.0,1.0,1.0,0.2080318599323289,0.219251254746144,0.19278938008084817,0.053198237466190505,0.06125057329111369,1.0
0.3,0.3827033696810861,1.0,1.0,1.0,0.1725834893431631,0.19291956239936314,0.1853769999362927,0.04954665622387329,0.05896576663202401,1.0
0.3,0.38917299374387326,1.0,1.0,1.0,0.1705161722433411,0.2106322426015724,0.18065374629418532,0.04853007058931534,0.057884159081124986,1.0
0.3,0.33878078137449513,1.0,1.0,1.0,0.1924242529309984,0.22838454777354228,0.1930319118959281,0.05878848378765146,0.06265822517288211,1.0
0.3,0.32972759403293783,1.0,1.0,1.0,0.1728994731084151,0.20342369406313027,0.19616487825040463,0.05388126553246221,0.06145569788688393,1.0
0.3,0.37568432014458863,0.0,1.0,0.0,0.15723669182381386,0.19680699153049686,0.17344138027668426,0.05519207503545946,0.06432828647417926,1.0
0.3,0.3358550271811447,1.0,1.0,1.0,0.1892977450525385,0.23693759900911865,0.21936787563500024,0.058845410386132696,0.06870126894730628,1.0
0.3,0.3595796548548138,1.0,1.0,1.0,0.1596343663762055,0.19932698042092298,0.18483685417882761,0.0531943488411773,0.06377914038347153,1.0
0.3,0.3357140467862039,1.0,1.0,1.0,0.21941360449983333,0.2282300237574077,0.1953413382588159,0.05689260135044905,0.06716568053395613,1.0
0.3,0.401522488743317,1.0,1.0,1.0,0.15865010799288098,0.18225822951257534,0.16300296336243578,0.049901186205241505,0.05730899977812068,1.0
0.3,0.344964631463826,1.0,1.0,1.0,0.20755943240327213,0.2294821008471656,0.20354667058543813,0.05618816733604271,0.06590358705875055,1.0
0.3,0.35424518501905367,1.0,1.0,1.0,0.1528584047496512,0.2762129084397051,0.2342024916349338,0.05310984099366406,0.0637066093050794,1.0
0.3,0.3962943106235176,1.0,1.0,1.0,0.16981901732767724,0.1853774040928708,0.17580496329771472,0.05232434311282237,0.06232725615484459,1.0
0.3,0.3543341943076368,0.0,1.0,1.0,0.16151707819113653,0.18327632965704013,0.17411863121224497,0.0517360584451633,0.06438169933624374,1.0
0.3,0.40761958092780615,1.0,1.0,1.0,0.1633922584476079,0.20574627510648796,0.1795766289434036,0.05268963410837206,0.06100236447375252,1.0
0.3,0.32442834139634735,0.0,0.0,0.0,0.20127803904422653,0.21042151952199442,0.19303258963102604,0.05977312280367607,0.06260629997411955,1.0
0.3,0.35951307446187597,0.0,0.0,0.0,0.20257762424646564,0.18695518555454876,0.16325560067687478,0.054744163996353394,0.061721590272721706,1.0
0.3,0.31454273224931184,1.0,1.0,1.0,0.18252514261660346,0.22212860401511186,0.21178007797245577,0.05849608499251368,0.06251910640153542,1.0
0.3,0.34283790467267833,1.0,1.0,1.0,0.23005932667694734,0.22938493020110284,0.19398896604826443,0.054382400575792966,0.06108660982578835,1.0
0.3,0.3249717309973632,1.0,1.0,0.0,0.19049718507076,0.19862572428068495,0.17781498056508835,0.05905848898463779,0.07256678312620655,1.0
0.3,0.3110244975147209,1.0,1.0,1.0,0.21913614920981375,0.23454816012179477,0.1900515842718183,0.06322744758822217,0.07107971594689526,1.0
0.3,0.3258007359509269,1.0,1.0,1.0,0.18585805370436975,0.21446564229767945,0.20001694990451235,0.05678448379272757,0.06439511398590664,1.0
0.3,0.3645069133423555,1.0,1.0,1.0,0.18179768595827622,0.20747468044515766,0.1657814084164761,0.05241820516433479,0.05823495012359252,1.0
0.3,0.33920091877686065,1.0,1.0,1.0,0.16058291720333043,0.20566074441936796,0.19206783440022374,0.05914804033948812,0.06668165019857185,1.0
0.3,0.35485452778181925,1.0,1.0,1.0,0.1693920700193011,0.21775097226043094,0.20476981465514071,0.05732939641322312,0.06684316832340476,1.0
0.3,0.30652809495164807,1.0,1.0,1.0,0.20098083977834555,0.20356236915810447,0.17982851592303523,0.06095998815441854,0.06617271259606058,1.0
0.3,0.4121469691831312,1.0,1.0,1.0,0.15932343700268442,0.18226720498946075,0.15662765489571223,0.04704935745489221,0.056301183003859674,1.0
0.3,0.2880996778829326,1.0,1.0,1.0,0.21373595028904485,0.25749952491384215,0.2293738867358856,0.06254763487625596,0.07047620196615628,1.0
0.3,0.3122415873236718,1.0,1.0,1.0,0.19373454207701685,0.21404442080358238,0.20501025059087047,0.06361891118834814,0.06603284720298022,1.0
0.3,0.42568452311700655,1.0,1.0,1.0,0.15317352647130086,0.17871895847752262,0.1596157237773518,0.045877559302362494,0.052748178521717135,1.0
0.3,0.3389790121370381,1.0,1.0,1.0,0.19871248878730355,0.21300252694533617,0.1859814987465384,0.054132405574461924,0.06451492768413986,1.0
0.3,0.3380045874198247,0.0,0.0,0.0,0.18649971805902657,0.18626208132452163,0.1712906400249794,0.05957429111834258,0.06618570625045452,1.0
0.3,0.3015249023591974,1.0,1.0,1.0,0.20771034559523233,0.2178734751319113,0.19569778133923815,0.05954102777429122,0.06219221391270349,1.0
0.3,0.3544084589402948,1.0,1.0,1.0,0.20930210856063808,0.2039534578115763,0.1877726269288887,0.052519211793196074,0.06246793692322977,1.0
0.3,0.32633704683566456,0.0,1.0,1.0,0.19286737663771839,0.21649601672318686,0.20828600461540764,0.06292035237931812,0.06796145597119267,1.0
0.3,0.2866940008985584,1.0,1.0,1.0,0.23111568640535324,0.23644019440357122,0.22978803109115212,0.06772405827502274,0.0720830917602986,1.0
0.3,0.32243886409214867,1.0,1.0,1.0,0.18239495014660537,0.2554199109109719,0.21841680705038174,0.059545601901529265,0.06748482013129319,1.0
0.3,0.3483530417727123,0.0,1.0,0.0,0.15575928767015848,0.21100096204609872,0.18112091134127087,0.056025557213764864,0.0653589214492071,1.0
0.3,0.3362310376766314,1.0,1.0,1.0,0.16346173853694362,0.18597714289649311,0.18085626754335932,0.06113556622401574,0.0688957151779702,1.0
0.3,0.3766038390143694,1.0,1.0,1.0,0.18090403290659704,0.17885999126633237,0.15967088861395032,0.05627774698825525,0.0640272040164786,1.0
0.3,0.4234973880603556,1.0,1.0,1.0,0.1573840069910262,0.17520215262493422,0.1514066524632342,0.0436874241959654,0.050646311384123524,1.0
0.3,0.30322612660660175,1.0,1.0,1.0,0.20589946749775806,0.24797598578551755,0.21703656110384895,0.06427387470744685,0.07357770734773973,1.0
0.3,0.35527251131072923,0.0,0.0,0.0,0.195568661306591,0.21960782566051087,0.20633272655022425,0.05562637265290529,0.06172451166171983,1.0
0.3,0.30187546824302525,1.0,1.0,1.0,0.21579603261908029,0.23678470609585908,0.21701876360310868,0.06132691046573848,0.0706912373809015,1.0
0.3,0.34501587771397463,1.0,1.0,1.0,0.20319506849925845,0.22317080400344383,0.2122544430376545,0.054220890410902986,0.06637120994577277,1.0
0.3,0.3176140350484183,1.0,1.0,1.0,0.2132472550523104,0.21385645729633387,0.19810226067254896,0.06406749446762944,0.07381479641554006,1.0
0.3,0.3003583495769029,1.0,1.0,1.0,0.20568632773519208,0.22989689829180443,0.2227200857393387,0.06698583514377071,0.06869437435356267,1.0
0.3,0.3338768930438422,1.0,1.0,1.0,0.1921298222776827,0.22184701252283726,0.1936420116511029,0.058543950462301625,0.06686005367188524,1.0
0.3,0.42167764055030715,1.0,1.0,1.0,0.14510191565502034,0.17161900076345105,0.14875086482781913,0.04837188350908885,0.05365270567514915,1.0
0.3,0.25905469982952917,1.0,1.0,1.0,0.27435089476637,0.27886371782164365,0.25899527307977294,0.06819778086881448,0.07128462020858149,1.0
0.3,0.2877544061503583,1.0,1.0,1.0,0.2347980283640007,0.2437026782929365,0.22332937573485873,0.06461259122891161,0.07439078434887116,1.0
0.3,0.3679306695138006,1.0,1.0,1.0,0.17614147354771142,0.20267534503835244,0.17406607360857995,0.05115431492129244,0.06083359866467217,1.0
0.3,0.35280103202711205,1.0,1.0,1.0,0.17951950248012633,0.1940329009284292,0.18244668433505232,0.05588615755476373,0.06354115417724868,1.0
0.3,0.40595242933553805,1.0,1.0,1.0,0.18149533779901722,0.18053222385874315,0.15778488359681972,0.049122569046725024,0.05425500550199752,1.0
0.3,0.3408163299282662,1.0,1.0,1.0,0.2078523994367813,0.2332217445102703,0.1949978413058686,0.06006929088707065,0.06961041153067837,1.0
0.3,0.33420622941710326,1.0,1.0,1.0,0.18588125650541806,0.19905392619647722,0.18372298390196531,0.055056225819601075,0.061615477894962314,1.0
0.3,0.38050685607724655,1.0,1.0,1.0,0.18381023263001095,0.19323640355307084,0.16180845288175336,0.05153639957277264,0.059521602756920845,1.0
0.3,0.31369001122113066,1.0,1.0,1.0,0.22345380663904607,0.26305664226097353,0.23817146150469667,0.060714536810985556,0.0706071685672777,1.0
0.3,0.28899760657932694,1.0,1.0,1.0,0.25317173228466655,0.2572148934823349,0.22165934368159065,0.06844466459494826,0.07677807962953719,1.0
0.3,0.3675611915455087,1.0,1.0,1.0,0.181259575539862,0.20420582438307466,0.16649894470970644,0.053448238323198644,0.06249936169627022,1.0
0.3,0.3298048915759711,1.0,1.0,1.0,0.16515525026415434,0.21952674871386052,0.16653802962300635,0.05926732331820096,0.06394438772647947,1.0
0.3,0.3636148486951028,1.0,1.0,1.0,0.17360421866347572,0.16854633226650684,0.1505477680570836,0.060690725300968563,0.06497806940493897,1.0
0.3,0.2720236701194146,1.0,1.0,1.0,0.2797874631613107,0.2380459002574889,0.20284461055269273,0.06452580915169613,0.07226160226874792,1.0
0.3,0.3092188302397169,1.0,1.0,1.0,0.2508983468415972,0.24854533647897706,0.22018181954134058,0.05951722732714737,0.06463218781481224,1.0
0.3,0.3514027357441725,1.0,1.0,1.0,0.2193262344490477,0.2556883836603481,0.1904230235011,0.0541952442330409,0.06068833345571676,1.0
0.3,0.30182440584729775,0.0,0.0,0.0,0.22178525600339674,0.2271264927072215,0.20361871332671386,0.06514347911872614,0.07110343674159463,1.0
0.3,0.3642092142014469,1.0,1.0,1.0,0.1687710553862811,0.19425996163028567,0.18846099412465028,0.05216445256065285,0.061506952690419885,1.0
0.3,0.34569139276285504,1.0,1.0,1.0,0.20083352061179244,0.2518362795831319,0.1937411191157738,0.057039868731775877,0.06572754791462536,1.0
0.3,0.38133446061526227,1.0,1.0,1.0,0.16352891792011234,0.1734215732573353,0.15163682508628443,0.049152045528276254,0.05801189884407372,1.0
0.3,0.35682102424908935,1.0,1.0,1.0,0.19095109022886603,0.2049190159032941,0.17763591736591028,0.05402600584536959,0.06407424771075937,1.0
0.3,0.3451324986732492,1.0,1.0,1.0,0.2073779229460654,0.2257349935567186,0.2030091463307381,0.05691041229048512,0.06327135621598219,1.0
0.3,0.3372088608340057,1.0,1.0,1.0,0.18654741799791288,0.20285208630292698,0.1840487213354979,0.05640574221719943,0.06497295591395749,1.0
0.3,0.36581698199785034,1.0,1.0,1.0,0.20708616022675405,0.20127533689732915,0.19175607229282948,0.053076152860647506,0.05988910730420948,1.0
0.3,0.34647585596418434,1.0,1.0,1.0,0.18925006074901135,0.20326377483870867,0.18787021983669644,0.05422997075390824,0.06372968371160623,1.0
0.3,0.32412744497911755,1.0,1.0,1.0,0.2474574159561469,0.24937554729816586,0.21613072720046594,0.05826239784424347,0.06661039342215179,1.0
0.3,0.3269189135294984,1.0,1.0,1.0,0.173589167847663,0.23767525974587794,0.19862534164013074,0.06324243093639181,0.07161466825186302,1.0
0.3,0.261843696682397,1.0,1.0,1.0,0.2631932751042417,0.24392348937817152,0.23050472557137286,0.07260882931071488,0.08394674627610123,1.0
0.3,0.3271482925382895,1.0,1.0,1.0,0.2255124923998218,0.26763430865273224,0.23221829713695502,0.06075875901850145,0.07299417348585199,1.0
0.3,0.3433892995400701,1.0,1.0,1.0,0.2252969301680868,0.22519391033489972,0.20923585837661177,0.05294015482472754,0.06778229789027942,1.0
0.3,0.30454485827787164,1.0,1.0,1.0,0.22421133750835195,0.25566179712887005,0.22202166874744603,0.05827758415636235,0.06656812194986911,1.0
0.3,0.3336494914308234,1.0,1.0,1.0,0.20404681379206507,0.23170034007793197,0.1973910130850171,0.05903131592396368,0.06580943623016106,1.0
0.3,0.31514698380106404,1.0,1.0,1.0,0.1962878060783218,0.22600659117189242,0.2183778395293144,0.060169002850023405,0.06612475877759362,1.0
0.3,0.33181298196403114,1.0,1.0,1.0,0.236277088562536,0.22891665269944408,0.20425681584774297,0.059852888122557325,0.0690518670248825,1.0
0.3,0.3259667582454615,1.0,1.0,1.0,0.18893774289663207,0.19539187353864312,0.1854080171601556,0.0574166560987207,0.06323201569697993,1.0
0.3,0.36847454405514884,1.0,1.0,1.0,0.16042600267006102,0.1686864787180752,0.1547823266543244,0.05257854081439353,0.05881673975410513,1.0
0.3,0.31130318562409975,0.0,1.0,1.0,0.2044710046798647,0.22688958610945398,0.2169392590554941,0.06348679208418977,0.07460197772210478,1.0
0.3,0.3450353733116976,1.0,1.0,1.0,0.18101194202176935,0.2074666338152118,0.19153391590138152,0.05289196737545741,0.055392644735552866,1.0
0.3,0.3158114458086521,1.0,1.0,1.0,0.22995778681480963,0.2551846238873954,0.23249770872662018,0.05853964600145025,0.06720442590548742,1.0
0.3,0.3423016759470936,0.0,0.0,0.0,0.18616986931717885,0.20417887403843876,0.1870585159548416,0.057511811887676935,0.0639774845136359,1.0
0.3,0.30388515757727197,1.0,1.0,1.0,0.2095456217874347,0.22344380598722918,0.20929602213176474,0.06329303201452742,0.06809111144334239,1.0
0.3,0.3888049107006333,1.0,1.0,1.0,0.1753379245503674,0.19680471321707074,0.17829571840025132,0.048280567697960006,0.05694339974139209,1.0
0.3,0.43627998732697665,0.0,0.0,0.0,0.18621205590083528,0.19427457094404907,0.14033719874583322,0.04154127534179628,0.04775720390638019,1.0
0.3,0.3504926879523462,1.0,1.0,1.0,0.19089786388795407,0.24792230062893203,0.22137604043640374,0.05103341576536601,0.06579659090247784,1.0
0.3,0.3501416822796978,0.0,1.0,0.0,0.1993332737114853,0.21524277193273025,0.20428854244690592,0.05676687962945769,0.06586481735775199,1.0
0.3,0.35235577254264294,1.0,1.0,1.0,0.18776717641460614,0.2078392598670047,0.1994001837029717,0.05521296009422758,0.06606104002330368,1.0
0.3,0.3301772980134139,1.0,1.0,1.0,0.18815482909198344,0.2225511245169741,0.19338667991623862,0.05784044312807498,0.06278669964590515,1.0
0.3,0.35966037058173,0.0,0.0,0.0,0.18776673816235723,0.20749861668241582,0.1667975394021876,0.053166279355911984,0.05788919445872298,1.0
0.3,0.3672858612149112,1.0,1.0,1.0,0.17321706839236292,0.1837356597175495,0.16748434691741115,0.05262838845410075,0.05901937783432007,1.0
0.3,0.30109459307434266,1.0,1.0,1.0,0.20998735653700423,0.21685043014670416,0.19027804163438206,0.06092777413449985,0.0625106296526004,1.0
0.3,0.3317686458948407,1.0,1.0,1.0,0.18701076285954008,0.221035075336166,0.20287366758158493,0.06077304742464512,0.06897629244694113,1.0
0.3,0.45977074029703413,1.0,1.0,1.0,0.15126147316797717,0.17630990471666697,0.13659327163615376,0.04216269838325346,0.04809725913504222,1.0
0.3,0.39007048551111156,1.0,1.0,1.0,0.17280567623340998,0.19524096183591005,0.16863825741812197,0.051596549759759164,0.0618756449437496,1.0
0.3,0.36841107335837453,1.0,1.0,1.0,0.19702936025151746,0.17330908718446347,0.15457354313286434,0.049649468699822646,0.05869379007446546,1.0
0.3,0.3185598053201031,1.0,1.0,1.0,0.20485548536573264,0.2164280015098572,0.18702833967764995,0.05815258419652933,0.06373064640535446,1.0
0.3,0.3289304336197361,1.0,1.0,1.0,0.19901021834004212,0.21808607624897677,0.20483225782990083,0.05979828641083511,0.0649884670039602,1.0
0.3,0.41286502059096086,1.0,1.0,1.0,0.15766583804070972,0.1872617299217921,0.14552332228902304,0.046112850355080254,0.05546393508425643,1.0
0.3,0.3239021656641591,1.0,1.0,1.0,0.21535972861792724,0.19583374351937902,0.18204534949701198,0.05994157623958904,0.06336701325657781,1.0
0.3,0.3222189794049193,0.0,0.0,0.0,0.21034760061920882,0.2690307586734922,0.2552984915611831,0.06059842723354053,0.07319614117503882,1.0
0.3,0.3351441048421196,1.0,1.0,1.0,0.21044006026958134,0.21161324655686148,0.19140958437856376,0.05716801080259886,0.060080566121521774,1.0
0.3,0.3376331438753359,1.0,1.0,1.0,0.177380654614295,0.2016946162843125,0.15555382025059564,0.05209710311610731,0.05927413082297541,1.0
0.3,0.30669386488947115,1.0,1.0,1.0,0.22312517357181677,0.2159063477518573,0.20993070739756375,0.06231054252992376,0.07523439321552361,1.0
0.3,0.37781306424903505,1.0,1.0,1.0,0.17461110362496896,0.19159286306864548,0.17509728922107398,0.04994955267051781,0.05592084990551008,1.0
0.3,0.35472083809775923,1.0,1.0,1.0,0.1926759106889548,0.22270263142113822,0.20486160356628233,0.05005307400941016,0.0598653247500831,1.0
0.3,0.32710277282853656,1.0,1.0,1.0,0.20469574584834033,0.22172378733659262,0.19146415743517883,0.060039461994566556,0.06894193344452929,1.0
0.3,0.346714688480307,1.0,1.0,1.0,0.18845172388693995,0.24601907141163806,0.19420414262433583,0.055485177529227186,0.07006897758901555,1.0
0.3,0.3535633693820545,1.0,1.0,1.0,0.18214990338452092,0.19911430354371293,0.18456804330663906,0.05670054776165088,0.06506612608058604,1.0
0.3,0.29513844926631727,1.0,1.0,1.0,0.23390276971100396,0.22498435179497397,0.2179132743533005,0.06448811824155438,0.07003687397410871,1.0
0.3,0.3377840224287887,0.0,0.0,0.0,0.1967798621045244,0.20757139906211236,0.188188002626058,0.05303941474970295,0.06298086470419074,1.0
0.3,0.35019642498143383,1.0,1.0,1.0,0.2005864563090074,0.24612489865021078,0.22587678963363156,0.050901291413041026,0.05827135821659221,1.0
0.3,0.31194505142771345,1.0,1.0,1.0,0.20782522254582148,0.22013977902527432,0.21655855744701719,0.06175297578034634,0.07082207578404265,1.0
0.3,0.416326043159922,0.0,1.0,0.0,0.15107464105506827,0.17232176537946964,0.14729211966574185,0.049105859960896704,0.05398365515406771,1.0
0.3,0.3327668622355148,0.0,0.0,0.0,0.19514122924977093,0.22037379967680398,0.19915964339345882,0.05879921169241869,0.06498751102721977,1.0
0.3,0.4687090158128896,1.0,1.0,1.0,0.14431332821219675,0.18792672095908403,0.1549100423601539,0.043310426437741245,0.05322459385435375,1.0
0.3,0.3627968316395839,1.0,1.0,1.0,0.17942966179286846,0.19241003792668215,0.16714587325334446,0.05321868974307648,0.06057042613526127,1.0
0.3,0.37633618333753216,1.0,1.0,1.0,0.1656915386438939,0.18445854265054099,0.15529290760768416,0.05206911742413398,0.05317672367594122,1.0
0.3,0.3164877168152989,1.0,1.0,1.0,0.22263343010219386,0.23787346915946322,0.21588648610710665,0.05880247857274968,0.06711886209515434,1.0
0.3,0.3354917706628418,1.0,1.0,1.0,0.201773679099927,0.23214783944573067,0.20025159467771397,0.059934370238698687,0.06490421870296283,1.0
0.3,0.3531775253425841,1.0,1.0,1.0,0.19205122665294197,0.2662720215229175,0.2099775662639197,0.0578021418648591,0.06889404915383956,1.0
0.3,0.35079093411555,1.0,1.0,1.0,0.1567308139111738,0.20968274023071337,0.1844257181160991,0.05994143644072274,0.06463051970263309,1.0
0.3,0.3313557083672444,1.0,1.0,1.0,0.1985593069025881,0.21434791130711575,0.19460330906107862,0.05961336644541998,0.06634035696839069,1.0
0.3,0.3082698424988303,1.0,1.0,1.0,0.20995439658438916,0.2361342827166742,0.21459146226764592,0.06299502413935318,0.06949394523192472,1.0
0.3,0.3359132886788638,1.0,1.0,1.0,0.1897606923093727,0.18409821169095897,0.15620994794604792,0.057304828174481744,0.06064074209755211,1.0
0.3,0.3548548698598903,1.0,1.0,1.0,0.17367069837050284,0.19859716513392375,0.1794401227587208,0.05521911005960851,0.06235971176128385,1.0
0.3,0.3782977616164534,0.0,0.0,0.0,0.16035584606998654,0.18789373325468223,0.1572083073980876,0.05419589773840844,0.06630607739114089,1.0
0.3,0.3347703016432173,1.0,1.0,1.0,0.20434408329655668,0.20895429097211898,0.18360328635389675,0.05524883090165538,0.06482156431320191,1.0
0.3,0.3103954231013257,1.0,1.0,1.0,0.22649260798449652,0.23906286033745028,0.21350856892379033,0.0654768898627449,0.07357208520666415,1.0
0.3,0.35394031599744036,1.0,1.0,1.0,0.18396004171352792,0.2219897041624848,0.1947446266891617,0.051066551719677326,0.06257184108722182,1.0
0.3,0.349169599751819,1.0,1.0,1.0,0.18451375737619888,0.20010175674993375,0.17904231175877564,0.052437646223570555,0.06177243373733418,1.0
0.3,0.2940506029661397,1.0,1.0,1.0,0.20326692859936007,0.24224779308291428,0.23440301762682597,0.06233176966758333,0.07183565276805359,1.0
0.3,0.2794811748984158,1.0,1.0,1.0,0.21450937155592373,0.2333277596582734,0.21488334041736867,0.06951386878978655,0.07315272933233685,1.0
0.3,0.3887109690001673,1.0,1.0,1.0,0.15938078051490046,0.19641545989136208,0.15909016493100886,0.04712678300929917,0.05512347570265977,1.0
0.3,0.36085995550766004,1.0,1.0,1.0,0.2089498087041243,0.23570930676751373,0.2130299281514641,0.05466844904133749,0.062395874318349163,1.0
0.3,0.36683594150212107,1.0,1.0,1.0,0.16595212156331735,0.17052632690779004,0.16042258849551053,0.05157133047529294,0.05338272329451402,1.0
0.3,0.357739981806396,1.0,1.0,1.0,0.20193544389843635,0.2030884562491028,0.17996020600209495,0.05486770800808837,0.06336266991679215,1.0
0.3,0.2901863888097333,1.0,1.0,1.0,0.22379041702605304,0.25369850053893395,0.22628887355490437,0.06842972542540662,0.07737952970913423,1.0
0.3,0.330853663764925,1.0,1.0,1.0,0.20340479162248487,0.20728309744380455,0.18852713493997522,0.05581676232293491,0.06322352899385386,1.0
0.3,0.3035173359201648,1.0,1.0,1.0,0.2342410878546639,0.256420099870288,0.24135145625800664,0.05937401238601813,0.07405243767185903,1.0
0.3,0.2859047790316216,1.0,1.0,1.0,0.20541165130245914,0.21030528610524576,0.2003370779142135,0.06780876200161569,0.07605726845006565,1.0
0.3,0.32588785757040734,1.0,1.0,1.0,0.2058324681211065,0.2135433598731959,0.19933521259355047,0.06325729039169588,0.0713972280440245,1.0
0.3,0.31344922491618155,1.0,1.0,1.0,0.18514122704556918,0.21357356263966007,0.19073518138384749,0.060972245631971934,0.06940248368067413,1.0
0.3,0.3471119532480123,1.0,1.0,1.0,0.18607164222018452,0.2194295495505147,0.2007256242074364,0.057310101245539063,0.0685439682843954,1.0
0.3,0.3953411686683937,1.0,1.0,1.0,0.1577526076261857,0.18089942717090524,0.14197911038957756,0.048331887461599415,0.055870236929377176,1.0
0.3,0.31460055403098836,0.0,1.0,0.0,0.18240371869265898,0.2038043298477669,0.1836454614971257,0.059934057636035494,0.0672454869050643,1.0
0.3,0.3519888226941655,1.0,1.0,1.0,0.17917368732119088,0.18600397025754922,0.16193876137904983,0.05654171847269878,0.06428920322273379,1.0
0.3,0.34642466567192914,0.0,0.0,0.0,0.23326096038663366,0.2052069333034494,0.194053762559858,0.051843024950648166,0.05588529733051829,1.0
0.3,0.4207416576635628,1.0,1.0,1.0,0.15519281147092248,0.17383621182356818,0.1418565103800727,0.047526100649212755,0.05734334543241332,1.0
0.3,0.3601661291987139,1.0,1.0,1.0,0.1936101422730796,0.20875879230935546,0.19157215981106457,0.05037563653183242,0.05731031030391846,1.0
0.3,0.2889481187901,1.0,1.0,1.0,0.22948290822821912,0.2357947508277812,0.22376473947338255,0.06534791796872745,0.07639845730022761,1.0
0.3,0.2871676760238679,1.0,1.0,1.0,0.24205919825371325,0.257547147896775,0.24046223913000472,0.07508715557172968,0.08579329044507411,1.0
0.3,0.3263457375731748,1.0,1.0,1.0,0.20357987931436483,0.2496351406966771,0.2154746072967965,0.059198080349510275,0.06787936970252752,1.0
0.3,0.32386090118489685,1.0,1.0,1.0,0.17540151934579434,0.20968450901198268,0.1968983178637969,0.05589601765958296,0.06375989519611899,1.0
0.3,0.2789900210184305,1.0,1.0,1.0,0.24783355619985242,0.2454829133332413,0.23823315099433615,0.06554588945477532,0.07131377826723576,1.0
0.3,0.41659910304992925,1.0,1.0,1.0,0.15812868894855278,0.19629494732863223,0.16448531288238585,0.046591617511876446,0.054976055439020184,1.0
0.3,0.39035917777497203,1.0,1.0,1.0,0.16859167854286022,0.21164519990369463,0.19527829840213307,0.05026073429931618,0.0594810977786842,1.0
0.3,0.41484469540328944,1.0,1.0,1.0,0.15023931657922124,0.19854467317950922,0.17107167397883327,0.04713625955783371,0.058212703093207224,1.0
0.3,0.35534827899143595,1.0,1.0,1.0,0.17518194990234112,0.21820270867904087,0.18653109907563084,0.05545678957677186,0.06378681486846474,1.0
0.3,0.29021357837967376,1.0,1.0,1.0,0.21274070853583565,0.24487201266972577,0.22403601835332285,0.06493981415965737,0.0695202983656509,1.0
0.3,0.3375270004203205,0.0,0.0,0.0,0.18978366303602984,0.19573164432219092,0.1739982601467801,0.058851043028652406,0.06183791322956098,1.0
0.3,0.2839746832162998,1.0,1.0,1.0,0.21812265516570287,0.2519638422077658,0.23199854339662523,0.06758261726156248,0.07776031290618851,1.0
0.3,0.3403382621309258,1.0,1.0,1.0,0.1695680189848801,0.19968444791590806,0.17808562521031152,0.0535970732103193,0.06490716945987815,1.0
0.3,0.29446754638797534,1.0,1.0,1.0,0.1951303284255312,0.22417878891874327,0.20935033801761316,0.06957995959855601,0.07102923926504005,1.0
0.3,0.35700634812821613,1.0,1.0,1.0,0.17275914980081658,0.19711947536590874,0.18014331306090212,0.054367938186191116,0.0638750373682174,1.0
0.3,0.3267381911310954,1.0,1.0,1.0,0.2056586678382156,0.2334699232420693,0.21503500371196987,0.055567331584154826,0.06773196392658744,1.0
0.3,0.3121697043285859,1.0,1.0,1.0,0.21203871496602558,0.23055268532245626,0.20793554402793815,0.06243639829778749,0.06629066155971076,1.0
0.3,0.3205445389533624,1.0,1.0,1.0,0.2083742261856664,0.2376348796622107,0.18841706556321747,0.06047587899514736,0.06764386191256287,1.0
0.3,0.4589726101781489,1.0,1.0,1.0,0.15929646311146353,0.17674343419649036,0.14753539418372727,0.04244323881823056,0.05273755850086939,1.0
0.3,0.3244710545875623,1.0,1.0,1.0,0.19680227825354052,0.2236100071603623,0.1940180046362708,0.06333916258722234,0.07105073078497573,1.0
0.3,0.3518932771086527,1.0,1.0,1.0,0.18017806884519444,0.18450033664098794,0.16819302471499376,0.05644535099895478,0.06156238164242027,1.0
0.3,0.3091066984260764,1.0,1.0,1.0,0.2483863014914724,0.22762715276476123,0.1820353774476669,0.05828104012897911,0.06484194564679213,1.0
0.3,0.3712021547196539,1.0,1.0,1.0,0.15741389071358608,0.1679007256996777,0.15615158480749722,0.055314016242192586,0.06039291442609123,1.0
0.3,0.33124940698730354,0.0,1.0,0.0,0.1819636561374411,0.21092881636696376,0.1933604814688425,0.05865665141548864,0.06658378372708865,1.0
0.3,0.32080180462220603,1.0,1.0,1.0,0.19211958120060976,0.21415244607263925,0.20781597549326344,0.059821355160210345,0.06675586100847002,1.0
0.3,0.3577347616310424,1.0,1.0,1.0,0.17949989891189508,0.18834341536187554,0.16700289569152843,0.058327270052423136,0.06360972834524445,1.0
0.3,0.36631217858096643,1.0,1.0,1.0,0.1660926165284812,0.18621919975432685,0.16906118218661884,0.05541129018040622,0.0596792096082886,1.0
0.3,0.39879862022803414,1.0,1.0,1.0,0.16222893965227425,0.2025051734795167,0.18833098036466192,0.047594361836377955,0.06060872958775221,1.0
0.3,0.3741554331672957,1.0,1.0,1.0,0.1727211706325985,0.22078661802649177,0.19823491471614607,0.047498560920229665,0.05589542203216466,1.0
0.3,0.3403017292463322,1.0,1.0,1.0,0.17320693750010394,0.20188610797536904,0.17938847783720102,0.0580361611803297,0.0681649294841426,1.0
0.3,0.28388072648903934,1.0,1.0,1.0,0.23895696028944763,0.2478932540583183,0.23525652528282107,0.06465396808732927,0.06848328996008995,1.0
0.3,0.34559598178205314,1.0,1.0,1.0,0.1917893358239478,0.21436794625289993,0.2002925191803852,0.05202837611450153,0.06093544575653178,1.0
0.3,0.33974533483225255,1.0,1.0,1.0,0.17027722874821954,0.21104674188864828,0.18274077745760925,0.060591540390369215,0.07037070154755085,1.0
0.3,0.3383899088173228,0.0,0.0,0.0,0.18725916998602327,0.22766504886622982,0.20046285146795886,0.053517325292729456,0.06583720941390406,1.0
0.3,0.32483110365764906,1.0,1.0,1.0,0.20656657186432267,0.23422046230593888,0.20123425596948655,0.06210119341749028,0.07266000439237724,1.0
0.3,0.4048791259462414,1.0,1.0,1.0,0.16202185259710963,0.19391177581371175,0.17250384633744803,0.05289785104226172,0.0628089405240491,1.0
0.3,0.3147458903148359,0.0,1.0,1.0,0.1994487204468686,0.23151058556112342,0.21630221249297085,0.06067240289635253,0.07114515328182462,1.0
0.3,0.2919381089531853,1.0,1.0,1.0,0.19712959858331486,0.23407355427270743,0.22337123258285377,0.06848734810612479,0.07042177081553208,1.0
0.3,0.30569717251782946,1.0,1.0,1.0,0.226301413458254,0.25168426488551016,0.21641597679763414,0.05748292931248481,0.06799288646253195,1.0
0.3,0.3169072795375654,1.0,1.0,1.0,0.23720412663778917,0.2399793752823091,0.2153498925651399,0.05690069970024978,0.06605864436582717,1.0
0.3,0.33435781491352856,1.0,1.0,1.0,0.1894591054792918,0.23941396110879412,0.21227726687829787,0.0601439184430668,0.06701018550246488,1.0
0.3,0.3611484476119241,1.0,1.0,1.0,0.17302994326645146,0.22126158995802453,0.17669642706975774,0.051016043945545084,0.05850848781925876,1.0
0.3,0.3318729374699463,0.0,0.0,0.0,0.20751371547577194,0.21693645327445266,0.20503798821011085,0.05731348734963811,0.06304814291311663,1.0
0.3,0.3542277609896067,1.0,1.0,1.0,0.19184734602901937,0.21223283850171687,0.16135735405855411,0.05215822936418521,0.05956177810031606,1.0
0.3,0.3767171605142487,1.0,1.0,1.0,0.15207794675168643,0.1747745976712827,0.1562076790748136,0.05009465231752418,0.05560126116868445,1.0
0.3,0.3305307740062315,1.0,1.0,1.0,0.22077879155035376,0.22997137920810581,0.21356188276413235,0.058834114293504866,0.07040832889360474,1.0
0.3,0.3304764007912571,1.0,1.0,1.0,0.20649502744322318,0.2160375052804291,0.18385656401459985,0.05664461966931724,0.06662906267027209,1.0
0.3,0.34204456291188123,1.0,1.0,1.0,0.22758282583126105,0.2550019854561315,0.22791601009116474,0.05481592911678684,0.0662167167765637,1.0
0.3,0.305578440937705,1.0,1.0,1.0,0.20532522357576152,0.22064645554426923,0.19865721197340797,0.06839551050130595,0.07149619374262514,1.0
0.3,0.40218766828100416,0.0,0.0,0.0,0.1941502507783155,0.20308120598560034,0.16798998120269945,0.04924029949951555,0.05738242237752669,1.0
0.3,0.2944080066696794,1.0,1.0,1.0,0.21364795906460995,0.21935494863765648,0.19582941882531094,0.06162707011389726,0.06759660363356938,1.0
0.3,0.3266302147871783,1.0,1.0,1.0,0.1833845932201233,0.21827931611997306,0.19818827651650409,0.06325201279744823,0.06891327162407133,1.0
0.3,0.3722541007231091,1.0,1.0,1.0,0.15387881272876575,0.17277952748816625,0.14505464732984474,0.049822219761947915,0.05649505990246471,1.0
0.3,0.364496289966714,1.0,1.0,1.0,0.17213854253443855,0.218427170046749,0.19555698197263657,0.05366543600017918,0.06769424586424402,1.0
0.3,0.28226280826917555,1.0,1.0,1.0,0.24293747355766704,0.260713662368129,0.24350458536724723,0.06711112853996215,0.07603404785193169,1.0
0.3,0.40103602020782936,0.0,0.0,0.0,0.14282514945854655,0.19209236700864624,0.18113009775726677,0.04835557931335271,0.0577708471553105,1.0
0.3,0.3764621072484251,1.0,1.0,1.0,0.16799564596427496,0.17195834909530514,0.1509558318625103,0.0492410652038963,0.05429105414008925,1.0
0.3,0.2843197476190196,1.0,1.0,1.0,0.24569356322099273,0.2607107132186114,0.24394248238980057,0.0675220723957581,0.07501773386831977,1.0
0.3,0.31485215817545403,1.0,1.0,1.0,0.19463619321033088,0.21846077561683014,0.20701164110264852,0.06201715615197674,0.07010185818119327,1.0
0.3,0.3649426139723879,1.0,1.0,1.0,0.16642022193692635,0.20464904376794374,0.18154667627782836,0.05297000797624807,0.06415789413418307,1.0
0.3,0.34703921158315754,1.0,1.0,1.0,0.19506117890501973,0.22784059015093677,0.19281734810987788,0.05487424743777397,0.06461306484221145,1.0
0.3,0.34550079286016344,1.0,1.0,1.0,0.19097282749567496,0.20261669652257788,0.18452412010845287,0.05426076100854937,0.061521016806470624,1.0
0.3,0.313663035262706,1.0,1.0,1.0,0.20623103884480418,0.22156004498714593,0.2124378954303742,0.06063767733915952,0.0710761098482538,1.0
0.3,0.32658084404350224,1.0,1.0,1.0,0.20646990504265111,0.18827916994910512,0.1745450435879253,0.060131069265105135,0.06771120948548376,1.0
0.3,0.32060329044956415,1.0,1.0,1.0,0.20812492384047357,0.22357674497486085,0.19921748760211722,0.056606464139504625,0.06171476014622143,1.0
0.3,0.30510711948047015,1.0,1.0,1.0,0.22779675673141683,0.2518080840583415,0.23650462189922092,0.06953940497980388,0.0754896066007899,1.0
0.3,0.2828625351098466,1.0,1.0,1.0,0.23474922340180787,0.2694654594956584,0.2535763799346613,0.07070674175190222,0.08327369126751939,1.0
0.3,0.3618776334369513,1.0,1.0,1.0,0.18502548930779,0.18814257757817157,0.15934606766873538,0.053030207213968984,0.05972606984829491,1.0
0.3,0.29156372876326925,1.0,1.0,1.0,0.2198527076797791,0.19998194230608263,0.19823074511701763,0.06306870730229874,0.06876705236626948,1.0
0.3,0.3676801187599215,1.0,1.0,1.0,0.16044779654413202,0.23689491027571702,0.2139179172200365,0.051238135030914116,0.06361182402143417,1.0
0.3,0.3805591783763313,1.0,1.0,1.0,0.1771666498128771,0.18504599932402596,0.1674982192936561,0.04943768196972049,0.05741272611146942,1.0
0.3,0.386564412397064,1.0,1.0,1.0,0.16846345263052745,0.18090672487289955,0.1615656581812073,0.04918180112604659,0.05465876209407581,1.0
0.3,0.33069622156343764,1.0,1.0,1.0,0.182818164180782,0.20111858472163605,0.17118011293602223,0.055611403837403116,0.06450185848768995,1.0
0.3,0.29715885749868576,1.0,1.0,1.0,0.20748308296902032,0.2070012124897845,0.19552727004092688,0.06478092900460347,0.06822954627987991,1.0
0.3,0.33658202679809446,1.0,1.0,1.0,0.19146619751567837,0.21424219491229088,0.19579573439953096,0.05597855449675653,0.06534475359401543,1.0
0.3,0.3397269700583579,1.0,1.0,1.0,0.2028684296640011,0.24554348238594442,0.19971666204890126,0.05727549051014033,0.06359934592286876,1.0
0.3,0.36851360985923154,0.0,1.0,0.0,0.18179183626679743,0.23010962985780642,0.19341512262182378,0.0506293773711567,0.059979380636866086,1.0
0.3,0.28652634313009445,1.0,1.0,1.0,0.22776275327394552,0.2543180316084573,0.2380604795090891,0.05918830511012854,0.06903264299385735,1.0
0.3,0.3389105577527737,1.0,1.0,1.0,0.19646823770890925,0.21158297230502407,0.18472205185187554,0.057118761569791995,0.06527588425787323,1.0
0.3,0.3852696686440318,0.0,0.0,0.0,0.1447342626121017,0.19635520150827102,0.15617236955849081,0.050790802048583626,0.06097032360473481,1.0
0.3,0.2897259673998921,0.0,0.0,0.0,0.20954576594518093,0.24446677365776406,0.2297376029268583,0.059753159262530595,0.06810085825321627,1.0
0.3,0.3603720051067476,0.0,0.0,0.0,0.16326811800693938,0.18105253675959004,0.16831928611626526,0.05583472408565142,0.05929824856253603,1.0
0.3,0.46154648752675415,1.0,1.0,1.0,0.12922387497774768,0.1689473517908239,0.1387757247198837,0.04251897129862407,0.051526872333676296,1.0
0.3,0.3263511114148159,1.0,1.0,1.0,0.20751602422606955,0.23624075244843956,0.20459984750731,0.055340151545344496,0.05759956537174986,1.0
0.3,0.31408404986577326,1.0,1.0,1.0,0.1852133614961835,0.24036124364162567,0.20890295355465244,0.06228315171402363,0.06864456991638931,1.0
0.3,0.3416442890368362,1.0,1.0,1.0,0.18637803058530142,0.23508285130980547,0.19974322280832763,0.05318301592773644,0.06220990510404581,1.0
0.3,0.36913824558777236,1.0,1.0,1.0,0.1984566109316643,0.20989713953697517,0.1910499357919413,0.05199260531181707,0.0651984290579405,1.0
0.3,0.4043357320653363,1.0,1.0,1.0,0.16927260437283498,0.19752704708967442,0.17318529956185955,0.04905535637402602,0.05835153333369375,1.0
0.3,0.3134752218302381,1.0,1.0,1.0,0.2034695607700284,0.1681657854448932,0.15557610351865828,0.0607230528642831,0.06768037394521775,1.0
0.3,0.3163030648003637,1.0,1.0,1.0,0.1990766323116704,0.19961329190803506,0.1875558282603571,0.06216729360529008,0.06698404863033451,1.0
0.3,0.3589578679455718,1.0,1.0,1.0,0.14734799325534462,0.18782996263770915,0.1695297611324566,0.05571683478753513,0.06200698261034149,1.0
0.3,0.4149817832328401,1.0,1.0,0.0,0.16314460550872695,0.1647429853945866,0.14652392728596195,0.046133467854914165,0.053344366455142206,1.0
0.3,0.3486427368365897,1.0,1.0,1.0,0.1957779560728433,0.23437946492964862,0.2132301360907965,0.05294236320605359,0.06366690222705106,1.0
0.3,0.3598851591692886,0.0,0.0,0.0,0.15597447543853815,0.16604822328957713,0.1652951161544876,0.051752591214040695,0.060662830545077,1.0
0.3,0.3652310719535731,1.0,1.0,1.0,0.21844279753312348,0.2461759112490573,0.22041408652264388,0.05552167017281016,0.06626404254250559,1.0
0.3,0.33849026998778214,1.0,1.0,1.0,0.1832100510606865,0.22425264083928056,0.20427371191241375,0.056291971837794115,0.06649770831193443,1.0
0.3,0.2927087401308309,1.0,1.0,1.0,0.21568211097102438,0.23642482649416677,0.21391846204358744,0.06829680882847876,0.07597631818274682,1.0
0.3,0.33347289272904823,1.0,1.0,1.0,0.17620061139100587,0.1776423746717481,0.167604268807459,0.0599983931719178,0.06429413999909933,1.0
0.3,0.3392486805318883,1.0,1.0,1.0,0.16647834444539664,0.229641950066204,0.18135198284765228,0.058677095832676676,0.06728446162560148,1.0
0.3,0.3577750533520122,1.0,1.0,0.0,0.1839024087941256,0.19936338582489435,0.18322596881512457,0.05324611319673382,0.06071064250156448,1.0
0.3,0.3706243745823596,1.0,1.0,1.0,0.1922227472864563,0.19075857286679457,0.16824037419527957,0.05500338649312471,0.06429349355867232,1.0
0.3,0.3417139841092889,1.0,1.0,1.0,0.20509119461439768,0.21019935569693074,0.17443618856332976,0.057399087026793284,0.06238714754534018,1.0
0.3,0.3414916565325792,1.0,1.0,1.0,0.21033367666107114,0.2000725585485533,0.17933796098142313,0.056037623546501415,0.0610801873116778,1.0
0.3,0.29089600805010185,1.0,1.0,1.0,0.20812529451970435,0.2735913847936719,0.25690939539365065,0.06783811410496089,0.07583390415939718,1.0
0.3,0.3286532190902783,1.0,1.0,1.0,0.20990510155441866,0.2392479506547714,0.2087811865176758,0.056987429806193084,0.05929214736578325,1.0
0.3,0.4078978673329489,1.0,1.0,1.0,0.15048997735461253,0.1963160537544281,0.17357187231122845,0.047850331832025327,0.06174696405409615,1.0
0.3,0.28516671437255986,1.0,1.0,0.0,0.2236785212520362,0.2219331210976235,0.20677264844483192,0.064501535059767,0.06989525335072701,1.0
0.3,0.30288004529920226,1.0,1.0,1.0,0.2193374483984239,0.32215230349211327,0.2455725028826802,0.060829901394326466,0.07314669494664733,1.0
0.3,0.40189253536102665,1.0,1.0,1.0,0.1990807878900083,0.2271782352866718,0.1844208795336625,0.04851698631408716,0.05932448948625375,1.0
0.3,0.3567448831935688,1.0,1.0,1.0,0.18408576965416878,0.2004508259811686,0.19178989766635673,0.05578480031588299,0.06252530989408113,1.0
0.3,0.33318228441127484,1.0,1.0,1.0,0.21322789193362093,0.21709310663004305,0.19617933773676052,0.05634148403534564,0.06693623094878005,1.0
0.3,0.308952308701609,1.0,1.0,1.0,0.19282613729143452,0.24234141485850555,0.20642320887569024,0.05854301717416828,0.06328818418502441,1.0
0.3,0.4062099957126522,1.0,1.0,1.0,0.1705860232779422,0.19184389423251447,0.16571604403000964,0.044373294645631466,0.05370011684501433,1.0
0.3,0.3625986662644624,1.0,1.0,1.0,0.1837249328877742,0.1928504420338161,0.17635027000301579,0.04989161711646437,0.05859434197533817,1.0
0.3,0.3480668213915606,1.0,1.0,1.0,0.21715867241161274,0.22276875331300788,0.18504514217369533,0.055839513941344184,0.062275268981486456,1.0
0.3,0.35194051199294857,1.0,1.0,1.0,0.18348661757214796,0.20236611634990523,0.19892785958379572,0.05072837330221074,0.0619541615562372,1.0
0.3,0.3872402488390729,0.0,0.0,0.0,0.16420783002840328,0.19056561574732472,0.1844697972557359,0.05222524786024119,0.06076619998262405,1.0
0.3,0.29238773040170346,1.0,1.0,1.0,0.21246807111946056,0.2574329880564262,0.2304900339265139,0.0700624188363465,0.07458842593790448,1.0
0.3,0.34151359000619996,1.0,1.0,1.0,0.19095143852774546,0.23374968701444407,0.21774129717445678,0.05704939689189236,0.06302556195438036,1.0
0.3,0.34852574504486283,1.0,1.0,1.0,0.1891224761601428,0.21886903964914026,0.171827686777983,0.06081535182886906,0.0649711222843554,1.0
0.3,0.3016309764488119,1.0,1.0,1.0,0.2043571690799008,0.24043719082521023,0.2274492751604377,0.06352302534937264,0.071239728233682,1.0
0.3,0.3858068180663759,1.0,1.0,1.0,0.16677777349836806,0.21587206253916244,0.16781177174720635,0.0511245569530021,0.05803710956079869,1.0
0.3,0.3718625329133407,1.0,1.0,1.0,0.17456419644553178,0.20437174107655479,0.19018835856181443,0.05280701761832809,0.06522398144453102,1.0
0.3,0.3409678174797564,1.0,1.0,1.0,0.22520699592561377,0.20904705403766727,0.19008919856314416,0.05687107144540949,0.06383645647789056,1.0
0.3,0.32534414656924726,1.0,1.0,1.0,0.20984017406178648,0.2665244879970857,0.20555597523217414,0.05389093402616228,0.06218330958377829,1.0
0.3,0.3569712430390443,0.0,0.0,0.0,0.16027164916517345,0.20819320673457398,0.18263704047820345,0.05571704742068878,0.06474856706574801,1.0
0.3,0.3185551664770293,1.0,1.0,1.0,0.2463364991861614,0.25668405815497314,0.2423885632116774,0.06242370264316385,0.06654295913007145,1.0
0.3,0.3740591056384976,1.0,1.0,1.0,0.18746548990910245,0.1792221623362576,0.15640403880656445,0.05005843273059596,0.0558137563375499,1.0
0.3,0.3418383646584631,0.0,1.0,1.0,0.16212793750523505,0.21036802177651232,0.2054628806735524,0.05681459561670703,0.06970066333566828,1.0
0.3,0.4066743288378414,1.0,1.0,1.0,0.19452458596673572,0.18724738160632784,0.17196861457529555,0.04601182228275582,0.05414556853596752,1.0
0.3,0.3310669559494844,1.0,1.0,1.0,0.20651619696444262,0.23598051823753466,0.21007474999884482,0.05767400958638673,0.06664111990981157,1.0
0.3,0.3726623611926538,1.0,1.0,1.0,0.18668110193502027,0.18855044613817856,0.16541343506282719,0.048299065295927326,0.05437436291232209,1.0
0.3,0.38831456208751947,0.0,0.0,0.0,0.17008671262552083,0.1605991270885539,0.14488218930843913,0.048829210984625816,0.05574522495709236,1.0
0.3,0.34314196389769125,1.0,1.0,1.0,0.18202596096930873,0.2171742059395795,0.18541076462925715,0.05676801265815629,0.06191701373004557,1.0
0.3,0.36395842275541607,1.0,1.0,1.0,0.1634276889353437,0.17725324957365882,0.1646927953013188,0.05143630447566506,0.05695123753140112,1.0
0.3,0.35117199913229824,1.0,1.0,1.0,0.18186608319567227,0.19136023464144003,0.16892302031303041,0.05901310338172639,0.06299067191722968,1.0
0.3,0.3582927543394964,1.0,1.0,1.0,0.1973923940885157,0.23164380524551076,0.19477761239741948,0.05237797998744589,0.058982338337064046,1.0
0.3,0.4079243949104864,1.0,1.0,1.0,0.1846216193183578,0.20992084306964917,0.1693517619891034,0.04959850490979855,0.05709880704086344,1.0
0.3,0.35983524729177613,0.0,1.0,0.0,0.15814309171851493,0.1776449212387489,0.16874278768814,0.05699480799805036,0.06570981946283456,1.0
0.3,0.3510674507547747,1.0,1.0,1.0,0.1817031637277858,0.24049483109474243,0.2252300996479383,0.053351576370070965,0.06492453228798066,1.0
0.3,0.326418549321377,1.0,1.0,1.0,0.21420376081943004,0.24536859806125283,0.2223336523369981,0.06069149721160105,0.06925497635038388,1.0
0.3,0.2860912496197284,0.0,1.0,1.0,0.24574832915189804,0.27879482902884306,0.25401385841339597,0.06706422067535173,0.07776755810810064,1.0
0.3,0.3319558361818654,1.0,1.0,1.0,0.17850491100686863,0.2396223361097367,0.20764357899408575,0.058476816158573676,0.06794295733962648,1.0
0.3,0.4178894217844529,0.0,0.0,0.0,0.15896394917027418,0.18967397207203207,0.1648590770740929,0.046127697275963726,0.05670682102542344,1.0
0.3,0.3033452088592691,1.0,1.0,1.0,0.2002637176394606,0.2234096759888866,0.19487987006662838,0.06215005410433976,0.06402285439050115,1.0
0.3,0.3554199066575489,1.0,1.0,1.0,0.19704619093766287,0.2051145871053366,0.19235930963644893,0.052668040386630546,0.06910440285659997,1.0
0.3,0.31324672061118247,1.0,1.0,1.0,0.23935702525955813,0.2454109681075313,0.22777748187002525,0.05971264853711593,0.07013466878391367,1.0
0.3,0.3619608447330197,1.0,1.0,1.0,0.16388843106072268,0.1895529063131462,0.17711444119419095,0.05178361545771552,0.059575385642426884,1.0
0.3,0.3420296925814808,1.0,1.0,1.0,0.19074372499478623,0.19999806451602456,0.18781904276270658,0.058755590984442,0.06582046360550728,1.0
0.3,0.35475466174331055,1.0,1.0,1.0,0.16590701287685855,0.18450330550815802,0.15819880066032493,0.0545331314517125,0.0637259235080255,1.0
0.3,0.33422972174161053,1.0,1.0,1.0,0.20767534959951864,0.21264636757300712,0.18258839908873226,0.05717300347292203,0.06568851186751762,1.0
0.3,0.3042644696266641,1.0,1.0,1.0,0.22839512953741198,0.25166085272227323,0.2301673530606693,0.0637843937561124,0.06722537515306624,1.0
0.3,0.33494301272807603,1.0,1.0,1.0,0.18885646317338126,0.21506850328963295,0.2068976827762839,0.058282397318749624,0.07007169735493257,1.0
0.3,0.34395369817013727,1.0,1.0,1.0,0.19019925060386805,0.1902871738367356,0.17876008249473205,0.05375474032008309,0.060122304703843756,1.0
0.3,0.33389943866898275,1.0,1.0,0.0,0.2164313028879425,0.21122563244324724,0.20119238440982246,0.05816504154373618,0.06554661590564406,1.0
0.3,0.3826315845998025,1.0,1.0,1.0,0.1596054223942618,0.15985423489522738,0.14849718529925338,0.0532924057055428,0.05986043159456909,1.0
0.3,0.343847388647168,1.0,1.0,1.0,0.17539645228157735,0.2228509868930359,0.2084246413092879,0.05475624175822487,0.06847543056974509,1.0
0.3,0.3355167097615143,1.0,1.0,1.0,0.19455119534657292,0.23815725517884817,0.22365646153098578,0.060788102419097184,0.06796822870142911,1.0
0.3,0.34427689169728337,0.0,1.0,0.0,0.19262178452540607,0.21796647312214273,0.20186159292980185,0.05671011670049127,0.06556811538518237,1.0
0.3,0.34588580561856413,1.0,1.0,1.0,0.16828160002821024,0.2058373894067233,0.18908874510993512,0.05303957852428384,0.06152976427558616,1.0
0.3,0.33711973358544234,1.0,1.0,1.0,0.17624564605207335,0.19865186735241197,0.18757111454369882,0.056496992392856625,0.06554456723867029,1.0
0.3,0.32531007139927515,1.0,1.0,1.0,0.22769297841595773,0.21290420350390535,0.19306124093136662,0.058062281347621154,0.06971753713156582,1.0
0.3,0.26840977777177943,1.0,1.0,1.0,0.24971222430899936,0.23358801900338041,0.21513396464925702,0.06874169573786931,0.07511730815128483,1.0
0.3,0.34002199191508176,1.0,1.0,1.0,0.18919759907459505,0.22744937348697575,0.21217861417589204,0.053558975583060366,0.06271311718444404,1.0
0.3,0.4229965011020394,0.0,0.0,0.0,0.1430337715424325,0.17181171394768982,0.14616862497293953,0.052535547745262756,0.058665528715024555,1.0
0.3,0.30345276378838953,1.0,1.0,1.0,0.20069310242128954,0.24240715646643413,0.22812013877375784,0.06414606338536676,0.07243011614268456,1.0
0.3,0.2834205889585418,1.0,1.0,1.0,0.21931362389292244,0.24882075494460487,0.23514577997599276,0.06859409116679445,0.07653579373052356,1.0
0.3,0.3648712050179896,1.0,1.0,1.0,0.16134321030948678,0.1908432802109937,0.17397862589402371,0.054989572629025166,0.06719629667196117,1.0
0.3,0.3650334871023722,1.0,1.0,1.0,0.21579602551420204,0.19822858250587533,0.17104924209754135,0.052943392489740886,0.06128205470871491,1.0
0.3,0.3166048092082555,0.0,0.0,0.0,0.20436822555305828,0.20478916242547865,0.18615784943913483,0.06267644817685487,0.06385675731256119,1.0
0.3,0.35137572396340355,1.0,1.0,1.0,0.2061213975156544,0.21198539502992117,0.18853028620512813,0.054868341564201145,0.06291411588321166,1.0
0.3,0.304669702554614,1.0,1.0,1.0,0.23829674700301492,0.2169856590998788,0.20015216817985365,0.06097362357085185,0.06372011388583529,1.0
0.3,0.3399995311079979,1.0,1.0,1.0,0.1927670205201062,0.21285437249188677,0.1921403672324252,0.058579958072881,0.06467124012183315,1.0
0.3,0.38277043308464453,1.0,1.0,1.0,0.17343319085778403,0.19750545013095744,0.16284287492850258,0.04948796943189054,0.05640313204399641,1.0
0.3,0.3445306524732935,1.0,1.0,1.0,0.21449862973804304,0.1779106199650633,0.16311127130955733,0.05764874444521778,0.0605066000355258,1.0
0.3,0.40061379182736956,1.0,1.0,1.0,0.1628047812013081,0.16100235502544363,0.15157279308186114,0.05063766635980241,0.05601384072014214,1.0
0.3,0.3467009679112683,0.0,0.0,0.0,0.19573074940545437,0.237497674085468,0.19306534705038217,0.05366627404530223,0.06346116337731729,1.0
0.3,0.3362142503567993,1.0,1.0,0.0,0.21788745387318925,0.20414478233838462,0.18894132899267102,0.061548227855291904,0.06681024352179026,1.0
0.3,0.3115549503877916,1.0,1.0,1.0,0.15882225994092453,0.16979888926475573,0.16911023980678747,0.06084978029803974,0.06727847090080463,1.0
0.3,0.34036000068608574,1.0,1.0,1.0,0.1605616906824073,0.22321682108339233,0.19775556385717027,0.05703625666531283,0.0657616320074172,1.0
0.3,0.37019689673345096,1.0,1.0,1.0,0.21389101670013416,0.18977448483325007,0.16637421541972613,0.05135384409440799,0.06016379249113972,1.0
0.3,0.34130083107650816,1.0,1.0,1.0,0.20659665045476205,0.20758009550471934,0.14911352639782505,0.05151742784538693,0.06084786362833637,1.0
0.3,0.3228175989680254,1.0,1.0,1.0,0.2045713929966481,0.20900282316206403,0.18023436405006127,0.059290374677487295,0.0634462815454511,1.0
0.3,0.33897201157057033,1.0,1.0,1.0,0.16889076332088365,0.20462470726291607,0.18526498947797504,0.05855126626003129,0.0659623407677596,1.0
0.3,0.302714228032794,1.0,1.0,1.0,0.2120030726142191,0.2279743566532751,0.21166880399979976,0.06092462482437367,0.06803513939870784,1.0
0.3,0.3515534313378227,1.0,1.0,1.0,0.144995509931419,0.19446281544279254,0.1747963412358049,0.0558186261409566,0.0641269077368682,1.0
0.3,0.3001600024864054,1.0,1.0,1.0,0.2185908288364118,0.23346026683132207,0.21515267807535116,0.06881699219750169,0.07874983344265879,1.0
0.3,0.30669643587673734,1.0,1.0,1.0,0.22555533190319926,0.20397045969038982,0.18884242839362303,0.06411036295868738,0.06839625002897612,1.0
0.3,0.3164094828503979,1.0,1.0,1.0,0.18384452105475332,0.20757029851245318,0.19324162910052728,0.059192442345243866,0.0656117753236806,1.0
0.3,0.31324677752824137,1.0,1.0,1.0,0.19476725629703398,0.20106036498352697,0.1887304402935963,0.06036354689563289,0.06572745906785812,1.0
0.3,0.3076047345000161,1.0,1.0,1.0,0.2185227095318266,0.19224183732291567,0.175067663532202,0.05942810815154759,0.06636139958411671,1.0
0.3,0.3808570900160152,1.0,1.0,1.0,0.16952462095081972,0.2038597317405178,0.188971915213124,0.05241908298089485,0.06164638310632406,1.0
0.3,0.32517565660270126,1.0,1.0,1.0,0.21232190694803252,0.25311348387238797,0.2234071465929867,0.057987342180962444,0.06754823785371089,1.0
0.3,0.29812485972116254,1.0,1.0,1.0,0.2104349471436909,0.2368613583619271,0.22841431740937104,0.061972775506494326,0.07358229748319975,1.0
0.3,0.3814418610269432,1.0,1.0,1.0,0.17124236389824882,0.1943408841456529,0.17024003530009665,0.04883398736354533,0.05734488623471139,1.0
0.3,0.29764869412537204,1.0,1.0,1.0,0.2078761493037419,0.2223308392260876,0.20922442236694794,0.06485946602297007,0.07086973026226556,1.0
0.3,0.34624689788891944,1.0,1.0,1.0,0.2143463207312774,0.238116828231002,0.2022421986144244,0.05037911835260332,0.06398890607086431,1.0
0.3,0.29954429367187313,1.0,1.0,1.0,0.22036280972867334,0.2370598795869406,0.23025419285423335,0.06506484536778274,0.07213810239593102,1.0
0.3,0.2909368115800376,1.0,1.0,1.0,0.22294790694539185,0.21058270518296957,0.20393551925513642,0.06570110641473627,0.07160649556027746,1.0
0.3,0.29711380258704884,1.0,1.0,1.0,0.2021581144879688,0.2470685787675489,0.2217961118022945,0.06501082334066283,0.07177224886924287,1.0
0.3,0.39478085618938613,0.0,0.0,0.0,0.18458668108209172,0.20220436080367174,0.18520721069828303,0.047182449440688085,0.05853088413114336,1.0
0.3,0.35715122338480165,1.0,1.0,1.0,0.1727001075566086,0.19128262906755367,0.1588131814038001,0.05604555692891036,0.06256244302240098,1.0
0.3,0.36076234731216084,1.0,1.0,1.0,0.17766529666234573,0.19041310581138218,0.17339012347088312,0.05549883697589536,0.05974238450457467,1.0
0.3,0.3286780844854027,1.0,1.0,1.0,0.24674998947482935,0.25389522298321604,0.21704385560382916,0.056130417808421124,0.06575873905811717,1.0
0.3,0.31772606943175014,1.0,1.0,1.0,0.18513045616200602,0.1901666868069428,0.17664000231057908,0.06250155206384203,0.06810415259474334,1.0
0.3,0.3276723921032192,1.0,1.0,1.0,0.19787091821750738,0.22841283392436224,0.20303711340564118,0.059567656480224745,0.06608963974745802,1.0
0.3,0.3604081564375353,1.0,1.0,1.0,0.18768759904492516,0.1969411380516168,0.15800674488448554,0.05603564614739066,0.0618445728281493,1.0
0.3,0.3196917194764783,1.0,1.0,1.0,0.21368780807676618,0.22557383144890358,0.20154803455610398,0.058200114130177914,0.06270221369375027,1.0
0.3,0.3534654495870926,1.0,1.0,1.0,0.18197813620633546,0.19292768863159768,0.17518798778881822,0.053554281904579816,0.060195067736282304,1.0
0.3,0.2736240956423926,1.0,1.0,1.0,0.2639938829346063,0.28050543700453295,0.22867717720657188,0.06618853838414847,0.07091553537446393,1.0
0.3,0.3308497662975432,1.0,1.0,1.0,0.17625385157080506,0.19964144562652003,0.18515452789333076,0.06133850281690585,0.07602244664438756,1.0
0.3,0.30204158962713934,1.0,1.0,1.0,0.21899563911386846,0.23163674621848251,0.22778425138871175,0.06276330648773859,0.06958778885444952,1.0
0.3,0.3506294012918706,1.0,1.0,1.0,0.18785143139579258,0.21287313761366783,0.1936325189903138,0.05897808316050096,0.06528021285946178,1.0
0.3,0.3653717987041001,1.0,1.0,1.0,0.1805121260250422,0.19239859368881612,0.17914428087239362,0.051092995422775365,0.060614910046863056,1.0
0.3,0.29264541722787885,1.0,1.0,1.0,0.20636170125082937,0.22562619519416005,0.1983048384500516,0.0647149087331394,0.07122542267388536,1.0
0.3,0.3610628567939271,1.0,1.0,1.0,0.16357952067266932,0.2146540677840723,0.18108258124768015,0.05572908015922348,0.06889848221460686,1.0
0.3,0.4283018500106293,0.0,0.0,0.0,0.15890633241522165,0.19458226762227135,0.16640221917637835,0.04608368980268403,0.05620026216922039,1.0
0.3,0.2745260349058636,1.0,1.0,1.0,0.25535387121355957,0.24814724079915512,0.24105617743008184,0.06916613956123019,0.08209943791185509,1.0
0.3,0.2742888002950473,1.0,1.0,1.0,0.2334943719150921,0.2594337318514272,0.21987827867773024,0.06988128000337357,0.0794269220444082,1.0
0.3,0.32344844349728397,1.0,1.0,1.0,0.19371367091210198,0.22482265638449078,0.21698070847847156,0.06097928173646998,0.065594997635379,1.0
0.3,0.35029728950538963,1.0,1.0,1.0,0.18937531104290145,0.21418668465251037,0.20274713828018448,0.057975009479297006,0.0684418412519434,1.0
0.3,0.38078186093733823,1.0,1.0,1.0,0.17071412692521554,0.20333965527731368,0.18641436173009396,0.047889740619164595,0.05730737828186791,1.0
0.3,0.3343188007393864,1.0,1.0,1.0,0.19643985620667162,0.2551563043894731,0.21005501483044692,0.05483371732712717,0.060402765367345165,1.0
0.3,0.33003165124703676,1.0,1.0,1.0,0.2276481328613696,0.2685760452958343,0.2328274242823392,0.05319491344807775,0.06241840961293362,1.0
0.3,0.37308089130076416,0.0,1.0,0.0,0.15728376409429237,0.21051851211433412,0.19380423380017292,0.05264134438572051,0.06521600479410396,1.0
0.3,0.4156173666217861,0.0,1.0,0.0,0.1467003348858804,0.1778402214258593,0.15229170658703012,0.04810442446971953,0.0553533804323145,1.0
0.3,0.35660584933600215,1.0,1.0,1.0,0.17560478777062072,0.18748087236049088,0.16923193537354583,0.05681822820865639,0.06226590359077283,1.0
0.3,0.3466374770609914,1.0,1.0,1.0,0.17009739801635285,0.2185968454519808,0.20732420263144005,0.052927528819663554,0.06305005023548023,1.0
0.3,0.3516673862672753,1.0,1.0,1.0,0.16585033864685755,0.18722173354983584,0.16932473034479156,0.0533956804617419,0.066183338829935,1.0
0.3,0.3036143334195898,1.0,1.0,1.0,0.2303948852699699,0.2720251351011461,0.23798953978308401,0.06499907614210448,0.07014289770430553,1.0
0.3,0.29266985141935087,1.0,1.0,1.0,0.23222233194924194,0.23240123398279405,0.21288700947823802,0.06715606455643408,0.07234688652706771,1.0
0.3,0.3842707815489508,1.0,1.0,1.0,0.17033450433756886,0.1928014965308292,0.16754873145283355,0.05205876108632637,0.062452615622484824,1.0
0.3,0.28802771338248095,1.0,1.0,1.0,0.2334428707914425,0.24665498220748744,0.22251719078820126,0.06374031874177107,0.07150185992273216,1.0
0.3,0.3292784098633906,1.0,1.0,1.0,0.2026556907610873,0.2359437188517429,0.20380909494793292,0.06147364609514384,0.06984206910470409,1.0
0.3,0.3569095946473293,1.0,1.0,1.0,0.17605467617520207,0.20196014264345902,0.17380091201750564,0.05619313900740967,0.0652299836286891,1.0
0.3,0.4052936608357295,1.0,1.0,1.0,0.1710742156978506,0.17376116141281137,0.1462483270340839,0.04942865786830545,0.05151902056959743,1.0
0.3,0.3617164747435286,1.0,1.0,1.0,0.18829277703030295,0.22127794003312692,0.1732246802882697,0.055276686238608125,0.060265710084596066,1.0
0.3,0.35425979873415,1.0,1.0,1.0,0.19821934512675282,0.19146705199038871,0.1652315207089338,0.0544921805260354,0.057653849810562804,1.0
0.3,0.33196922383232996,1.0,1.0,1.0,0.20990947944940735,0.22499462133270082,0.20419570381980928,0.059116778540264626,0.06450761030512034,1.0
0.3,0.30645734263688407,0.0,0.0,0.0,0.18271874458281037,0.20743257834487228,0.19028472224578477,0.0628183767470094,0.067555644250123,1.0
0.3,0.3312769822239014,1.0,1.0,1.0,0.24938755340862978,0.24534475749224233,0.21054260945083497,0.05132863865437171,0.05798839661296348,1.0
0.3,0.31278115968616294,1.0,1.0,1.0,0.1750664297089544,0.19356943098400162,0.18435682461758265,0.05731132236373554,0.06790340070138791,1.0
0.3,0.3257552890604759,1.0,1.0,1.0,0.18423895894878006,0.2098181903930309,0.19355437559256292,0.06074933423655717,0.07135117240035886,1.0
0.3,0.34858173770753453,1.0,1.0,1.0,0.21021052327431064,0.19620965928974132,0.19140444460542644,0.05646816571749949,0.06447298953913973,1.0
0.3,0.32902233808506604,0.0,0.0,0.0,0.15505728893974974,0.18428495078769808,0.1515757253072215,0.055668921037015776,0.06092300370605559,1.0
0.3,0.3565402616580797,1.0,1.0,1.0,0.2130497154249355,0.21361671298202678,0.17215316078881066,0.053992257666065774,0.05862779716486675,1.0
0.3,0.38711226911767554,1.0,1.0,1.0,0.18348842967472875,0.1680783889080906,0.13737669570603767,0.04843858831967885,0.053709969319996435,1.0
0.3,0.3695314177572782,1.0,1.0,1.0,0.15269104845457726,0.19019739526621335,0.15823004616090558,0.053673173367361146,0.06230609982338832,1.0
0.3,0.35745553349591375,1.0,1.0,1.0,0.19529048767497645,0.17748838801781014,0.159657882267108,0.05150915630177993,0.0583867990578073,1.0
0.3,0.3460089610324589,1.0,1.0,1.0,0.1939584495237137,0.23398379826511703,0.22523003562658817,0.052796883484709047,0.06040638752702503,1.0
0.3,0.3652770001363247,1.0,1.0,1.0,0.18521278990589132,0.20277919412224032,0.19086753896252978,0.05194367443699359,0.0586674063039676,1.0
0.3,0.28939152299752874,1.0,1.0,1.0,0.24268590660639694,0.24130302107956067,0.22759057197397609,0.061319617553725496,0.06861271683260185,1.0
0.3,0.46540357621129863,0.0,0.0,0.0,0.16058023755316841,0.17250176406969125,0.14702028333391495,0.046863710261283754,0.05779282963136309,1.0
0.3,0.29502567839683164,1.0,1.0,1.0,0.21361322665249127,0.2358735613908304,0.21109935199462795,0.06538664500068513,0.07160704497183243,1.0
0.3,0.39018021375065737,1.0,1.0,1.0,0.17123475413571718,0.16146686214799924,0.15002600374735123,0.04657701492273508,0.055406773768834336,1.0
0.3,0.39262483276711574,1.0,1.0,1.0,0.15837785756853145,0.15946336087659035,0.14707244854336618,0.04458931833287813,0.05370505810753931,1.0
0.3,0.3039118809563257,1.0,1.0,1.0,0.24984859394229253,0.24414795957902585,0.21221005161050668,0.06298210559976578,0.06695620153996562,1.0
0.3,0.29568658084932214,1.0,1.0,1.0,0.20660719344676326,0.20497645155484437,0.1955576551322096,0.06176681573413912,0.06860853665711805,1.0
0.3,0.34544328494159343,1.0,1.0,1.0,0.19401335317771937,0.20079870726448706,0.18037713333353142,0.05488123181453403,0.06633025387144459,1.0
0.3,0.3520603029356536,1.0,1.0,1.0,0.2040649554222565,0.20032018643800323,0.1621258709742354,0.05334099116531966,0.05636896397883556,1.0
0.3,0.3353121768521607,1.0,1.0,1.0,0.22075527485162097,0.23352496099662728,0.18942682290199156,0.057669338565576364,0.06611610719501293,1.0
0.3,0.37129630801315666,1.0,1.0,1.0,0.16838874416476932,0.21942194952524163,0.18496090046835528,0.051202943792173085,0.06200799996327148,1.0
0.3,0.3496209423412822,1.0,1.0,1.0,0.1756916412146744,0.18635074133392604,0.14681860480104109,0.051910414519768626,0.054029866979502295,1.0
0.3,0.363519079115828,1.0,1.0,1.0,0.18844521460924685,0.20966112363704217,0.17109999192387346,0.05145437320129267,0.05601000071155104,1.0
0.3,0.33447097876166854,1.0,1.0,1.0,0.1856257827393471,0.2054647610792105,0.1850349244322294,0.059345141281315524,0.06501624257769881,1.0
0.3,0.38683684106945826,1.0,1.0,1.0,0.1752502023107184,0.1729358919526275,0.15438709406682266,0.04812935746069586,0.059485808489769865,1.0
0.3,0.31013388065060105,1.0,1.0,1.0,0.22954255594230802,0.22264442990623312,0.19632222846475375,0.06005474847505367,0.06545710351395283,1.0
0.3,0.39899124128773844,1.0,1.0,1.0,0.1527047522304163,0.21469766626023995,0.1815085979368748,0.04757518548156832,0.05936444280926744,1.0
0.3,0.3604847730259435,1.0,1.0,1.0,0.17385553303219148,0.20502446457027607,0.17818927216824,0.05300340444204645,0.05917130912146311,1.0
0.3,0.3458256208378844,1.0,1.0,1.0,0.21450776220002404,0.23315483903539871,0.18334936794481588,0.05074875768725508,0.061776587069579364,1.0
0.3,0.2996883329788521,1.0,1.0,1.0,0.23394245206295192,0.2371914541703711,0.2138816266806114,0.06580014605187094,0.07465968004754694,1.0
0.3,0.35281986334101073,1.0,1.0,1.0,0.17091677668399338,0.18404839902780207,0.17340942939520915,0.05785695007743391,0.06698792102387513,1.0
0.3,0.3586689580146506,1.0,1.0,1.0,0.1862836983450445,0.22167364285698885,0.18134279155265837,0.04995625316617474,0.05713188740854019,1.0
0.3,0.3806331335471108,1.0,1.0,1.0,0.16801580691165133,0.2040255405273225,0.18873142966559234,0.05242715622684753,0.06341084656963075,1.0
0.3,0.3989406967278115,1.0,1.0,1.0,0.1640365008487415,0.20934551218785566,0.18986043950154957,0.04872835225997055,0.05737275368495145,1.0
0.3,0.3085082222493768,1.0,1.0,1.0,0.24215130404399185,0.2183259253422148,0.19545285996929226,0.05949412954358465,0.057294513232449565,0.0
0.3,0.3131996062150566,1.0,1.0,1.0,0.20520420305614234,0.21052752293178312,0.1916151139468278,0.05911551636566169,0.06370317641985078,1.0
0.3,0.38295820643201156,1.0,1.0,1.0,0.18816383650027954,0.21947090425256902,0.1907184099611811,0.04678438037953883,0.05399594230467184,1.0
0.3,0.32812297881344465,1.0,1.0,1.0,0.25773155353323535,0.24526907495398426,0.22417006286525307,0.05683876184074415,0.0640548856601492,1.0
0.3,0.3670920187151565,1.0,1.0,1.0,0.17818846377744132,0.1863820138690875,0.1794509219865113,0.05296371931981016,0.06538603746988912,1.0
0.3,0.31525861106239167,1.0,1.0,1.0,0.19958117021815322,0.20440690841373832,0.18506728582859322,0.06155377344855309,0.0718822031110898,1.0
0.3,0.338443513011194,1.0,1.0,1.0,0.21001541380674343,0.21781837966143236,0.19937517105660202,0.055140911531141625,0.06394932286416459,1.0
0.3,0.33479164993018656,1.0,1.0,1.0,0.19756909270759299,0.21282518138875983,0.18554294398853308,0.05810791427784981,0.06804652848123117,1.0
0.3,0.36331562821046265,1.0,1.0,1.0,0.18783994934852932,0.20122427953109803,0.18191397056308295,0.05322983019445624,0.06272388060755756,1.0
0.3,0.32324032564790656,1.0,1.0,1.0,0.21202958840709804,0.209756123837027,0.18853743338001852,0.05964737687230914,0.062480647857283404,1.0
0.3,0.3426154456802296,1.0,1.0,1.0,0.18148990651638824,0.21559393301252552,0.19953134892542232,0.05863902062318367,0.06806836453901623,1.0
0.3,0.3353778644773767,1.0,1.0,1.0,0.1673468588766572,0.21460036481334557,0.20345057842196806,0.060192882359782415,0.06596999428132445,1.0
0.3,0.39974880919886385,1.0,1.0,1.0,0.1498228489999605,0.16645186642965276,0.15338963579830736,0.050593026970360194,0.06199408943414908,1.0
0.3,0.311732581273394,1.0,1.0,1.0,0.20638604604930935,0.2424089830667154,0.22938688544209604,0.06120231714822475,0.06979223284143486,1.0
0.3,0.3266101951670269,1.0,1.0,1.0,0.22045834393446184,0.19671193061480938,0.1757118755816141,0.05896223649811499,0.06298732152240615,1.0
0.3,0.3441426540419078,1.0,1.0,0.0,0.19515110084060588,0.22049767173553772,0.19430677936177704,0.05402647410868041,0.06189061603438181,1.0
0.3,0.30133876625758166,1.0,1.0,1.0,0.18588718785234093,0.21729775053591446,0.2051828271003287,0.06341611912752187,0.06925067593849611,1.0
0.3,0.3438793824016832,1.0,1.0,1.0,0.17808694240359113,0.21533772048459543,0.1940439752072328,0.060419461338148926,0.06718812307704457,1.0
0.3,0.40720085237968234,1.0,1.0,1.0,0.1545050574829936,0.19235658457176497,0.17165317293632246,0.04756520389140575,0.06148559045767769,1.0
0.3,0.29071059388213877,1.0,1.0,1.0,0.2302224459059728,0.2640058368833322,0.23277072001851068,0.060267443709285926,0.06929331030222134,1.0
0.3,0.32092529772358186,1.0,1.0,1.0,0.18925378465850468,0.23051629632326726,0.20898853010226487,0.05855132990694984,0.06837539846824359,1.0
0.3,0.28654663824809284,1.0,1.0,1.0,0.2347297725830953,0.24189034292251663,0.20767283919890334,0.06849851713299791,0.0797234634197221,1.0
0.3,0.3863506311812951,0.0,0.0,0.0,0.18818792634200815,0.1961154375093048,0.19742388536142513,0.04897877644962211,0.05488806512237938,1.0
0.3,0.34958788574581173,1.0,1.0,1.0,0.17585548955438562,0.21087382644313638,0.19211997755619623,0.06031277615253442,0.07295450041343621,1.0
0.3,0.3347738032750665,1.0,1.0,1.0,0.1873129954996068,0.22253110321614572,0.18737912444398436,0.059199914313006266,0.06246591480857942,1.0
0.3,0.2883897254669468,1.0,1.0,1.0,0.20198151238593573,0.24716132904611693,0.20923664422666377,0.06572737926310813,0.074023360578916,1.0
0.3,0.323835823336125,1.0,1.0,1.0,0.21177392903486694,0.2235229825860941,0.211129548947196,0.06196011126757393,0.07259672303599049,1.0
0.3,0.3617083683510957,1.0,1.0,1.0,0.18345763011988353,0.22152151615253518,0.21343993416891083,0.052993744463741964,0.06308676620391662,1.0
0.3,0.31756644450392296,1.0,1.0,1.0,0.2131177278411057,0.23733191293128514,0.20547580814537997,0.06250673023941998,0.06764710040868127,1.0
0.3,0.3519228531449947,1.0,1.0,1.0,0.21169404605948544,0.21372215089699415,0.18997174570856262,0.05656274668304292,0.06136270414182407,1.0
0.3,0.3204955375240388,1.0,1.0,1.0,0.2205770929466337,0.23649349653679091,0.2141522013454523,0.06232338638290132,0.07461952356505275,1.0
0.3,0.34282302845645085,1.0,1.0,1.0,0.2052000186941835,0.22602079238390677,0.18702269009416517,0.057845633853038744,0.06297900945874021,1.0
0.3,0.34055951021513314,1.0,1.0,1.0,0.17416493863403765,0.19694090999712807,0.17895255997725953,0.056840233860399714,0.06435176774357071,1.0
0.3,0.3109047604938042,1.0,1.0,1.0,0.2085454619438271,0.19356767855876153,0.1809197560196881,0.05917687616709023,0.065570095559947,1.0
0.3,0.35502088213231964,1.0,1.0,1.0,0.19602494236679044,0.19275150119098222,0.1722401343731273,0.052748831063201364,0.06247741874054646,1.0
0.3,0.3924207301675316,0.0,1.0,0.0,0.15902655484355868,0.18529620659384702,0.1684867820871318,0.05021602260702837,0.055387927700528895,1.0
0.3,0.34695322506038934,1.0,1.0,1.0,0.20529347724233524,0.22081489420893216,0.19861547335855445,0.05572569522086166,0.06182420572142083,1.0
0.3,0.2926187488799851,1.0,1.0,1.0,0.19681974210024508,0.22753122719186686,0.2158868748821104,0.06657513429355616,0.07041563648409817,1.0
0.3,0.39183170120229577,1.0,1.0,1.0,0.18069279981299843,0.20237290421128779,0.1834947449543515,0.04855670093639744,0.056892981261552775,1.0
0.3,0.38472085483487695,1.0,1.0,1.0,0.15473802878735182,0.18577523789636485,0.17091066587246934,0.05125647126795039,0.06007693452546379,1.0
0.3,0.3020401539426365,1.0,1.0,1.0,0.24395188846665153,0.2485324519670426,0.23435489938290358,0.06202727782418774,0.07077463583595128,1.0
0.3,0.27725342431777716,1.0,1.0,1.0,0.24686567354713324,0.26197841236829544,0.24786024797522507,0.06978702199445724,0.07949338242435243,1.0
0.3,0.4070072114749368,1.0,1.0,1.0,0.16461518199306907,0.18699108866010272,0.1589234331825436,0.04740814587782882,0.05578358399134766,1.0
0.3,0.3726317107400825,1.0,1.0,1.0,0.16556628707939025,0.18456980040787963,0.1636284003103881,0.054405176075085035,0.06477287957776422,1.0
0.3,0.33042537241316006,1.0,1.0,1.0,0.2362275918650983,0.2156224394032149,0.1917810745440805,0.05748803825174861,0.06464488505173747,1.0
0.3,0.4116723782496751,1.0,1.0,1.0,0.164176889719851,0.2120003976179868,0.163418086454365,0.046905731303670824,0.05530278473912306,1.0
0.3,0.2950824143528919,1.0,1.0,1.0,0.24905479059761015,0.2383455265575348,0.2249946561992929,0.0648419083767398,0.07559747523575779,1.0
0.3,0.311400836177781,1.0,1.0,1.0,0.21314249231887022,0.21832749321342235,0.203980281098239,0.061096172326277454,0.07202101841113062,1.0
0.3,0.3583241653225303,1.0,1.0,1.0,0.16706162987443463,0.19224779046988355,0.1738561293874284,0.05629897911495659,0.06461546472529069,1.0
0.3,0.31750327723941557,1.0,1.0,1.0,0.20616177068368735,0.2281184765146623,0.1964218454460432,0.06040622721085845,0.06702930229396523,1.0
0.3,0.3671036910779772,1.0,1.0,1.0,0.18482563131111523,0.18486711980179682,0.17460521562371079,0.05231555488710051,0.05902462582782013,1.0
0.3,0.3038497647678403,1.0,1.0,1.0,0.21744943835331787,0.269428545000332,0.22185275940296253,0.061142853283065304,0.07141844853480328,1.0
0.3,0.38630174657106187,0.0,0.0,0.0,0.1762157728906264,0.19500635587511703,0.18141139810669787,0.05103503749108552,0.054088419003948986,1.0
0.3,0.3411915598102267,0.0,0.0,0.0,0.20099698553254583,0.18692194706173487,0.1703271991259266,0.057354205641018584,0.06777396703490439,1.0
0.3,0.3047635366037933,1.0,1.0,1.0,0.23039895947445999,0.24628636304901605,0.21181804876680768,0.06612035502230834,0.07428751017738938,1.0
0.3,0.23951974951684593,1.0,1.0,1.0,0.3038008588946196,0.3487545578498863,0.3295980262846017,0.07895824953098528,0.08869716024324979,1.0
0.3,0.36279091780713313,1.0,1.0,1.0,0.20619312732201442,0.22455206685302728,0.20990333998784722,0.05218244060158981,0.06145482699400825,1.0
0.3,0.3238383836616427,0.0,1.0,0.0,0.2012221871751508,0.2593268404375417,0.22069491553556042,0.05830129333498101,0.06634389829359884,1.0
0.3,0.3432466836488793,1.0,1.0,1.0,0.17726424895222712,0.20727353388861597,0.18115210720106184,0.05901272160749729,0.06547753201757918,1.0
0.3,0.4039654072256555,1.0,1.0,1.0,0.18402123176755422,0.2041252819506684,0.17372756888559485,0.048449582243015966,0.0585525533994806,1.0
0.3,0.34994409753041184,1.0,1.0,1.0,0.1598134291197074,0.17646575703635056,0.16414349882770315,0.05360893671741507,0.06233114838061871,1.0
0.3,0.3504428560329554,1.0,1.0,1.0,0.21232061850038458,0.21811786102345584,0.1838476178978763,0.05397433412389053,0.062451845295323015,1.0
0.3,0.28605407204633854,1.0,1.0,1.0,0.23676447265308243,0.2162969645799579,0.1969934543916439,0.06766194778860442,0.0730964155124828,1.0
0.3,0.356486438272259,1.0,1.0,1.0,0.18579129659768426,0.21795602137067266,0.21076959702254922,0.05095718295251633,0.060272052701957686,1.0
0.3,0.3149691207551332,1.0,1.0,1.0,0.21306473881492521,0.23193098948289323,0.21965982618962593,0.0602157668804665,0.07069145928528504,1.0
0.3,0.37243261530994604,1.0,1.0,1.0,0.1949989757834612,0.2300453293309297,0.17220848729973132,0.05277064560329585,0.060294643261318705,1.0
0.3,0.29633066468821645,1.0,1.0,1.0,0.2556339096133537,0.21111180949428823,0.20329705942642412,0.06550929831205708,0.06965015704386947,1.0
0.3,0.32413132692438185,0.0,0.0,0.0,0.18568048461146852,0.20906278430974848,0.1944094651153757,0.057889976659355406,0.07148945259240866,1.0
0.3,0.37958525417454075,1.0,1.0,1.0,0.17778214187536767,0.19066116552441342,0.1712126000053648,0.050124583374616644,0.05836278786823991,1.0
0.3,0.3882594618835901,1.0,1.0,0.0,0.18506484214274893,0.20029524670737495,0.16950730985416668,0.04756447036111996,0.05780815565521159,1.0
0.3,0.3321240296970463,1.0,1.0,1.0,0.17859919440798494,0.2256604452184007,0.20759521529206762,0.057078105423784005,0.06694558388268568,1.0
0.3,0.37047819371831653,1.0,1.0,1.0,0.18101469982964805,0.1933770037492133,0.16917696035598584,0.050577834678967204,0.05589666982256305,1.0
0.3,0.353667726956871,1.0,1.0,0.0,0.1774447193402696,0.18368344755645263,0.14673148028664534,0.055829426273450306,0.05934802143441603,1.0
0.3,0.33450240343524057,1.0,1.0,1.0,0.17490212056936902,0.19895605406241618,0.18464722353506305,0.055325170390114774,0.06524197853796036,1.0
0.3,0.36053814444992416,1.0,1.0,1.0,0.17258574510324287,0.21573874380573493,0.17489151024186317,0.05292811682609681,0.05945230552691434,1.0
0.3,0.3281836781487657,1.0,1.0,1.0,0.18769494536853198,0.206531394544627,0.2000496283788106,0.057139041316067785,0.06331470634998622,1.0
0.3,0.35930190616008484,1.0,1.0,1.0,0.19208016448481838,0.2416557543240113,0.2198944177028046,0.051579248095531154,0.06353206828831692,1.0
0.3,0.31276203387820556,1.0,1.0,1.0,0.22732118805185872,0.2481693373483426,0.228290032457979,0.062471531465687485,0.07304323790487499,1.0
0.3,0.3562480204611915,1.0,1.0,1.0,0.18046320001159163,0.19651917376708963,0.16164647934439857,0.05587340851321726,0.060845820264026074,1.0
0.3,0.34330513166905174,1.0,1.0,1.0,0.17255615173689298,0.19600658232735063,0.1789690737871548,0.05487208973648528,0.06140857366230243,1.0
0.3,0.31787432889475903,0.0,0.0,0.0,0.17542681164131652,0.18929315488753504,0.17734164822999243,0.059406681327379085,0.06632895831568007,1.0
0.3,0.37038348491753303,1.0,1.0,1.0,0.1773793233168401,0.17893237914823007,0.16616440562424506,0.052780172432473016,0.06323982322411094,1.0
0.3,0.2855207003118286,1.0,1.0,1.0,0.24611412948840633,0.2820168034369833,0.2568511492338243,0.06467283157475555,0.07924915533832022,1.0
0.3,0.3863013712088566,1.0,1.0,1.0,0.1793298336333035,0.17980877739663967,0.15585811622671464,0.05604108494128576,0.062280268887235576,1.0
0.3,0.3799892636414327,1.0,1.0,1.0,0.2123036545595808,0.21879339102444134,0.1995651083381052,0.051491927889695414,0.06255722410142416,1.0
0.3,0.30524464882993746,0.0,1.0,0.0,0.2072449196839857,0.2194439396682673,0.21213841823098673,0.06282512315711747,0.06649645974889117,1.0
0.3,0.4132835154062598,1.0,1.0,1.0,0.15509276302426467,0.18884617574069598,0.16395394221302656,0.0472003458055705,0.05936709493713005,1.0
0.3,0.34992146939778307,1.0,1.0,1.0,0.1631123065694478,0.1855582652759949,0.16099280004379274,0.05236275433739899,0.05894223577351455,1.0
0.3,0.4027306282060137,1.0,1.0,1.0,0.14390329216469186,0.1805717419477571,0.16446638063773567,0.04865796124818128,0.054391730943179596,1.0
0.3,0.3451269382677269,1.0,1.0,1.0,0.18775319811995658,0.2104523991832421,0.1974661438038944,0.055757741744910966,0.06620959428632543,1.0
0.3,0.3209404043176579,1.0,1.0,1.0,0.17565842326193254,0.21785397961716502,0.2002356145510565,0.05899557482993901,0.06397588769852149,1.0
0.3,0.3288154959049814,1.0,1.0,1.0,0.22590942974936157,0.26000376661256197,0.23657479839606355,0.05884747403667879,0.06464369146489747,1.0
0.3,0.33821999072912334,1.0,1.0,1.0,0.21245998469703498,0.24916692349570643,0.21093570555469815,0.06001932941957096,0.066430911804596,1.0
0.3,0.36658939907195365,1.0,1.0,1.0,0.19089418495297994,0.19362168733731547,0.16932722892029392,0.05276034857320488,0.06272020680193771,1.0
0.3,0.31317803079497414,1.0,1.0,1.0,0.1991015973242392,0.24201146876434554,0.2132432331313888,0.064037401712463,0.07081398606647679,1.0
0.3,0.33322523865739545,1.0,1.0,1.0,0.1891840702887451,0.20484859302372457,0.18223707986919144,0.06315971525279736,0.06870268088914379,1.0
0.3,0.3373646524030846,1.0,1.0,1.0,0.19992917533702234,0.22918497508267754,0.21413732438459437,0.055497096503276826,0.0695069354289751,1.0
0.3,0.3284238443603995,1.0,1.0,1.0,0.22583385759947755,0.24858880443255443,0.20765328411953704,0.05953456442366641,0.06775059210519589,1.0
0.3,0.3840063057778403,1.0,1.0,1.0,0.1684602805950169,0.19365350274392334,0.17667008437952078,0.05187758092876517,0.06441281206277258,1.0
0.3,0.34781251880048564,1.0,1.0,1.0,0.16848792102384708,0.19545808022320924,0.17991088430063065,0.05412619893870975,0.05897899873914676,1.0
0.3,0.36380899804934164,1.0,1.0,1.0,0.182888518055056,0.22133538712721323,0.20946481103629266,0.05453588468041531,0.0635022509988906,1.0
0.3,0.3892933911414899,1.0,1.0,1.0,0.14601332916301554,0.1753473217610141,0.14880877437795106,0.0495165926438639,0.05991573832424411,1.0
0.3,0.39512983124760137,1.0,1.0,1.0,0.22651946341571105,0.1649645803172316,0.142618641310438,0.04613361443850608,0.05338710037643162,1.0
0.3,0.32335567504588925,1.0,1.0,1.0,0.20820501841756087,0.220194892964282,0.20340005856732649,0.06253726218973606,0.07015071243602222,1.0
0.3,0.37016717771971364,1.0,1.0,1.0,0.16417055517141807,0.17590921519324765,0.1730501240727211,0.04872816640969978,0.053899383643687904,1.0
0.3,0.33456344497552204,1.0,1.0,1.0,0.16107298383356158,0.18406876282209442,0.1714077953883779,0.06026451182110612,0.06753655312235242,1.0
0.3,0.3921615027117846,1.0,1.0,1.0,0.16028885725572825,0.1616234988157163,0.14840937131041315,0.05163223994367432,0.05758407651369467,1.0
0.3,0.3592842699632984,1.0,1.0,1.0,0.177087627971887,0.20331759756434745,0.18810275419661276,0.054117189013825034,0.06772280808970076,1.0
0.3,0.3198594361137798,1.0,1.0,1.0,0.20961858478702142,0.1946506389331256,0.17920351403325202,0.058466977208664554,0.0638595112104278,1.0
0.3,0.40571164563168155,0.0,0.0,0.0,0.1385619405524043,0.1655228213476348,0.1294298559846823,0.05148809566981318,0.05610622689769723,1.0
0.3,0.34384753944793756,1.0,1.0,1.0,0.16502493998252296,0.22412756212773863,0.2006992396007421,0.0580053097919896,0.06715876046514943,1.0
0.3,0.3594201955177854,1.0,1.0,1.0,0.1809320933368651,0.21328337754673296,0.19356369584788313,0.05298986448474721,0.062305650055341395,1.0
0.3,0.3329538779209728,0.0,0.0,0.0,0.1762218640223779,0.19258118817296446,0.17760793726185256,0.05364884466770463,0.05486348951416156,1.0
0.3,0.348309708724425,1.0,1.0,1.0,0.18651155364239436,0.22695591330303738,0.18545545778084577,0.05521718484505453,0.06376695809941416,1.0
0.3,0.25810380805428623,1.0,1.0,1.0,0.26534640174580154,0.2699756415310041,0.24985504355300986,0.07302028857335699,0.08291727283003197,1.0
0.3,0.3574719203532164,1.0,1.0,1.0,0.17120430431091327,0.19513807231305025,0.18437444860115407,0.050902956726399884,0.060756968310488116,1.0
0.3,0.3480793721652567,1.0,1.0,1.0,0.1864868691015452,0.23246940175622854,0.20044252123033898,0.05924889753816873,0.07049526266440237,1.0
0.3,0.3086514283236761,1.0,1.0,1.0,0.21766331474516892,0.26547434510108353,0.2336858618433081,0.06147989817903287,0.07115266610635912,1.0
0.3,0.311148806555302,1.0,1.0,1.0,0.19104610483279844,0.2316647350357573,0.2080010964213382,0.061861237696188176,0.06921178458249826,1.0
0.3,0.3381834582950358,1.0,1.0,1.0,0.2117598984495071,0.23332834738136218,0.21126823574243625,0.05783707273391328,0.06600292581700348,1.0
0.3,0.27845102918850295,1.0,1.0,1.0,0.24515650161562103,0.27550351891903824,0.25254502551731967,0.06439636965780825,0.0705643001491619,1.0
0.3,0.37243563916756756,1.0,1.0,1.0,0.19013975903037533,0.2221737582211467,0.17305747764412893,0.05056465420913164,0.057710684694938535,1.0
0.3,0.3164084660253968,1.0,1.0,1.0,0.2159826356531656,0.22813196768783134,0.20447776609579282,0.06161932761574024,0.06857594942695026,1.0
0.3,0.3166102519491757,1.0,1.0,1.0,0.20769508564530587,0.2365535051112083,0.2165961808950624,0.06206708333989011,0.07408763178595587,1.0
0.3,0.3928869560633114,1.0,1.0,1.0,0.1955042690732779,0.20167970792873274,0.175709012277587,0.05136613991874762,0.058664053170372446,1.0
0.3,0.387141868421172,1.0,1.0,1.0,0.1773582833036371,0.16960174820873447,0.1471022705153657,0.04805745676423527,0.05529584402836685,1.0
0.3,0.3042231163765645,1.0,1.0,1.0,0.20114545794997726,0.22675734700858605,0.20978641493912303,0.06122957217313398,0.06840622443977964,1.0
0.3,0.3039315179652229,1.0,1.0,1.0,0.19688254069198183,0.1932187592625355,0.1825705482904313,0.06202964691914012,0.06713568708312889,1.0
0.3,0.360411703267086,1.0,1.0,1.0,0.17900056846757856,0.21224725401771946,0.17114458268477248,0.04961782410919947,0.058160342490120004,1.0
0.3,0.3059343089164068,0.0,0.0,0.0,0.19246039002620768,0.21629979538374458,0.19725182201334446,0.0633805454418358,0.06830852276738114,1.0
0.3,0.3749379114598304,1.0,1.0,1.0,0.19120921072696645,0.2056098624351009,0.17458050987689433,0.049916696363138495,0.05859407586936799,1.0
0.3,0.31179179842250027,1.0,1.0,1.0,0.20478879923036214,0.23173110460212634,0.2048129066021224,0.058448348744634684,0.06963067543452393,1.0
0.3,0.29450384906399835,1.0,1.0,1.0,0.25148979636428226,0.20613990856296366,0.2006090099538141,0.06811104004602717,0.07232560580914384,1.0
0.3,0.30489041548197554,1.0,1.0,1.0,0.22348036168829463,0.21631217056852017,0.19803852672067906,0.06288805694283524,0.06861800549548244,1.0
0.3,0.3266470753760906,1.0,1.0,1.0,0.19188588082535535,0.20905441209054598,0.18787928531107329,0.05811291951564351,0.06210205805531936,1.0
0.3,0.3555684806728774,1.0,1.0,1.0,0.1898255931209919,0.24845915229785973,0.20422018060151234,0.05442015400894761,0.06251945438141296,1.0
0.3,0.37754895400750094,0.0,0.0,0.0,0.17867386111537906,0.15869051209336835,0.1387790040424038,0.048434941967032304,0.05552742403545704,1.0
0.3,0.3496809990367617,1.0,1.0,1.0,0.17532125716137476,0.20953234705853271,0.18838634015348324,0.052110501184550434,0.06306047046183239,1.0
0.3,0.34587062813816066,1.0,1.0,1.0,0.17775480818671702,0.20941544589773015,0.15684248546295235,0.05419540992584616,0.058879652606665944,1.0
0.3,0.3755474053715614,1.0,1.0,1.0,0.17554005766087477,0.20402590075639243,0.1826050830354525,0.04879777990388508,0.062439445310074004,1.0
0.3,0.36005736614478884,1.0,1.0,1.0,0.17006249572014212,0.18441052871894198,0.16141500374686554,0.05218040097160001,0.06280912629947018,1.0
0.3,0.3672573421768888,1.0,1.0,1.0,0.19239634772441142,0.20748976250172585,0.19210688730002118,0.055921458141264285,0.0659207845686532,1.0
0.3,0.3402666044601586,1.0,1.0,1.0,0.20503282048926383,0.20497989828556173,0.17554978047231756,0.055660854538384194,0.06788116798517638,1.0
0.3,0.3790083259330029,1.0,1.0,1.0,0.18656245754635903,0.20825760210575206,0.1673108625544431,0.04818263011562971,0.05640037528821803,1.0
0.3,0.3525021229941956,1.0,1.0,1.0,0.17050759593673212,0.22816416430621897,0.19805410927355777,0.05846465470396928,0.07071261288281266,1.0
0.3,0.3351804926296114,1.0,1.0,1.0,0.19744991164766473,0.22048358207008886,0.20596613053306273,0.053728105617325675,0.06680938112289389,1.0
0.3,0.37077102760647873,1.0,1.0,1.0,0.18876302943623574,0.19715278701977162,0.16906606221718457,0.05196632446773652,0.05813228667354763,1.0
0.3,0.30171983662660984,1.0,1.0,1.0,0.18736883411721222,0.2188810382019371,0.20982373617194305,0.06343606629008217,0.07341599529001534,1.0
0.3,0.3212706871409429,1.0,1.0,1.0,0.18574826468067165,0.18987263213135014,0.18080241396365104,0.05990869218323131,0.06800179476190721,1.0
0.3,0.33075576484847136,1.0,1.0,1.0,0.22481558692163456,0.21956831536701155,0.18675732259395283,0.0544190725808805,0.06585331729736998,1.0
0.3,0.29540033486217854,1.0,1.0,1.0,0.1988211863319686,0.22079398676200243,0.1908381954499522,0.06771355938226577,0.07255385032228942,1.0
0.3,0.34298283212081077,1.0,1.0,1.0,0.18479852375816186,0.2050296083592608,0.18483081982769073,0.05691663519113254,0.06295063359191516,1.0
0.3,0.373929757955714,0.0,0.0,0.0,0.1789001478687527,0.21416671683014635,0.17536778732747388,0.05729578001446321,0.06500264933216314,1.0
0.3,0.34131124019197295,1.0,1.0,1.0,0.23806268358132437,0.2561246455081417,0.21785144304649567,0.05576948755544155,0.06654151200250108,1.0
0.3,0.3330134505111829,1.0,1.0,1.0,0.19137737528453638,0.19820857440774522,0.1688925288880864,0.05621444939832858,0.06533781177938235,1.0
0.3,0.30498971500041117,1.0,1.0,1.0,0.1969636002960653,0.22469030446177546,0.19345674699667886,0.06297720885227401,0.06755071012464396,1.0
0.3,0.34916950557563137,1.0,1.0,1.0,0.21763983110309457,0.2143573256135753,0.19286258102654652,0.05471600248145654,0.0644951490819209,1.0
0.3,0.3243086303652662,0.0,1.0,1.0,0.20341989683004388,0.22658074760943428,0.21542827266948178,0.057131689766319015,0.06427517944252208,1.0
0.3,0.32737864724139043,1.0,1.0,1.0,0.21256931160732706,0.2430979794283557,0.22698049260690306,0.06145432904764709,0.0709343873052409,1.0
0.3,0.2821041148498933,1.0,1.0,1.0,0.2637252561796049,0.266683981435329,0.2470209098089391,0.06757911893717679,0.07277280077710574,1.0
0.3,0.3597067346928611,1.0,1.0,1.0,0.19437870513240443,0.21178330124120648,0.2004755520838029,0.055123311507117065,0.06657664999328422,1.0
0.3,0.319658846079048,1.0,1.0,1.0,0.21915758537820312,0.24087327330096722,0.2213494162878491,0.06406599441050749,0.07328750230261476,1.0
0.3,0.36155415109528294,1.0,1.0,1.0,0.17033834752307458,0.18451320765327908,0.17934213927356885,0.05327574075732959,0.059157723648079176,1.0
0.3,0.39955706891946835,1.0,1.0,1.0,0.18875450169660704,0.2211322633120055,0.17464502789790262,0.046658455566017186,0.05650208349282508,1.0
0.3,0.36497818173016283,1.0,1.0,1.0,0.1810345300226718,0.19514272397384147,0.16997179376614455,0.0541118444523545,0.062180758205072656,1.0
0.3,0.3266929504905681,1.0,1.0,1.0,0.1764987362176211,0.2237943824675729,0.1972800620829284,0.05644224323057979,0.0630330480531126,1.0
0.3,0.3438364917237634,1.0,1.0,1.0,0.18183865646999822,0.19991464472252732,0.18696392768983483,0.05858643786322544,0.0635365726033859,1.0
0.3,0.3255021909921078,1.0,1.0,1.0,0.18437464713524293,0.19417056559692872,0.1740320628335525,0.059600072429609456,0.06623583782728432,1.0
0.3,0.34836961513850734,1.0,1.0,1.0,0.21898263079804128,0.20693612241418124,0.17991178328351862,0.052225737908990925,0.05574132396920722,1.0
0.3,0.3148794041417659,1.0,1.0,1.0,0.1972309339281586,0.20524227868711536,0.1883891820923694,0.05785788675964182,0.06359182759987973,1.0
0.3,0.4271211353225092,1.0,1.0,1.0,0.1681452028177472,0.20674806136916465,0.17500475143246827,0.04622028499774606,0.05907433837696661,1.0
0.3,0.4102017710014214,1.0,1.0,0.0,0.16740772287890468,0.17101024989471647,0.14179172085136502,0.04698843548214801,0.054441156834502936,1.0
0.3,0.3849298752483777,1.0,1.0,1.0,0.17452001013662097,0.17623643590657578,0.1591376674233817,0.04838709875116285,0.053420870158327576,1.0
0.3,0.3110494361996528,1.0,1.0,1.0,0.2009310451505395,0.2505772433070117,0.21290212737019373,0.06096605647816399,0.06921146165201306,1.0
0.3,0.3713186999748989,1.0,1.0,1.0,0.16713253076734183,0.19065108797246108,0.17852958515434597,0.05205346920743601,0.059860108754224026,1.0
0.3,0.3592119078652308,1.0,1.0,1.0,0.17834365809679648,0.21460044609401888,0.18831146481973385,0.05495270860908877,0.0593837778294178,1.0
0.3,0.27841322612864644,1.0,1.0,1.0,0.2867880400021794,0.259359493876156,0.2357918253079112,0.06720078964637183,0.07503115339389124,1.0
0.3,0.36210300621867564,1.0,1.0,1.0,0.1780244705145613,0.18166343818766748,0.1661058723328261,0.05330905155893144,0.06226443732666254,1.0
0.3,0.37147859639265707,1.0,1.0,1.0,0.20005435034836969,0.22562023793448582,0.1845137869582623,0.0518562930036835,0.056504151402258555,1.0
0.3,0.307600759098653,1.0,1.0,1.0,0.22071437214655515,0.21158159817845892,0.19770262353432458,0.06024487751198757,0.07109589301269566,1.0
0.3,0.3529043407435425,1.0,1.0,1.0,0.1924729043859379,0.23651528945175518,0.18136829931402504,0.05393442100298491,0.062495010682700906,1.0
0.3,0.36390391418414225,1.0,1.0,1.0,0.17525845249396524,0.17569512093177925,0.16758010743588397,0.04981450062374795,0.057276573109452215,1.0
0.3,0.43430896018109943,1.0,1.0,1.0,0.1531075047393128,0.18006412270758468,0.1548594729161263,0.04480663565534923,0.05553397153654341,1.0
0.3,0.28136799964407333,1.0,1.0,1.0,0.2620337431313497,0.2254851367059291,0.21814471666554297,0.06607544370965983,0.07419759450006572,1.0
0.3,0.36527854990555486,1.0,1.0,1.0,0.16674385429130437,0.2207128609060062,0.2043151356287125,0.05550025670156546,0.06449233600294509,1.0
0.3,0.3460734915323635,1.0,1.0,1.0,0.2080254332621802,0.21945475876967868,0.1858010883705652,0.05449379173790532,0.06776726099896874,1.0
0.3,0.3891645602663687,1.0,1.0,1.0,0.15717667750202935,0.17876820698156456,0.1654320589276547,0.05046859046421382,0.05768271994352627,1.0
0.3,0.34144352698492964,1.0,1.0,1.0,0.1905547323290879,0.22594083633357923,0.2159774573681923,0.055535513561895816,0.06942190853111331,1.0
0.3,0.31807768427808947,1.0,1.0,1.0,0.21194417408814908,0.23087222469799631,0.21403890699276004,0.061113738282470395,0.0702481748858212,1.0
0.3,0.3483563469096356,1.0,1.0,1.0,0.18696419380538296,0.19822128851321028,0.18011089628548835,0.05485334770864375,0.058238004249240874,1.0
0.3,0.3738529420183407,1.0,1.0,1.0,0.17180903377229834,0.19225002760608587,0.16255081922199344,0.0530617897657614,0.06080248067712997,1.0
0.3,0.39139729568107395,1.0,1.0,1.0,0.1840475717273864,0.20768712741457135,0.16471749838186306,0.0493522348060266,0.05665510735441078,1.0
0.3,0.3756041675953302,1.0,1.0,1.0,0.1715323935266543,0.2184385301723311,0.16950862843910913,0.05182394606159654,0.06319319556160044,1.0
0.3,0.3167488830300844,1.0,1.0,1.0,0.21398842134419768,0.209120881054772,0.1985610938977,0.060823318201140036,0.06856622906477114,1.0
0.3,0.3584555522954828,1.0,1.0,1.0,0.19245188407824154,0.20651856526885584,0.18449047887962564,0.05789611169844857,0.06480629013582977,1.0
0.3,0.32306567933942976,1.0,1.0,1.0,0.2129060722832215,0.2294226582413335,0.19456082452992132,0.06182203130465254,0.07525155236466187,1.0
0.3,0.34552924432298604,1.0,1.0,1.0,0.15270217274561587,0.19481289394682386,0.1730632225705653,0.05347975599339,0.06478060143044996,1.0
0.3,0.2957553854731721,1.0,1.0,1.0,0.22439031081058575,0.22789781182100502,0.20831615826486433,0.06408443317354269,0.06894613132192857,1.0
0.3,0.36038236708713434,0.0,0.0,0.0,0.16969686802527348,0.18265852234931662,0.1676823556159779,0.05306434390877029,0.06135459143072187,1.0
0.3,0.37350097610901417,1.0,1.0,1.0,0.15971082358541516,0.18176706520000516,0.1633850101340686,0.056988209314554575,0.06040901779269412,1.0
0.3,0.34119319111414326,1.0,1.0,1.0,0.17210800162965018,0.21150668766130898,0.18695879637069063,0.06332123708476031,0.07029146289438594,1.0
0.3,0.3696353199098023,0.0,0.0,0.0,0.17490569347219775,0.19609752754466314,0.18248416700435843,0.054119185550627696,0.0688106510450347,1.0
0.3,0.44970158351263173,1.0,1.0,1.0,0.14181753959484797,0.17714543458491996,0.16617143282477448,0.041498345716547105,0.05700227619593466,1.0
0.3,0.35010760958006004,1.0,1.0,1.0,0.1880592780817447,0.20934684260060452,0.19657547019087868,0.05868568257871047,0.06587916136730464,1.0
0.3,0.3454863816274082,1.0,1.0,1.0,0.16750942634579571,0.2116819737178354,0.1868260907349196,0.054606244028758334,0.0638045994312102,1.0
0.3,0.3302328746948956,0.0,0.0,0.0,0.21837027872000184,0.20277260290682803,0.18807136815573028,0.05354354697365505,0.06026406073435256,1.0
0.3,0.3700568034830118,1.0,1.0,1.0,0.16780879619322747,0.19515577897905617,0.17691915626322724,0.05301519902159768,0.05648504233973605,1.0
0.3,0.3254928030755578,1.0,1.0,1.0,0.18307472217930695,0.24758838872835573,0.19889148918695557,0.06461834692473026,0.06792450415645879,1.0
0.3,0.31864403027600735,1.0,1.0,1.0,0.19473496849355473,0.19461494016796005,0.18398969853235494,0.05904695879791792,0.06518072041117465,1.0
0.3,0.29153893892607674,1.0,1.0,1.0,0.18894612956512424,0.22987225777659237,0.21419007876186802,0.06411703130282803,0.0710356138568987,1.0
0.3,0.3992256715454544,1.0,1.0,1.0,0.167064848160221,0.19859854044982736,0.1773044161313448,0.04880438173367975,0.05704532048053714,1.0
0.3,0.35285924649233236,1.0,1.0,1.0,0.21295039014530676,0.2836844666507474,0.25012406975349644,0.056056235739505834,0.06304568672461179,1.0
0.3,0.3638497423330697,1.0,1.0,1.0,0.19727917363242203,0.18217729003719116,0.1652974782635687,0.053788822016416944,0.05791384693808755,1.0
0.3,0.36737861249886633,1.0,1.0,1.0,0.1893752708127465,0.20117128202489237,0.182656757613974,0.053407151689261,0.06587208751118279,1.0
0.3,0.3361455353392155,1.0,1.0,1.0,0.18222791070926775,0.2170233890886161,0.20357099617034927,0.06255061129317614,0.06935742209589772,1.0
0.3,0.37224743089266654,1.0,1.0,1.0,0.17640604623507056,0.20633736061307487,0.1813104218201385,0.04998758486273409,0.059461387735525936,1.0
0.3,0.2939582590451246,1.0,1.0,1.0,0.21095494628674105,0.24542191056315454,0.2097957885704588,0.06611655972678855,0.06989065688446411,1.0
0.3,0.270196834641095,1.0,1.0,1.0,0.21163601139575627,0.25684902517454994,0.2320125787510224,0.07162777096583335,0.07873221621633861,1.0
0.3,0.33224208461490823,1.0,1.0,1.0,0.19496721233252143,0.21281940952850031,0.2056027529321244,0.05619269820818402,0.061856492991557335,1.0
0.3,0.3327339994291647,1.0,1.0,1.0,0.1898178063954126,0.20411793405809528,0.18175118229407877,0.060834819149904754,0.07073778354176233,1.0
0.3,0.335799350959277,1.0,1.0,1.0,0.20452186570258055,0.21519184148173406,0.2048716052293409,0.056286944348942075,0.06390899648799582,1.0
0.3,0.32846574043669796,1.0,1.0,1.0,0.16516314525410497,0.22647200853182664,0.1913523840867976,0.060202848097693815,0.06772939069143112,1.0
0.3,0.41408797338182207,1.0,1.0,1.0,0.18906383624624698,0.19331141921756154,0.15068944132634934,0.04695139901315461,0.05707782027653357,1.0
0.3,0.3496069928322721,1.0,1.0,1.0,0.20898885016193125,0.19296203245315,0.15415676321591879,0.05144767470955083,0.05664323180749422,1.0
0.3,0.3742134482041839,1.0,1.0,1.0,0.15769728077885223,0.17367457152955212,0.1608151362908056,0.049453799159272345,0.06099801549542625,1.0
0.3,0.3476083734429054,1.0,1.0,1.0,0.17008683539431907,0.2029587624510305,0.19328215283927236,0.05256628349406273,0.060280584127815715,1.0
0.3,0.3171018778307929,1.0,1.0,1.0,0.19026643300221568,0.22978642852010694,0.2140971250350951,0.057598753938585344,0.06449494678384778,1.0
0.3,0.33725242273174094,1.0,1.0,1.0,0.1818908750098864,0.20025828528122017,0.1765505805103041,0.062154578461064404,0.06734306934009812,1.0
0.3,0.3154921072781913,1.0,1.0,1.0,0.2285495798038108,0.21228859559594807,0.20404641198051085,0.06073881081900925,0.06964262787754677,1.0
0.3,0.3523360993400237,1.0,1.0,1.0,0.17140151359890193,0.193271588647067,0.16996575036160233,0.057774361671102455,0.0665956781383064,1.0
0.3,0.3345369019324467,1.0,1.0,0.0,0.18643534681846624,0.18606302123795754,0.15762131445960215,0.05339659753712394,0.054050064447789745,1.0
0.3,0.35215800199890723,1.0,1.0,1.0,0.16527590866738573,0.20962193742505159,0.18879041051645498,0.056396115142270754,0.06586827576634266,1.0
0.3,0.34835250754695085,1.0,1.0,1.0,0.18990056528954527,0.1878017571450831,0.15955265852982436,0.05563443007678451,0.06121869783684446,1.0
0.3,0.291775059893014,1.0,1.0,1.0,0.26825604202557535,0.30551448319253816,0.28890587639477827,0.06443408108704769,0.07647801010897966,1.0
0.3,0.311933855398595,1.0,1.0,1.0,0.19573333983094915,0.17522693674388978,0.16372988634752272,0.059953411482914616,0.06533753948235377,1.0
0.3,0.3834882955820979,0.0,0.0,0.0,0.17855399196677751,0.19863836895141504,0.18139707980301953,0.05123380193578249,0.05827853929086744,1.0
0.3,0.3737369058745732,1.0,1.0,1.0,0.19905583053135137,0.1838560629302708,0.16451201268361093,0.05413425233786999,0.06143283281808416,1.0
0.3,0.315351963235925,1.0,1.0,1.0,0.20124785748559396,0.24931311987049581,0.21551290241842974,0.06303880350940365,0.06902938413513761,1.0
0.3,0.331057885022608,1.0,1.0,1.0,0.20625789574161724,0.23096249477235958,0.20306859933027316,0.057509246592412896,0.06866993627905496,1.0
0.3,0.3224441237503535,1.0,1.0,1.0,0.23135307809969943,0.26057959945750775,0.2394971113483039,0.05429261974130683,0.06488683840120593,1.0
0.3,0.318204487864236,1.0,1.0,1.0,0.2089539160579109,0.19247141550975172,0.18877795546641998,0.05873067963023146,0.06595173240791617,1.0
0.3,0.3189545041985515,1.0,1.0,1.0,0.2228531443560695,0.24281328246738704,0.22878527304618154,0.058285882288698826,0.06616692537101967,1.0
0.3,0.3282702204349253,1.0,1.0,1.0,0.23017716495124488,0.21892143518858323,0.20617187730459957,0.05297660210017985,0.05974041396874534,1.0
0.3,0.32178392773544967,1.0,1.0,1.0,0.16898190407992317,0.1928662092048471,0.17627565939304937,0.05773827079446619,0.06505820304977243,1.0
0.3,0.3357445417595492,1.0,1.0,1.0,0.16321924056263787,0.19167757452588102,0.18796280568494375,0.05536292375831594,0.06606649497590979,1.0
0.3,0.40111404274088314,1.0,1.0,1.0,0.16228489941823424,0.18192872509670605,0.1588441961153818,0.04999505768040145,0.05745030347769822,1.0
0.3,0.2785000879507248,1.0,1.0,1.0,0.2257312520027194,0.2447808784254956,0.21066952789805052,0.06745704001631928,0.0761626369875406,1.0
0.3,0.3116223192811421,1.0,1.0,1.0,0.19929908175892397,0.2532414231517809,0.24338378302199581,0.06375092897639173,0.07805945144968557,1.0
0.3,0.28136275689529067,1.0,1.0,1.0,0.23844150463795127,0.22525889738836077,0.20271619127119136,0.06937121523331609,0.07495464977407273,1.0
0.3,0.4180981275232259,1.0,1.0,1.0,0.14833953598866426,0.1641885418050401,0.15128287763655338,0.04404007224064656,0.05056683923638409,1.0
0.3,0.37997937872724996,1.0,1.0,1.0,0.1874439125172391,0.20661241545340311,0.1734530338943235,0.04949779004725485,0.06238581536543508,1.0
0.3,0.30477739556713634,1.0,1.0,1.0,0.2013184193004201,0.24279975685768146,0.21520410252446057,0.06741959363609447,0.07265877792876463,1.0
0.3,0.2741106987981125,1.0,1.0,1.0,0.2044650329442427,0.23428256757413263,0.2193942063956113,0.06815088864306029,0.07424403665903108,1.0
0.3,0.34183044055939643,1.0,1.0,1.0,0.2079828064633685,0.22860285661908236,0.21293950565081557,0.055139636253153414,0.06300747201263744,1.0
0.3,0.32274369438569345,1.0,1.0,1.0,0.19769910539246655,0.2099547847717287,0.2000129089587718,0.060960766938518575,0.06951643027247222,1.0
0.3,0.3134799343338224,1.0,1.0,1.0,0.23493906837208733,0.23457545079039485,0.19837592800674048,0.06395202574547035,0.07113426202393242,1.0
0.3,0.30096257602308074,1.0,1.0,1.0,0.1898814386118919,0.22799761949267575,0.19171798351568248,0.06349757330648469,0.06556864737191444,1.0
0.3,0.32830341416687064,1.0,1.0,1.0,0.20261581498036615,0.25339148796285604,0.21089587197612536,0.060339816193563565,0.06974829365274171,1.0
0.3,0.4042255011879801,1.0,1.0,1.0,0.15341446191024077,0.18473775643455487,0.16293613148511085,0.04761450990924065,0.05824151917086751,1.0
0.3,0.32229787642327307,1.0,1.0,1.0,0.20445330580631907,0.2457054513406815,0.21130444308330842,0.05841175009814166,0.06634971345789101,1.0
0.22,0.46809568012670083,1.0,1.0,1.0,0.12012608718898095,0.16110137740951794,0.13433632387554914,0.04183925356829375,0.05294503383610467,1.0
0.22,0.5952661188049563,1.0,1.0,1.0,0.0990847527032545,0.13765267664526099,0.11411782854870825,0.03139506068952579,0.04383619177296378,1.0
0.22,0.3975968182860721,1.0,1.0,1.0,0.17105540561672689,0.1781993106565513,0.15198852323655862,0.04525689722104513,0.052044139167688595,1.0
0.22,0.5123588790881058,1.0,1.0,1.0,0.1299784515363113,0.1362901729097686,0.11864683018586722,0.03819444052865689,0.04776926307860955,1.0
0.22,0.44113040812141113,1.0,1.0,1.0,0.1655531287658904,0.1899799777792191,0.16618453965807134,0.04383776812423621,0.057035232926686844,1.0
0.22,0.4668969539667969,0.0,1.0,0.0,0.14506174588039292,0.19780835695810225,0.13862042501929137,0.04448471375533382,0.05497381321815368,1.0
0.22,0.44177236279842635,1.0,1.0,1.0,0.15951934103762921,0.19436470351797658,0.1629455686067237,0.04385994697815261,0.053851101324427476,1.0
0.22,0.44181624930927776,1.0,1.0,1.0,0.15215343606009168,0.17717630821445612,0.15614770888814886,0.040634086694973225,0.05683692096092681,1.0
0.22,0.41681465728635514,1.0,1.0,1.0,0.15394553256343235,0.17841276804158412,0.16752987365680702,0.04502060560702124,0.052717011401627795,1.0
0.22,0.4617452759734107,1.0,1.0,1.0,0.1322443159065539,0.1647247567825269,0.1405654449757998,0.04109742706651711,0.05074634912607211,1.0
0.22,0.42456899499295325,1.0,1.0,1.0,0.16639263139605387,0.18551104967217752,0.14445654765085816,0.04394662956899817,0.0474560076344121,1.0
0.22,0.49595737268400164,1.0,1.0,1.0,0.12536572225406015,0.15663288195816294,0.12014570830919968,0.03906301424104809,0.047950534053751125,1.0
0.22,0.4533223054816535,1.0,1.0,1.0,0.13766451755098566,0.15276085454345376,0.16091459589835955,0.040562067380715085,0.05381721997810097,1.0
0.22,0.3931530176387719,1.0,1.0,1.0,0.16017374932607528,0.1689913658207925,0.1394138712943262,0.0493695416713227,0.05589458910997304,1.0
0.22,0.4787091036861828,1.0,1.0,1.0,0.15071154852647978,0.16694982912101547,0.13369905421551154,0.037906369960585,0.049371844833984914,1.0
0.22,0.5148602653733824,1.0,1.0,1.0,0.12933491048264845,0.1643514784351024,0.13684599711754444,0.03744269488830187,0.04966028717117383,1.0
0.22,0.42554460798057264,1.0,1.0,1.0,0.14256678387428537,0.19817362563004334,0.16509400583904188,0.046599084528785334,0.05661931880965697,1.0
0.22,0.4464359735798586,1.0,1.0,1.0,0.164440469942769,0.15681913718152501,0.14408335440830625,0.041538587962475775,0.05058625686658317,1.0
0.22,0.4556122965356303,1.0,1.0,1.0,0.1515412648652501,0.16508869080823035,0.14156101494797757,0.04235633430220421,0.05044919662499261,1.0
0.22,0.5209636842138218,0.0,0.0,0.0,0.13945505232661676,0.1819979046247137,0.12023741200187033,0.03885685334511018,0.04736501114422653,1.0
0.22,0.5132398540074183,1.0,1.0,1.0,0.13420562198413674,0.14659499620868308,0.10817251850949985,0.037827421480778264,0.04620740531197009,1.0
0.22,0.4118333220463714,1.0,1.0,1.0,0.15247056122444294,0.19120772179341713,0.16872289265854484,0.043229022013986824,0.05503086056096259,1.0
0.22,0.43433248851887807,1.0,1.0,1.0,0.13544227042319829,0.17178842473394568,0.15483222387917658,0.04312635267937617,0.05340576261504685,1.0
0.22,0.48079790682379764,1.0,1.0,1.0,0.12921162909083905,0.1271277146450272,0.12084767313727902,0.038587379879981946,0.04601921811384027,1.0
0.22,0.39941522520345085,1.0,1.0,1.0,0.13942510017434073,0.16507413370850207,0.14692346458038869,0.049761568006648854,0.05770004328895297,1.0
0.22,0.45681458442249673,1.0,1.0,1.0,0.15668118536838924,0.1711427588823749,0.15492638736515474,0.04212819059698105,0.05084627939872249,1.0
0.22,0.4698941500338658,1.0,1.0,1.0,0.15861960098559016,0.18973406766698503,0.15048625389193587,0.042286550520631315,0.05016125589671077,1.0
0.22,0.36903049095759427,0.0,0.0,0.0,0.15041069242050453,0.16444385332405825,0.1565900198868386,0.0526127856586079,0.056670642767597534,1.0
0.22,0.45446856608982433,1.0,1.0,1.0,0.13797354874480222,0.16518950441841124,0.14686209995708238,0.041517632046422136,0.053773678734552466,1.0
0.22,0.5558543184359115,1.0,1.0,1.0,0.11574575822232924,0.1556128700988719,0.12600380269639466,0.035408426702446434,0.044054384278258564,1.0
0.22,0.4050138720069261,1.0,1.0,1.0,0.1526249358005184,0.17082023387457207,0.15264371708119312,0.04643204201426905,0.05419288415754541,1.0
0.22,0.49816321220237175,0.0,0.0,0.0,0.13883053605858314,0.1602583052456336,0.13146663531134467,0.038872585141666416,0.04738564216882299,1.0
0.22,0.5502434349055746,1.0,1.0,1.0,0.10973640101968032,0.13983928996563738,0.11581356875044561,0.03490619740239307,0.04340701964482767,1.0
0.22,0.44619831431975304,1.0,1.0,1.0,0.16035182569446343,0.1705533222820117,0.1472347009417368,0.04326855037815555,0.052315334096041353,1.0
0.22,0.5261199434487539,1.0,1.0,1.0,0.16557725339825333,0.15115281024000962,0.12121560487560415,0.03777065751901235,0.0496308804037517,1.0
0.22,0.44531406257653555,1.0,1.0,1.0,0.12293872903649068,0.16709847374282433,0.14738936789648868,0.045299626997496734,0.05639600621178523,1.0
0.22,0.4356640850805174,1.0,1.0,1.0,0.16944432440315077,0.17792958445814527,0.15035543358949893,0.044709942975939845,0.054709582885203646,1.0
0.22,0.44755086277642264,1.0,1.0,1.0,0.13389302298384248,0.16209468638218072,0.1352607817547955,0.042538925580759744,0.050288113028940505,1.0
0.22,0.46828920347881814,0.0,1.0,0.0,0.11944514775665216,0.1729766465535295,0.14036322319217073,0.0403201511050494,0.05190835082865052,1.0
0.22,0.6220228483745721,0.0,0.0,0.0,0.10090778453887847,0.14212245864595413,0.10871873037456356,0.03391939577912122,0.044161617278404244,1.0
0.22,0.43931462493922063,1.0,1.0,1.0,0.16936552101520258,0.20609159852983838,0.17044772986675952,0.041508794332144286,0.05102673877408517,1.0
0.22,0.4029131871839223,1.0,1.0,1.0,0.14943209512235295,0.19060808591964712,0.18107565069638376,0.04487480080984909,0.05597378555319182,1.0
0.22,0.5092726158872435,1.0,1.0,1.0,0.12087267570366882,0.13120092987117665,0.12311387147218959,0.03809676048420703,0.043656197496350115,1.0
0.22,0.43343471863058985,1.0,1.0,1.0,0.13645878258936867,0.18896180230202356,0.16618762468036122,0.04187377466738264,0.05268774417251014,1.0
0.22,0.44471745107008376,1.0,1.0,1.0,0.14641977294339867,0.18282721058662155,0.15114579516174878,0.043491058616452166,0.05505804259484062,1.0
0.22,0.4561731946049591,1.0,1.0,1.0,0.1446016672874267,0.1688841740786629,0.14935618800645184,0.04208305708289572,0.05718211547474887,1.0
0.22,0.4862931739035272,1.0,1.0,1.0,0.14038080929384417,0.15888029838014925,0.1275354274758133,0.04413229620480348,0.05421176567290413,1.0
0.22,0.4602858919951261,1.0,1.0,1.0,0.13239673795906143,0.17727759551752137,0.14092187713727597,0.040674162500924996,0.04818299244953288,1.0
0.22,0.47250005447495147,1.0,1.0,1.0,0.14252651789172327,0.14665791880269025,0.11952873289578411,0.03933675492203896,0.04454318566736122,1.0
0.22,0.454578252097619,1.0,1.0,1.0,0.1360101476381307,0.14596863540583718,0.12133588757177254,0.04449733236634172,0.05203405121139908,1.0
0.22,0.5370093613410959,1.0,1.0,1.0,0.13306295398921858,0.14965511661910397,0.12773772238557213,0.03473505921501435,0.047712765130793346,1.0
0.22,0.4569250937626599,1.0,1.0,1.0,0.15836411779736886,0.17209615039998458,0.13007607404198246,0.043554275873281895,0.050668527974698445,1.0
0.22,0.4028162674100931,1.0,1.0,1.0,0.16735976807110917,0.17188206620114893,0.15742521332638604,0.04982805960987356,0.060366694573887776,1.0
0.22,0.4505976129652663,1.0,1.0,1.0,0.16371652459703714,0.1852719840521404,0.14853220659380242,0.0455754022182497,0.048869459905425454,1.0
0.22,0.5333440916446729,1.0,1.0,1.0,0.11110575202645503,0.16180789425413508,0.13230932972901943,0.03561365538712646,0.04712868562883623,1.0
0.22,0.5035584873296204,1.0,1.0,1.0,0.1287493870216239,0.14709553844090462,0.11851758661596715,0.03874302045159294,0.04918248239869609,1.0
0.22,0.42389277872503306,1.0,1.0,1.0,0.14890652022926415,0.19562465343289565,0.1569965465942246,0.04587875882126449,0.0536585447974035,1.0
0.22,0.4681343575867321,1.0,1.0,1.0,0.15143915226618127,0.16118007865539727,0.1439763012270801,0.041646352728074404,0.05262806106979895,1.0
0.22,0.5242101227292463,1.0,1.0,1.0,0.12986341230520337,0.13358552448286343,0.10593536489776212,0.03654876925112679,0.04527482643689063,1.0
0.22,0.44702508598670926,1.0,1.0,1.0,0.15400471234767804,0.1764487938506237,0.13943713263698593,0.04446070485516468,0.05321167737941322,1.0
0.22,0.5060352653536024,1.0,1.0,1.0,0.12701843387942927,0.1454515888590144,0.1298513022816276,0.04132902575509984,0.049657736305212835,1.0
0.22,0.43892454900875993,1.0,1.0,1.0,0.14992035726923442,0.1847548908069523,0.16290467151641314,0.041670969933460505,0.05433853311046268,1.0
0.22,0.44182413800089965,1.0,1.0,1.0,0.14325948520149492,0.18380693340145965,0.14299244371844883,0.042133386415159055,0.05089422614416428,1.0
0.22,0.46404804360362634,1.0,1.0,1.0,0.14075262001846334,0.1571882754131261,0.1368431518466294,0.04230378867379621,0.05137721306452368,1.0
0.22,0.4717864644482688,0.0,0.0,0.0,0.1392947236185739,0.16841494292625342,0.14220954677397624,0.039512413935269025,0.04856911773671147,1.0
0.22,0.49347940068196483,1.0,1.0,1.0,0.12819867163823226,0.16517876805476125,0.13443583779826163,0.04032874296554547,0.050363958058741505,1.0
0.22,0.4427876248595765,1.0,1.0,1.0,0.1386478767889047,0.1649755292053982,0.14621760986567597,0.046741767937004165,0.052160894368950654,1.0
0.22,0.3653442199438421,1.0,1.0,1.0,0.18530700927415575,0.1785797478465729,0.15607675395291037,0.05442656900393422,0.06299534221770944,1.0
0.22,0.4991079624715249,0.0,1.0,1.0,0.11888985359801174,0.1628633707142559,0.12513143865155654,0.04148576304695613,0.049095296804479126,1.0
0.22,0.421235840318895,1.0,1.0,1.0,0.15548759360978487,0.16674791814526896,0.15434551140570918,0.04438975419277977,0.05433250963016561,1.0
0.22,0.41126988250457985,1.0,1.0,1.0,0.1797111817510624,0.19743497187642414,0.16043428407133645,0.044069929812849226,0.05099147711391747,1.0
0.22,0.5280997961729531,1.0,1.0,1.0,0.14608980140905073,0.18283950689526546,0.14583084243079586,0.0377878231643895,0.05142377973566251,1.0
0.22,0.43570839904266473,1.0,1.0,1.0,0.14927315672671287,0.1737955672680504,0.15450202126210424,0.043988869366146786,0.053168533940061685,1.0
0.22,0.5048830464853347,0.0,1.0,0.0,0.12296070916058935,0.1349233125686022,0.109993929797368,0.040295633828411094,0.047660096604389565,1.0
0.22,0.44491490387362437,1.0,1.0,1.0,0.1482696718705278,0.1789219147806416,0.1426999327201433,0.043323297149453904,0.05040664694366235,1.0
0.22,0.4893620788107608,1.0,1.0,1.0,0.12856622382153335,0.1648679314303543,0.12270386029780826,0.04101188930818259,0.04758173413312186,1.0
0.22,0.5116343984698506,1.0,1.0,1.0,0.12679910067019576,0.16667786538444324,0.15100908509181354,0.03830413206236212,0.051289015392492684,1.0
0.22,0.37062043047220056,1.0,1.0,1.0,0.16784368658697119,0.19324374872069533,0.1828986571023766,0.048344590898379884,0.05723191437612919,1.0
0.22,0.42848631826681266,1.0,1.0,1.0,0.15891133089568849,0.19246709119277267,0.15743331389207052,0.04300361414256528,0.05482645117343497,1.0
0.22,0.4346272973392224,1.0,1.0,1.0,0.16558668566526877,0.1845878402714929,0.1568531972285274,0.042069747852977624,0.05331228198233883,1.0
0.22,0.5796881812515453,1.0,1.0,1.0,0.10556788993214701,0.13630196513918563,0.11995460066040534,0.03399471444672474,0.042669039642764924,1.0
0.22,0.5229281121584243,0.0,1.0,0.0,0.1423505626945917,0.18024239891259586,0.12801832653439627,0.03805312748145053,0.04926255951074498,1.0
0.22,0.4710131591318674,1.0,1.0,1.0,0.1475974780118649,0.1541831702725347,0.13645330076051315,0.039928376080342776,0.04717685907246518,1.0
0.22,0.4530760340560486,1.0,1.0,1.0,0.14864232728593724,0.1555829786522894,0.14391087962623142,0.04299145195345443,0.053545741882228146,1.0
0.22,0.4050467657460585,1.0,1.0,1.0,0.13871526041289722,0.1611017322262502,0.16458452874190604,0.04755884437760018,0.0598306525042753,1.0
0.22,0.5767727544779612,1.0,1.0,1.0,0.11191442265606907,0.1433764382256174,0.1238491576293155,0.0348553682056302,0.04374668063847322,1.0
0.22,0.4374477907712092,1.0,1.0,1.0,0.13648403289765534,0.1939551662890197,0.1428589852575741,0.04386345630903979,0.050691939236003423,1.0
0.22,0.4837342407614392,1.0,1.0,1.0,0.14657549945831938,0.15249422905378557,0.14002586991947671,0.04187094612655116,0.04837360117166489,1.0
0.22,0.45540419050166153,1.0,1.0,1.0,0.1459924963483613,0.15856802849425325,0.13397050254051193,0.0425950615412597,0.04945329049087179,1.0
0.22,0.519207359383348,1.0,1.0,1.0,0.14851634899439276,0.14484442796634361,0.1141420918211726,0.0348000784613283,0.04303650614223089,1.0
0.22,0.45991929232924555,1.0,1.0,1.0,0.1562708260219031,0.164137038230931,0.14087000150266019,0.041489921849258524,0.05418914479102814,1.0
0.22,0.5451403784129178,1.0,1.0,1.0,0.1092289950411139,0.1522251589438381,0.14488555290849559,0.03455543972336464,0.04751144613800243,1.0
0.22,0.40111465554379794,1.0,1.0,1.0,0.16712763884514156,0.1639147087708246,0.13827836545804661,0.04703790145819048,0.053845397459709454,1.0
0.22,0.47423041013980427,1.0,1.0,1.0,0.1149004267045701,0.17023541384335725,0.1461128796832615,0.039862251398549924,0.04844816573722257,1.0
0.22,0.49080743413354017,1.0,1.0,1.0,0.13948315983213835,0.1571654183699258,0.14441919439002313,0.04163001173808073,0.054619744403522325,1.0
0.22,0.461463681728838,1.0,1.0,1.0,0.15084119130374352,0.1565111083705661,0.14131540698105682,0.0410120968943653,0.05201259642330152,1.0
0.22,0.4401322258056992,1.0,1.0,1.0,0.14265492133756974,0.17905583004236122,0.17000789715191736,0.04539934095341341,0.05603847829653619,1.0
0.22,0.43191063591589995,1.0,1.0,1.0,0.12363544318179283,0.18863684602870628,0.16523245305514314,0.04034056327467135,0.056066120265462184,1.0
0.22,0.4639917129231026,1.0,1.0,1.0,0.12778172847431243,0.14009322752453776,0.11178378897525085,0.040741187351209414,0.04819829106172943,1.0
0.22,0.70235580540653,1.0,1.0,1.0,0.09159659650331212,0.12479519990616661,0.09980462699467785,0.02664655381623371,0.03895794395373815,1.0
0.22,0.43989188593517925,1.0,1.0,1.0,0.1505835032590397,0.1556906730472553,0.15238422586055667,0.041398345613070424,0.05156686645111305,1.0
0.22,0.40593499881678846,1.0,1.0,1.0,0.14090936339414548,0.17043552036878903,0.16516439814287495,0.05011961871749246,0.059806169107945395,1.0
0.22,0.4251927054834377,1.0,1.0,1.0,0.15055765262170037,0.19480130176664573,0.16557443526197874,0.043989121388569766,0.05141792029756822,1.0
0.22,0.5315755105720141,1.0,1.0,1.0,0.1215741136443707,0.14506883564336567,0.12731435759435325,0.03365126503033613,0.04553415546341495,1.0
0.22,0.5060428956462923,1.0,1.0,1.0,0.1326909095536915,0.12819357991792255,0.10139306713591223,0.03891237838862474,0.044697728210077455,1.0
0.22,0.4674874328952477,1.0,1.0,1.0,0.12291118394698419,0.15467191169564276,0.13900402799727063,0.04051100662393299,0.04816149808979425,1.0
0.22,0.37161956732616114,1.0,1.0,1.0,0.17050187802264133,0.1927717716907511,0.17491277742501837,0.051604082717751194,0.06353561210681036,1.0
0.22,0.44303431769627377,1.0,1.0,1.0,0.14762838940980355,0.18957815108270104,0.1384248509551995,0.04351283815918899,0.05179570735309337,1.0
0.22,0.43881465314106954,1.0,1.0,1.0,0.151440152854221,0.15439849890218776,0.12992472213163425,0.046906604437405484,0.05175309852905981,1.0
0.22,0.43562386557893285,1.0,1.0,1.0,0.14729890178786184,0.15229170405915365,0.14133679969837612,0.045569639713669494,0.05223569280865155,1.0
0.22,0.47079589025741375,1.0,1.0,1.0,0.12068690631757262,0.148707572503762,0.13360314148696725,0.04187572934927596,0.05131979738407486,1.0
0.22,0.5290928866080179,1.0,1.0,1.0,0.12890404927437368,0.1515746420297968,0.134794400719168,0.03501700038396336,0.048689313260778105,1.0
0.22,0.47887395515482234,0.0,0.0,0.0,0.161230406043827,0.14976201795101785,0.13733123895802277,0.04358870337901402,0.05043594595255123,1.0
0.22,0.47721972289935516,1.0,1.0,1.0,0.13682480733747093,0.16894087778448966,0.14874797648757457,0.040948039016012,0.04952017000035598,1.0
0.22,0.4135143144910766,1.0,1.0,1.0,0.15014174492693283,0.13773622850962985,0.12430192642391114,0.04622418007120199,0.05351988058480792,1.0
0.22,0.42752726489915577,1.0,1.0,1.0,0.1454283695663196,0.17626355137091637,0.14751282092011428,0.04390501067530386,0.05291178590248479,1.0
0.22,0.42307005136651854,1.0,1.0,1.0,0.15890141422541076,0.17753295495278118,0.14315074783638593,0.049541450313954793,0.05593964792701027,1.0
0.22,0.5051995625871701,1.0,1.0,1.0,0.11403819744456054,0.1428990273060318,0.11854926011831235,0.03971609636670454,0.047085582012108544,1.0
0.22,0.40581368562320336,1.0,1.0,1.0,0.18879842720590856,0.19088372481686472,0.15566877466529755,0.046726391171323406,0.053725733320668476,1.0
0.22,0.4432761869836846,1.0,1.0,1.0,0.13477031363609157,0.16946166470422602,0.13700019536032096,0.04026228089917571,0.049886845727587836,1.0
0.22,0.3909507588785148,1.0,1.0,1.0,0.15603574325159872,0.18940319672727174,0.17629248383435095,0.05213937063303824,0.05914788623078887,1.0
0.22,0.44610594383721075,1.0,1.0,1.0,0.14127649509276283,0.15351839638133855,0.13349095811655637,0.04307263596889801,0.04866825396100578,1.0
0.22,0.44339399408209196,1.0,1.0,1.0,0.1749370709983079,0.1755472086701839,0.14617225344795687,0.04192065161909406,0.048770031891787,1.0
0.22,0.4634303056738792,0.0,0.0,0.0,0.1646037059931859,0.1662211815897363,0.13931095354001743,0.039357323285284844,0.04655101484217347,1.0
0.22,0.40713830137338475,1.0,1.0,1.0,0.15803050278288094,0.17575587572807608,0.15811038155194757,0.04902139905725809,0.057325213780447005,1.0
0.22,0.46699095608766633,1.0,1.0,1.0,0.15794986572694888,0.15829084174002236,0.12583850457190626,0.040827152599072034,0.04902371801132621,1.0
0.22,0.4065410350170831,1.0,1.0,1.0,0.15769592302879398,0.1783144498033601,0.16057963832505578,0.04767953107973817,0.0552245710504701,1.0
0.22,0.41892193393648963,1.0,1.0,1.0,0.15572779593487623,0.18405909828913672,0.15367055541290636,0.045531539325681145,0.05244691843754218,1.0
0.22,0.6527045144891208,0.0,1.0,0.0,0.10463032465400386,0.1343790813664644,0.09056566267743407,0.031818231706557634,0.03912349702352986,1.0
0.22,0.5269232206168869,1.0,1.0,1.0,0.1299786369633848,0.136262216122291,0.1012065962056182,0.037495850474124744,0.043985695349185644,1.0
0.22,0.6567930339027396,1.0,1.0,1.0,0.09103170851119405,0.10842263164036783,0.08822787107208947,0.0308750355152116,0.03788940271193176,1.0
0.22,0.4323509394312531,1.0,1.0,1.0,0.14284443014066617,0.18450666099029686,0.1648246052200834,0.041990344339693564,0.055607176433596875,1.0
0.22,0.47676734029440443,1.0,1.0,1.0,0.13450704818814702,0.14949394118132345,0.13233002458324583,0.041035364881868965,0.051703712192131004,1.0
0.22,0.4759838852852645,1.0,1.0,1.0,0.12258381930792905,0.18154085907175016,0.14644244296644326,0.04303507405494427,0.05417401989761486,1.0
0.22,0.45847698903943557,1.0,1.0,1.0,0.13759069346614242,0.1548211841938303,0.13821054059021637,0.04521476262980733,0.054484095272762226,1.0
0.22,0.5543930175676733,1.0,1.0,1.0,0.12283003095765803,0.1428454184108508,0.11337462968255888,0.03649856596783925,0.04485116638711368,1.0
0.22,0.46294951216048924,1.0,1.0,1.0,0.13179607253373404,0.17501781075450493,0.1450388547368649,0.0420244170314402,0.049693430524352405,1.0
0.22,0.5531987442951322,1.0,1.0,1.0,0.10951999948325344,0.15203205133602352,0.12766592384313985,0.03438056191934544,0.04579494237546169,1.0
0.22,0.3945526872397087,1.0,1.0,1.0,0.17422051540557923,0.20575895202661512,0.16195232656734299,0.04927953821405533,0.054651705628452625,1.0
0.22,0.5175344867683316,0.0,1.0,0.0,0.1294062678006726,0.15455313407762966,0.1208862957474918,0.04057479695562682,0.046707632475205464,1.0
0.22,0.4836577927473507,1.0,1.0,1.0,0.1334174558667081,0.16436637063284373,0.13520679632305235,0.03987254629086232,0.048556264005709775,1.0
0.22,0.42666301428682424,0.0,0.0,0.0,0.15307605895751214,0.17963527499530194,0.15696325727647542,0.04969766520940474,0.054591044100174776,1.0
0.22,0.4134647515303728,1.0,1.0,1.0,0.1651653870007676,0.16586190897100234,0.1417169996045033,0.0467672636447199,0.05181199599386118,1.0
0.22,0.4362046353509253,1.0,1.0,1.0,0.13043626265730657,0.17465090726170743,0.15532594717430653,0.041627228691013374,0.05011534151745396,1.0
0.22,0.4051249088166467,1.0,1.0,1.0,0.151403617445871,0.1850947873612501,0.14555317205128507,0.05023150052048358,0.05865802678859661,1.0
0.22,0.6224958104672312,1.0,1.0,1.0,0.09831016725195132,0.13637412740606739,0.11102705574414069,0.030188463925240924,0.04567964103071146,1.0
0.22,0.5699155134786739,1.0,1.0,1.0,0.11125121611186109,0.1314269891022365,0.10289725611447095,0.03314290234060237,0.04532822072712144,1.0
0.22,0.4277474395714059,1.0,1.0,1.0,0.16675943317172434,0.18370914818983924,0.15351018049727705,0.04391416222390914,0.0486875845575623,1.0
0.22,0.43971493520075966,1.0,1.0,1.0,0.15550382259370552,0.15963020135081762,0.14320043574801783,0.04157363939245066,0.05155810249453754,1.0
0.22,0.3904822759433568,1.0,1.0,1.0,0.16609702579007374,0.17676413253104967,0.16007035953231494,0.04984477650682115,0.058238788898670645,1.0
0.22,0.41830946639003197,1.0,1.0,1.0,0.14515942289827455,0.1839484948059475,0.16327855324030374,0.046736709369709105,0.05711518957812894,1.0
0.22,0.3631976957552036,1.0,1.0,1.0,0.1726043133083533,0.17790864919698424,0.15705930973186943,0.05134915715739817,0.05844207227717271,1.0
0.22,0.4723470120833006,1.0,1.0,1.0,0.15764909408841613,0.19424701109327813,0.1517613374916452,0.04161431254896475,0.04950118304507083,1.0
0.22,0.44712631421692367,0.0,0.0,0.0,0.16170050349008858,0.1421190286202704,0.12030104096942373,0.04221693945425697,0.0457502014472071,1.0
0.22,0.43006834688140283,1.0,1.0,1.0,0.17072596159423367,0.20122672773184935,0.16509169146973252,0.04543845977678748,0.055939864415279095,1.0
0.22,0.4684961984557205,1.0,1.0,1.0,0.1522382268134656,0.1823463050840376,0.1584117048846966,0.04072569593374247,0.05216206496524833,1.0
0.22,0.4466472974419335,1.0,1.0,1.0,0.16152949951539403,0.18117756939140559,0.14832283013211817,0.042379517176297246,0.047646834789164094,1.0
0.22,0.3795669396733683,1.0,1.0,1.0,0.21317527317900858,0.22115593881620602,0.20670424254406888,0.047630763882736196,0.058966633573140775,1.0
0.22,0.5027583401120995,1.0,1.0,1.0,0.14263905935931492,0.16266587462885135,0.1419407594747718,0.03865582798943077,0.05059085424197057,1.0
0.22,0.49516699939975883,0.0,0.0,0.0,0.11262238294915453,0.15409820576178546,0.12443914058459207,0.037231140687951296,0.05070794638235793,1.0
0.22,0.48210439682643924,1.0,1.0,1.0,0.12873115484449488,0.14939606765751817,0.13302920403280677,0.04101995477922933,0.04911077854468717,1.0
0.22,0.4579708270757516,0.0,0.0,0.0,0.13991469207648297,0.16510490614495396,0.13292843314675068,0.043517124771122954,0.05358739430437151,1.0
0.22,0.42810935307234116,1.0,1.0,1.0,0.18642992118026527,0.1622860310660706,0.12730450348395067,0.044296630840325674,0.04931893002722561,1.0
0.22,0.5489973729725937,1.0,1.0,1.0,0.11538228944255835,0.13073873557306837,0.10844328134934204,0.032635353874977714,0.044037607159194955,1.0
0.22,0.5171477459888983,1.0,1.0,1.0,0.12252998707834513,0.14456014278653553,0.12044198777926995,0.040126845098447016,0.04837267228947601,1.0
0.22,0.5052928679521347,0.0,1.0,0.0,0.10879146817774969,0.14356166898297304,0.11339529299888511,0.03737902949586282,0.04564189336628384,1.0
0.22,0.5101450574239558,1.0,1.0,1.0,0.11747564643090261,0.1526974466454767,0.11801875751054239,0.03962975586782636,0.048691156890034684,1.0
0.22,0.47199481799639925,1.0,1.0,1.0,0.11205181271197066,0.1556635331075384,0.13726673713973953,0.04258343195663558,0.04893389089741454,1.0
0.22,0.43481487149833636,1.0,1.0,1.0,0.15460969714256184,0.17977562921395474,0.14732770035107304,0.047016224901181965,0.05642982781265491,1.0
0.22,0.36429499585977915,1.0,1.0,1.0,0.20893672809553818,0.23625194993019888,0.21364247652302976,0.053638323478053244,0.06492518251512733,1.0
0.22,0.4498627966169203,0.0,0.0,0.0,0.12466076055747659,0.16292534993518593,0.14470402325109466,0.04182595118562629,0.05250023248063649,1.0
0.22,0.5038429214109102,1.0,1.0,1.0,0.14475983355127645,0.18077139460287128,0.15849639494235765,0.03727593244318869,0.05115208654773329,1.0
0.22,0.4855621849970316,1.0,1.0,1.0,0.1336546552038111,0.14832071914466982,0.13417307104139725,0.040588075209533475,0.049553682165674406,1.0
0.22,0.43310209318740134,1.0,1.0,1.0,0.17491598816381107,0.1761910792356381,0.15187092048082373,0.04311667299365433,0.05449077767550883,1.0
0.22,0.4638681201434798,1.0,1.0,1.0,0.1371052081987046,0.16401332920553685,0.13412805993960858,0.042719679056083724,0.05291795688166595,1.0
0.22,0.4551254453111478,1.0,1.0,1.0,0.15614470774918884,0.1735520396640101,0.13503027605969248,0.04062960465183964,0.04722497176322309,1.0
0.22,0.4183171330278512,1.0,1.0,1.0,0.157544078031538,0.1612615645475733,0.13653515775453154,0.047685435490333675,0.05631695178610631,1.0
0.22,0.4187329702895487,1.0,1.0,1.0,0.15638265124314127,0.1852832618844012,0.15620667915576297,0.04639849522185397,0.05192909181029529,1.0
0.22,0.4829103965720346,1.0,1.0,1.0,0.13138243110144376,0.14677361487991364,0.11762795826963872,0.04061404280785093,0.05210950126867104,1.0
0.22,0.4850638448751257,1.0,1.0,1.0,0.13330425345391905,0.14654090571982023,0.12711613750312795,0.04022829077796114,0.04936310117036854,1.0
0.22,0.458348498843643,1.0,1.0,1.0,0.14038704948445163,0.1324209231273045,0.11616837013029009,0.041691042572895576,0.04556836703948774,1.0
0.22,0.45152264287769284,1.0,1.0,1.0,0.11717473008650622,0.18886902295484226,0.15725954858431873,0.04569481348542425,0.05584445240819682,1.0
0.22,0.44888926700982507,1.0,1.0,1.0,0.16215070536869663,0.1830065070290259,0.15719682510183008,0.04637940577104306,0.059183570999325745,1.0
0.22,0.465150649853474,1.0,1.0,1.0,0.1127325148698698,0.14625846966725364,0.12433071327037233,0.04102194146155579,0.04861238924563177,1.0
0.22,0.45077538404387235,1.0,1.0,1.0,0.14914578358066344,0.17300201906587337,0.16206932368401028,0.04530598739202075,0.05528895684129477,1.0
0.22,0.4167826196402084,1.0,1.0,1.0,0.14918559694651443,0.17623226562112992,0.13831767998225672,0.04813547732087046,0.05319883620604963,1.0
0.22,0.5003926352094734,1.0,1.0,1.0,0.13107105468477193,0.15930267935645193,0.14183335843629158,0.03750005458377555,0.051808235784790255,1.0
0.22,0.4942405571670926,1.0,1.0,1.0,0.13426935419349437,0.14716264984081834,0.13346461747905938,0.03899451634259534,0.04906579237868065,1.0
0.22,0.5112006891309961,1.0,1.0,1.0,0.13437882441405552,0.15830473262837386,0.13259357205796266,0.04111757052526976,0.04918770546637995,1.0
0.22,0.43374455044106647,1.0,1.0,1.0,0.16543918508841338,0.18199636038931238,0.16462493462245337,0.043322347725226855,0.05690099129138754,1.0
0.22,0.4483975076586577,1.0,1.0,1.0,0.17102576978959277,0.1812413963440886,0.14144296321000827,0.040795215811829946,0.05273876844094176,1.0
0.22,0.47087236387680936,1.0,1.0,1.0,0.15532763285127565,0.15073216143675097,0.1185070634543021,0.04087882881957137,0.050202031440581225,1.0
0.22,0.41163890824242394,1.0,1.0,1.0,0.1780619924660311,0.17430674535867047,0.1638301065468009,0.04316494021798218,0.05116847265554604,1.0
0.22,0.40367606694806446,0.0,0.0,0.0,0.12533121746606496,0.1606593311920625,0.13942143299187382,0.049669278817220885,0.05241944663807879,1.0
0.22,0.4737381680185969,1.0,1.0,1.0,0.13039240113168152,0.1572926590347634,0.1261336284504654,0.04276706272787667,0.05558909326666394,1.0
0.22,0.4051495470420082,1.0,1.0,1.0,0.20326658752983598,0.18573822569408371,0.165778364727959,0.046729101999437805,0.05437124392433951,1.0
0.22,0.5554557654226248,1.0,1.0,1.0,0.12011980418744647,0.16960103832247286,0.12794794685986785,0.035892684663040055,0.04663179112414191,1.0
0.22,0.5328562726935017,1.0,1.0,1.0,0.10908147728315157,0.14346756213113337,0.11723972326729104,0.035132826484052575,0.046663008617959835,1.0
0.22,0.4907295287293354,1.0,1.0,1.0,0.12150773950890034,0.16278091758852997,0.1309490648525033,0.04063669654730926,0.04777347422319997,1.0
0.22,0.5042421859306905,1.0,1.0,1.0,0.13249022884661443,0.15439331636391612,0.13374238598881438,0.03794401205669264,0.04996853816947275,1.0
0.22,0.5337941400772482,1.0,1.0,1.0,0.11630715531327436,0.1388045472730925,0.11032490961817212,0.038187679867922646,0.04657088804068568,1.0
0.22,0.4633306975401446,1.0,1.0,1.0,0.12222491625607401,0.1584241894107547,0.13915735306431531,0.04293285035059768,0.05470344195404946,1.0
0.22,0.582648062995705,0.0,1.0,0.0,0.10997423908923268,0.1304751722625019,0.11081078803829328,0.03457795272604518,0.04496628757032035,1.0
0.22,0.4691096868066764,1.0,1.0,1.0,0.12438303515959029,0.16190527017377704,0.13552131003916437,0.03776598335216388,0.04711590338968337,1.0
0.22,0.40579630518200677,1.0,1.0,0.0,0.1641151911289489,0.1720901379142595,0.1379142154580273,0.04792006416989546,0.05815984046610621,1.0
0.22,0.43591310316172166,1.0,1.0,1.0,0.15923899581975476,0.17022697423328606,0.14347915451861684,0.04558994561078422,0.050832185880708175,1.0
0.22,0.4095862274483519,1.0,1.0,1.0,0.1343848575095587,0.16732236960510774,0.1457510178074524,0.04637869440733696,0.050964550336451656,1.0
0.22,0.38089146907391713,1.0,1.0,1.0,0.16490938998550111,0.18029454711457754,0.16120597056543157,0.051398357497471944,0.06185016578565616,1.0
0.22,0.4005763645006103,1.0,1.0,1.0,0.15945438874099352,0.18202213477430224,0.15770491595231734,0.04666670366043833,0.05638850806031585,1.0
0.22,0.5073115084691732,1.0,1.0,1.0,0.16080796369757427,0.16796474678716972,0.1473367254629688,0.03629328031314193,0.046004000140746806,1.0
0.22,0.4727757061007013,1.0,1.0,1.0,0.1470622955631446,0.1904409244084227,0.15727434775525012,0.03908466489132284,0.05178219167870765,1.0
0.22,0.48838075799338004,1.0,1.0,1.0,0.14899316359504514,0.153586729555273,0.13193838859493004,0.04175211712412251,0.05174601969303741,1.0
0.22,0.4447784504955642,0.0,0.0,0.0,0.12695653319468794,0.1687549580755105,0.1610154000475644,0.04357520783603233,0.05282101312924281,1.0
0.22,0.43442092797980697,1.0,1.0,1.0,0.14448642298085562,0.17320937801340242,0.15647381884190734,0.04241945163988039,0.050592735539709804,1.0
0.22,0.44227949509357567,1.0,1.0,1.0,0.15612921762993232,0.15866612693536764,0.1316874312677801,0.0413322169469012,0.04835192444854362,1.0
0.22,0.5569367067382313,1.0,1.0,1.0,0.10071500505714112,0.1418662244108221,0.12068130152445981,0.03310176387913909,0.04462699023199435,1.0
0.22,0.4678400819297421,1.0,1.0,1.0,0.14021985657813302,0.19306077909806948,0.16704621363574088,0.04086357388835507,0.054627747552768516,1.0
0.22,0.5048337458345321,1.0,1.0,1.0,0.14349850970306527,0.160455698236611,0.14045267764383848,0.03844858683563911,0.04628578303031446,1.0
0.22,0.38267902217986505,1.0,1.0,1.0,0.18887099357182935,0.18965815695408178,0.167224748302149,0.048147009336430374,0.05677418784071054,1.0
0.22,0.5252063372151939,1.0,1.0,1.0,0.11461739701125184,0.1295492815320889,0.10774145650775976,0.03742120220441289,0.04596891556633599,1.0
0.22,0.4606462374549463,1.0,1.0,1.0,0.1237168445797097,0.15941583447761754,0.1307460545869305,0.04192567406769927,0.05413646609816654,1.0
0.22,0.4849173903928281,1.0,1.0,1.0,0.1488756751237349,0.1559696840316642,0.11230566586799899,0.03788619772911967,0.04656106210737165,1.0
0.22,0.5026653422754894,1.0,1.0,1.0,0.13472942362314516,0.169051924402346,0.14692897860754112,0.03877952597866061,0.050541796508433406,1.0
0.22,0.42424561201111716,1.0,1.0,1.0,0.13446496467910302,0.14942459095540406,0.12673303851775497,0.04820103685453022,0.05098950536515834,1.0
0.22,0.5274087135926077,1.0,1.0,1.0,0.12064361818520064,0.14576500144565868,0.12360533531982913,0.035782074718447604,0.04776997558382574,1.0
0.22,0.46048734096860094,0.0,1.0,0.0,0.14214912262197069,0.15132988464742453,0.1260277344420673,0.04190032380414879,0.050834968147344756,1.0
0.22,0.3928619600725266,1.0,1.0,1.0,0.17457164603676154,0.19352273238198442,0.18118832673142507,0.04517453361529181,0.05571241833505581,1.0
0.22,0.4944267045852498,1.0,1.0,1.0,0.16454575561145135,0.16122552192471434,0.13464409896344037,0.03730987812825325,0.04784664844954538,1.0
0.22,0.40545444501747774,1.0,1.0,1.0,0.18184597038114053,0.21024133191617578,0.1653920509471607,0.04730367477987088,0.054639255693249705,1.0
0.22,0.46069148440794006,1.0,1.0,1.0,0.14896422830959027,0.17711026087183196,0.12963362630906425,0.04224304546436479,0.052563659921516404,1.0
0.22,0.5229130162976344,0.0,0.0,0.0,0.11301892810241898,0.15298368046296001,0.12244272726415888,0.037285813386676574,0.04829105305491645,1.0
0.22,0.4412700357243225,1.0,1.0,1.0,0.14372820095839023,0.17061453852906974,0.13516341516991992,0.04483310707661439,0.05150084411040288,1.0
0.22,0.4157360221505013,1.0,1.0,1.0,0.15602530932105302,0.19194107615589118,0.15553905587214129,0.04709755774322849,0.0541205804267075,1.0
0.22,0.6639339808971465,1.0,1.0,1.0,0.10437970933462593,0.1400441376342972,0.11340888584886122,0.028092992187992712,0.03918696075606071,1.0
0.22,0.4075510882040902,0.0,0.0,0.0,0.1563124772294626,0.19107747931034852,0.17102516700857825,0.04752039236850591,0.05796208632372672,1.0
0.22,0.438253246047625,1.0,1.0,1.0,0.15515188792260237,0.16436730360846094,0.13721904237368143,0.042075622885364414,0.04792257560557991,1.0
0.22,0.4844239375983439,1.0,1.0,1.0,0.14182432106488255,0.18096498121018115,0.1417388501230379,0.041531813875866144,0.054639006434168254,1.0
0.22,0.45813923367595966,1.0,1.0,1.0,0.14803391659323634,0.1520740328265923,0.13759574729182583,0.0416419218693278,0.05018570679318504,1.0
0.22,0.38473803985583943,1.0,1.0,1.0,0.17408487605839387,0.17638946222333393,0.1451001513692876,0.05110637026041232,0.0570965384825673,1.0
0.22,0.48897966435799395,1.0,1.0,1.0,0.12603580061345043,0.15646981773931934,0.10870521061492226,0.03841251688379085,0.04789680120103675,1.0
0.22,0.43784857378513325,1.0,1.0,1.0,0.15810528141599445,0.21037573851836627,0.14375736853880447,0.044226109868978465,0.053428178412682194,1.0
0.22,0.5313925623877682,1.0,1.0,1.0,0.1194709417422473,0.14646483136900695,0.12398619646756286,0.03883176997122462,0.04744847381933361,1.0
0.22,0.41873588336862166,1.0,1.0,0.0,0.1537488452672187,0.17546150148802972,0.14055259161331052,0.046572661962984936,0.053580096822278114,1.0
0.22,0.39247609370821723,1.0,1.0,1.0,0.15457552446497813,0.18686365254557216,0.1537436244096434,0.04811238186702482,0.057948421549183934,1.0
0.22,0.42055649452737653,1.0,1.0,1.0,0.1395082326954769,0.21062329621390244,0.19445647645858866,0.0388641491601798,0.053432211433898064,1.0
0.22,0.5358880834342752,1.0,1.0,1.0,0.11901333465237537,0.15236637249117616,0.12882055643147977,0.03939596733611679,0.0516232474217207,1.0
0.22,0.4497417949301826,1.0,1.0,1.0,0.16719116824384275,0.18935589131224434,0.14360827924577388,0.043193117855001635,0.053599847098146684,1.0
0.22,0.40480373406649506,1.0,1.0,1.0,0.14317877789604272,0.186226585721597,0.14808077087302896,0.04940355054335798,0.05708853900435742,1.0
0.22,0.513174700640108,1.0,1.0,1.0,0.12181711242649426,0.13755362618607822,0.11512581922063378,0.03843933748903747,0.044395082294400694,1.0
0.22,0.5426289488766961,1.0,1.0,1.0,0.11537382799061391,0.14237273513119897,0.11299945643324598,0.03996053063419085,0.050828839863598096,1.0
0.22,0.4721867903772975,1.0,1.0,1.0,0.12744604788878425,0.16741841753842238,0.1434810441696136,0.03967046943649773,0.05164721319072644,1.0
0.22,0.35595417964783826,1.0,1.0,1.0,0.15547272998263958,0.17368022048768722,0.16384527919416278,0.051681410060566486,0.05981791965954643,1.0
0.22,0.5009966169384539,0.0,0.0,0.0,0.12837062858451462,0.1692199445912541,0.15583069370309516,0.03526192486228507,0.05335597526572727,1.0
0.22,0.49453246982222654,1.0,1.0,1.0,0.14341268822606887,0.15303411183324234,0.1248665817798035,0.041459312674167866,0.04708264648189116,1.0
0.22,0.42234140692499356,1.0,1.0,1.0,0.15651079454734962,0.17645736132665696,0.16551574055496374,0.04379047138655863,0.05154433729823557,1.0
0.22,0.397205706549981,1.0,1.0,1.0,0.14963674684896452,0.1929428552708499,0.1670251368928284,0.047043008825822914,0.05654906301654671,1.0
0.22,0.5205876375234327,0.0,1.0,0.0,0.10475862607130008,0.13834623471254787,0.12682165599303136,0.03653513958325133,0.04796209623987321,1.0
0.22,0.45956753087539043,1.0,1.0,1.0,0.134668853930819,0.15699761392264017,0.13475292044102558,0.043149441477334224,0.05272539183777601,1.0
0.22,0.49673776732822233,1.0,1.0,1.0,0.1304426260372467,0.14921021639850526,0.1233770548160921,0.038243529765199194,0.042766922476087973,1.0
0.22,0.4522415256257986,1.0,1.0,1.0,0.1424700591761496,0.1778092978334653,0.16534440304464582,0.04048275899260554,0.05079445335844732,1.0
0.22,0.48255172353303205,1.0,1.0,1.0,0.14339123293004402,0.15715284525662493,0.12759605565471127,0.03951424213619383,0.05159986397259674,1.0
0.22,0.507773957397935,1.0,1.0,1.0,0.11148879785662809,0.15533864399776293,0.12886771639149747,0.038676813758761384,0.04828934981997438,1.0
0.22,0.44049468361135236,1.0,1.0,1.0,0.16521909992925482,0.18091928266442625,0.14571141858752296,0.04176097951749581,0.051335742860161654,1.0
0.22,0.4697227046996606,1.0,1.0,1.0,0.12684931724225662,0.15908406471284572,0.13588820689577466,0.039143441661740705,0.04855150368084939,1.0
0.22,0.55548166736331,1.0,1.0,1.0,0.12235908592703812,0.15565994942296016,0.11710613344833906,0.03731117133479293,0.04636746778381183,1.0
0.22,0.49244047828016796,1.0,1.0,0.0,0.13594359905041747,0.14669345481450383,0.11104944769355844,0.038520654935411146,0.04787444172756433,1.0
0.22,0.47287204732122307,1.0,1.0,1.0,0.14375564402297608,0.1417985584428087,0.12074873314373318,0.04023064981475165,0.04901914411844219,1.0
0.22,0.47532224788941685,0.0,1.0,0.0,0.12731086891009183,0.1570906133129188,0.12564553964053354,0.043054470781393184,0.05135735637579414,1.0
0.22,0.4150066401237205,1.0,1.0,1.0,0.16233811129127793,0.1833159355041355,0.16723915752447793,0.043314089712417944,0.053246681841632074,1.0
0.22,0.4759607827759455,1.0,1.0,1.0,0.13366008462116316,0.16405167678153643,0.15114591832394325,0.04029866278961703,0.04975628639034465,1.0
0.22,0.4388951462351773,1.0,1.0,1.0,0.14667366091695036,0.17115234020272124,0.15511831768896392,0.043779251791910646,0.05070195377016279,1.0
0.22,0.5060070857543452,1.0,1.0,1.0,0.14749974823233888,0.17147462136975622,0.15913042055162463,0.03594186591236645,0.04808580886977288,1.0
0.22,0.3929424487702284,1.0,1.0,1.0,0.16766904953703365,0.18684113457165188,0.1562146761268623,0.04969937547567574,0.0547077173215788,1.0
0.22,0.5196723689262507,1.0,1.0,1.0,0.12955193662417366,0.17030991224715739,0.133913900875737,0.03518734477530126,0.04612397368287935,1.0
0.22,0.5009515228236378,1.0,1.0,1.0,0.1237538351771309,0.14632821648917052,0.12790636701482955,0.03909477473616115,0.047119950438086186,1.0
0.22,0.45150093037761996,0.0,0.0,0.0,0.13985531244246213,0.16574553455204255,0.1427441197283529,0.043373267814466085,0.04945719049905608,1.0
0.22,0.4116244690549334,1.0,1.0,1.0,0.17947388823787488,0.17265636835760984,0.14206110347886322,0.04884281019335559,0.052731413856913587,1.0
0.22,0.42182921400409545,1.0,1.0,1.0,0.13470924903935683,0.1674421080625491,0.15450022870460306,0.04629362891341995,0.05047891751221658,1.0
0.22,0.44336547780932084,0.0,0.0,0.0,0.1659549526639804,0.172366954275824,0.13995222526661436,0.04317854125847893,0.04910681223037871,1.0
0.22,0.5147548634498423,1.0,1.0,1.0,0.13688134354207712,0.15269751570522713,0.11893174725331745,0.039562758232558656,0.04939985589440898,1.0
0.22,0.4780654121527824,1.0,1.0,1.0,0.1427755593741703,0.15622503106575875,0.13776231577648915,0.04039610592420855,0.050555379621507406,1.0
0.22,0.43834408182737405,1.0,1.0,1.0,0.1365229418330846,0.16247018122162918,0.14585148234244183,0.04377870676292806,0.0497038797756921,1.0
0.22,0.39974415008339453,1.0,1.0,1.0,0.16205534793642,0.18782685789482065,0.14766072604615166,0.04634407463008031,0.055452977473540985,1.0
0.22,0.48963698559984375,1.0,1.0,1.0,0.11896406846216527,0.1542950389364754,0.12402592059173805,0.03817330509496458,0.04465123753681773,1.0
0.22,0.49715113053008647,1.0,1.0,1.0,0.1185593605675574,0.14023476940900353,0.11802835451739022,0.04027779864427497,0.047351329310473825,1.0
0.22,0.42479143727503244,1.0,1.0,1.0,0.1403348689445537,0.15643771621106836,0.13229204320876947,0.04746384856559463,0.05277825130093266,1.0
0.22,0.576563124939986,1.0,1.0,1.0,0.10738675825183497,0.15004382482844028,0.11601186806547883,0.03407699626228976,0.041927151079882236,1.0
0.22,0.4580145773033552,1.0,1.0,1.0,0.17316679362521598,0.18500430303987025,0.16094363381902954,0.04140420736660002,0.0490517190198276,1.0
0.22,0.49222766403410734,0.0,0.0,0.0,0.12033882095922588,0.1449202906582453,0.12395598037369951,0.03917258223667833,0.049903795041320274,1.0
0.22,0.391656827677477,1.0,1.0,1.0,0.19818650065365415,0.2247678795464089,0.20952255435115913,0.04558217046076466,0.05635204451234751,1.0
0.22,0.39813361860215507,1.0,1.0,0.0,0.16487885420756263,0.16558432846483284,0.15526141851419245,0.05136440188639277,0.055540968617600335,1.0
0.22,0.43816272511649157,1.0,1.0,1.0,0.1657885413985751,0.17733013729521757,0.15520585261554293,0.04252003877621333,0.05429274632011519,1.0
0.22,0.5507472949799856,1.0,1.0,1.0,0.11389422302237065,0.1506895798360111,0.127585359945985,0.03616013771997492,0.0494100259574786,1.0
0.22,0.44014952903977067,1.0,1.0,1.0,0.13572295319902908,0.17169926372764516,0.13270384546780845,0.042426814784269656,0.05057772938146786,1.0
0.22,0.4414920264663407,1.0,1.0,1.0,0.14155252503795548,0.17357468477460367,0.14453295455615917,0.040433187037048166,0.05450525362133262,1.0
0.22,0.5215343685434611,1.0,1.0,1.0,0.14772155842750162,0.15675164940961644,0.12133010066408052,0.036590007932075036,0.04467133250793763,1.0
0.22,0.5607826537237907,1.0,1.0,1.0,0.13048058064400853,0.15775620478197833,0.1297253701001237,0.035588357479748846,0.04862183524952066,1.0
0.22,0.5547693023588173,1.0,1.0,1.0,0.11470229249092816,0.13826897266030716,0.1044022386260542,0.03480458323574612,0.04181621740777853,1.0
0.22,0.495019723969128,1.0,1.0,1.0,0.13295385571843538,0.16674962951346786,0.13550184095843287,0.03895545664644579,0.05059740078228617,1.0
0.22,0.4761103151423517,0.0,1.0,1.0,0.12483739273639305,0.17562293994232756,0.15313118721951702,0.03894423063060504,0.0469268861582234,1.0
0.22,0.47635852443347043,1.0,1.0,1.0,0.12421077419237547,0.1457696290900511,0.12950059248392468,0.04080518083897978,0.050630800202328775,1.0
0.22,0.4639640277066492,1.0,1.0,1.0,0.12591148389617451,0.16562933845260874,0.13931186409105392,0.04354747664694749,0.05149275042358451,1.0
0.22,0.5484743293229571,1.0,1.0,1.0,0.1100808581379048,0.1405187664422889,0.12735978610024973,0.036290701958468244,0.047636511124215436,1.0
0.22,0.5644728020213468,1.0,1.0,1.0,0.11413569827497352,0.13097422920583732,0.11218418259063337,0.03622572912079296,0.04869975340918946,1.0
0.22,0.436191264230874,1.0,1.0,1.0,0.15393999133027508,0.1487914853788677,0.13926872023340434,0.04393062764338266,0.05087825513572595,1.0
0.22,0.5659333005519523,1.0,1.0,1.0,0.11315345132773975,0.15920719969187483,0.12392600950379278,0.03647924454852154,0.04924885354010166,1.0
0.22,0.47531819851634544,1.0,1.0,1.0,0.12371762336269423,0.160513894784701,0.1362550086130933,0.04104483623348642,0.05183929556147203,1.0
0.22,0.4908076729944824,1.0,1.0,1.0,0.13273427836299462,0.12653145148586425,0.11351209523493162,0.03891782620612081,0.04605778415737552,1.0
0.22,0.3790214419414903,1.0,1.0,1.0,0.192133581293992,0.20713155016645243,0.17735720784409978,0.05263151099148442,0.056099953180163774,1.0
0.22,0.4742598893288359,1.0,1.0,1.0,0.1408919825106266,0.16344366796837273,0.1403629933264145,0.03807186239147195,0.04957217494874378,1.0
0.22,0.5304564630912859,0.0,1.0,0.0,0.11888055249467692,0.15738688479598412,0.12052611234528147,0.0379791285628239,0.04984610863965526,1.0
0.22,0.490013727191385,1.0,1.0,1.0,0.1274588856340547,0.14992270201341035,0.12432267787612568,0.0396032073933431,0.04281443708607096,1.0
0.22,0.4052263888924208,1.0,1.0,1.0,0.14869686562414727,0.19399608913382985,0.16458423172774267,0.051203148388950376,0.060524903815168216,1.0
0.22,0.5503326093661057,1.0,1.0,1.0,0.10106412157003133,0.14202810311183756,0.11661731966144624,0.03535916138958114,0.046869593015581926,1.0
0.22,0.4363489531960344,1.0,1.0,1.0,0.1688913504497185,0.19220681734117587,0.15443017579761195,0.04083992872104194,0.04910449642916736,1.0
0.22,0.45939147948082115,1.0,1.0,1.0,0.14293088076999147,0.17161289120868412,0.12925499087566017,0.04247474716667011,0.050357704884262056,1.0
0.22,0.4140412253982945,1.0,1.0,1.0,0.15863393777023987,0.18526178078824557,0.14379730410403196,0.04757177756650723,0.05236609441989898,1.0
0.22,0.46877428162887197,1.0,1.0,1.0,0.13424855762742854,0.18802537741709266,0.1282654470381322,0.0406953562412716,0.0507835652004699,1.0
0.22,0.4189126701095568,0.0,1.0,1.0,0.13432290284724202,0.1765929828054917,0.15584854703834145,0.043471703497999344,0.05813131975816068,1.0
0.22,0.3730569591386643,1.0,1.0,1.0,0.19793118553846836,0.2129841895225512,0.1859033951453571,0.05019350593537799,0.06337311040883507,1.0
0.22,0.42410794832916726,1.0,1.0,1.0,0.14451087277083557,0.2388198633298963,0.182672786652322,0.04579010111018355,0.05556519226611374,1.0
0.22,0.45904532306248735,1.0,1.0,1.0,0.1424620072273269,0.15827293678232918,0.141698400511045,0.044951470576707474,0.05505623115403213,1.0
0.22,0.37257600982693767,1.0,1.0,1.0,0.15790478582256354,0.1766220977415575,0.16013484797408487,0.05246163118114209,0.0594237047736347,1.0
0.22,0.4574397333796968,1.0,1.0,1.0,0.15402770870480137,0.16989424539305417,0.1465167458671633,0.038145651865193995,0.04624599176836895,1.0
0.22,0.41803434904952774,1.0,1.0,1.0,0.1430873700006874,0.14877374565826326,0.14875835914892993,0.04484120536086009,0.051103410267565985,1.0
0.22,0.4981240491810521,1.0,1.0,1.0,0.12767559057081804,0.14681842422230293,0.12033047840502512,0.036840127573082734,0.04524355632780282,1.0
0.22,0.4912309925917745,1.0,1.0,1.0,0.12711072058589007,0.1665655505353439,0.14055697285864951,0.036479662619546056,0.05140941215815072,1.0
0.22,0.5042176683689081,1.0,1.0,1.0,0.148493785866952,0.14570198152515895,0.1275574857431746,0.036243376942277236,0.046991683386979836,1.0
0.22,0.5414627025824987,1.0,1.0,1.0,0.12152117620225678,0.15890159801582077,0.12967426759100026,0.0357204898632539,0.04811696855033551,1.0
0.22,0.505522263283171,1.0,1.0,1.0,0.1175032572652851,0.13870473714775736,0.11293744563386772,0.04146069082934331,0.04728733478261381,1.0
0.22,0.5122669486875877,1.0,1.0,1.0,0.12151376935554314,0.14821046391868986,0.1213088436830504,0.038687577772032994,0.04478579501189893,1.0
0.22,0.445195515887226,1.0,1.0,1.0,0.16483367871022103,0.16981500590495438,0.14140317200133032,0.0437796900561421,0.05439014547287525,1.0
0.22,0.4536389750258203,1.0,1.0,1.0,0.137128833151334,0.14986497819532713,0.1225577133430753,0.041050603519287375,0.050733933049268154,1.0
0.22,0.45104585743776904,1.0,1.0,1.0,0.15288888781517257,0.18940532151014594,0.17654201610367698,0.041177301594751956,0.05236971109429946,1.0
0.22,0.3660574418993216,1.0,1.0,1.0,0.194967917119525,0.1870007660342246,0.1661379138648298,0.053435972997402256,0.06039950837976143,1.0
0.22,0.48663308279611983,1.0,1.0,1.0,0.12315043663207204,0.13928880649672734,0.12830681186970985,0.041076278089754,0.04630185257890433,1.0
0.22,0.4636608361020553,1.0,1.0,1.0,0.13127013146082003,0.18029554069431555,0.15950011214829607,0.04327497873988222,0.05529491853109364,1.0
0.22,0.3949677205481604,1.0,1.0,1.0,0.16593619261796433,0.17213308510327685,0.17899611804913268,0.04780823199882025,0.05860079460919393,1.0
0.22,0.45668557509004615,1.0,1.0,1.0,0.16085367844871487,0.17245804890226082,0.1431737325251346,0.041721848354279875,0.05131819418215526,1.0
0.22,0.5263334471083477,0.0,0.0,0.0,0.11135390368290701,0.15134234228969587,0.14849221995584883,0.03954107723853086,0.0504732412807178,1.0
0.22,0.44296971477342434,0.0,1.0,1.0,0.1349920418370709,0.19205387106191646,0.15478927140325696,0.042186626065098064,0.054885469897701294,1.0
0.22,0.468864005308518,1.0,1.0,1.0,0.13712957018150343,0.18120031880479617,0.15838357956717375,0.0385708190283671,0.053403914345763574,1.0
0.22,0.4374395940015493,1.0,1.0,1.0,0.14650020170813888,0.181545719677614,0.1463563460120046,0.04514850467675381,0.0501016604870354,1.0
0.22,0.43791993819331587,1.0,1.0,1.0,0.14839420163570194,0.18082197436942443,0.13827162829168663,0.04213171676626652,0.04902125721939687,1.0
0.22,0.4420914960314307,1.0,1.0,1.0,0.15560401401349727,0.1602750484729673,0.13998592754931943,0.04300934743238719,0.052607221654087696,1.0
0.22,0.5728961903020654,1.0,1.0,1.0,0.11832741165879032,0.14957095338350326,0.11235344397854985,0.034145693390381204,0.04335135309109316,1.0
0.22,0.5995318718457006,1.0,1.0,1.0,0.10791217698672295,0.1273668598303594,0.10413548607080567,0.033227717830182905,0.0459575009655531,1.0
0.22,0.5285760302438847,0.0,1.0,0.0,0.1251537850489762,0.152149267891989,0.1354859289733669,0.03699891688177868,0.044760021990752366,1.0
0.22,0.5151792977664474,0.0,1.0,0.0,0.11955466835671069,0.18070638820522983,0.15054660034862563,0.03939426319673311,0.051495669121961116,1.0
0.22,0.45422006627574896,0.0,0.0,0.0,0.14614429900282336,0.15910309932032515,0.13008312182442056,0.043845232522326014,0.04837985523795302,1.0
0.22,0.4414474472749084,1.0,1.0,1.0,0.18640607717703492,0.2220857990033322,0.1840736035216123,0.041096892425396464,0.05869625476572184,1.0
0.22,0.5353461597004042,1.0,1.0,1.0,0.12691914208051178,0.13447556887182238,0.11478184908883655,0.038331804705048364,0.05053772555065614,1.0
0.22,0.4216803653277962,1.0,1.0,1.0,0.1492072065786878,0.17262312798592014,0.14665370457733112,0.04868506249641427,0.05902074890821543,1.0
0.22,0.48876889815538216,1.0,1.0,1.0,0.12697414911263236,0.13045081168460598,0.10853685798180406,0.04067198042467103,0.04726533959197618,1.0
0.22,0.4516652482349759,0.0,0.0,0.0,0.15607617616485672,0.15306406079252238,0.1383321765009784,0.044601937449565136,0.054206572460507585,1.0
0.22,0.4609858020182972,1.0,1.0,1.0,0.12590623718759253,0.17661918212295516,0.1548204938479272,0.040430719411006406,0.05008338283376076,1.0
0.22,0.4397393890140875,0.0,1.0,1.0,0.11532435260969591,0.16365216719636094,0.136828918698307,0.04440115546323398,0.05235032330492669,1.0
0.22,0.4552244887444576,1.0,1.0,1.0,0.15525733136806177,0.18963339387346462,0.13910554495866606,0.04181578396433043,0.04782226936026344,1.0
0.22,0.44798850054191885,1.0,1.0,1.0,0.14841422009436056,0.20005007257266164,0.17793231617085908,0.04221712114280324,0.056878495016400306,1.0
0.22,0.4699455036989394,1.0,1.0,1.0,0.14095649319211453,0.1687197854263027,0.14170362042290655,0.041079863454164096,0.05041245200381061,1.0
0.22,0.5074917409513336,1.0,1.0,1.0,0.12966710315296565,0.11756220754381826,0.09196697205568898,0.03751980175054308,0.04160953375166296,1.0
0.22,0.44648959515510594,1.0,1.0,1.0,0.1604968345294407,0.1675540250978823,0.14338411353966646,0.04188379903379957,0.04727840317691223,1.0
0.22,0.4567444416234455,1.0,1.0,1.0,0.15275301211309553,0.16011162040996768,0.13842320426959911,0.046080283576336666,0.05317211443969933,1.0
0.22,0.4895843808084407,1.0,1.0,1.0,0.11446293135594768,0.1573948204257971,0.13297345198542748,0.04215768305148624,0.04931997611741091,1.0
0.22,0.442400866041726,1.0,1.0,1.0,0.19912748113730755,0.20060376912803218,0.1638293875522248,0.04226344897984693,0.05048924840227878,1.0
0.22,0.5244767917636194,1.0,1.0,1.0,0.12167005073473817,0.13723309214654733,0.11336787523203891,0.037305381327383695,0.04591508939616326,1.0
0.22,0.5192312106682938,0.0,0.0,0.0,0.14113649389892974,0.18169180441235183,0.14754745434198135,0.03564662761423854,0.048086420542884215,1.0
0.22,0.4793865307941418,1.0,1.0,1.0,0.13434899711055132,0.15392175961513438,0.13139186614541426,0.04177660665944625,0.05332387451324874,1.0
0.22,0.4124908827218578,1.0,1.0,1.0,0.1345134361731446,0.18064911531861225,0.1553126496778232,0.0493734623315281,0.055207381576015804,1.0
0.22,0.4302222074909385,1.0,1.0,1.0,0.15995705392266732,0.18534506551640537,0.15368147989554917,0.04504379299334338,0.0558620851240868,1.0
0.22,0.4462737895661898,1.0,1.0,1.0,0.12645068731738301,0.16071564654175893,0.14174146038786026,0.043359042514043135,0.056844415562402426,1.0
0.22,0.5367811662494725,0.0,1.0,0.0,0.10712562749891141,0.14782882316385443,0.12521686531147727,0.034574430584091716,0.04568386328499254,1.0
0.22,0.416157236367127,1.0,1.0,1.0,0.16645725976892545,0.18542332208632548,0.16127775193005045,0.048222922716480134,0.054305573813194424,1.0
0.22,0.45695045790391403,0.0,0.0,0.0,0.14007841076378227,0.168167474362251,0.1394580109120347,0.047282950420578514,0.0566499852570393,1.0
0.22,0.4470741354440196,1.0,1.0,1.0,0.13978944751937367,0.1973725610764337,0.1450053650790669,0.041112819126365545,0.05370751753653314,1.0
0.22,0.517916291207749,1.0,1.0,1.0,0.13181154002959716,0.14645472319453068,0.13392573145424147,0.03607101755308915,0.04728913503992522,1.0
0.22,0.4239018910672334,1.0,1.0,1.0,0.1653206662737487,0.18831362289361508,0.1731166452481062,0.043061067618355736,0.05117385068331834,1.0
0.22,0.4295246886248257,1.0,1.0,1.0,0.13116750830397925,0.17747420448440446,0.15749643461067198,0.04620010809464411,0.05612950927548154,1.0
0.22,0.5613383866756292,1.0,1.0,1.0,0.12077501971860238,0.13677447904905402,0.11729928598140833,0.03340048383017259,0.04535182387462319,1.0
0.22,0.44112674139809865,0.0,0.0,0.0,0.15641262349998558,0.15245968907193125,0.1285339196909098,0.043829930266737455,0.04764669081201932,1.0
0.22,0.43908991966951644,1.0,1.0,1.0,0.14218875239496193,0.15526290696266037,0.11852396079643242,0.04507839722503494,0.049899290000361834,1.0
0.22,0.4040858566549135,1.0,1.0,1.0,0.13928130014520973,0.18782209863518134,0.15461313815060426,0.04648245559634662,0.05362206242836712,1.0
0.22,0.43778806673969306,1.0,1.0,1.0,0.13404591394357163,0.18005900366471647,0.150219370599874,0.04363617305569397,0.055733801336229544,1.0
0.22,0.4963802764422531,1.0,1.0,1.0,0.1308379840634264,0.1399855200854806,0.12315310147946457,0.04033912768773004,0.05014859351266002,1.0
0.22,0.3733843495705504,1.0,1.0,1.0,0.1729478943615259,0.22834772970676132,0.21127700181891368,0.05142564934501289,0.060566623466403,1.0
0.22,0.48615454407475195,1.0,1.0,1.0,0.14767897888774245,0.15671100378732894,0.1430402906959894,0.04033662218838283,0.049135291089405016,1.0
0.22,0.5057023848283816,1.0,1.0,1.0,0.12057959348925185,0.14237376475502195,0.1092007221451609,0.03876166104831635,0.04464851998736048,1.0
0.22,0.4243733426751379,1.0,1.0,1.0,0.14082217816015147,0.19437024980691944,0.16640755707622895,0.042740581089314264,0.056700088044725316,1.0
0.22,0.4977048002498461,1.0,1.0,1.0,0.12334988990950854,0.1573284679130746,0.1317152462054155,0.040901828174165294,0.050819335519567105,1.0
0.22,0.5373040759322057,1.0,1.0,0.0,0.14262668741044288,0.135775299559216,0.09448610288749022,0.03479163398480633,0.04321756480420129,1.0
0.22,0.406110451863928,1.0,1.0,1.0,0.14596666628445337,0.18281535116662112,0.14358068581115452,0.04681248068607049,0.05250558390460931,1.0
0.22,0.47551043141452226,1.0,1.0,1.0,0.12985555345759286,0.1449520163346488,0.12019872123888511,0.04276427137725971,0.04927894846201157,1.0
0.22,0.45187796106744554,0.0,0.0,0.0,0.14334368337905493,0.19458297236843614,0.16038222752773176,0.04309755129676063,0.055674805897755385,1.0
0.22,0.41396919064005766,1.0,1.0,1.0,0.1679308317388779,0.19125747794328068,0.15997323151087056,0.04549996008888655,0.059412003647603434,1.0
0.22,0.565100608078919,1.0,1.0,1.0,0.1356501047793071,0.13505915424286233,0.10745019689441201,0.033991096173302794,0.043113584566201214,1.0
0.22,0.4624769179217447,1.0,1.0,1.0,0.13956572696324893,0.1851682040150579,0.14687362774244953,0.04238774677760038,0.05219119434160666,1.0
0.22,0.4284760044907648,1.0,1.0,1.0,0.15413061588845367,0.171674718294995,0.14772054319331923,0.04676671907844636,0.053508539587694616,1.0
0.22,0.5050667152978665,1.0,1.0,1.0,0.14740172705149007,0.17087869921803414,0.14325612081841843,0.04110346050970283,0.053186624786729676,1.0
0.22,0.4072844977105134,1.0,1.0,1.0,0.17279222052847673,0.1907369302905463,0.14992469454596996,0.04772336003625635,0.052683717176163755,1.0
0.22,0.44331622643577023,1.0,1.0,1.0,0.16443440348604943,0.1991636938017452,0.1467484037421452,0.044057922974379674,0.054863790081829844,1.0
0.22,0.4481172251961008,1.0,1.0,1.0,0.14675945779446883,0.17945898547531525,0.1594719305245948,0.042690860168228706,0.05272603841811766,1.0
0.22,0.4174296732674266,1.0,1.0,1.0,0.14961738075208647,0.17223931554380073,0.14506535694270745,0.04283219844633738,0.053376800060119335,1.0
0.22,0.410980010337182,1.0,1.0,1.0,0.15126775611646334,0.18480781216113576,0.1744391035838853,0.04878903172764646,0.06098600563728329,1.0
0.22,0.45319747127959614,1.0,1.0,1.0,0.13894581113161314,0.14957552813934408,0.13354906130596197,0.04183803046012966,0.0488983526294059,1.0
0.22,0.4993162890126663,1.0,1.0,1.0,0.12655764388502244,0.15058659451662257,0.14067641347850296,0.037036058587924796,0.05011982312281127,1.0
0.22,0.45402243907042045,1.0,1.0,1.0,0.1557218195800051,0.17256115928439403,0.15248437350232344,0.044183826328265854,0.05370872591006183,1.0
0.22,0.4799672879527513,1.0,1.0,1.0,0.15490090942193138,0.1772532902543797,0.15239307994244725,0.037410883302331374,0.05157701468326284,1.0
0.22,0.49276303116442716,1.0,1.0,1.0,0.11767156406058144,0.17269036543626579,0.14066789825180198,0.03683987418254594,0.049693695138717825,1.0
0.22,0.47322712985868837,1.0,1.0,1.0,0.1371926697072924,0.14606111485163634,0.11855909018532122,0.04060344376872821,0.04667551341147966,1.0
0.22,0.4564909684758161,1.0,1.0,1.0,0.1472756745587162,0.1863060925822725,0.15531733104879003,0.03864146478079607,0.05005675432872556,1.0
0.22,0.4825230272568791,1.0,1.0,0.0,0.13769453464946058,0.16748580692570808,0.12808101238169062,0.03998715033473273,0.05105012530347523,1.0
0.22,0.4886421353396126,1.0,1.0,1.0,0.12075146578927949,0.18216276194876,0.15691262028529887,0.03859095613956926,0.048261672906061925,1.0
0.22,0.46724246040583217,1.0,1.0,1.0,0.12116776844570373,0.16961783786692264,0.15109532278182752,0.04111003722071607,0.05153419710879051,1.0
0.22,0.4420906165345492,1.0,1.0,1.0,0.13026715901226343,0.14782245332573354,0.13281700317346481,0.04307950792261103,0.05288379707003142,1.0
0.22,0.43560041615257655,1.0,1.0,1.0,0.1299964914618132,0.15774495123986648,0.13158832487236774,0.047601088158464665,0.054223801013020656,1.0
0.22,0.5154864668644399,1.0,1.0,0.0,0.12489288548957252,0.15074104471907185,0.13566944703070294,0.03473837048886805,0.04601850394700199,1.0
0.22,0.5302134333022387,1.0,1.0,1.0,0.14052350282649914,0.16784080290934264,0.14853275623818485,0.036229718397795437,0.05063364261999664,1.0
0.22,0.46219739821394684,1.0,1.0,1.0,0.13888329173241878,0.17248816552485594,0.13423409495333516,0.042690579748539285,0.055939632951647965,1.0
0.22,0.40359354205068915,1.0,1.0,1.0,0.170650554970776,0.1668752435681724,0.1495298505540133,0.047209455117770006,0.05402337998061174,1.0
0.22,0.40162207154028295,1.0,1.0,1.0,0.1367424409635279,0.17929260794763163,0.16773240132048942,0.04789703818441521,0.05700800016492341,1.0
0.22,0.48342429140401766,1.0,1.0,1.0,0.12116528142626035,0.14370779225319724,0.11523730544458059,0.03696778117302054,0.048471851421899775,1.0
0.22,0.4723306770555022,1.0,1.0,1.0,0.12561116235359532,0.1452035059111186,0.13367384204820792,0.04050193370700947,0.050729103049393674,1.0
0.22,0.43606990333380313,1.0,1.0,1.0,0.15280672476629215,0.1796620691166379,0.15560607495892784,0.04667762617349285,0.05668551492330595,1.0
0.22,0.4410828984369431,1.0,1.0,1.0,0.15000869095120978,0.174376756607803,0.15119346850377285,0.045635187507369654,0.0577343448789291,1.0
0.22,0.5677244702460609,1.0,1.0,1.0,0.10737126532621177,0.13594189121997646,0.12145740052970247,0.034204209402639414,0.04237794971864824,1.0
0.22,0.5562363847492425,0.0,0.0,0.0,0.11413376260378742,0.15266787342921884,0.12112397142266074,0.034784257895571435,0.04256157993266446,1.0
0.22,0.43422340197558257,1.0,1.0,1.0,0.13729478514598376,0.17540461454167472,0.15277130841666037,0.0472094089026899,0.057063798421835676,1.0
0.22,0.5180974102817134,1.0,1.0,1.0,0.11551892234685579,0.14646914308244108,0.12074082987773933,0.03813822224167135,0.049337011765972584,1.0
0.22,0.4226100854527878,1.0,1.0,1.0,0.1544974527089747,0.17673091641744892,0.15680517756083537,0.045273805208514595,0.056719638739096336,1.0
0.22,0.434611893710952,1.0,1.0,1.0,0.14280388584890039,0.18816020204033607,0.16079742212578133,0.04112394769247833,0.050822866902131406,1.0
0.22,0.40598299747577904,1.0,1.0,1.0,0.15977186438474533,0.20493854034563364,0.16015164490825312,0.045817861140296595,0.050933471772654206,1.0
0.22,0.5205500913747707,1.0,1.0,1.0,0.1324928132761698,0.14099313381305548,0.12299391626783514,0.03874943818114052,0.04850305852769053,1.0
0.22,0.48964113281706967,1.0,1.0,1.0,0.12083763853818164,0.1462454152564274,0.11480743557577375,0.04072067401328046,0.04993016281010222,1.0
0.22,0.4890637261385328,1.0,1.0,1.0,0.12370834763082376,0.16193705422644014,0.1484102159724831,0.038614692197378855,0.048378796387265534,1.0
0.22,0.4760732082081435,1.0,1.0,1.0,0.13603257164721988,0.17289091675394508,0.1493540571097644,0.04466439619077705,0.05016463500145013,1.0
0.22,0.45761868914712567,1.0,1.0,1.0,0.1445296070509468,0.1663167400265964,0.15583791783770376,0.041756296926250956,0.0617362224904123,1.0
0.22,0.48047951028938674,1.0,1.0,1.0,0.1320906018661737,0.15123639036338596,0.13650747871122995,0.041250738401351975,0.04942621700000014,1.0
0.22,0.4921673493126176,1.0,1.0,1.0,0.12200151432517543,0.18534191761825483,0.1492211664657402,0.04016269035658869,0.05387602752004736,1.0
0.22,0.43113141054298404,1.0,1.0,1.0,0.1420924613250026,0.1742975621447232,0.16151950780089658,0.04312312029436219,0.05348002990035248,1.0
0.22,0.4601610604167398,1.0,1.0,1.0,0.14234906437877182,0.16258774236873721,0.14576516167118697,0.0435384336036115,0.05055461595250414,1.0
0.22,0.473727837058158,1.0,1.0,1.0,0.14354714067578597,0.1565460019891176,0.12170933600519154,0.03902788664575651,0.041776561928939415,1.0
0.22,0.40917499058184015,1.0,1.0,1.0,0.18744203978566618,0.20306313257145855,0.16862461402617418,0.051743743451689736,0.05990802060567851,1.0
0.22,0.487100830118135,1.0,1.0,1.0,0.1337934679741751,0.18239099811285603,0.14201170991157058,0.0403219173658985,0.05053374228337892,1.0
0.22,0.5338427721461653,1.0,1.0,1.0,0.14564751993599195,0.19600445244010012,0.11871305071819409,0.03373403723349616,0.04529673789430916,1.0
0.22,0.41350253710340223,1.0,1.0,1.0,0.14735337196200113,0.212934022253723,0.1842038928134489,0.04838870833209419,0.055172297423598665,1.0
0.22,0.44313170540914265,1.0,1.0,1.0,0.15244885188499513,0.16046984785461266,0.13605564462048786,0.04129196872539906,0.04633567471499904,1.0
0.22,0.3979112010800867,1.0,1.0,1.0,0.18148184557546296,0.171020274550824,0.15340030720289133,0.0480392013763457,0.05688534256939429,1.0
0.22,0.47641913470469666,1.0,1.0,1.0,0.15050376465426044,0.15380642806468567,0.13536861893305618,0.039943990662437125,0.04778771717368796,1.0
0.22,0.5124979091469275,1.0,1.0,1.0,0.10498040145540129,0.1244154817147903,0.10358610862572451,0.03962526945761109,0.04813215288012907,1.0
0.22,0.4868506390873815,1.0,1.0,1.0,0.13178293382207132,0.16964351753504614,0.12255447492527131,0.038781722257419236,0.047131440480707686,1.0
0.22,0.5087049446269084,1.0,1.0,1.0,0.13492120671912294,0.144309842114889,0.12813074111597314,0.041908952983546105,0.051827201528207106,1.0
0.22,0.45211730885978557,1.0,1.0,1.0,0.14805609763066316,0.17414813040676952,0.1518883224527232,0.045815066399980384,0.05434042123208688,1.0
0.22,0.37335300945713334,1.0,1.0,1.0,0.14081180689614825,0.19036174058214864,0.15797038960883122,0.047506173596504025,0.053832753192826106,1.0
0.22,0.47237361029171326,0.0,1.0,1.0,0.133758888214394,0.15461193960838876,0.14572821110913062,0.04193749468684425,0.051986453222257464,1.0
0.22,0.44591442295868033,1.0,1.0,1.0,0.15017346040077528,0.18418458125147202,0.1625629314738602,0.040524496751191096,0.05143028586483424,1.0
0.22,0.431207835462733,1.0,1.0,1.0,0.145785435649956,0.1659226800875152,0.13854426894669006,0.04633361263115269,0.05666439573457151,1.0
0.22,0.4020145921902278,1.0,1.0,1.0,0.146423013991068,0.20416682253979218,0.17653846782303173,0.045809488394510094,0.05567926619295197,1.0
0.22,0.5458312120261798,1.0,1.0,1.0,0.10237699812564989,0.15481941622472342,0.12486483818220537,0.035745338436452646,0.04569338392149213,1.0
0.22,0.5918014906442433,1.0,1.0,1.0,0.11677190126153736,0.12717234296990002,0.09982051550492371,0.03273982532458291,0.042453176075743844,1.0
0.22,0.46112358634131045,1.0,1.0,1.0,0.12783417610608555,0.16392797089682948,0.13654714483235036,0.04291635379386527,0.055514399424518884,1.0
0.22,0.43073534393183915,1.0,1.0,1.0,0.15746743403966584,0.167045374079276,0.14396517306274886,0.046120342363821315,0.05814471507371616,1.0
0.22,0.4681762782662684,1.0,1.0,1.0,0.12155028185775996,0.14178589945670023,0.1255991126844721,0.04283756645252068,0.05028176123421185,1.0
0.22,0.41897592835509256,1.0,1.0,1.0,0.15205338409816757,0.17242128580224078,0.14662452028075335,0.043438634748906926,0.053782668783970144,1.0
0.22,0.45887897523642857,1.0,1.0,1.0,0.1291695403449782,0.1759742613049343,0.14146364631340072,0.041738184991715166,0.05342066137747601,1.0
0.22,0.47953195045121166,1.0,1.0,1.0,0.1389215948389507,0.15050703326331544,0.12716854366266678,0.039692741668642034,0.050726494789785664,1.0
0.22,0.4246870384841948,1.0,1.0,0.0,0.15982995122506594,0.171569692613339,0.1388106684264771,0.04212709893803954,0.04821251348298666,1.0
0.22,0.4452438672130874,1.0,1.0,0.0,0.1601972046948002,0.1797730161624011,0.15864471723486545,0.04419094748098432,0.05787931582662309,1.0
0.22,0.45053796274187274,1.0,1.0,1.0,0.16004150462078603,0.15012657383243216,0.13071620866604666,0.042904694374085034,0.046961217956834875,1.0
0.22,0.43575505187424424,1.0,1.0,1.0,0.16586378541243335,0.15575999863698575,0.13844324729029447,0.04508557518107995,0.054926002348001324,1.0
0.22,0.42687663093504336,1.0,1.0,0.0,0.15984661251936427,0.16035371994163733,0.1354913398204467,0.04588585738658365,0.05248186334287434,1.0
0.22,0.4223983769049608,1.0,1.0,1.0,0.17649608671178868,0.17010906598325404,0.15264617675034692,0.04408937319768871,0.053995980094702606,1.0
0.22,0.4597966238653174,1.0,1.0,1.0,0.13676438030719443,0.16278776784750473,0.13895792081863514,0.041737725366064723,0.05248737910177033,1.0
0.22,0.45726355534724045,1.0,1.0,1.0,0.1619550038686151,0.1676209591576054,0.14835151659492463,0.04270394092679904,0.04914283001062794,1.0
0.22,0.5562707676518841,1.0,1.0,1.0,0.12007857423043329,0.144877508818886,0.11406379071122022,0.038659580045508984,0.04756547599649091,1.0
0.22,0.4824306520811519,1.0,1.0,1.0,0.12390350246819577,0.13865746976264143,0.12307801510768675,0.03937048799491047,0.04692415752470801,1.0
0.22,0.6143962040112334,1.0,1.0,1.0,0.1039279756181936,0.14811274399634694,0.11152811204934113,0.03248117749605669,0.04634411989961983,1.0
0.22,0.49978720252352365,1.0,1.0,1.0,0.15825198253678735,0.14826791780418944,0.13243915180783356,0.0422680997356857,0.04954280692892006,1.0
0.22,0.39545099268412803,1.0,1.0,1.0,0.15944950306885483,0.18296887551619173,0.15716247279078738,0.048796042269590945,0.058606783607627354,1.0
0.22,0.5214450721307757,0.0,1.0,0.0,0.12698960632930306,0.13223282135266703,0.11035862718574116,0.03694671850947927,0.046760730840748624,1.0
0.22,0.4260290943158227,1.0,1.0,1.0,0.1240011427810788,0.19805747180131167,0.14374912871959625,0.045156572467177546,0.05501611540742719,1.0
0.22,0.44851723691915074,1.0,1.0,1.0,0.14356110509867806,0.18111968681629814,0.13676546222727165,0.04588499984902634,0.050571128997200364,1.0
0.22,0.43087804818214254,1.0,1.0,1.0,0.1491376083671025,0.18274896050637912,0.12909069666407721,0.044747891803923245,0.05334751419921604,1.0
0.22,0.4773494242064708,0.0,0.0,0.0,0.13004157300388863,0.15251380627846028,0.13275203591867984,0.041894869078731765,0.050881931143773665,1.0
0.22,0.555428433616093,1.0,1.0,1.0,0.13283052750315305,0.16342713061052078,0.141736006316437,0.03367037233345303,0.04917277733919379,1.0
0.22,0.4914977515096107,1.0,1.0,1.0,0.15125756146302036,0.18511405700430061,0.14895120259010275,0.04197052474030261,0.053431042044733965,1.0
0.22,0.501782758618261,1.0,1.0,1.0,0.12735084067113808,0.1534343066440482,0.14019662626305168,0.042896875930217924,0.05732304443485326,1.0
0.22,0.49991395080150525,1.0,1.0,1.0,0.15389264964519161,0.16297485128748995,0.12858671882194317,0.037436296708518634,0.04861047109882768,1.0
0.22,0.5124970697630518,1.0,1.0,1.0,0.13928457685686543,0.1686452932803072,0.14193215874004847,0.03764102229307096,0.048485348899418,1.0
0.22,0.5323135637303678,0.0,0.0,0.0,0.11543538106889066,0.13368949051741214,0.10373916916744681,0.03220051879683138,0.04292844328459191,1.0
0.22,0.5199093120477325,1.0,1.0,1.0,0.12523254022038183,0.12916880556181645,0.10143157622650045,0.03722822494755604,0.04553095615393238,1.0
0.22,0.4147809023001711,1.0,1.0,1.0,0.17076226094469577,0.18048830786527192,0.16687595767152777,0.04508977362061101,0.053514033365722344,1.0
0.22,0.49742623256042795,1.0,1.0,1.0,0.13725698360630784,0.15825893502715,0.13353079403796314,0.03783202079761763,0.05351405937282349,1.0
0.22,0.5906843260222944,1.0,1.0,1.0,0.11420677904527798,0.1458958863727828,0.11835587569775516,0.03291685935791751,0.047122037732407376,1.0
0.22,0.5316656954007318,0.0,0.0,0.0,0.10573256520706989,0.13028985175279229,0.11480659707224203,0.03880089683738697,0.04448560924591963,1.0
0.22,0.5101781869239929,1.0,1.0,1.0,0.12757770484616712,0.15039473029407363,0.13765474471699074,0.038583831645948446,0.051769941584488596,1.0
0.22,0.5803307350671565,1.0,1.0,1.0,0.12251321966257281,0.150836507329099,0.11911189655422834,0.03470605804105643,0.0485224221935858,1.0
0.22,0.4627250206412232,1.0,1.0,1.0,0.13431467607459338,0.18008011542502636,0.16008937772896253,0.04433242330879325,0.05818231934761267,1.0
0.22,0.4677994052505076,1.0,1.0,0.0,0.14212207766764637,0.16419926997675843,0.1343511180324671,0.042530744756110794,0.050970379547654494,1.0
0.22,0.4374429130809381,0.0,1.0,0.0,0.13256468852187742,0.15689920130097354,0.13992450499372264,0.045834442744511976,0.051022067707822624,1.0
0.22,0.43376810640073254,0.0,0.0,0.0,0.1580582447927436,0.1836074364040572,0.14750018248041774,0.047433630843302786,0.057666593982351494,1.0
0.22,0.4926327304177285,0.0,0.0,0.0,0.1359430106231015,0.14045596095130722,0.11147555154946702,0.04038911624446552,0.04550223723778512,1.0
0.22,0.43626085388935393,1.0,1.0,1.0,0.1593025306144133,0.1895333920302361,0.1637039975587131,0.04603627275147316,0.060239454629972614,1.0
0.22,0.44038512730820006,1.0,1.0,1.0,0.17260050723756848,0.19749983732420057,0.1744789293758908,0.04213453858386854,0.05510582506786079,1.0
0.22,0.5655276657609992,1.0,1.0,1.0,0.12713815342582374,0.15145252302679332,0.1347358556870385,0.03152096075551291,0.043605998761004135,1.0
0.22,0.48485191590451987,0.0,0.0,0.0,0.14096664915258725,0.1529268792425504,0.12814338852420676,0.03942612947995514,0.05058135382338768,1.0
0.22,0.45265263166373765,1.0,1.0,1.0,0.15077695334832558,0.19134115123424228,0.16169594843798613,0.04483187615190464,0.055463607599180315,1.0
0.22,0.42447904567503597,1.0,1.0,1.0,0.14053624029773257,0.1911022384841187,0.14861220892176794,0.043888494666678934,0.05187218857090475,1.0
0.22,0.42377710186434286,1.0,1.0,1.0,0.14480460465023598,0.16685178580669896,0.15747045548447086,0.047902201237772474,0.05958539570631396,1.0
0.22,0.4839433448440989,1.0,1.0,1.0,0.1384486087127012,0.14360653768692339,0.12397411419902168,0.03719385125252818,0.04686678684676762,1.0
0.22,0.3939679947288155,1.0,1.0,1.0,0.18733259491519133,0.19781887322760686,0.18846226043924638,0.047008583918698735,0.06128244838516128,1.0
0.22,0.43267308220441075,0.0,1.0,0.0,0.14643544619681625,0.17398697584087788,0.15400205649939241,0.044428760476603914,0.053784919440757584,1.0
0.22,0.4710339659436445,1.0,1.0,1.0,0.13657845989949183,0.1574955241208666,0.1304157261408212,0.04351853113584202,0.04960886995329565,1.0
0.22,0.49083591917194946,1.0,1.0,0.0,0.1397530546912982,0.1541995078291023,0.13378488629473184,0.043432216432956465,0.05324958733457844,1.0
0.22,0.46640043542536747,1.0,1.0,1.0,0.12382840292238977,0.17009561311435548,0.13287075493218375,0.041674726786412535,0.05502023254744351,1.0
0.22,0.4756426604402521,1.0,1.0,1.0,0.12914711379019958,0.16311513870101696,0.13985319432014925,0.04106037631436164,0.05144666920941461,1.0
0.22,0.42695292704343124,1.0,1.0,1.0,0.17435209300521481,0.20157743864678124,0.1610271639507642,0.04157623831064149,0.05308197443871664,1.0
0.22,0.46722092098307694,1.0,1.0,1.0,0.14048593092757525,0.1560413409837984,0.14257997957794372,0.04006308165289897,0.05164772719476155,1.0
0.22,0.5064091375353335,1.0,1.0,1.0,0.14158929392861488,0.14187224158506934,0.11334496660868751,0.03669977073789433,0.04840310307947568,1.0
0.22,0.3913856533336621,1.0,1.0,1.0,0.15859785269232862,0.18608860354047857,0.16698590060119026,0.04645659554067048,0.05776360487861977,1.0
0.22,0.6031261146496363,1.0,1.0,1.0,0.0973581853213408,0.14203126862373833,0.10088622199364079,0.034048130960823986,0.04128008188396801,1.0
0.22,0.4378255237004021,1.0,1.0,1.0,0.16350322449799018,0.22426624444973284,0.16876880396089652,0.044108690899290384,0.053312999121868127,1.0
0.22,0.463922972698344,1.0,1.0,1.0,0.14196922926443853,0.15311954924653748,0.14353406969114277,0.04290247630296633,0.05358333706159495,1.0
0.22,0.43527547246146486,1.0,1.0,1.0,0.16160789312337692,0.20130368063902493,0.17310242526146308,0.042663912049881014,0.055333092549548824,1.0
0.22,0.4426668130723481,1.0,1.0,1.0,0.16215446276135376,0.1865277994924724,0.16456945702592024,0.043612409427995526,0.052390894767322525,1.0
0.22,0.40052458516997724,1.0,1.0,1.0,0.18948322440775894,0.21123935906570596,0.18417289460518155,0.04993172552201384,0.05794591539250488,1.0
0.22,0.41787755021708134,1.0,1.0,1.0,0.1688281663863355,0.1989471214586269,0.15710621894092802,0.04567244576902165,0.05502209235490213,1.0
0.22,0.46375725533684425,1.0,1.0,1.0,0.14619906540615463,0.17397426466472163,0.13767999010687126,0.041616549673266216,0.04656915243345063,1.0
0.22,0.46472439561629764,1.0,1.0,1.0,0.13876534569017943,0.18111647539549683,0.15623870745809929,0.041088385383355394,0.05128641576446496,1.0
0.22,0.4909802064582846,1.0,1.0,1.0,0.129943971094467,0.15571875233909974,0.1428855525598633,0.04121887480631156,0.04919600257113379,1.0
0.22,0.45787242184552307,1.0,1.0,1.0,0.15689753684358768,0.1850985282671272,0.1638337757611958,0.03879940202432252,0.05363944279602681,1.0
0.22,0.4241262993336569,1.0,1.0,1.0,0.15278773534481574,0.16025711744288787,0.14335356649725844,0.04545805376164998,0.05008799471505518,1.0
0.22,0.5195228947502618,1.0,1.0,1.0,0.11873365042821822,0.1773990802058886,0.15319268703249764,0.03956246193368198,0.05278688782396382,1.0
0.22,0.4975095525070282,1.0,1.0,1.0,0.14114900716971254,0.1696670361913993,0.13990036947712775,0.03993889106571689,0.04919457023813692,1.0
0.22,0.4120696051239637,1.0,1.0,1.0,0.14084839701095225,0.1745769157184676,0.1525708410150368,0.05003573962187804,0.05666968487433002,1.0
0.22,0.4721125661501501,1.0,1.0,1.0,0.13824302717151468,0.17046311307958278,0.14849668885101247,0.03903490191544205,0.05029448380347468,1.0
0.22,0.45168839259491095,1.0,1.0,1.0,0.1440748258935477,0.14839529563448484,0.12564120276256147,0.04232463526666777,0.049122004855705025,1.0
0.22,0.39212418346903716,1.0,1.0,1.0,0.15720544075547535,0.18093582144106568,0.14833259611608388,0.045083333247148305,0.051781623158938556,1.0
0.22,0.46972019391337066,1.0,1.0,1.0,0.12893608318637118,0.14487524544899283,0.12812721319551482,0.039994223226449195,0.04900875355713723,1.0
0.22,0.4283907667145539,1.0,1.0,1.0,0.14605825225525376,0.1855230438323586,0.15801084273954305,0.04822677595206224,0.054004268048696284,1.0
0.22,0.46838627849231357,1.0,1.0,1.0,0.12654876312862257,0.1462682196590809,0.13116087615399616,0.04317922932715224,0.05040823487692462,1.0
0.22,0.5178488576626937,1.0,1.0,1.0,0.12821874784193002,0.13521958511463011,0.11456835662530651,0.03728980631039983,0.04714942646446625,1.0
0.22,0.4993198510180508,1.0,1.0,1.0,0.15124637033655733,0.16662167196593033,0.12886162752174113,0.03747402139279788,0.04543231717043348,1.0
0.22,0.4154247894981943,1.0,1.0,1.0,0.14507303702812618,0.1744324139768207,0.1497037267230122,0.04844808883736062,0.057586531051855204,1.0
0.22,0.5284626908118805,1.0,1.0,1.0,0.12718775861940085,0.17445794707293433,0.1356546263168499,0.03544657943107324,0.05058879487403969,1.0
0.22,0.45192589395361,1.0,1.0,1.0,0.14799368482284464,0.18098785527342526,0.14934299371482393,0.04389865680380364,0.05490041675219219,1.0
0.22,0.45399778868787655,1.0,1.0,1.0,0.16260064982407357,0.19625984634487875,0.15667323937258054,0.03949573201630288,0.05062602617730638,1.0
0.22,0.43389261265206963,1.0,1.0,1.0,0.15269322661032494,0.15629631727343846,0.13532241932096128,0.04325920101071759,0.05328089565280134,1.0
0.22,0.506160840602571,1.0,1.0,1.0,0.1271371661381828,0.15244961913342642,0.12072893623829084,0.03649639963390796,0.043664684905504764,1.0
0.22,0.4871900419278719,1.0,1.0,1.0,0.12446730825059649,0.15516370930402032,0.12836298695571507,0.042340723842971474,0.053310821127183584,1.0
0.22,0.421515770599925,1.0,1.0,1.0,0.13520335027421643,0.20756916217810356,0.16207578327354571,0.04364190553567347,0.05825685222732004,1.0
0.22,0.518618007477814,1.0,1.0,1.0,0.13119053742459308,0.1800062444058218,0.1335832578723857,0.03856191918751557,0.0516185111677646,1.0
0.22,0.44789283024117865,1.0,1.0,1.0,0.15477945010620417,0.20467045690868196,0.17280223901424727,0.04354785430691392,0.05496296701294435,1.0
0.22,0.5207686449154745,1.0,1.0,1.0,0.13092341353621553,0.13796015677971907,0.12227464767490848,0.03813242258620871,0.047990398772288966,1.0
0.22,0.4661138622148524,1.0,1.0,1.0,0.1627004452547725,0.17206317008603184,0.13282853174471254,0.03956947026721532,0.049000699158819036,1.0
0.22,0.4566843613028121,1.0,1.0,1.0,0.1251904904141609,0.16507858662470284,0.15376721586692751,0.04485878028499509,0.05213687203113542,1.0
0.22,0.5012917120928396,1.0,1.0,1.0,0.1335947188739891,0.15118211972414947,0.11867370197354328,0.03847472368413479,0.046317069970364104,1.0
0.22,0.390949771268942,1.0,1.0,1.0,0.17206176664067954,0.19374194042385678,0.17716929695393552,0.04879261650849871,0.0589796017348946,1.0
0.22,0.5684485358483863,1.0,1.0,1.0,0.10880054021286642,0.14484027512217607,0.10946793660215312,0.03337592020727502,0.041983732453979225,1.0
0.22,0.5103373606293014,1.0,1.0,1.0,0.12656213175994604,0.1392244094193154,0.1127038546670542,0.03436615616443354,0.04733324262045766,1.0
0.22,0.3611476025575828,1.0,1.0,1.0,0.171995676113548,0.19855051168475854,0.15926569197745735,0.04989422092476735,0.059552964455922765,1.0
0.22,0.455724614686948,1.0,1.0,1.0,0.15660958399727984,0.22602237002469971,0.20678025355821789,0.0426317468357637,0.05366050969879553,1.0
0.22,0.44375320608196134,1.0,1.0,1.0,0.1376765340217176,0.16023330541829478,0.14176214859643363,0.04215381914493217,0.051326916422792024,1.0
0.22,0.4447319872633317,0.0,1.0,0.0,0.14225726424134252,0.15673369881573307,0.13891961170574557,0.0431923741248712,0.0546319737506687,1.0
0.22,0.38858391333240483,1.0,1.0,1.0,0.15537818221768207,0.17787467687170372,0.1589640104532538,0.046482424140692195,0.05888593608385455,1.0
0.22,0.4822779602213939,1.0,1.0,1.0,0.13690902320971426,0.15300804763817824,0.13644680455250527,0.04023887642656374,0.04914352878541937,1.0
0.22,0.46004161453558756,1.0,1.0,1.0,0.12637193042575234,0.16088082075279414,0.12492906803029225,0.04362187555749271,0.0540001179278915,1.0
0.22,0.4771121599984395,1.0,1.0,1.0,0.12282004191211882,0.1722952970395597,0.14091667184979842,0.04241868934224455,0.04973966841869665,1.0
0.22,0.47018024080604287,1.0,1.0,1.0,0.1385529658119779,0.1842488584005228,0.14294163289255563,0.04361937168038481,0.05402705874840017,1.0
0.22,0.5617118900737313,1.0,1.0,1.0,0.10743376442978528,0.14089533441981106,0.10994126079207545,0.03290395413965198,0.04153551448861447,1.0
0.22,0.4428163823101165,1.0,1.0,1.0,0.14323404719050434,0.17678688409947513,0.14719102582889673,0.04454507440612214,0.05777837768168099,1.0
0.22,0.4177712405944249,1.0,1.0,1.0,0.15252550643331994,0.1538543570159614,0.15403616607622023,0.04956951018969583,0.05484305908274468,1.0
0.22,0.4315438053076847,1.0,1.0,1.0,0.12203822830362707,0.20171621118445895,0.15567692069742536,0.04653081248989713,0.054719509290046035,1.0
0.22,0.4331568695350305,1.0,1.0,1.0,0.15279862420784104,0.1835746693319156,0.16421752329381617,0.04364155160158316,0.05040011339337443,1.0
0.22,0.4895583839261635,1.0,1.0,1.0,0.1644845865395262,0.16231900144793174,0.1333973994899566,0.03619913878174302,0.04820113874452929,1.0
0.22,0.561032701623264,1.0,1.0,1.0,0.12579746369061148,0.1548699557361091,0.11755673756159724,0.03388253798828304,0.048544601915248384,1.0
0.22,0.5522185458536358,1.0,1.0,1.0,0.12423199503170228,0.15952069482472211,0.12706731063799756,0.036056748858407095,0.049990617583668545,1.0
0.22,0.46965238387737573,1.0,1.0,0.0,0.1441000845053986,0.1771140208284596,0.14181081806443713,0.03957302030281126,0.04893251647927015,1.0
0.22,0.4244992999604997,1.0,1.0,1.0,0.14474566378050863,0.17897731119071159,0.15880673605700757,0.044144014122931195,0.054179917871897854,1.0
0.22,0.39342415867695685,1.0,1.0,1.0,0.196867074981408,0.20126862654508465,0.15698569731582304,0.049047747140841834,0.05852608939612343,1.0
0.22,0.4262688550553865,1.0,1.0,1.0,0.1828956381149436,0.23110155161443577,0.16870822747725878,0.04732440551242928,0.05926955487005395,1.0
0.22,0.4352082032296324,1.0,1.0,1.0,0.12554695829487955,0.18296548052814807,0.1503025771386372,0.04356484214941275,0.05145739906052562,1.0
0.22,0.3986618316528756,1.0,1.0,1.0,0.20847452884226128,0.22181800849985506,0.18002995797702367,0.04832799389487597,0.05775286457919429,1.0
0.22,0.4053035103795175,1.0,1.0,1.0,0.15171194661039356,0.16541225987187985,0.13798247784392786,0.04817174470109805,0.05971596202754171,1.0
0.22,0.45291237122986505,1.0,1.0,1.0,0.15385137787321046,0.148825763906682,0.13189346529230844,0.04182097067261971,0.049435950600888984,1.0
0.22,0.45957439406828515,1.0,1.0,1.0,0.12612136434782006,0.1596763030466089,0.1227468491829395,0.041985563200759995,0.04496193436560871,1.0
0.22,0.4724127553134555,1.0,1.0,1.0,0.13246848463090505,0.17058632533880877,0.14267530924878652,0.04028165737418619,0.05188886293153746,1.0
0.22,0.5054694078918428,1.0,1.0,0.0,0.13047625296752585,0.1432951769858377,0.13086583909501162,0.037631235696303264,0.048918487629089055,1.0
0.22,0.4806845675641198,1.0,1.0,1.0,0.1321768737507287,0.16437978894446786,0.14474617761877775,0.04121961791238762,0.05251480189848319,1.0
0.22,0.41990335841453164,1.0,1.0,1.0,0.15358334645548471,0.20016108649758574,0.18986537042364926,0.045751937171474355,0.05630848635901303,1.0
0.22,0.3931776740301658,1.0,1.0,1.0,0.15203592607436583,0.19505981591740432,0.17242185255966408,0.050906189098466295,0.06253050948118972,1.0
0.22,0.5178065031560121,0.0,0.0,0.0,0.12022348227449682,0.13467262257288012,0.11883026833024506,0.03938389681277307,0.04772659743206991,1.0
0.22,0.4650225313083165,0.0,0.0,0.0,0.141146357882761,0.15333217109563008,0.12424903549643256,0.04226486773478026,0.04997697156912819,1.0
0.22,0.43784355550454973,1.0,1.0,1.0,0.1782749343797846,0.1869090768788316,0.15471042466366702,0.04369305640305459,0.054487270928140055,1.0
0.22,0.4643650152365194,0.0,0.0,0.0,0.1507579920072149,0.17805387147573162,0.12878014245636266,0.04108501298452236,0.04769571204922235,1.0
0.22,0.49519895214410764,1.0,1.0,1.0,0.1278893747690769,0.15668395843644117,0.1357739270189262,0.0384915477354513,0.04991135044545056,1.0
0.22,0.4436277223944288,1.0,1.0,1.0,0.12892480723924316,0.18390691773593465,0.16799026494938907,0.0429489183863213,0.05608009202749121,1.0
0.22,0.6279163840819141,1.0,1.0,1.0,0.11564773985453743,0.12796038646752378,0.1013999332717117,0.03322728300041851,0.04440807769577727,1.0
0.22,0.38883635832134295,1.0,1.0,1.0,0.1629254094325207,0.1797065705771636,0.1594935949347434,0.048174996136044236,0.055218998123424734,1.0
0.22,0.4612377928883936,1.0,1.0,1.0,0.1653094194174039,0.1656190715901341,0.14535362166168814,0.04215656938504489,0.05117197145489169,1.0
0.22,0.4535798420702915,1.0,1.0,1.0,0.12019116617022767,0.1816107520343314,0.1488071462302826,0.042482825585041836,0.054953763850896974,1.0
0.22,0.46096646156085946,1.0,1.0,1.0,0.14064114987943319,0.1701556935398249,0.15361437257222826,0.04293391549453484,0.0518842783847255,1.0
0.22,0.4863601573319934,1.0,1.0,1.0,0.12819479627392774,0.16974498906303337,0.13338739764304927,0.03912090511052263,0.04956594492254232,1.0
0.22,0.42640004907333956,1.0,1.0,1.0,0.15927867010708435,0.21141733637134447,0.19052234186852063,0.046505020080361205,0.061780669539439226,1.0
0.22,0.474904482863015,1.0,1.0,1.0,0.13350388745849842,0.15734993733322536,0.13876445880188276,0.04160487188114974,0.05077488290461389,1.0
0.22,0.42441043996480504,1.0,1.0,1.0,0.1671148620788373,0.16243635078365112,0.1378587726326505,0.04479677626267016,0.0510078963465729,1.0
0.22,0.44156913020042676,1.0,1.0,1.0,0.13173506645627223,0.17016111512828808,0.1473611354207093,0.04268911101427733,0.055287693962302764,1.0
0.22,0.5087011754509411,0.0,0.0,0.0,0.12777099858965518,0.15033347463024263,0.12415601008674453,0.03768694211052323,0.05187683433730988,1.0
0.22,0.38126211134544546,1.0,1.0,1.0,0.17667696145818973,0.2010325437321196,0.18632691485343578,0.0486033590221419,0.06297481809039118,1.0
0.22,0.5631550372726755,1.0,1.0,1.0,0.12369059331722884,0.16343485585735715,0.1384965960615121,0.03730850353815963,0.053470499885569345,1.0
0.22,0.5394468286744034,1.0,1.0,1.0,0.13766974500465193,0.18157372483189468,0.14124948693318767,0.041813221616191984,0.05595252229868688,1.0
0.22,0.4637266168179001,0.0,0.0,0.0,0.14553086451091826,0.17926212161872487,0.1396071827657939,0.04160469562060227,0.050741075824073556,1.0
0.22,0.4215831833002044,1.0,1.0,1.0,0.15027980037612282,0.165513273675331,0.1438938735316286,0.043775952621490644,0.0531901374965785,1.0
0.22,0.389251630342019,1.0,1.0,1.0,0.15740165841321913,0.180765575204392,0.1694513808995386,0.050209960850091315,0.060839937200460444,1.0
0.22,0.3824638692552527,1.0,1.0,1.0,0.20198587757143285,0.18932610216300466,0.1678273197626531,0.052261820834409785,0.05651400173344359,1.0
0.22,0.488785892891136,0.0,0.0,0.0,0.12931750514213552,0.15716496186143095,0.129164054232193,0.04086609072056796,0.04905834168723973,1.0
0.22,0.4738352220421004,1.0,1.0,1.0,0.13364200992490727,0.15073966634587202,0.12197069574243594,0.04193594037537217,0.05051114430996075,1.0
0.22,0.5030937008181212,1.0,1.0,1.0,0.12777506476743733,0.1625611907957113,0.1480108986726725,0.04025197376586242,0.04937285939545036,1.0
0.22,0.4417118698613956,1.0,1.0,0.0,0.16496540953038677,0.17111593499076508,0.16060762706596804,0.04083059377649454,0.055343639258788484,1.0
0.22,0.4468256190948192,1.0,1.0,1.0,0.13388510167023615,0.1612511489115929,0.13902069379229448,0.04561185096389186,0.04991836230464679,1.0
0.22,0.4772601367201218,1.0,1.0,1.0,0.14534572762865908,0.17489295169493885,0.137847094115171,0.041565310402295,0.04705216848614198,1.0
0.22,0.400585099621005,1.0,1.0,1.0,0.18566608431152462,0.18978743020163572,0.1619483938238941,0.04751939969989948,0.053803512429540214,1.0
0.22,0.581977583545935,0.0,1.0,0.0,0.11924713376103797,0.12808767696572024,0.11082352539121529,0.0314205370804815,0.04493875573726351,1.0
0.22,0.4925724566004347,1.0,1.0,1.0,0.1385336912485411,0.14927190461337242,0.12824644755377795,0.0390260783659149,0.05034457694211323,1.0
0.22,0.4304990558440978,1.0,1.0,1.0,0.18388036274793876,0.20576090651622375,0.16827385534606834,0.04603720704217919,0.05879191593856049,1.0
0.22,0.485442921759511,1.0,1.0,1.0,0.14000610735475777,0.17474958905120955,0.14015532280062265,0.040789641637172996,0.054598884667789324,1.0
0.22,0.5731180898479034,1.0,1.0,1.0,0.10917250132864094,0.1162402133147878,0.09732355798382566,0.034871130434411014,0.04469397911680915,1.0
0.22,0.45622228431549977,1.0,1.0,1.0,0.11564134099711838,0.15253257500847617,0.14408148937869564,0.04460046245963694,0.05228344360131122,1.0
0.22,0.4038228895323224,1.0,1.0,1.0,0.15597942646809945,0.17461085580219862,0.1610654551834546,0.0472687457696059,0.05897693613956189,1.0
0.22,0.4363979208709172,1.0,1.0,1.0,0.1254280806671253,0.1399438170057958,0.11986168871051943,0.04212754513046238,0.04623222377428221,1.0
0.22,0.49976978688409673,1.0,1.0,1.0,0.12619015300566255,0.14712369702745393,0.11807322896093628,0.04045832094094777,0.04921882023803534,1.0
0.22,0.4787137824155031,1.0,1.0,1.0,0.1458693161844175,0.15523369800080652,0.13906928830547183,0.040230959683385616,0.04653600640528846,1.0
0.22,0.5059387532436921,1.0,1.0,1.0,0.12783146341875223,0.15105335166527364,0.12338901769973758,0.037477802255194315,0.04854645456923153,1.0
0.22,0.4966199972585735,1.0,1.0,1.0,0.14949329232237257,0.17987918920034146,0.15406686681204,0.04125649898508259,0.049792647178861706,1.0
0.22,0.43022627549635234,1.0,1.0,1.0,0.16530876248917845,0.15288803498891004,0.14930791973791063,0.04070033699807836,0.050732477408868604,1.0
0.22,0.4661522530775946,1.0,1.0,1.0,0.17495890075990567,0.14992504959307879,0.12635368950426093,0.04154518229384947,0.047555637969149946,1.0
0.22,0.5532286518923233,0.0,0.0,0.0,0.10781542029721367,0.13503343499199982,0.10500302682438038,0.0359324087420483,0.04444145907156211,1.0
0.22,0.4241673724109774,1.0,1.0,1.0,0.13882259834947308,0.18824458652536347,0.17407055027027304,0.04671002880493735,0.0596761775728298,1.0
0.22,0.5212851626435285,1.0,1.0,1.0,0.1355450993783301,0.14629766278178424,0.11635378816237052,0.034576259955868,0.04205498024119407,1.0
0.22,0.430158775302428,0.0,1.0,0.0,0.1316078566983457,0.18871068559822293,0.17182457070179527,0.044940749348210934,0.056987923047570554,1.0
0.22,0.47961275964641215,1.0,1.0,1.0,0.14620314609539506,0.15938386228287588,0.13625771624145794,0.0384512620321106,0.04632280741570763,1.0
0.22,0.4610611314284139,1.0,1.0,1.0,0.14098681818920014,0.15869976186517246,0.14603617531351912,0.04267451315047977,0.05209895764428278,1.0
0.22,0.40396772519421237,1.0,1.0,1.0,0.14286789571157632,0.17787363815881616,0.16616514224049933,0.04753415836669552,0.0560754223033155,1.0
0.22,0.4707132808624965,1.0,1.0,1.0,0.10648789613135293,0.13812725227162587,0.1258629552833558,0.0398093137546244,0.04746060936538592,1.0
0.22,0.47247765020516885,0.0,0.0,0.0,0.14017702967447285,0.1747348197378284,0.1407349221204097,0.0418374890059999,0.053897283507588926,1.0
0.22,0.4253888097399234,0.0,1.0,0.0,0.13504240110445162,0.16517659196014867,0.14728088972160222,0.04524040711097694,0.054958492863723424,1.0
0.22,0.4405844442226605,1.0,1.0,1.0,0.13138402119282785,0.1756837388209666,0.16046657209199483,0.0436130836431629,0.0557379681297403,1.0
0.22,0.49742538361323657,1.0,1.0,0.0,0.14872575849707712,0.16802661751153275,0.142329369291964,0.03873774036792776,0.04979455387382679,1.0
0.22,0.4734173171061807,0.0,1.0,1.0,0.13977299092605758,0.16009476677621173,0.14515664649069157,0.040585316894177,0.0471559457802053,1.0
0.22,0.4633847126918279,1.0,1.0,1.0,0.1462174902750343,0.14493830298496624,0.12721439277061447,0.03842356289627903,0.05288035447986787,1.0
0.22,0.41271091829459605,1.0,1.0,1.0,0.16074323531342408,0.17827369190205944,0.16197122119082508,0.04458569512169715,0.05136169275523228,1.0
0.22,0.47176522832670603,1.0,1.0,1.0,0.15233146609984982,0.1530918012295768,0.13273789035626704,0.03910071107507766,0.045190852658742724,1.0
0.22,0.5005522714359044,1.0,1.0,1.0,0.14185479086378888,0.16270429627782046,0.12909799449144116,0.042358102661286166,0.05072187939774062,1.0
0.22,0.44163381787158024,1.0,1.0,1.0,0.14653440860754366,0.18356021030072642,0.15291226613002892,0.044387035673888055,0.0531195575292503,1.0
0.22,0.40513287711398244,1.0,1.0,1.0,0.18114424720085695,0.1606917079267179,0.1511955566053833,0.05007458184010936,0.05597217251501397,1.0
0.22,0.5002776826470736,1.0,1.0,1.0,0.1344503241154028,0.17558036794766477,0.15378868923261704,0.03949943266633694,0.0518834526648962,1.0
0.22,0.4715150627960694,1.0,1.0,1.0,0.13722692557600136,0.16197328491506058,0.13616674881288773,0.04067706390230544,0.04646112380658164,1.0
0.22,0.39566518648149435,1.0,1.0,1.0,0.15836923403219652,0.20335986581725995,0.18291841920732474,0.0520426742946488,0.061641423030631345,1.0
0.22,0.5059624273610653,1.0,1.0,1.0,0.12891359850938505,0.13109542887968803,0.10790713388089661,0.03818478312175229,0.045613584705754065,1.0
0.22,0.4814542969843456,1.0,1.0,1.0,0.1427650191911726,0.16144095821532284,0.14186546751509285,0.04286267562065727,0.050287428704160295,1.0
0.22,0.5201059907170883,1.0,1.0,1.0,0.1457502070003308,0.17484336156056227,0.14687574588518565,0.034972502963006226,0.05354413464455889,1.0
0.22,0.5205613009779936,1.0,1.0,1.0,0.11339666230959,0.15455028950309954,0.12608362119862743,0.039084710758285096,0.04909006595038313,1.0
0.22,0.41543815638828374,1.0,1.0,1.0,0.17099726910276625,0.18146435649948836,0.16581266972373707,0.04704886523205137,0.06029038743470348,1.0
0.22,0.4984134926301554,1.0,1.0,1.0,0.12915265148323646,0.14704389106798724,0.12889960598912403,0.03728698116115179,0.048680744714348724,1.0
0.22,0.425548903687463,1.0,1.0,1.0,0.1557529566449481,0.18707441405460046,0.15439120404278553,0.04374142962737449,0.05386406054654119,1.0
0.22,0.4820592030172446,1.0,1.0,1.0,0.13957309123452127,0.14609190249241666,0.1285392047414757,0.03860868221977558,0.04964130129675995,1.0
0.22,0.4357368102949625,1.0,1.0,1.0,0.16180341471137766,0.1783044208360558,0.14406203952921648,0.0451665383335467,0.05619264793385418,1.0
0.22,0.4284835200164181,1.0,1.0,1.0,0.14593932413125515,0.2066039664550418,0.17259445778235222,0.04321126939430395,0.05500283951684955,1.0
0.22,0.4288700606991162,1.0,1.0,1.0,0.15467948053823793,0.17252558979115218,0.15228633805319586,0.0445862177282975,0.05430960579500424,1.0
0.22,0.6463625171286639,1.0,1.0,0.0,0.1055307445747679,0.137007842615779,0.10731890512058731,0.033423558909544585,0.04681683349026986,1.0
0.22,0.47889749292173317,1.0,1.0,1.0,0.11864359415634043,0.1471006431960217,0.13554794842766232,0.04107477502869601,0.04735205513604069,1.0
0.22,0.43671553471643965,0.0,0.0,0.0,0.11976723739821371,0.17424431972751536,0.14015682405739752,0.040082388020041076,0.05078207325051051,1.0
0.22,0.4590094427812859,1.0,1.0,1.0,0.12759852073378503,0.1568095322332621,0.14831902786975876,0.04209106094446174,0.051702413339524626,1.0
0.22,0.5585136247627408,1.0,1.0,1.0,0.11350345975438905,0.14980621834471786,0.11482796247750408,0.03502455374547905,0.04507804643846756,1.0
0.22,0.40159793464534566,1.0,1.0,1.0,0.20238875315990157,0.19837578312854615,0.15791870144536585,0.04588665582167312,0.05132634188683825,1.0
0.22,0.4261686423482979,1.0,1.0,1.0,0.1495835995000872,0.18319370265919382,0.1503631151459911,0.04631914080728215,0.056041574552056675,1.0
0.22,0.580813943508419,0.0,0.0,0.0,0.09741627329496381,0.1252548254440899,0.09689031160405205,0.03179084945449729,0.03642885497015877,1.0
0.22,0.41236411526364736,1.0,1.0,1.0,0.1565596245206717,0.18514356315516228,0.15525495361110989,0.045598812981245726,0.05503712404395529,1.0
0.22,0.4437216120622951,0.0,1.0,0.0,0.17131121590249315,0.2042647019986143,0.158421735160271,0.039392071696198246,0.051879604709298005,1.0
0.22,0.46850506789188895,1.0,1.0,1.0,0.13628402636558634,0.1677023004681381,0.13818277961669137,0.04000938307746325,0.05251099713933588,1.0
0.22,0.4339912393278619,1.0,1.0,1.0,0.15310094779221847,0.1613135174592686,0.1368666084603351,0.04575080649611265,0.05320042003020174,1.0
0.22,0.40511455829926246,1.0,1.0,1.0,0.1799761694800183,0.18218516496676762,0.16992165190343403,0.0484102680532209,0.059968880716973316,1.0
0.22,0.5533711633527982,1.0,1.0,1.0,0.13366487059010423,0.14253341631473418,0.1103954132073165,0.03291949450573031,0.04653954912895376,1.0
0.22,0.4090519705822139,1.0,1.0,1.0,0.1792545913266205,0.2033352920949071,0.18507406283398553,0.046985216688700725,0.05837286588083816,1.0
0.22,0.4657861481102906,1.0,1.0,1.0,0.13192637372269825,0.18612153984948804,0.14265921161024725,0.04011017613285601,0.0502535510111333,1.0
0.22,0.4895111667983086,1.0,1.0,1.0,0.14098484632498925,0.15122794128692588,0.12529700214143663,0.04173964248636504,0.048920388641236184,1.0
0.22,0.41419266099983243,1.0,1.0,1.0,0.1521259594219207,0.175557664516029,0.15013485159073003,0.0467156206052129,0.05225314821384365,1.0
0.22,0.3846871888603842,1.0,1.0,1.0,0.19055487606023447,0.21206932896484493,0.18404734381064208,0.05190741056027103,0.0571657029611336,1.0
0.22,0.46528339300598043,1.0,1.0,1.0,0.15890922404736393,0.1746191128187314,0.15501007955416818,0.044062965250189705,0.057754354716721724,1.0
0.22,0.41355054779781364,1.0,1.0,1.0,0.13704104928252037,0.17551284344504253,0.1645665520154179,0.04824855115504516,0.055998620823280394,1.0
0.22,0.4526394714108303,1.0,1.0,1.0,0.15163610424868806,0.14975866084605527,0.12706611851687655,0.043160378386611666,0.05285780567584229,1.0
0.22,0.37941194743576495,1.0,1.0,1.0,0.16664735608490625,0.16397353902025075,0.15293869336596794,0.05070049312573369,0.054995525781249374,1.0
0.22,0.41379491154574577,1.0,1.0,1.0,0.14924019344158,0.16803636775968928,0.15012996486522667,0.04465043835313545,0.05353555885412528,1.0
0.22,0.4981770599100412,1.0,1.0,0.0,0.1269031244060195,0.14745310394911276,0.11419356143979571,0.036815853378844375,0.04436073403605853,1.0
0.22,0.5034520072230794,1.0,1.0,1.0,0.14156933937323526,0.16409820295710828,0.12759041169225654,0.03753695385347655,0.046102574115686024,1.0
0.22,0.5686518294960491,1.0,1.0,1.0,0.0975570376021511,0.15689548658270835,0.12189419752432921,0.03393327916591482,0.04513101614612438,1.0
0.22,0.5081341952066198,1.0,1.0,1.0,0.13268950395544346,0.1744127994355706,0.12462640295673064,0.03968416568591609,0.04836941549214485,1.0
0.22,0.4834089063224818,1.0,1.0,1.0,0.13550139268155564,0.13735890277816012,0.11573425300270043,0.04388591562981123,0.05263452547914063,1.0
0.22,0.4248660992690535,1.0,1.0,1.0,0.1734656444061474,0.19182229360533487,0.17743154922719848,0.04775769973314388,0.05774951228460193,1.0
0.22,0.5503404581303336,0.0,1.0,0.0,0.1133636203494645,0.1400808448298521,0.12075380204016092,0.035840257727221145,0.050498970535250924,1.0
0.22,0.4488527305476028,1.0,1.0,1.0,0.14556620611329985,0.16626407462897916,0.14623094552491897,0.042978529387664874,0.056722772969914924,1.0
0.22,0.48976814415335995,1.0,1.0,1.0,0.14024313477935407,0.17930711491262147,0.14028798132428796,0.041009791191009067,0.04914705745545981,1.0
0.22,0.42198033912788635,1.0,1.0,1.0,0.14381804589839264,0.18278168309566695,0.1556052984061993,0.04321629731261968,0.05116534894012139,1.0
0.22,0.4424720096352014,1.0,1.0,1.0,0.15738212286188938,0.18542759019902777,0.14880624628983213,0.044194584482109764,0.05221502367878182,1.0
0.22,0.47694748351870986,1.0,1.0,1.0,0.13785541443787488,0.14145468706111416,0.11717733130180197,0.040881934795068055,0.04904337394248569,1.0
0.22,0.4326081577975701,1.0,1.0,1.0,0.15341055427112077,0.1816663861751612,0.16313760788285375,0.046807093707601694,0.05163226753864855,1.0
0.22,0.455584752598992,1.0,1.0,1.0,0.13238265923424802,0.16128187258236154,0.1466346947783213,0.042569567133083665,0.054787890647942206,1.0
0.22,0.4962002526210012,1.0,1.0,1.0,0.12458048402366832,0.17336010029829677,0.13960476450700735,0.037475551603615403,0.04804887893458074,1.0
0.22,0.46155352670361705,1.0,1.0,1.0,0.11975632520425135,0.1579073879650092,0.1343319046745315,0.04135784093076959,0.04704964723073967,1.0
0.22,0.36298990450214397,1.0,1.0,1.0,0.21922014915005744,0.19813356224885498,0.16311825547612596,0.051100937022203745,0.056244936096371545,1.0
0.22,0.5776118385776662,1.0,1.0,1.0,0.1017521817367217,0.1410056349304137,0.11979076147651753,0.032997955921796766,0.04445083905207104,1.0
0.22,0.4180077556602298,1.0,1.0,1.0,0.18429246355301335,0.21477664441726785,0.1607811302934238,0.046163287386011706,0.05026925957152856,1.0
0.22,0.4043024317438476,1.0,1.0,1.0,0.16074834649967076,0.16113135760498787,0.1506369432383237,0.04689686978118453,0.050909398737985063,1.0
0.22,0.46900238675620814,1.0,1.0,1.0,0.1571654078847425,0.15987231761305432,0.13574598429252285,0.04373285630815916,0.05142155378594019,1.0
0.22,0.41421849885740597,1.0,1.0,1.0,0.15599644726883793,0.17939550145822564,0.16121306134942778,0.047483769524000824,0.05485959627415303,1.0
0.22,0.47004571363367276,1.0,1.0,1.0,0.13872533637847903,0.14027791993915661,0.11435887586150699,0.045152336930213546,0.050240768060410786,1.0
0.22,0.455520557888633,1.0,1.0,1.0,0.14090636170009502,0.14745599318917607,0.12349213282157653,0.04597496446483462,0.05490292962989118,1.0
0.22,0.4325151762500078,1.0,1.0,1.0,0.12521434183004465,0.15560633940600135,0.1296312958144424,0.04023588317884961,0.047565402409245505,1.0
0.22,0.5374544667482133,1.0,1.0,1.0,0.14838923162885065,0.14455976863310654,0.1281609683662767,0.034585504510842864,0.043650526473884316,1.0
0.22,0.48390618620227677,1.0,1.0,1.0,0.16074234823292827,0.16647838432093254,0.14928850730022272,0.04037292774926755,0.05263674368383625,1.0
0.22,0.44394673167026555,1.0,1.0,1.0,0.1655417303837354,0.16400454937286443,0.1512388394596323,0.04635117110181234,0.05483222459699711,1.0
0.22,0.5354198548851149,0.0,0.0,0.0,0.12352036884697944,0.14030669609814583,0.11245115452601304,0.033990203727102875,0.04157187419322479,1.0
0.22,0.45556908973391813,1.0,1.0,1.0,0.12922654621336024,0.13607559969554,0.12466718460750112,0.043548750657114645,0.051461096057462255,1.0
0.22,0.451203432389156,1.0,1.0,1.0,0.15528893456559179,0.18367245416855962,0.15332674732787974,0.045759149106477714,0.05517758645906681,1.0
0.22,0.42334702238280814,1.0,1.0,1.0,0.16183800142134314,0.2189243992934215,0.17224202430269572,0.04773712847101025,0.05818374862046477,1.0
0.22,0.4365603742256883,0.0,0.0,0.0,0.1273706369493703,0.15508559928331006,0.14659020187030447,0.04337491365838777,0.05639414877451007,1.0
0.22,0.48502558389152023,1.0,1.0,1.0,0.12925379053934563,0.1307137545155796,0.10644880132147241,0.03928157373349826,0.04382888340687537,1.0
0.22,0.47077487575533106,1.0,1.0,1.0,0.14525844280494454,0.16831126111757527,0.12470268477020814,0.0418498483857465,0.051752862852831656,1.0
0.22,0.5216786419092517,0.0,0.0,0.0,0.13135104274298545,0.1379982194141692,0.11346020606545223,0.03561782022957003,0.047543520805477336,1.0
0.22,0.4713570565432472,1.0,1.0,1.0,0.14790594428259987,0.1856868735814164,0.14699479026594248,0.0411212155400893,0.05454989802378608,1.0
0.22,0.4563453234055264,0.0,1.0,0.0,0.1287272772360811,0.15358680616981102,0.12340441379400321,0.041154145718341334,0.0517493648683536,1.0
0.22,0.5105216032307314,1.0,1.0,1.0,0.11836828320241408,0.1269588933544758,0.11275965129337592,0.035920021927207835,0.04134356924623088,1.0
0.22,0.49836639472809596,1.0,1.0,1.0,0.13417343302653004,0.17050529221098196,0.1502703364446672,0.038369537068303476,0.05064144396447664,1.0
0.22,0.5377856505489168,1.0,1.0,1.0,0.1291280305355742,0.16807794159534403,0.14112969959872756,0.03646788542553567,0.04911159314252554,1.0
0.22,0.4445643071221798,1.0,1.0,1.0,0.16432598300197337,0.17373765418053366,0.15904699263296324,0.043102152797803495,0.05464989365407812,1.0
0.22,0.4871166277227999,1.0,1.0,1.0,0.1366557703190133,0.14311874796118784,0.12588640675329885,0.040603150367794126,0.05086831407056876,1.0
0.22,0.510437112671952,1.0,1.0,1.0,0.1222364001491016,0.14674589295201212,0.11694780880898896,0.03794367819733126,0.046462677476625414,1.0
0.22,0.5669542628562118,1.0,1.0,1.0,0.13275719526361085,0.18377301662448137,0.13180473031635526,0.0343270592770605,0.0494992818290003,1.0
0.22,0.382008603227694,1.0,1.0,1.0,0.17300399690870402,0.22169696535954592,0.18619227154701962,0.04585440452205147,0.05582872788240421,1.0
0.22,0.4586768977803001,1.0,1.0,1.0,0.15203688154081643,0.16232749593663917,0.1446604492214527,0.044257399715659264,0.05133353271736962,1.0
0.22,0.4378672034302972,1.0,1.0,1.0,0.13472242500521592,0.1757195497636337,0.14789717885398884,0.04286865186031259,0.05450961483628261,1.0
0.22,0.5124865666805091,1.0,1.0,1.0,0.1420691774612998,0.14736870321938575,0.1333581653998977,0.036725651560272944,0.05003746503805561,1.0
0.22,0.5895593122447983,1.0,1.0,1.0,0.11512147937052006,0.14474303735053198,0.11796527217527986,0.0312837115878846,0.04467987583781881,1.0
0.22,0.4555846046145131,1.0,1.0,1.0,0.16549141797000583,0.16616455212101683,0.14476750850332815,0.04411446155615455,0.04780427471315948,1.0
0.22,0.4016611174392001,1.0,1.0,1.0,0.1620498158047355,0.19706572757686996,0.17178390205333752,0.0439790533411914,0.053786914811891684,1.0
0.22,0.3919058489974356,1.0,1.0,1.0,0.16084405497139082,0.21491967342268756,0.1851090096583109,0.04856931194115848,0.05983236430139935,1.0
0.22,0.5112526763741374,1.0,1.0,0.0,0.1472618679447526,0.17208690298894658,0.1241820077711284,0.03957685006585883,0.051286136693814675,1.0
0.22,0.41866382897794435,0.0,1.0,0.0,0.1590666491109148,0.18209661498556176,0.14344513183575566,0.04675517263161879,0.05283302791781029,1.0
0.22,0.5006899841096034,1.0,1.0,1.0,0.13383913655428228,0.16720411146890962,0.13237010973273913,0.03720686993319593,0.04760419378256774,1.0
0.22,0.4038994405197587,1.0,1.0,1.0,0.15792329824402548,0.18097473356026667,0.1546619307144888,0.047493601109544856,0.056336282384489296,1.0
0.22,0.43629016292420175,1.0,1.0,1.0,0.16907609971769208,0.17285393866040955,0.14856718906275018,0.039503795132354004,0.04964885147500915,1.0
0.22,0.4485556188843179,1.0,1.0,1.0,0.14880920795252484,0.18966638124432258,0.1502091611609283,0.04609537846433778,0.05500964154942424,1.0
0.22,0.4570773558750145,1.0,1.0,1.0,0.15658910517175811,0.16536257431094437,0.15774241038934425,0.04604332926761154,0.055500183769299445,1.0
0.22,0.4942190386547248,1.0,1.0,0.0,0.12913269218228987,0.13986766412673374,0.12092393077394707,0.04179609571744246,0.0525220636054377,1.0
0.22,0.45670010777255343,1.0,1.0,1.0,0.14927256235584055,0.15642295062355968,0.12464530061936666,0.04122550960124286,0.04931490206749544,1.0
0.22,0.46889677321437717,1.0,1.0,1.0,0.11561751508650564,0.1629449905080918,0.14820298105939977,0.039475973235553366,0.050626355473517536,1.0
0.22,0.44018114820405085,1.0,1.0,1.0,0.1535347659025883,0.1996733898044624,0.1683024751538654,0.04514965131992125,0.057380823055317595,1.0
0.22,0.40624342246476364,1.0,1.0,1.0,0.15739022515053613,0.18766997860767423,0.1711710874477477,0.04710606045384332,0.059626682339619624,1.0
0.22,0.5218676550228587,1.0,1.0,1.0,0.11856716767269655,0.14053752882412432,0.11257279507119818,0.038945110661322016,0.04428953369723563,1.0
0.22,0.5020561570767355,1.0,1.0,1.0,0.12738354493790133,0.14464451862240932,0.1321698529993379,0.03932454333764223,0.048012643953095895,1.0
0.22,0.5440787274868266,1.0,1.0,1.0,0.1306460710589253,0.15937831208771006,0.13064956880233722,0.033457973921486486,0.04682571325291077,1.0
0.22,0.4444103011493222,1.0,1.0,1.0,0.16093519496877776,0.17189824202225598,0.14741664886228825,0.04403472473198307,0.049252694009151894,1.0
0.22,0.4309007068189496,1.0,1.0,1.0,0.16678465644587698,0.21809957194222335,0.1729670228284354,0.042772204378766186,0.05615458605647285,1.0
0.22,0.42809605079749624,1.0,1.0,1.0,0.16576382666256237,0.17489309356601607,0.15644118525926445,0.041191783166201,0.05140335680172145,1.0
0.22,0.4473452589200405,1.0,1.0,1.0,0.16782948469733852,0.18466460255358702,0.13208658319094282,0.04183653248500169,0.04887931976154746,1.0
0.22,0.5256982714182012,1.0,1.0,1.0,0.12234971999716693,0.1714473440830406,0.1485005761431952,0.036523072711298586,0.04658781586420185,1.0
0.22,0.47632876592654905,1.0,1.0,1.0,0.12663274487962423,0.16826062939772574,0.14878334942465238,0.04307458756631055,0.051667716056734994,1.0
0.22,0.4491170956904994,0.0,0.0,0.0,0.15296911394666418,0.1641454084760507,0.1406277788097031,0.046493584138787514,0.05586609346310273,1.0
0.22,0.3851230135406716,1.0,1.0,1.0,0.16455087023105838,0.18050399287003857,0.168332256544872,0.05059477886952082,0.05891993231377737,1.0
0.22,0.4263554435389698,1.0,1.0,1.0,0.15550933605062672,0.18670235946902528,0.1449656432327746,0.046225551996429165,0.05395610447240301,1.0
0.22,0.41470364958773,1.0,1.0,1.0,0.15009736608627558,0.16289361724589796,0.14640464373790413,0.04387113658058705,0.05673110930168255,1.0
0.22,0.3801478269498045,1.0,1.0,1.0,0.15837401701917372,0.21172724420551114,0.19436250413527625,0.049908410005176276,0.05539079894515844,1.0
0.22,0.4479834414551284,1.0,1.0,1.0,0.13244264782669632,0.13821555131099,0.12001212296568317,0.04424625473398854,0.04990255777035053,1.0
0.22,0.45551995671697093,1.0,1.0,1.0,0.15831179481593968,0.1741524464215687,0.1687682710756912,0.04439136562417002,0.05219680571583247,1.0
0.22,0.5802861314623002,0.0,0.0,0.0,0.1104877192755885,0.1400927762321785,0.11775113248881072,0.0342106247237577,0.04931200492928292,1.0
0.22,0.4273880159696313,1.0,1.0,1.0,0.13917183272436018,0.149951469110089,0.12831441956197592,0.042186834172160806,0.05026041251364214,1.0
0.22,0.4513918852516136,1.0,1.0,1.0,0.14995695555347596,0.17561592901318032,0.1504956741816753,0.043526367267098284,0.04926221955185008,1.0
0.22,0.44842103538895073,1.0,1.0,1.0,0.1431982783110767,0.2021868799378434,0.17045178040430534,0.042332670664896384,0.055738767344725895,1.0
0.22,0.4708131153851002,0.0,0.0,0.0,0.15189814369153393,0.1746292784367552,0.14905823387726988,0.038792738578010084,0.051341239054346906,1.0
0.22,0.4472264673469758,1.0,1.0,1.0,0.12828652296835197,0.17152227478700827,0.14647320997301524,0.03981841506219186,0.04864647414675665,1.0
0.22,0.5069318751248094,1.0,1.0,1.0,0.13147444279607443,0.19049675424389417,0.15857809471486173,0.03612920440884124,0.04991072131203007,1.0
0.22,0.49237415775133747,0.0,0.0,0.0,0.12718854123943182,0.1579887941486821,0.1405993840178653,0.04132021204509555,0.050881751808529344,1.0
0.22,0.45303824643083435,1.0,1.0,1.0,0.14726693300794275,0.16053007301275063,0.14925824500028428,0.04258545809021036,0.048119515058180774,1.0
0.22,0.46284497357894355,1.0,1.0,1.0,0.1662248135500028,0.19086390867873143,0.14319752067235464,0.03908181458789917,0.04905700799230072,1.0
0.22,0.4427993972804472,1.0,1.0,1.0,0.1337055358728705,0.1768434205401459,0.16201960795355036,0.04524883729343122,0.056926350921606056,1.0
0.22,0.4547162052570692,1.0,1.0,1.0,0.14135453684388966,0.150284164162174,0.14085286113685538,0.03973371895235552,0.05115135361527467,1.0
0.22,0.46504603053013155,0.0,1.0,0.0,0.14345339027009896,0.1697730665658943,0.13209940800831027,0.04366716608974893,0.04809246794935955,1.0
0.22,0.4916709937032322,1.0,1.0,1.0,0.13428374470552057,0.16890941578192503,0.12809190070417495,0.03951018123834081,0.05246519302561753,1.0
0.22,0.5759092484306483,1.0,1.0,1.0,0.11032138568524748,0.14384069087816512,0.10612943202283764,0.03368267310126545,0.042599505764277124,1.0
0.22,0.3802373862774354,1.0,1.0,1.0,0.16177999174105354,0.18548739389440638,0.16817756459855532,0.050741553015588366,0.05752880622031671,1.0
0.22,0.44115801751626255,1.0,1.0,1.0,0.15555113249759028,0.16165077415728862,0.12119772679813015,0.0469883291770658,0.05246655749996365,1.0
0.22,0.41659755887393557,1.0,1.0,1.0,0.1765130039041481,0.17982818456053182,0.15410459998335663,0.044164618677380994,0.05241773269813076,1.0
0.22,0.4548573371914156,1.0,1.0,1.0,0.1351204487128126,0.17381774821673113,0.1533493033103419,0.04220233033013205,0.04971903888668563,1.0
0.22,0.5030245078648073,1.0,1.0,1.0,0.139514894219739,0.15884511575905497,0.12237956010582016,0.03662354413194497,0.047714344687554054,1.0
0.22,0.3979491284817194,0.0,0.0,0.0,0.16294109417682082,0.16709252062581312,0.15194316572982863,0.048551931951238664,0.052015824880518986,1.0
0.22,0.4321364697830809,1.0,1.0,1.0,0.14742944496619015,0.17359406779323056,0.14825067592034363,0.04412863022494234,0.05253727008361378,1.0
0.22,0.45695151120142,1.0,1.0,1.0,0.14787563681790364,0.15573117709624285,0.1408319477661166,0.04053361740932784,0.0472715254718093,1.0
0.22,0.4012232744451949,1.0,1.0,1.0,0.14241081789590798,0.15525796471066877,0.13782771200403962,0.04954697712071688,0.05486559504253921,1.0
0.22,0.4630937471722698,1.0,1.0,1.0,0.15705344793370377,0.1677942194797863,0.14933241042915218,0.042699040327896585,0.04800349446127912,1.0
0.22,0.4731133346460839,1.0,1.0,1.0,0.13046665827222043,0.14610348325385844,0.12982763697762453,0.04097753922246446,0.046657334439192066,1.0
0.22,0.43125688805534373,1.0,1.0,1.0,0.1459098362857097,0.18757362359784896,0.15050102935188808,0.046567128325570535,0.05786228409795573,1.0
0.16,0.661899063606743,1.0,1.0,1.0,0.09565106524498554,0.12114399406980943,0.08483131288824369,0.02968781205829426,0.04226506518233203,1.0
0.16,0.6767898529262136,0.0,1.0,0.0,0.09476230345235803,0.1413964728947583,0.10957260501603416,0.030415265776036763,0.044377807269187865,1.0
0.16,0.5342153315508328,1.0,1.0,1.0,0.13161175978982903,0.16412554363965995,0.12867564420465816,0.032687513431536495,0.04509727195487571,1.0
0.16,0.6836626850310553,1.0,1.0,1.0,0.10340549579909153,0.11706502109995251,0.09352164842969199,0.02777965380676549,0.03551398914919515,1.0
0.16,0.7241799456850296,1.0,1.0,1.0,0.09786810710095069,0.1213440922285518,0.08819725095312571,0.025288122566562238,0.038307130591168505,1.0
0.16,0.7145765661345028,1.0,1.0,0.0,0.09211035472162091,0.12339946344428106,0.07236185898045015,0.025590694534918784,0.03408420546406363,1.0
0.16,0.6246475942065345,1.0,1.0,1.0,0.10970096435849994,0.10768451444753209,0.0837663954725879,0.0301305860472383,0.03600990958781861,1.0
0.16,0.5704443883249599,1.0,1.0,1.0,0.10032062461695965,0.1329476678870138,0.10967731083317205,0.03457402090634236,0.045172904074446754,1.0
0.16,0.6282809711907056,1.0,1.0,1.0,0.10563434982143552,0.14087205187487362,0.10775518661075079,0.03137027412309095,0.044412117734610804,1.0
0.16,0.6089326842617672,1.0,1.0,1.0,0.101857712685998,0.14381355340220503,0.10550478592185017,0.032129589008856776,0.042393226439690956,1.0
0.16,0.6030289442594269,1.0,1.0,1.0,0.0999192885396078,0.10488855683573076,0.08636340421661026,0.031334508516201905,0.04029322720485742,1.0
0.16,0.6362817649103454,1.0,1.0,1.0,0.09922858497773834,0.12897804134576712,0.11415819107870688,0.030721328639614708,0.04463726845371676,1.0
0.16,0.6524694651098902,1.0,1.0,1.0,0.09372641016555143,0.13175941776841077,0.10853810843961456,0.02971986033212274,0.041218330959808876,1.0
0.16,0.6801122825595565,1.0,1.0,1.0,0.09278910977091771,0.15425822189599261,0.09919857296288963,0.028539257882181434,0.040632493539141154,1.0
0.16,0.6671444403577143,1.0,1.0,1.0,0.11526218361038998,0.13799385629773556,0.11013490608176937,0.027039904472208384,0.03965744484719465,1.0
0.16,0.5661084957554517,0.0,1.0,0.0,0.09861539945574667,0.14340329498075738,0.10751447625889135,0.03493731100538472,0.045189500135566656,1.0
0.16,0.5878391790658216,1.0,1.0,1.0,0.11242042562641312,0.13068027293236223,0.11185679395211442,0.03319420091582937,0.042549074815160924,1.0
0.16,0.68177345292768,1.0,1.0,1.0,0.0858112099753822,0.1315041367856773,0.11278487976622271,0.02790510401394009,0.042149616669115236,1.0
0.16,0.7032725549257419,1.0,1.0,1.0,0.0972896458733525,0.11848089271838738,0.09129004719699352,0.027271448719230575,0.03761910820488841,1.0
0.16,0.6140584149353386,1.0,1.0,1.0,0.10386839970936827,0.13764333014624835,0.10751323033929419,0.02935734994414807,0.04157123989704516,1.0
0.16,0.6204471624918098,1.0,1.0,1.0,0.10084442616835772,0.1246267214652362,0.10400834897818148,0.031248912731124165,0.04187248265522757,1.0
0.16,0.7575631318551918,1.0,1.0,1.0,0.07875069518297659,0.1420037457219177,0.0987259244945965,0.0253830987565863,0.041123275611133776,1.0
0.16,0.6325941429656499,1.0,1.0,1.0,0.10345965354160566,0.11381941752981237,0.07824530278719108,0.031010866260033017,0.03673148068709765,1.0
0.16,0.7149182414443153,0.0,0.0,0.0,0.09260717765726298,0.12497999811075584,0.09437452787622637,0.026853587191353938,0.0402757348329758,1.0
0.16,0.6992657808810592,1.0,1.0,1.0,0.09262147943378077,0.13396497746587158,0.09830603310456643,0.02839093957950531,0.04308966288305434,1.0
0.16,0.5701895374479656,1.0,1.0,1.0,0.10773697802917467,0.13977503314795034,0.11274490392576098,0.03297813773592071,0.042139011002556764,1.0
0.16,0.6396323146756139,1.0,1.0,1.0,0.10161454654175457,0.13734707638825724,0.0934534671712337,0.0297695680617059,0.036738510837281545,1.0
0.16,0.6059577898000538,1.0,1.0,1.0,0.12776007177059198,0.14270744017019887,0.09844563512561347,0.033619391233965346,0.04220738404137123,1.0
0.16,0.7223348440151182,1.0,1.0,1.0,0.08082902451990945,0.14505017309296173,0.10910125408708568,0.028733669842601714,0.04507557495761864,1.0
0.16,0.5808928293788304,1.0,1.0,1.0,0.11644274027276191,0.1556094390619038,0.11752548414721417,0.03280361265355767,0.046969878989520604,1.0
0.16,0.6981372366619033,1.0,1.0,0.0,0.08963948033383225,0.1165192529553353,0.08552081777163183,0.028086981559033535,0.03697128742367037,1.0
0.16,0.6271264240464595,1.0,1.0,1.0,0.12531832272007434,0.13914331242996641,0.10621224559494499,0.030445449236564236,0.04117210850818927,1.0
0.16,0.6431689822829337,1.0,1.0,1.0,0.10168172638013895,0.13102692360280488,0.110574238466091,0.030557239946741824,0.04397193808124964,1.0
0.16,0.6251279715773345,1.0,1.0,1.0,0.10520945047736367,0.14393182741139654,0.1174856162429467,0.030719022874282235,0.04245110230744102,1.0
0.16,0.6459305828801735,1.0,1.0,1.0,0.10473704953293095,0.11504829959261913,0.09464398001557837,0.031839827852207236,0.03861134670866596,1.0
0.16,0.5944655238273976,1.0,1.0,1.0,0.1156681330619241,0.12782114344043755,0.09988456125037633,0.03389750402068269,0.041046777193244656,1.0
0.16,0.6021754171713583,1.0,1.0,1.0,0.10020450849202342,0.12124076731250452,0.09685376490779395,0.03129864236409613,0.03972801234332585,1.0
0.16,0.6560467175469158,1.0,1.0,1.0,0.10178948677550796,0.12390619230159941,0.09118844205699468,0.027979130573601525,0.03919857787357143,1.0
0.16,0.639782119539533,1.0,1.0,1.0,0.08367659037498758,0.0999539641104291,0.07575191676844913,0.03017728858158258,0.03990516820728137,1.0
0.16,0.5994697461942139,1.0,1.0,1.0,0.09242665193816516,0.1113081567710303,0.09478267696093541,0.03345726108614071,0.04154633699094977,1.0
0.16,0.5752326629295582,1.0,1.0,1.0,0.12413508839298495,0.14991710578099512,0.11536412518217624,0.034047285990245424,0.04453454921482767,1.0
0.16,0.5842419264675349,1.0,1.0,1.0,0.11474158399001481,0.1488356911552633,0.12284269064254931,0.03522646218355871,0.04923916476566209,1.0
0.16,0.6809241195357958,1.0,1.0,1.0,0.10479105397633257,0.12060373901113053,0.09233143528584334,0.027705695415748917,0.03702684986742305,1.0
0.16,0.6374304136637144,1.0,1.0,1.0,0.09942196504124054,0.10944419307876403,0.08534792402601306,0.0307777160853991,0.03860700326339743,1.0
0.16,0.5881137852028198,1.0,1.0,1.0,0.10718911449198118,0.11589113481525126,0.09341749531715408,0.03449827144809714,0.03853326271502377,1.0
0.16,0.7374218084951755,1.0,1.0,0.0,0.08472394649569666,0.11371759336036291,0.08570373895318438,0.02772811554290235,0.03727549894876176,1.0
0.16,0.6211139325096412,1.0,1.0,1.0,0.10222963075665388,0.13632344056650034,0.10511194589388102,0.03327642937785554,0.04410286818161279,1.0
0.16,0.6244335349382114,1.0,1.0,1.0,0.10476518937254324,0.12416878397628257,0.10900784776213293,0.03162888910844438,0.04586202725983757,1.0
0.16,0.5619209456408101,1.0,1.0,1.0,0.0970244406525248,0.16229487203723605,0.13274528930680865,0.03399007340194609,0.04674059751503291,1.0
0.16,0.6257067924208015,1.0,1.0,1.0,0.10291221034350465,0.12175532840216925,0.10072490158218676,0.03206376190224218,0.0417221269635081,1.0
0.16,0.5680791740807279,1.0,1.0,1.0,0.12764481436307246,0.13600271935349223,0.12831862278183123,0.03383595859353108,0.046344226350931744,1.0
0.16,0.6272168241359799,1.0,1.0,1.0,0.09201280044173059,0.13357572033525542,0.10843442941271153,0.032072136259093796,0.047786382677591506,1.0
0.16,0.7301264267715035,1.0,1.0,1.0,0.07730830154359236,0.11330298328968007,0.08096500291765558,0.02642742102378456,0.03875884568513363,1.0
0.16,0.6852094128670985,1.0,1.0,1.0,0.10298732767007471,0.1312034075476717,0.09496477058737648,0.027911243248723495,0.036204582054840666,1.0
0.16,0.5974324087776521,1.0,1.0,1.0,0.1022123437778479,0.14402844391868824,0.12419001748857479,0.0330630257900214,0.044537295680741364,1.0
0.16,0.7586008042852511,1.0,1.0,1.0,0.09261221699543189,0.126903516465127,0.09910377121320044,0.023333999066720613,0.04081830270619341,1.0
0.16,0.7017189692936812,1.0,1.0,1.0,0.10473016233724397,0.13048963057322688,0.09334454296013987,0.0253997751907819,0.039322356088036234,1.0
0.16,0.6440918712241509,1.0,1.0,1.0,0.09680519778342571,0.14284735778681346,0.10542476953992704,0.03177903211243937,0.040360132716086676,1.0
0.16,0.5800519431829165,1.0,1.0,1.0,0.10727670748412484,0.135822618021179,0.10598855481233467,0.03247751816153621,0.04252556182551093,1.0
0.16,0.6174025218273519,1.0,1.0,1.0,0.11084715613679937,0.13592686543882135,0.10753519718537412,0.032934511169655005,0.043371684975855446,1.0
0.16,0.6454965775794068,1.0,1.0,1.0,0.10884325955084626,0.1587656300581472,0.110439176436912,0.028990356012414606,0.043716449818070144,1.0
0.16,0.7211556580679956,1.0,1.0,1.0,0.08418091288329858,0.11603217118758938,0.09148353319040892,0.027820851978764997,0.039479855065584754,1.0
0.16,0.5879640903969354,1.0,1.0,1.0,0.1078830956298793,0.1153081915056039,0.09690090609805994,0.033041338347642404,0.03908050874123019,1.0
0.16,0.8190233814853961,0.0,0.0,0.0,0.0960354731671442,0.13393247988316076,0.09405547173481858,0.02333410826254588,0.036732285120741504,1.0
0.16,0.617709477988052,1.0,1.0,1.0,0.09883367880101371,0.13282855458793752,0.10449639438389935,0.03290802672224556,0.045024004700862104,1.0
0.16,0.6198592519720508,1.0,1.0,1.0,0.10581198463829689,0.13241074364030633,0.1081393484214838,0.03257360680576353,0.04113214744483023,1.0
0.16,0.6659953965425228,1.0,1.0,1.0,0.09787295156755474,0.12084086557864215,0.09611872769961524,0.03075865240648719,0.04259698014955712,1.0
0.16,0.5382274215204864,1.0,1.0,1.0,0.12274543354310322,0.16040783432535594,0.132429537437111,0.03681586856761626,0.047756945031274235,1.0
0.16,0.5807870667363955,1.0,1.0,0.0,0.1307349241753368,0.13220524892226576,0.10714675080445346,0.032202996135839344,0.04244163053843488,1.0
0.16,0.6240566970552841,1.0,1.0,1.0,0.11367038394014284,0.1520049955181762,0.12288135283795627,0.03203863059015751,0.04739100184851283,1.0
0.16,0.6267852479057532,1.0,1.0,1.0,0.10625568244410928,0.12753739773118886,0.11566082057081406,0.030734060047783947,0.04341363779711616,1.0
0.16,0.7291997586981369,1.0,1.0,1.0,0.08458130175864341,0.1325907113851026,0.09667944669473551,0.027197193615851507,0.03892373805362185,1.0
0.16,0.5272571835237396,1.0,1.0,1.0,0.11565984732956422,0.15363359529518286,0.145243220606796,0.03607106202092788,0.04495071458237436,1.0
0.16,0.6483119408587229,1.0,1.0,1.0,0.10301456265385693,0.12561167524768468,0.09921006819057171,0.03024490032787484,0.04326494120274653,1.0
0.16,0.6872788320189452,1.0,1.0,1.0,0.08852123588940923,0.09973470192761005,0.08440961319322007,0.027886874384177585,0.03837330065704916,1.0
0.16,0.5980235945854465,1.0,1.0,1.0,0.09854482674015254,0.12180995630811982,0.09640126145540744,0.031803910642267036,0.03875976123024258,1.0
0.16,0.5648034884620926,0.0,0.0,0.0,0.10847591314061948,0.11163633091956504,0.09012418538422615,0.03400711464172649,0.039893445244434174,1.0
0.16,0.6774628722733201,1.0,1.0,1.0,0.09263958154273387,0.12998428171833895,0.09702283493403156,0.030636113590545157,0.039160315929751055,1.0
0.16,0.6882086373887455,1.0,1.0,1.0,0.08861685743419469,0.13181805239667144,0.1038314320685029,0.027633741671511183,0.03849790191644237,1.0
0.16,0.6555960478438998,1.0,1.0,1.0,0.10393744658445933,0.14998226916512275,0.12241352144465185,0.03019213622419383,0.04074065795689236,1.0
0.16,0.7244034447184946,1.0,1.0,1.0,0.10135518960961074,0.11017265422451097,0.08266985648624584,0.029545124875733922,0.03780169709154807,1.0
0.16,0.688794069830951,1.0,1.0,1.0,0.09471334157110535,0.12326655070647005,0.09217739374157068,0.028587947356111476,0.038838105767941354,1.0
0.16,0.6333414777305953,1.0,1.0,1.0,0.09452289597980681,0.1476857682174902,0.11518624691001425,0.03165150611861951,0.04758314774350077,1.0
0.16,0.7474773723464727,1.0,1.0,1.0,0.0881369397056648,0.1267993541282098,0.09081215520309,0.02669231484013558,0.03964436964266635,1.0
0.16,0.6274205930852473,1.0,1.0,0.0,0.1097356695655605,0.13170371550510895,0.11728210819586052,0.030539289798316424,0.042725245275340856,1.0
0.16,0.5898976849699461,1.0,1.0,1.0,0.10337754013439171,0.1444021236899805,0.11753674831715458,0.030479441021197266,0.04394107198296029,1.0
0.16,0.5676136987157909,1.0,1.0,1.0,0.11107413467145044,0.14882366397415245,0.11484015822990519,0.03533646727694657,0.04919015949487264,1.0
0.16,0.7586211255722964,0.0,1.0,0.0,0.08908380980119687,0.11871617695550037,0.08010512477944831,0.026521850224819274,0.033960984271696575,1.0
0.16,0.5670467168677672,1.0,1.0,1.0,0.12664833035072642,0.15352200239673047,0.13212384363964674,0.032076143736822396,0.0421410595800578,1.0
0.16,0.6118665541801588,1.0,1.0,1.0,0.1228583772245974,0.14925262095088515,0.12667332251133936,0.030707205646558648,0.04412925891776017,1.0
0.16,0.5417553318982812,1.0,1.0,1.0,0.14004525073706403,0.1336712813648265,0.1059439012185851,0.03739095827810734,0.04374591525708144,1.0
0.16,0.5453730662245784,0.0,0.0,0.0,0.12360928114841507,0.14220002772514012,0.11117439222276711,0.037568148263490746,0.0474198849693362,1.0
0.16,0.6682222458201884,1.0,1.0,1.0,0.10337284797883875,0.12003693207051616,0.08808266634103656,0.028695975675217745,0.04327020255611996,1.0
0.16,0.6438290166297949,0.0,0.0,0.0,0.08987905078388501,0.1374202838025768,0.12105373190285014,0.029469919852632063,0.043812503605863556,1.0
0.16,0.7240293418039276,1.0,1.0,1.0,0.09768877301343273,0.13070306541727783,0.09809550564162373,0.025442303982328374,0.03800863086727559,1.0
0.16,0.7210653089912294,1.0,1.0,1.0,0.09430982970386312,0.12759273852619374,0.08896680322144039,0.025428385001520094,0.03493400249856231,1.0
0.16,0.581692183099666,1.0,1.0,1.0,0.12482496971977448,0.12804553767468535,0.1033536911417918,0.032436231369550476,0.042035143036207895,1.0
0.16,0.6248099009378636,1.0,1.0,1.0,0.11199584902813389,0.13756137768065776,0.09461375208041373,0.031266069707437255,0.04181854681435276,1.0
0.16,0.6459497341907985,1.0,1.0,1.0,0.09917249342939136,0.12860758420533397,0.10401297566336783,0.02956978302852134,0.04300915613565763,1.0
0.16,0.6500611294042764,1.0,1.0,1.0,0.10373146776295998,0.1475646755967027,0.10489314963370282,0.029901229241027085,0.03920137452431112,1.0
0.16,0.5644334950154928,1.0,1.0,1.0,0.116523260829914,0.14862030448392774,0.11256696616228756,0.03384122230492567,0.04829941671518931,1.0
0.16,0.5670077201729404,1.0,1.0,1.0,0.09038998430278469,0.1344650722356141,0.10869670540654834,0.03273272394653286,0.04276221681564874,1.0
0.16,0.6676146191739164,1.0,1.0,1.0,0.0963831276612514,0.11688411855966312,0.08250905465184519,0.029201826998645514,0.037488747349455946,1.0
0.16,0.6226023943208214,1.0,1.0,1.0,0.11012322769130434,0.13337485990187198,0.10561027561914833,0.03145023864381977,0.04322051732237858,1.0
0.16,0.69466766430756,0.0,1.0,0.0,0.09499942237520571,0.13793057305857537,0.10461701635628498,0.02740555446711932,0.040812952790262515,1.0
0.16,0.6301716821896216,1.0,1.0,1.0,0.10705804980518785,0.15053361470308457,0.1251802301144868,0.031221345063987504,0.045132240591632164,1.0
0.16,0.6662476300756136,0.0,0.0,0.0,0.08639315054285228,0.12804441270794514,0.09675238234346664,0.03012589526111588,0.040292754527835324,1.0
0.16,0.7993124684299951,1.0,1.0,1.0,0.07283786054615901,0.1100632434717486,0.06984886873516291,0.02420476505858839,0.0332844036030649,1.0
0.16,0.6370509798309126,0.0,0.0,0.0,0.09427347467620147,0.1304906433487943,0.09329018936983943,0.030015179117457196,0.04348344791076087,1.0
0.16,0.6474252522688989,0.0,0.0,0.0,0.09669951498953312,0.12445303533648115,0.10138460063212103,0.030606343016603005,0.040778493398204045,1.0
0.16,0.5682963259435415,1.0,1.0,1.0,0.12632380519900313,0.12394145836471966,0.10001290879151732,0.03295013793280763,0.04510164748780603,1.0
0.16,0.84861127346898,1.0,1.0,1.0,0.06848759213642101,0.10788285551046387,0.07620027470583926,0.022513061779160046,0.03762085308532812,1.0
0.16,0.6848703473625073,1.0,1.0,1.0,0.09824794870490687,0.11617230974982093,0.0889345601464111,0.028319348016739267,0.03817019743092273,1.0
0.16,0.5318953516141698,1.0,1.0,1.0,0.1259670925665976,0.11573956442625044,0.09895609483768235,0.03387901473897388,0.03770446260070091,1.0
0.16,0.6862316461275922,0.0,0.0,0.0,0.09556234475930486,0.11908911937090125,0.09852209765900788,0.028508692709943925,0.04058254613101421,1.0
0.16,0.693546055756308,1.0,1.0,1.0,0.09375222177418255,0.11297097539655457,0.08090275771298636,0.02737067893054782,0.03518287587859909,1.0
0.16,0.5315197448937111,1.0,1.0,1.0,0.1191085140532397,0.15197783462700418,0.13346278478050802,0.03600243534591893,0.05007045802932821,1.0
0.16,0.6971531362467233,1.0,1.0,1.0,0.09805340873697271,0.15398206681164747,0.10476810782697335,0.026144473035005954,0.04185459851426902,1.0
0.16,0.635152322023498,1.0,1.0,1.0,0.1105022621101229,0.14254846319934952,0.1141056135244505,0.03072338474529985,0.04329665949391035,1.0
0.16,0.7481311212128094,1.0,1.0,1.0,0.0939220017019755,0.1259902796996591,0.09910546433110494,0.024210575259895832,0.03827561464770271,1.0
0.16,0.6781449398167912,1.0,1.0,1.0,0.11187888547619054,0.13695778220480628,0.0998334332280221,0.02970387861035405,0.04105437755625776,1.0
0.16,0.6990553549630615,1.0,1.0,1.0,0.10706497617666862,0.14459727509935452,0.10389220367626799,0.02793560729689334,0.04035978791635325,1.0
0.16,0.6950106508928419,1.0,1.0,1.0,0.09873918254781484,0.14385634302651895,0.10073775604301696,0.02840192019684221,0.041063938385739046,1.0
0.16,0.6175705239376029,0.0,1.0,0.0,0.1185805090346704,0.1440276812780273,0.12052078017813501,0.031105081878309723,0.045784160666701365,1.0
0.16,0.495039953456081,1.0,1.0,1.0,0.11328947618724569,0.1630914628556031,0.13859339614085786,0.03646601612849485,0.046629309894109704,1.0
0.16,0.6834942633823721,1.0,1.0,1.0,0.10043415384576268,0.14094500670796678,0.1030470787305661,0.029156012913763688,0.04411145682007663,1.0
0.16,0.647323616641039,0.0,0.0,0.0,0.10793458206285556,0.12846803671495208,0.09957882189315144,0.03114040847021147,0.04059674903760853,1.0
0.16,0.6918767743507779,1.0,1.0,1.0,0.08844527098136493,0.12199538290059583,0.09545567384668525,0.026850570340438765,0.039116171399861066,1.0
0.16,0.6310080454302468,0.0,0.0,0.0,0.09521292396071535,0.13193751524234534,0.11403091220661772,0.03055055266927685,0.04282416397093507,1.0
0.16,0.6715441533626078,1.0,1.0,1.0,0.11607742640921001,0.1365436903794858,0.11231488329446933,0.027863510082091425,0.038878087067850585,1.0
0.16,0.7121448610641772,1.0,1.0,1.0,0.0881500259519275,0.11895630835270857,0.09587356607231182,0.026840986089020972,0.03903279271493472,1.0
0.16,0.6220662686011692,1.0,1.0,0.0,0.10923051004693766,0.12378243331357008,0.09884651203382251,0.03211093958581206,0.03848195447907218,1.0
0.16,0.5762050422633086,1.0,1.0,1.0,0.11408806541770311,0.15147577991743205,0.12896645301389792,0.032420884299503475,0.04840097478728422,1.0
0.16,0.6912225512102543,1.0,1.0,1.0,0.09617209358542868,0.11918664793161629,0.09093960495665046,0.028750517032824753,0.041522733503012894,1.0
0.16,0.6314118812139735,1.0,1.0,1.0,0.1007915577309372,0.11924786686906028,0.09189200664431765,0.030908921794775304,0.04008154436228824,1.0
0.16,0.6012674293111236,1.0,1.0,1.0,0.10139335292906818,0.1425225992809504,0.12946513184762765,0.029648646623452662,0.046301037477810406,1.0
0.16,0.6487073767007511,1.0,1.0,1.0,0.11961263761881107,0.11316682135716867,0.09680273076557341,0.0279806305477442,0.036514377582233346,1.0
0.16,0.6168757220109309,1.0,1.0,1.0,0.1322821272628884,0.12896307281336175,0.10354885758647739,0.030611257493729754,0.04399387480998333,1.0
0.16,0.8372515759309364,1.0,1.0,1.0,0.09054756894946661,0.12939641618077374,0.10328390012257205,0.02460254501298735,0.03688515035269591,1.0
0.16,0.75818608438226,1.0,1.0,1.0,0.09020143738271043,0.10209434406724519,0.08813612691535577,0.025080452224520478,0.03598452034562292,1.0
0.16,0.5873407466432463,1.0,1.0,1.0,0.10616750529015995,0.14373677105709862,0.12488749718554262,0.0339978934082653,0.04364252428851947,1.0
0.16,0.6733165026808994,1.0,1.0,1.0,0.08927800791041621,0.12052813363061557,0.09350934290946519,0.027659846605637264,0.0391414692183819,1.0
0.16,0.6003070374503117,1.0,1.0,1.0,0.10087598023660127,0.14501710560746434,0.12392794555033329,0.0325262258345215,0.04698874574205867,1.0
0.16,0.745681858648475,1.0,1.0,1.0,0.08035026594226644,0.104106664631713,0.07234393746869201,0.026634669342915473,0.035811237613196246,1.0
0.16,0.6344080910942154,1.0,1.0,1.0,0.09004007598522856,0.12643255216693722,0.10147686820263373,0.028613324751152393,0.038417806502408273,1.0
0.16,0.6331932674596872,1.0,1.0,1.0,0.135838700317051,0.14413925758169802,0.1177667117268271,0.029721840671531666,0.043708283630294595,1.0
0.16,0.7031760239436878,1.0,1.0,1.0,0.09668490827573824,0.13328764880488309,0.10667144927446733,0.02741423900374648,0.03818846442764894,1.0
0.16,0.530262153056646,1.0,1.0,1.0,0.10550073948151648,0.15278462390038466,0.13687081288656142,0.03595373574963387,0.04714930166558161,1.0
0.16,0.6856674016808936,1.0,1.0,1.0,0.08426422908831728,0.11603516464803756,0.08092642322174111,0.029686177259977197,0.03752252854684834,1.0
0.16,0.7316295647706381,1.0,1.0,1.0,0.08938587844863066,0.12288456253761451,0.09248905572501595,0.025212348001427305,0.03592626761642065,1.0
0.16,0.6272070413694074,0.0,1.0,0.0,0.10920553763468452,0.14736203789308452,0.1137444309510035,0.029204712616196272,0.04147547501909106,1.0
0.16,0.7430639626363521,1.0,1.0,1.0,0.08940101741872739,0.1260174103004521,0.08028399352036211,0.025844109357386666,0.03701629388053496,1.0
0.16,0.6054196830484959,1.0,1.0,1.0,0.1045378062227131,0.12190606551932034,0.09370954455112412,0.0318739769702005,0.03728811970839192,1.0
0.16,0.7524899402730889,1.0,1.0,1.0,0.10269690599494327,0.11771439906685337,0.09602697107760583,0.02557857433270803,0.039220690772453784,1.0
0.16,0.6066407122927274,1.0,1.0,1.0,0.10101331781480863,0.11762307514365149,0.10500664720985461,0.031652667264422306,0.045375754149958876,1.0
0.16,0.5977963365883692,1.0,1.0,1.0,0.10574912049975652,0.13173896350790334,0.09840616512563463,0.03295799708148227,0.03855357579315182,1.0
0.16,0.5905396830908867,1.0,1.0,1.0,0.10378369759452397,0.13411752813773237,0.10656560855502448,0.03448690310308445,0.043286179925164016,1.0
0.16,0.5988399579383602,1.0,1.0,1.0,0.10634567992668238,0.1344348577304783,0.10353246107924982,0.030630036313331103,0.04150980801822502,1.0
0.16,0.5805048237544341,0.0,0.0,0.0,0.11189477900193749,0.1318909510908532,0.10466873446213279,0.032683793006180975,0.044705004309182395,1.0
0.16,0.8009258688445727,1.0,1.0,1.0,0.08402223310875723,0.10089717380841708,0.07166663831079409,0.026110687425590626,0.034457884712659766,1.0
0.16,0.5632911497178104,1.0,1.0,1.0,0.09893170492141604,0.1327039261463637,0.11065903932186286,0.03337316540417267,0.045110250085567925,1.0
0.16,0.7416989400453887,1.0,1.0,1.0,0.07879689836791814,0.12800961510151027,0.09158174226149114,0.023361496765383797,0.04015562188720394,1.0
0.16,0.5256376679107349,1.0,1.0,1.0,0.11882726388921665,0.13180525895906542,0.11120904346892044,0.03740444836331096,0.044133750982331986,1.0
0.16,0.7395554315942618,1.0,1.0,1.0,0.10811268278855295,0.1508691382470856,0.10624864086506576,0.026143166961210006,0.041506758933153594,1.0
0.16,0.6878657494664295,1.0,1.0,1.0,0.10292364508694427,0.14214631951467308,0.10350063467550526,0.028555165182896282,0.04035460746505391,1.0
0.16,0.6572901778940164,1.0,1.0,1.0,0.09426211528243307,0.12661394075765744,0.10715485612764117,0.028108696783911907,0.04037186635048564,1.0
0.16,0.7109102611536127,1.0,1.0,1.0,0.08589657328085032,0.1453054652381468,0.10832301027667704,0.02636733492591765,0.04089314144300328,1.0
0.16,0.6499996924884566,1.0,1.0,1.0,0.09544344260035383,0.1196623815070672,0.09397898426427988,0.029830973705192033,0.03993873820164873,1.0
0.16,0.5760721242211911,1.0,1.0,1.0,0.12194488532269512,0.1359943252450852,0.1086713245477791,0.033887694431886384,0.044802325103090145,1.0
0.16,0.560955777541037,1.0,1.0,1.0,0.105704228340359,0.13278879789426765,0.12007033669503575,0.033874374806254784,0.04311841869697454,1.0
0.16,0.6075496896341616,1.0,1.0,1.0,0.10535738912415263,0.12766672608969779,0.10692068427697143,0.03222275687646628,0.04083295084818451,1.0
0.16,0.7506983058444698,1.0,1.0,1.0,0.08373126291384901,0.11503010809527307,0.08851999441113989,0.02693533708746019,0.040938134640684645,1.0
0.16,0.6735908178666035,1.0,1.0,1.0,0.11691259993603884,0.1420400853413127,0.113250443599707,0.02868429077735944,0.04494939138193677,1.0
0.16,0.6394220450189302,1.0,1.0,1.0,0.10850385652776509,0.14255076430617913,0.10212682371650943,0.03141216896360635,0.04363389212223548,1.0
0.16,0.6860784655064363,1.0,1.0,1.0,0.08822701533385453,0.10498715472818791,0.08027785433944871,0.027512525170570453,0.03676337771732421,1.0
0.16,0.6156644432867079,1.0,1.0,0.0,0.12050346202071109,0.14588889622030754,0.11111538731212982,0.02873818138737734,0.041735079355493775,1.0
0.16,0.6549459948145484,1.0,1.0,1.0,0.1036173887150392,0.13397871082945326,0.1174128900746654,0.028075524204202614,0.03945364551158132,1.0
0.16,0.6095880059147885,1.0,1.0,1.0,0.09442230701318403,0.14991503209596813,0.1302656174058196,0.031699675778880304,0.048851880617966185,1.0
0.16,0.7368667599743,1.0,1.0,1.0,0.08822736421392471,0.10810568268382421,0.09080014083257741,0.025650488964489994,0.037966711019923875,1.0
0.16,0.606144331958943,1.0,1.0,1.0,0.10845862006224964,0.14959909403524568,0.1262144834909456,0.032158112345997164,0.04758439088535104,1.0
0.16,0.583328931868235,1.0,1.0,1.0,0.1291447854243172,0.14878783276373225,0.11450057861588034,0.03529500240259655,0.045383788091939214,1.0
0.16,0.6671947276979376,0.0,0.0,0.0,0.10251069488006075,0.12046188897114388,0.09436390121228529,0.02639612073144096,0.04104375809103922,1.0
0.16,0.6452974426531404,1.0,1.0,1.0,0.11166111226988114,0.13559059041315935,0.10965984173250072,0.03170483289944768,0.042191436376497166,1.0
0.16,0.7291875521665023,1.0,1.0,1.0,0.0801541987705057,0.13061398058146007,0.08803767468231452,0.025768227182572555,0.03779989725165687,1.0
0.16,0.6088129676553068,1.0,1.0,1.0,0.11324038843912336,0.15423515698730383,0.10602455127256931,0.028423103821957684,0.0394309154538735,1.0
0.16,0.630885285655893,1.0,1.0,0.0,0.11362011463108027,0.1228811416570724,0.10416973217937286,0.03164210398189169,0.04051897813321371,1.0
0.16,0.5968375809810631,1.0,1.0,1.0,0.1031106413785865,0.12804195773234434,0.10541471917043513,0.03423233645485119,0.04163451112590617,1.0
0.16,0.61137456265034,1.0,1.0,1.0,0.1034189017375785,0.15104069412814175,0.11449033823692371,0.03192368725153832,0.043899965514011964,1.0
0.16,0.550677338148905,1.0,1.0,1.0,0.10551644131585725,0.1425617294229504,0.11516677486862019,0.036935913245132145,0.04530578406277533,1.0
0.16,0.5795913727421054,1.0,1.0,1.0,0.11120170214209742,0.13641765405345035,0.09859039018147718,0.0336271986440801,0.040301992564867085,1.0
0.16,0.7568725546508794,1.0,1.0,1.0,0.07712068184087488,0.12901875663885426,0.10688070641106664,0.026279786808680754,0.043500096751420865,1.0
0.16,0.6425343201058866,1.0,1.0,1.0,0.10482868944114436,0.11001512884136433,0.08386119328500254,0.030535688795276173,0.037007024365963634,1.0
0.16,0.5512887445603752,1.0,1.0,1.0,0.13578145349129334,0.13774551286399428,0.11095412837883582,0.03439984392039345,0.045391565915057816,1.0
0.16,0.692711659715739,0.0,0.0,0.0,0.09425332898113661,0.11604889126798561,0.09575592552426075,0.027748410222608367,0.04146819559206176,1.0
0.16,0.623782204417992,1.0,1.0,1.0,0.10579208367010948,0.11911751231169206,0.0973239467349986,0.02972852912296847,0.0413118588980774,1.0
0.16,0.6273077902930961,1.0,1.0,1.0,0.11374940409191461,0.12963422505019612,0.11699779637648078,0.03154021361235617,0.04491184344302515,1.0
0.16,0.607991498301419,1.0,1.0,1.0,0.10108421092933381,0.12697266309043026,0.10548241603029374,0.03173399264052033,0.044810990717322856,1.0
0.16,0.55643014317279,1.0,1.0,1.0,0.11294063786464326,0.14196279647045826,0.1093146250220622,0.03644642992653766,0.0447977605800622,1.0
0.16,0.6642104055587444,1.0,1.0,1.0,0.09341194923395962,0.13212602049061287,0.11902238554739067,0.030179950398336385,0.04553753885306451,1.0
0.16,0.5806841654498033,1.0,1.0,1.0,0.11900747886295435,0.14474999584679857,0.11933716210681518,0.033837324655417556,0.045397274239370865,1.0
0.16,0.5756475073654067,1.0,1.0,1.0,0.11859591008168228,0.17598644185496995,0.11289045269787601,0.03320103735596446,0.04481329515837901,1.0
0.16,0.662629178632153,1.0,1.0,1.0,0.1029944758601622,0.15266050378799217,0.13353082618583506,0.0304018344718398,0.04718912460529927,1.0
0.16,0.5534382394793383,1.0,1.0,0.0,0.14765319386122472,0.14955553276623215,0.12305308828062271,0.03431370953498747,0.04497310175757674,1.0
0.16,0.7103680144679204,1.0,1.0,1.0,0.09537885251466358,0.14670475983184805,0.10858187164114216,0.025144622601716318,0.039147731988671046,1.0
0.16,0.6317724343288402,1.0,1.0,1.0,0.09897510449206254,0.12062894205053151,0.1144598878474931,0.030154243289959224,0.04422580468272623,1.0
0.16,0.6471056413889025,1.0,1.0,1.0,0.10197274810305897,0.13742943089424067,0.11584125048142772,0.031451654859836885,0.04323058105107056,1.0
0.16,0.6084256425199112,1.0,1.0,1.0,0.10146677131536389,0.13868579436177167,0.10896675683915753,0.03332703711419401,0.04101488991501911,1.0
0.16,0.6192110497758858,0.0,0.0,0.0,0.10730502472904961,0.13434851705307815,0.09468032691387865,0.031201734500457937,0.04113865300891919,1.0
0.16,0.7437508616167845,0.0,1.0,0.0,0.07982185136376299,0.1456405578562562,0.08047222088864855,0.02640746402327678,0.038708840970573845,1.0
0.16,0.6158460826616533,1.0,1.0,1.0,0.10972704004832057,0.1251985297917592,0.09104586448321397,0.031181323590051133,0.03854983621153184,1.0
0.16,0.6671159191969737,1.0,1.0,1.0,0.10767809150633552,0.1430911695961977,0.11198225338389663,0.027016096835746656,0.04095923989378321,1.0
0.16,0.7379809740059282,1.0,1.0,0.0,0.09649999780002598,0.12935221950522785,0.08963246768693092,0.024732045149496007,0.03920903970880013,1.0
0.16,0.5609982875196126,1.0,1.0,1.0,0.11313245071929234,0.13985662360748313,0.11818522564407788,0.03486167867750585,0.04312973968459337,1.0
0.16,0.6000436041662203,0.0,0.0,0.0,0.11350897742631479,0.13864050842821818,0.11593078730215778,0.03283945900070497,0.04422929517561244,1.0
0.16,0.6297613963619746,1.0,1.0,1.0,0.1077830280906226,0.13541579876268417,0.11153094565184936,0.02993753800055478,0.04508297945986497,1.0
0.16,0.5670667999176373,1.0,1.0,0.0,0.13102769736878864,0.12106631852381584,0.09226362417958507,0.03567649229973976,0.04301635770072673,1.0
0.16,0.7024241592189943,1.0,1.0,1.0,0.08848173127556824,0.13326245537395356,0.08870957676342262,0.02622988144765871,0.03695463070460543,1.0
0.16,0.5914828693149154,1.0,1.0,1.0,0.10875456560570038,0.14235713214188875,0.11687798901578024,0.03304609270586755,0.045975569421264594,1.0
0.16,0.7507176221227905,1.0,1.0,1.0,0.09851277370858423,0.12714123785030013,0.09770031000385423,0.02661615248445348,0.0419031874966424,1.0
0.16,0.6949377431925148,1.0,1.0,1.0,0.08222505727205484,0.11971414789457228,0.09414606478864664,0.02919385071549733,0.040704938766319636,1.0
0.16,0.612929411966341,1.0,1.0,1.0,0.10552639817296135,0.16366496759110913,0.13585844129461017,0.0302525931531232,0.0445529554059198,1.0
0.16,0.7253344360060637,1.0,1.0,1.0,0.07886329786896293,0.13023786986708635,0.09520090507722398,0.02791255376719708,0.03896506447529347,1.0
0.16,0.5652158049830133,1.0,1.0,1.0,0.1193705937095301,0.11966378559290299,0.09294529387961108,0.03266930197247511,0.038881012944722786,1.0
0.16,0.7646463340630497,1.0,1.0,1.0,0.08050546723373601,0.10662223333484655,0.081201604804808,0.024969532884951042,0.03711184293608753,1.0
0.16,0.7378310956971496,0.0,0.0,0.0,0.08663021862889318,0.12224755266822687,0.10237341736964405,0.025777268667989617,0.039949904317369236,1.0
0.16,0.6099167553907259,1.0,1.0,1.0,0.10426403657329626,0.1440301376325171,0.12184680834201181,0.0338745216908748,0.048241009795215783,1.0
0.16,0.6367236700203261,1.0,1.0,1.0,0.08890789050980281,0.125692599202789,0.10992324468515273,0.032637641047137074,0.044360169337115216,1.0
0.16,0.5662727587057848,1.0,1.0,1.0,0.11633780600369144,0.16792349598535455,0.12991729212280786,0.03420501165268799,0.046608455453496865,1.0
0.16,0.6837379876931688,1.0,1.0,1.0,0.09517294205066296,0.12434716033773856,0.09370596704837326,0.029535390109520655,0.03645271921316163,1.0
0.16,0.5609952888392672,0.0,1.0,0.0,0.10157201205570643,0.15072418483778033,0.13109521931278217,0.035288161446651235,0.04496298782804164,1.0
0.16,0.8122346945718315,1.0,1.0,1.0,0.08243022025764556,0.14180115895442658,0.08073711911963781,0.02378225029841462,0.03629070446597935,1.0
0.16,0.736732476224869,1.0,1.0,1.0,0.083948311851877,0.10463146191101698,0.09194206920182832,0.02664536082239831,0.038002453207076174,1.0
0.16,0.5963621565068292,1.0,1.0,1.0,0.10324662706710493,0.12020090077207443,0.09394403048566514,0.032216656690055884,0.04169294348680893,1.0
0.16,0.6136184199383033,1.0,1.0,1.0,0.10485413779146609,0.15539906999452063,0.1006292310408797,0.030247584997514166,0.04126802294026029,1.0
0.16,0.6136335772000765,1.0,1.0,1.0,0.10785508285268919,0.1409298190047947,0.11293308518174731,0.03219566337683621,0.04261655078278226,1.0
0.16,0.6342253602379178,1.0,1.0,1.0,0.09875363822892212,0.14462435410948934,0.10122907024786498,0.029084737953677303,0.0407103746573559,1.0
0.16,0.6044197026901594,1.0,1.0,1.0,0.10794427606989587,0.11784693390708727,0.09892473526816978,0.033027386259261465,0.043200216562061924,1.0
0.16,0.7314821249570993,1.0,1.0,1.0,0.08252035655757357,0.12885041302276384,0.10019299127276067,0.02760785844211408,0.03965096987119063,1.0
0.16,0.7063507182099203,1.0,1.0,1.0,0.09938950983008384,0.13190216261697768,0.10446573414833689,0.027529519767840193,0.04146143850858893,1.0
0.16,0.6492914096327286,0.0,1.0,0.0,0.09927424917493462,0.14799248534315,0.10554483478847794,0.029519071726637973,0.045713342969258976,1.0
0.16,0.5899635795568295,1.0,1.0,1.0,0.12070657179303305,0.14847653408155248,0.11638498225161194,0.03177011602692695,0.04584629045191482,1.0
0.16,0.533130659429812,1.0,1.0,1.0,0.12444801008048607,0.15506726357382955,0.13226102522074365,0.03678539622163829,0.04756553039586977,1.0
0.16,0.720011356303906,1.0,1.0,1.0,0.09504563102120245,0.12975423899030009,0.09165978296093633,0.029751377227736246,0.03746337161736855,1.0
0.16,0.5630270165821383,1.0,1.0,1.0,0.12389421061219623,0.15660883842354198,0.12292860212390197,0.033522572375821964,0.04626940465926303,1.0
0.16,0.5997349305786923,1.0,1.0,1.0,0.10247574076254104,0.13642252501452135,0.10389142925986299,0.031304794084029704,0.04168736629546967,1.0
0.16,0.7384759839209137,1.0,1.0,1.0,0.09302543882057622,0.1216331727014494,0.08660721212542999,0.025537540989274368,0.037332746674675794,1.0
0.16,0.6330480142417378,1.0,1.0,1.0,0.11843948192370193,0.13116845734196195,0.11017293158845684,0.03213886772131486,0.04317701357882463,1.0
0.16,0.6305469832767454,1.0,1.0,1.0,0.09918266816520897,0.1286175622186857,0.1021977243100288,0.030941192073943396,0.040230325874785776,1.0
0.16,0.5946280843778202,1.0,1.0,1.0,0.1013129367141363,0.12770030364108786,0.10818722955494738,0.03451888979971084,0.046828872917259685,1.0
0.16,0.547830543469366,1.0,1.0,0.0,0.13851677800692686,0.15591190946355085,0.12266195177830345,0.03571396873515884,0.04757033976589064,1.0
0.16,0.5523495264998243,1.0,1.0,0.0,0.11717379710757574,0.12337297542477524,0.09836999685179496,0.036835533183706914,0.04404927021529069,1.0
0.16,0.5678065666629463,1.0,1.0,1.0,0.1032255274789338,0.15427292700988093,0.11945537412720775,0.032596501964598235,0.043757157525621794,1.0
0.16,0.5826495961479922,1.0,1.0,1.0,0.10054900723044165,0.13203746980821843,0.1025464909776703,0.035666906313319174,0.04247006123136583,1.0
0.16,0.6013516184158921,1.0,1.0,1.0,0.10410937551276575,0.13785192222614243,0.10911830597009417,0.02917538641604296,0.037604852437838114,1.0
0.16,0.6363799455096084,1.0,1.0,1.0,0.10826929260031068,0.11194395053436164,0.09949075061641895,0.03169488036914682,0.04336084399308793,1.0
0.16,0.6707587601575733,0.0,1.0,0.0,0.09552710550823826,0.11774179308517367,0.08854162273298578,0.027619369993004135,0.038110642454168765,1.0
0.16,0.5835614583406823,1.0,1.0,1.0,0.10188933462041097,0.13637997718292288,0.10150657962077865,0.03418766456235225,0.046456144611651456,1.0
0.16,0.7154934871894179,1.0,1.0,1.0,0.08005864235738853,0.10705397043997414,0.08860108788052175,0.026570001067233524,0.03714194298575479,1.0
0.16,0.7098185941889502,1.0,1.0,1.0,0.10323823594430673,0.13335733205113862,0.10296729051567197,0.024896402438395037,0.04020486161303885,1.0
0.16,0.6657295212455042,1.0,1.0,1.0,0.08741606486764639,0.13867037364726323,0.10949470102302095,0.028532336668440576,0.044111243145324205,1.0
0.16,0.5709704250578853,1.0,1.0,1.0,0.1055262250880448,0.1401686694370773,0.10910173650207478,0.03500209458225307,0.047698492837347256,1.0
0.16,0.6133712020862364,1.0,1.0,1.0,0.10925784522705166,0.1461370798532784,0.11679072450943309,0.030309791404032765,0.04372472299838219,1.0
0.16,0.6351066264528001,1.0,1.0,1.0,0.10574880153061557,0.14636791749786893,0.10359102891497347,0.030668936945544564,0.041588563410676356,1.0
0.16,0.6142819702905264,1.0,1.0,1.0,0.10010473958911965,0.13238065889796707,0.105427230859378,0.03186265306342705,0.04113795105813625,1.0
0.16,0.6492627945550784,1.0,1.0,1.0,0.10482314273643034,0.11203422109690594,0.0881581634608822,0.028881030171661576,0.03710171785516431,1.0
0.16,0.5435799306700771,1.0,1.0,1.0,0.10659100225525528,0.15376384347328653,0.13931689624874363,0.03343278226420594,0.04754445654162435,1.0
0.16,0.5958901549599768,1.0,1.0,1.0,0.11358508464888699,0.13871010171172665,0.10885559288968223,0.03296867209966691,0.0402140648259469,1.0
0.16,0.5942317322795173,1.0,1.0,1.0,0.11541870382112455,0.12875353319554642,0.10602318635388111,0.03264436614676749,0.0436920425517331,1.0
0.16,0.5678949709497634,1.0,1.0,1.0,0.10976243067245887,0.12507541932861088,0.10619494995665815,0.03514946824091889,0.03955361510430469,1.0
0.16,0.7292318932199708,1.0,1.0,1.0,0.08022682783322518,0.11352255464528502,0.07200410194671208,0.02621025655239116,0.033160889771621196,1.0
0.16,0.6457485796257474,1.0,1.0,1.0,0.0885991125462169,0.1468054828200126,0.10679793993426914,0.029586520654381186,0.04308609196913183,1.0
0.16,0.6533424250733826,1.0,1.0,1.0,0.08845404439285161,0.1394736256386801,0.12202614628443535,0.030089250754676902,0.044343574584739996,1.0
0.16,0.7057848852349727,0.0,1.0,0.0,0.09045574494782486,0.10606461077108084,0.07365932797721451,0.02729823708318403,0.03411441094015047,1.0
0.16,0.6456339772875541,0.0,0.0,0.0,0.10978102532099945,0.12207026376815892,0.09239394839789003,0.030665121536543147,0.03941532401912988,1.0
0.16,0.5512517841421952,1.0,1.0,1.0,0.12747493840845825,0.13214734667075717,0.10699358637357785,0.035256443758903216,0.04215245739652203,1.0
0.16,0.8563088527044758,1.0,1.0,1.0,0.08081928860533215,0.11871921924006867,0.09609590365214471,0.023804845362396396,0.040318773443718425,1.0
0.16,0.5571637610343803,1.0,1.0,1.0,0.14447706479303524,0.15756734107165632,0.11818640775245548,0.03641121755772327,0.04391569025469056,1.0
0.16,0.5885384530779598,1.0,1.0,1.0,0.1151576396331335,0.12820827978212973,0.10228629618882709,0.030965399945944147,0.04010882706595782,1.0
0.16,0.6056606014417963,1.0,1.0,1.0,0.0939361081798116,0.12494109084529306,0.09981666384429086,0.03209574742430642,0.043531506402407424,1.0
0.16,0.6982154571250558,1.0,1.0,1.0,0.08827744566955506,0.11477959880757833,0.09017859269549333,0.028578003186570174,0.03877015215347355,1.0
0.16,0.6514360725100374,1.0,1.0,1.0,0.11089860256711381,0.1357784531888274,0.10177512532831967,0.02902431399095771,0.044034199584274666,1.0
0.16,0.685562362267904,1.0,1.0,1.0,0.09632632880947586,0.10902185604145573,0.08093980289580652,0.028829246574248235,0.04068559625824633,1.0
0.16,0.5844066452840418,1.0,1.0,1.0,0.09662270993869124,0.14091901865695103,0.11939744992069232,0.03448946291209515,0.046653027274255965,1.0
0.16,0.6287953341319235,1.0,1.0,1.0,0.10335906888020505,0.12415508472505679,0.09733949016862874,0.03238024003590218,0.04095506881628028,1.0
0.16,0.5816872298623814,1.0,1.0,1.0,0.10768077483464018,0.12693666578270074,0.10775395700874357,0.031845433239734725,0.04256923662073914,1.0
0.16,0.5420884609067484,1.0,1.0,1.0,0.14009329066617035,0.1860295243131968,0.14208827630699844,0.03359472555964658,0.04935399809643091,1.0
0.16,0.6058074418575365,1.0,1.0,1.0,0.09629646887154408,0.11744367577411272,0.09448089466126414,0.0329511924565497,0.03957408439034608,1.0
0.16,0.6341252262162194,1.0,1.0,1.0,0.09551021042336674,0.12298012935447906,0.09676082609923867,0.02969284381722611,0.03966456988419528,1.0
0.16,0.6682867859479001,1.0,1.0,1.0,0.08897662356486732,0.1303779749361205,0.10056288922455407,0.028986712799180615,0.041230535151810015,1.0
0.16,0.6023000443530744,1.0,1.0,1.0,0.11464292232534819,0.1369704371743119,0.11259745748763487,0.03205933979769984,0.04314666988190049,1.0
0.16,0.717272286978336,1.0,1.0,1.0,0.08982474586120402,0.12563597172715874,0.08986202971318362,0.028673112036486936,0.04063236770812207,1.0
0.16,0.7515712085319557,1.0,1.0,1.0,0.09774160176369054,0.11169235607370435,0.08861025407263876,0.02533987396071187,0.03639946203819277,1.0
0.16,0.7641024311630834,1.0,1.0,1.0,0.09327104976426878,0.10290150742443412,0.0837395895109814,0.02647506284051409,0.037545930849658966,1.0
0.16,0.5407032412680504,0.0,1.0,0.0,0.11570397204247237,0.15629870541903043,0.12282237523965767,0.03711852022589406,0.046693102503357495,1.0
0.16,0.9053460811837463,1.0,1.0,1.0,0.07671672437438537,0.12947295668997416,0.09832523154565662,0.02210948333681709,0.04206533198369082,1.0
0.16,0.6203441006894915,1.0,1.0,1.0,0.1185491160585379,0.15875790196248846,0.1235812073739938,0.029567113015315165,0.042756800223322323,1.0
0.16,0.916885887478844,0.0,1.0,1.0,0.0711549120696294,0.10245939032163073,0.06975915159940115,0.022339604396804495,0.036097041230575104,1.0
0.16,0.5631818411734032,1.0,1.0,1.0,0.10922444354625478,0.11955547849525214,0.09771465928232544,0.03458448076718169,0.04424096129242048,1.0
0.16,0.6267335489460979,1.0,1.0,1.0,0.10551228656533251,0.15156323018265616,0.10510143809343112,0.030553444394554607,0.042923093780174275,1.0
0.16,0.6372388045235786,1.0,1.0,1.0,0.10174926117950797,0.1367935343136773,0.10094393359655776,0.03195506513953081,0.044500088259953954,1.0
0.16,0.6017150232458401,1.0,1.0,1.0,0.09929639485093597,0.16619740689829476,0.1251273147641521,0.030485281164483,0.04376180027573695,1.0
0.16,0.5516697054527211,1.0,1.0,1.0,0.12203291157899261,0.15511870498006902,0.1385536934687009,0.03500326830504475,0.049366194714724775,1.0
0.16,0.5731894259600216,1.0,1.0,1.0,0.12293308728052794,0.13390984589218674,0.10639173597152218,0.03161369442289635,0.04017555452036664,1.0
0.16,0.5797885470366643,1.0,1.0,1.0,0.10604595376589854,0.12099307900009351,0.10282362560550255,0.03580342038853493,0.042240971225481684,1.0
0.16,0.680546953701194,1.0,1.0,1.0,0.09442773146166346,0.11188710507885077,0.09699261760235274,0.028085106246552024,0.036976886386295024,1.0
0.16,0.5760599483077017,0.0,1.0,0.0,0.11500881449978191,0.15261442212614013,0.11574322427378643,0.03351280967553971,0.04657588483146414,1.0
0.16,0.6544081116170747,1.0,1.0,1.0,0.09905741035381346,0.11926461975324135,0.08484820423401927,0.02958072204812076,0.03867375176730112,1.0
0.16,0.8182514637543782,1.0,1.0,1.0,0.07053138265256978,0.09805752574346324,0.06764419602288234,0.024383229496495087,0.03602921004124833,1.0
0.16,0.5833541931843448,0.0,1.0,0.0,0.09915476959081443,0.1402261232476997,0.10304660135549311,0.03348878832871521,0.041987538444496916,1.0
0.16,0.5003895525196993,1.0,1.0,1.0,0.12966324071320637,0.16267663861275833,0.15080626559360993,0.0370910231666261,0.051416521898943704,1.0
0.16,0.7216663966213525,1.0,1.0,1.0,0.09376663705555219,0.09130357805331145,0.0702128955492884,0.027762854993219475,0.03509358520362004,1.0
0.16,0.6124492941879484,1.0,1.0,1.0,0.10447272593373702,0.13113202096175794,0.10638364060519553,0.032480620287336386,0.03898603989092722,1.0
0.16,0.6518091537757726,1.0,1.0,1.0,0.10397607789114001,0.12054488472113126,0.1010964224534459,0.02833433112191153,0.03919903476022977,1.0
0.16,0.7280121031013057,1.0,1.0,1.0,0.09630447744853178,0.1425769610523356,0.11387560093336238,0.027142889841270827,0.042082567237940224,1.0
0.16,0.6984330593680794,1.0,1.0,1.0,0.08253978715648207,0.1295241343077536,0.10700182510734195,0.025040221405309194,0.04421825636626728,1.0
0.16,0.5893332205556322,1.0,1.0,1.0,0.10960839520092987,0.1341419722880659,0.10501209369123807,0.030859186159691073,0.04357698645331382,1.0
0.16,0.6974655642787656,1.0,1.0,1.0,0.09254928643468699,0.12034892554543489,0.09417148023986019,0.028138991237476856,0.04049297743039932,1.0
0.16,0.6652877894860177,1.0,1.0,1.0,0.10882241037829923,0.13040808566479495,0.0958102106215779,0.02708396358854941,0.03885541991678525,1.0
0.16,0.6840656580204992,1.0,1.0,1.0,0.10305289757513489,0.11656132731251974,0.08681063007111399,0.02909415500560715,0.03709415712958036,1.0
0.16,0.51869461098805,1.0,1.0,1.0,0.12886337206948342,0.16547090636229175,0.12755400502605846,0.03836273653751749,0.048799162361940825,1.0
0.16,0.6411253565957971,1.0,1.0,1.0,0.10265232448709902,0.12114125124502535,0.0875197830242028,0.030866536362705782,0.04001345590269684,1.0
0.16,0.6372295526416507,1.0,1.0,1.0,0.10003471714853836,0.11407087053011156,0.0880580936277657,0.029866982320849455,0.04056081001085,1.0
0.16,0.586662670160222,1.0,1.0,1.0,0.11795436538865729,0.11726658443285096,0.10498228711595285,0.03152776518164955,0.03809468445790762,1.0
0.16,0.542937851516432,1.0,1.0,1.0,0.11117944846437096,0.16917103145405948,0.10903529697586356,0.03621177077977151,0.04587237906736144,1.0
0.16,0.7542539941646677,1.0,1.0,1.0,0.07675644101016951,0.12226174730653232,0.09761504888478559,0.026647555521626672,0.041406761297458294,1.0
0.16,0.7007395208450664,1.0,1.0,1.0,0.09073656096585736,0.12217286030320766,0.09736523873500272,0.026859178324687333,0.0395180415729189,1.0
0.16,0.5626266373997552,1.0,1.0,1.0,0.1321130754814534,0.1658726286648293,0.1259870570263851,0.033511209510514346,0.04391837942265129,1.0
0.16,0.6762040929769442,1.0,1.0,1.0,0.10040509542779388,0.14465003107613617,0.11165826021738942,0.027449938620726075,0.04143023331733708,1.0
0.16,0.5429920097495774,1.0,1.0,1.0,0.11823064874210724,0.16179269527833676,0.1407961579608039,0.034383157907013524,0.04777906171806336,1.0
0.16,0.677183331275085,1.0,1.0,1.0,0.09406469410159982,0.13216977060490123,0.10094689823713576,0.02774558611572156,0.03950457323212928,1.0
0.16,0.5676484896844337,1.0,1.0,1.0,0.11766196162084581,0.1298637353455804,0.10842081486575669,0.033768888119265365,0.04248949213653593,1.0
0.16,0.7442803105794759,1.0,1.0,1.0,0.09415262176089842,0.09760619443167842,0.07260927204485411,0.027949586584468153,0.036760212475624846,1.0
0.16,0.6150902011652948,1.0,1.0,1.0,0.10265451781998762,0.11843114855115089,0.08432022135923962,0.031351605982163376,0.03731999266200779,1.0
0.16,0.6637950778299355,1.0,1.0,1.0,0.10426886739593917,0.11998223943272224,0.09591516273621876,0.029469157948497925,0.04176160870095405,1.0
0.16,0.6057457090859357,0.0,1.0,0.0,0.10842749734102289,0.13900599423265525,0.1179192347623363,0.03250058808211228,0.04572446678643756,1.0
0.16,0.8219510125420487,0.0,0.0,0.0,0.07221739123504756,0.09836627779660564,0.07764260862906472,0.023851089601404373,0.03718437003298159,1.0
0.16,0.5800523636552013,1.0,1.0,1.0,0.12753575776011686,0.13203579850571423,0.12175094047056956,0.032897767256425785,0.04547722740099056,1.0
0.16,0.5633488359955401,1.0,1.0,1.0,0.11049863753107451,0.1380671353388507,0.12351403382206161,0.03489968622244533,0.04643384990424703,1.0
0.16,0.6677509175032023,1.0,1.0,1.0,0.09352970052416185,0.14768691300829162,0.13219607737326003,0.028656173773933355,0.04545779336320676,1.0
0.16,0.7130223080784192,1.0,1.0,1.0,0.09102644456134816,0.13564929167971299,0.0994087956033968,0.02741739465387237,0.039813954055617023,1.0
0.16,0.6248980385641474,1.0,1.0,1.0,0.10347658233517276,0.1335407385570057,0.11003208545187729,0.028492273866667306,0.04006446334558166,1.0
0.16,0.8382417333156068,0.0,0.0,0.0,0.07304052210331977,0.10253162833783525,0.07888268088362957,0.023333450841719366,0.03685942654406963,1.0
0.16,0.5461539719201883,1.0,1.0,1.0,0.11443737832045194,0.1474807763370433,0.11979037080380932,0.03205790867665836,0.04564742276359388,1.0
0.16,0.6827983841518572,1.0,1.0,1.0,0.08937092111584037,0.12755644374428032,0.09948614743118747,0.027903377327276033,0.0396358565733651,1.0
0.16,0.62963327628381,1.0,1.0,1.0,0.11153804073357135,0.13942782193598718,0.11227573142836071,0.032117769810171726,0.041948967058284416,1.0
0.16,0.8457439094877003,1.0,1.0,1.0,0.08093869905557123,0.11041918155654842,0.07304128622795192,0.023410825257870208,0.035173583925132104,1.0
0.16,0.6246358113612599,1.0,1.0,1.0,0.09630223515510117,0.13975379011590838,0.12272424612746766,0.03001411069232015,0.04463706642381727,1.0
0.16,0.5338757366297501,1.0,1.0,1.0,0.130103609093901,0.14011762592434912,0.1174878713290634,0.0349856188260601,0.046868454542341544,1.0
0.16,0.6175925932802965,1.0,1.0,1.0,0.10022181518109848,0.13865867917454924,0.11453151001442577,0.03154129242180349,0.04962429553618827,1.0
0.16,0.6642855801826564,1.0,1.0,1.0,0.10886489801942167,0.1108610178304155,0.09326920293319893,0.0279517624441557,0.03875078299470926,1.0
0.16,0.7256125072968517,1.0,1.0,1.0,0.09921081556958204,0.1335159468216868,0.09027450443241974,0.02687171250228406,0.04072191322588039,1.0
0.16,0.562646559450048,0.0,1.0,0.0,0.10305972031145105,0.13534164248469988,0.11186272582292192,0.03483082705537752,0.043376730659553796,1.0
0.16,0.6093596703054113,0.0,1.0,1.0,0.0939544754274133,0.14525336903519345,0.12292020341415322,0.032801757915029754,0.04324430237344167,1.0
0.16,0.7081441641307198,1.0,1.0,1.0,0.09785358167341798,0.12226888154160495,0.090475183152709,0.02453882985210047,0.0355627956364658,1.0
0.16,0.6086170800001514,1.0,1.0,1.0,0.09321131130301,0.12522774424064084,0.11293566262288476,0.03083469566621534,0.04031660643533506,1.0
0.16,0.6519874869143482,1.0,1.0,1.0,0.10004155800837326,0.12430219352462471,0.08647987883377106,0.03140850519471993,0.03964512770132939,1.0
0.16,0.6448209943391924,1.0,1.0,1.0,0.1009405113061177,0.13962136854522814,0.09630921547421425,0.03169136775913367,0.04004855070690723,1.0
0.16,0.540400352167075,1.0,1.0,1.0,0.1257888531330015,0.14388045859603063,0.13531062952904954,0.0370433397345321,0.04662411569636481,1.0
0.16,0.6274026923700685,0.0,1.0,0.0,0.07994917668474509,0.13188755051171325,0.10455789140687517,0.03438064190020428,0.046015856665523734,1.0
0.16,0.716474140286692,1.0,1.0,1.0,0.08249379327136348,0.11494076636626456,0.09247674281770393,0.02661550880183269,0.03548081318673352,1.0
0.16,0.5986254512959682,1.0,1.0,1.0,0.11121062710573386,0.13625484226669954,0.12040637936745983,0.03281559831801393,0.044851628975154226,1.0
0.16,0.5812875168235886,1.0,1.0,1.0,0.1274288443019697,0.14803678901874268,0.12545525512121905,0.03344460197676141,0.045608445975681915,1.0
0.16,0.6413379189472352,0.0,1.0,0.0,0.09864143699790047,0.129381190029674,0.09819498606358165,0.03216112090636205,0.04567890498041237,1.0
0.16,0.69001480017036,1.0,1.0,1.0,0.09811527757577693,0.13943784379084948,0.10277267843414177,0.027950464221999583,0.042592265717995056,1.0
0.16,0.5282663871381548,1.0,1.0,1.0,0.12122618811238303,0.14175566325685002,0.12826233904263024,0.036862879412556025,0.04539439225720294,1.0
0.16,0.6756435872716151,1.0,1.0,1.0,0.10019216184634594,0.12503991304227885,0.10238552840411819,0.029770133915349373,0.04242381211357205,1.0
0.16,0.6339335823376335,1.0,1.0,1.0,0.11670513442795616,0.13263289915197646,0.10091157967659345,0.030451190593355458,0.0419888378849949,1.0
0.16,0.7186607152918005,0.0,1.0,0.0,0.09944465308733594,0.1337428945604928,0.09476009292816837,0.02659192324641984,0.04112509678396412,1.0
0.16,0.6643634707789157,1.0,1.0,1.0,0.08825264030795259,0.10948633972762396,0.09121201265943031,0.030167724565845155,0.040126859832671294,1.0
0.16,0.6173687243849983,1.0,1.0,1.0,0.10161961794907207,0.13791260848203107,0.10546176268024421,0.0319767859036894,0.04662608473049837,1.0
0.16,0.6653765600496969,1.0,1.0,1.0,0.09475402400877007,0.11689623733209054,0.09059024307524115,0.027144685638826316,0.03701463724631042,1.0
0.16,0.6746004979833526,1.0,1.0,1.0,0.09515008767853476,0.11315201151566452,0.09206877234611992,0.029878750554800784,0.039879229960294756,1.0
0.16,0.6300435791050583,1.0,1.0,1.0,0.10127991999128835,0.15891512882031825,0.11919742367426481,0.03435774837283136,0.04609282792759876,1.0
0.16,0.7212642242685998,1.0,1.0,1.0,0.09543568066090072,0.1120833695697705,0.07296791767606008,0.031123050845977534,0.03815969266442989,1.0
0.16,0.6006221849943829,1.0,1.0,1.0,0.10527631430101836,0.12550658846806476,0.09851643707923163,0.030745285068611423,0.041160729302568984,1.0
0.16,0.7062684916117394,1.0,1.0,1.0,0.09617793713568573,0.12379268062301965,0.09144171757023004,0.026269402173363807,0.04069178296365804,1.0
0.16,0.7104598577628415,1.0,1.0,1.0,0.09716869408012876,0.12718255666700357,0.09363207563900647,0.02766940691956873,0.03809100194293438,1.0
0.16,0.60369526150215,1.0,1.0,1.0,0.12564210006770438,0.12770642672223023,0.10844719936967404,0.03188316743710911,0.043216053791821016,1.0
0.16,0.6714900608883866,0.0,1.0,1.0,0.09773280854532261,0.1337635067739505,0.10864023524428139,0.02818087253422327,0.046584552032624994,1.0
0.16,0.6938924298672058,1.0,1.0,1.0,0.09677162743719685,0.1327094050832573,0.10349988696478937,0.02740917702151207,0.03983639835180797,1.0
0.16,0.6371937247765926,1.0,1.0,1.0,0.11083517682116455,0.11860489393757175,0.09636406759239356,0.03014079598119503,0.03867045115179475,1.0
0.16,0.6681406028704456,0.0,1.0,0.0,0.10748677687449151,0.1380853811332449,0.10922951591564582,0.029713723506265097,0.044480596284556334,1.0
0.16,0.5651410932356264,0.0,1.0,1.0,0.11905011907045879,0.17161287882761878,0.1424707142478237,0.0320385297372678,0.042633870678740964,1.0
0.16,0.6214752203918888,1.0,1.0,1.0,0.11486092385938977,0.13136419506362618,0.10487445596806597,0.0318157601877104,0.0424890033811623,1.0
0.16,0.5967542046358013,1.0,1.0,1.0,0.10568393498720977,0.1322945064610983,0.10411731268145799,0.033805043494430295,0.04175828432684084,1.0
0.16,0.6221314341998192,1.0,1.0,1.0,0.09963788008763651,0.12929418392825126,0.09718209489395446,0.031504903878097755,0.04187848907260597,1.0
0.16,0.6004890299188881,1.0,1.0,1.0,0.11785191259407495,0.14837504616548455,0.11300690686027423,0.031603418666658674,0.04265774940399884,1.0
0.16,0.6209318562973436,1.0,1.0,1.0,0.09967052154207268,0.10946636997391077,0.09111651774064009,0.03054017948789891,0.040815764336583286,1.0
0.16,0.6667833195819209,1.0,1.0,1.0,0.08395130023579477,0.12014200641147466,0.09641641651723756,0.028525230785210683,0.040891160575549576,1.0
0.16,0.6899327901441811,0.0,0.0,0.0,0.09018292547992726,0.1072270709394968,0.08592611569849716,0.027056308921609974,0.03851705985398347,1.0
0.16,0.7750396667742023,1.0,1.0,1.0,0.08775136173667564,0.12774260611969462,0.08581472264408936,0.026288882990774493,0.03764931356419801,1.0
0.16,0.6653632828439093,1.0,1.0,1.0,0.09660306957152524,0.11276530800444091,0.09745530943868748,0.02863080198070743,0.038191953429182385,1.0
0.16,0.5810337182236291,1.0,1.0,1.0,0.11291100479779148,0.13761665488222136,0.1021425074384116,0.03705922483595174,0.04654426861336335,1.0
0.16,0.630202381964548,1.0,1.0,1.0,0.10722445396315927,0.11851324443250497,0.09431885411038313,0.029029893301084905,0.04313914470150003,1.0
0.16,0.6164053651216648,1.0,1.0,1.0,0.09745185973889112,0.14172710687577397,0.1112948297648445,0.032500641212096185,0.04616902310394664,1.0
0.16,0.6270820280472633,0.0,1.0,0.0,0.127135566629241,0.14147088839652883,0.11913927245671707,0.027026588929704543,0.042752106189963016,1.0
0.16,0.5784782288622247,1.0,1.0,1.0,0.12824682663591258,0.16158139976418487,0.10948427994705753,0.030879138070912207,0.04035478534483346,1.0
0.16,0.5645694034638266,1.0,1.0,1.0,0.11191004270870879,0.13807257217425334,0.11390047331850912,0.03756938573166364,0.045907727968058525,1.0
0.16,0.5721985887242285,1.0,1.0,1.0,0.09725388093678221,0.1445566151800659,0.1102204391885829,0.03411805755156261,0.04178774815211171,1.0
0.16,0.5805481621933286,1.0,1.0,1.0,0.11536598270991476,0.15227199509747585,0.12074884951297112,0.031940568617795956,0.04512378323869218,1.0
0.16,0.6328190466988308,1.0,1.0,1.0,0.10617491571562739,0.13654924849725397,0.11399925093660276,0.03465344739187998,0.04857004019212306,1.0
0.16,0.6406208375326662,1.0,1.0,1.0,0.10065123770815151,0.12910062467394956,0.10739693457286022,0.031336631414116994,0.04328690074975184,1.0
0.16,0.6543128077751597,1.0,1.0,1.0,0.09875417387437387,0.12280349507590352,0.09789728749412938,0.027747715044284586,0.040456245135910035,1.0
0.16,0.5937842023830526,1.0,1.0,1.0,0.12403086517719546,0.12866075658171347,0.10080933805056054,0.031491490253555396,0.04061038845479093,1.0
0.16,0.6368915778631528,1.0,1.0,1.0,0.10042857095690869,0.13851304679745852,0.10456369435405544,0.030706248451847117,0.041403647739672304,1.0
0.16,0.5739372823425131,1.0,1.0,1.0,0.12932100127110663,0.13485923438200836,0.10949864478973544,0.03317836187990899,0.04396107592514859,1.0
0.16,0.5754623410059443,1.0,1.0,1.0,0.11710922309431442,0.12920763709612193,0.1005014846493324,0.03568906840572812,0.04147831095645758,1.0
0.16,0.664449080813985,1.0,1.0,1.0,0.09524953840561363,0.11537442847047603,0.09583403108720319,0.031021036220968218,0.04147994288642678,1.0
0.16,0.8717061499499508,0.0,0.0,0.0,0.06960495734983266,0.09643739364694161,0.06836576739573597,0.023863193859710634,0.03470828093033425,1.0
0.16,0.6045354856109573,1.0,1.0,1.0,0.13019200330081543,0.14205007752465665,0.10600034363741755,0.029961841457757057,0.044122237982788394,1.0
0.16,0.6709635988641711,1.0,1.0,1.0,0.09125755856959142,0.11257612838722482,0.07792720904284209,0.029285520255491665,0.034926052110968143,1.0
0.16,0.5760930512236846,1.0,1.0,1.0,0.10896437101810941,0.14804012414162354,0.11477117856112115,0.03157687428539337,0.03957798812480787,1.0
0.16,0.5944969908678834,1.0,1.0,1.0,0.10212754941230881,0.13444027862104654,0.09947361210673608,0.03232129156236709,0.043441667790205446,1.0
0.16,0.6524739955074169,0.0,1.0,0.0,0.10510327592097479,0.1402951618892835,0.12596047333402438,0.03009088002050344,0.04492437146074549,1.0
0.16,0.6868692949060645,1.0,1.0,1.0,0.08627011949293414,0.13957883309791977,0.11220078058955167,0.028847514477588408,0.04657855820310928,1.0
0.16,0.6799696880630243,1.0,1.0,1.0,0.09755547400097656,0.11697833532751842,0.08542176345999197,0.027396203467504033,0.04022862226423936,1.0
0.16,0.672714651993363,1.0,1.0,1.0,0.11226533015125542,0.12541569228341581,0.0905051433064587,0.02944944059198307,0.03569477183310734,1.0
0.16,0.5249548782049567,1.0,1.0,1.0,0.11390544933957183,0.1615652926095776,0.12635952269958334,0.03964710009126923,0.04847938951506613,1.0
0.16,0.7349863816356913,1.0,1.0,1.0,0.09444272417979933,0.13097648539157997,0.10220232028414991,0.02793647485519213,0.03961191682943387,1.0
0.16,0.617023921189287,1.0,1.0,1.0,0.10652290486947706,0.13602342059140357,0.1115136684450712,0.030717035780911724,0.04009606538776169,1.0
0.16,0.6998783608857699,1.0,1.0,1.0,0.09904593805579472,0.11377369385932372,0.08385437942653298,0.028100857589457875,0.03993357198537206,1.0
0.16,0.626979152717819,1.0,1.0,1.0,0.10114055638656519,0.13774745862184196,0.10640423054090105,0.03225108885170502,0.04075486554955492,1.0
0.16,0.6731747295469594,1.0,1.0,1.0,0.09951363509715735,0.13019314986938837,0.10413211043561388,0.029325622897410364,0.03954944687124134,1.0
0.16,0.69983107671521,1.0,1.0,1.0,0.09356213320577826,0.12532752793154955,0.09249408834962791,0.028833894275304806,0.04192702466960917,1.0
0.16,0.9034568410311227,1.0,1.0,0.0,0.073415993693837,0.1010083957097058,0.06909281419101304,0.022094671468519404,0.03557906836690695,1.0
0.16,0.6146697196932359,1.0,1.0,1.0,0.11180378371175981,0.14596094608478924,0.11595863431240058,0.03219625081436747,0.04442282620954591,1.0
0.16,0.691321960503942,0.0,0.0,0.0,0.08219035197650401,0.129703197528332,0.10371420064468295,0.02748693961413827,0.03875728404651907,1.0
0.16,0.7356746232569084,1.0,1.0,1.0,0.10214399862003183,0.13442787497094022,0.09338446224797052,0.02614967219181881,0.04341697085799535,1.0
0.16,0.6203815523921904,1.0,1.0,1.0,0.10940954674340968,0.14959115509727067,0.11331050153580695,0.029137854027840783,0.042102516448523204,1.0
0.16,0.5413327069086801,1.0,1.0,1.0,0.10109771017190212,0.13966196431586092,0.12113684614531887,0.03461762315845886,0.04358684269545127,1.0
0.16,0.7832521962493207,1.0,1.0,0.0,0.10282667734323292,0.11132575006042553,0.08286092778293544,0.023073157406601146,0.037209410862446377,1.0
0.16,0.572669184759024,1.0,1.0,1.0,0.11549789822891657,0.13915997152955994,0.10966163438861028,0.035034690280064666,0.042707187427508043,1.0
0.16,0.5885470441057401,1.0,1.0,1.0,0.09955474703413611,0.13351895360728588,0.0978222734519962,0.031803517410075845,0.03631782882895853,1.0
0.16,0.6065005777104625,1.0,1.0,1.0,0.11747836959977984,0.12514151727067532,0.09569499906791759,0.03318119744021436,0.04375073358898099,1.0
0.16,0.7474539821361486,1.0,1.0,1.0,0.08602303967943725,0.12956123773933045,0.1067610832010194,0.025909219193259617,0.038963001174431376,1.0
0.16,0.6989525615781419,1.0,1.0,1.0,0.10670905730033287,0.11794761847544873,0.09202461938368346,0.027980643921627538,0.04010176046166403,1.0
0.16,0.8143948781725338,1.0,1.0,1.0,0.09147974743710097,0.10427530936635654,0.0663802334399686,0.02477484656040568,0.033173037353004704,1.0
0.16,0.6876859905235705,1.0,1.0,1.0,0.10459203309507134,0.13212622566117563,0.09197521485441687,0.028516722549847315,0.0398746232576969,1.0
0.16,0.6390440566597172,1.0,1.0,1.0,0.102116471416386,0.12272112721124914,0.09985434414966236,0.031171014705677073,0.041296005691477185,1.0
0.16,0.5534503610414832,1.0,1.0,1.0,0.11923622876061395,0.16766207833692487,0.13118780813452152,0.03533054955488936,0.047579477312543535,1.0
0.16,0.6129717352850668,1.0,1.0,1.0,0.11840179613204224,0.15836504882719082,0.12310625436350904,0.03198537179429324,0.044042951991360636,1.0
0.16,0.6197230007392348,1.0,1.0,1.0,0.11006781598733165,0.14070550652720434,0.11147311992833993,0.03006208778758098,0.04494564106111134,1.0
0.16,0.6308670185325647,1.0,1.0,1.0,0.1034227759816587,0.1512447819729711,0.10879497572325633,0.029826420258897625,0.040526161063266244,1.0
0.16,0.6458494006239153,1.0,1.0,0.0,0.11920611692495879,0.12140445858660909,0.08657674210133463,0.031015894123766406,0.03763038164338579,1.0
0.16,0.6591653843279641,1.0,1.0,1.0,0.10223316129021161,0.13606434265039913,0.09338855442216155,0.029936615073685315,0.042061511258299815,1.0
0.16,0.5562862919374567,1.0,1.0,1.0,0.12937131196807822,0.15462674947092458,0.13611908717386761,0.03449712553037109,0.047129336959540975,1.0
0.16,0.6394964411118147,1.0,1.0,1.0,0.09679138600678061,0.11877896040410403,0.08829904379596912,0.030418663029563513,0.038787264933548116,1.0
0.16,0.8835859909410441,1.0,1.0,0.0,0.07121976054878335,0.10017317608462292,0.07129436043343747,0.02322078063072798,0.03629217772938037,1.0
0.16,0.5985093157278356,0.0,1.0,0.0,0.10652126517976815,0.14220338559554807,0.10912301633349013,0.0320475724362861,0.043589912909019715,1.0
0.16,0.5828791942203829,1.0,1.0,1.0,0.09136746837915613,0.13586043442981685,0.11612817741154949,0.030634062544659644,0.04469862721589753,1.0
0.16,0.6401368231486323,1.0,1.0,1.0,0.09382933512156336,0.13179366660710612,0.10637299454525084,0.032102599976964026,0.03967417425149474,1.0
0.16,0.5634392206066636,1.0,1.0,1.0,0.1304456986154672,0.14332159069947112,0.10204993558116852,0.034627034224289505,0.04170932318049502,1.0
0.16,0.614284246626064,1.0,1.0,1.0,0.11097281071130705,0.14190353872240713,0.0942594414791372,0.03243575899883979,0.03906189196248948,1.0
0.16,0.5619606774247105,1.0,1.0,1.0,0.12068207306079173,0.1609607505473562,0.13303419381927,0.03115620181743899,0.04502480330101754,1.0
0.16,0.7547908970573963,1.0,1.0,1.0,0.09119183432168873,0.13619884916642208,0.10542973122568271,0.023502380623983105,0.03927992674940788,1.0
0.16,0.5448992055800647,1.0,1.0,1.0,0.12237857142148352,0.12881574358711181,0.1138530947104015,0.03344117796287076,0.04228740815458158,1.0
0.16,0.7313391906113806,1.0,1.0,1.0,0.0968086998225717,0.11847917786601245,0.07839906330001968,0.024853554721045043,0.036339598488904806,1.0
0.16,0.5825736116987368,1.0,1.0,1.0,0.12466684895687134,0.1566809564552168,0.10969906470390742,0.03190752660724953,0.04082805224697083,1.0
0.16,0.5431804486663788,1.0,1.0,1.0,0.12726477537457526,0.17819198882296877,0.1227598346526663,0.03730859463765663,0.047604123195159075,1.0
0.16,0.6768602202105414,1.0,1.0,1.0,0.09958438339190101,0.12081280374925085,0.0880186846231328,0.028458032378055644,0.039852033223487474,1.0
0.16,0.5575003303165843,1.0,1.0,1.0,0.10323001440960375,0.10593180522744847,0.09208982110713018,0.03432932069901354,0.04107351168893997,1.0
0.16,0.6121075593431056,1.0,1.0,1.0,0.08526091054022991,0.11782484047530901,0.08905865514022097,0.03007418982874463,0.03847591714555623,1.0
0.16,0.7321107270487801,1.0,1.0,1.0,0.08499695583273995,0.14020111755047635,0.09944132119793633,0.026316971111381066,0.040850836273941205,1.0
0.16,0.7123032536571499,1.0,1.0,1.0,0.08607439450612522,0.11886935389126543,0.10045502145928471,0.0275413398438304,0.03846398144758804,1.0
0.16,0.6394254510609455,1.0,1.0,1.0,0.08935428499058934,0.13966567746446462,0.11429096770228438,0.030985788859718207,0.04008362142997924,1.0
0.16,0.6194833525734098,1.0,1.0,1.0,0.11116664147519446,0.14307322851718246,0.11703974487654509,0.029714051523516697,0.04345216829516182,1.0
0.16,0.6421140569746333,1.0,1.0,1.0,0.11023348520222012,0.13698907756029413,0.1046281992962543,0.03057909647691632,0.03929082133791262,1.0
0.16,0.5356874427197623,1.0,1.0,1.0,0.12140221261548116,0.17791455718677188,0.1475359510277546,0.035156938655549815,0.045639809270832755,1.0
0.16,0.6535111964328358,1.0,1.0,0.0,0.11520470598023383,0.09342838633430206,0.06680536362870196,0.02799574702909612,0.036248792142639104,1.0
0.16,0.8238915176248125,1.0,1.0,1.0,0.07059020417233318,0.13001586215891858,0.07647215212975012,0.023851717754292942,0.035847415489128974,1.0
0.16,0.7391407717948654,1.0,1.0,1.0,0.09060272635605267,0.11487521530772153,0.09789229768866294,0.025957531259433432,0.036633670114648374,1.0
0.16,0.6105210411252907,1.0,1.0,1.0,0.11597459426186696,0.13239112016324467,0.11083481966831107,0.030736597473392788,0.04345392531874866,1.0
0.16,0.6206812088622433,1.0,1.0,1.0,0.11519946445447718,0.159894771243205,0.119264937386685,0.03168210234390399,0.0484997407011,1.0
0.16,0.6357794566419576,0.0,0.0,0.0,0.08801780644382372,0.13371562044801216,0.10940542038768689,0.0313129488705136,0.046743089639573604,1.0
0.16,0.6267318918969462,1.0,1.0,1.0,0.10494533266385457,0.12476813445073329,0.10068916408105728,0.030910918198494532,0.039276122608929,1.0
0.16,0.6643365275697507,1.0,1.0,1.0,0.1044782219396303,0.12637950503628434,0.10997977775212028,0.02840564876240265,0.03897026566532561,1.0
0.16,0.740814668597583,1.0,1.0,1.0,0.08088322532501685,0.12456081404988976,0.08645506039631035,0.025901482117963802,0.03754624156241644,1.0
0.16,0.6169382081938537,1.0,1.0,1.0,0.10672151664735932,0.12198969954512451,0.10855172240554248,0.030975429628025086,0.04233848939785977,1.0
0.16,0.5059842956004997,1.0,1.0,1.0,0.1278190587584744,0.1409330359103048,0.12308234434670606,0.03732225977910109,0.04566271631360903,1.0
0.16,0.7277441201696268,1.0,1.0,1.0,0.08641064172056812,0.10979496702033038,0.07664006146406757,0.02569541411076789,0.03814950918283186,1.0
0.16,0.5502496497217,1.0,1.0,1.0,0.14107269072396256,0.15582250365484146,0.1190268066473537,0.03332933738763108,0.04406006615878498,1.0
0.16,0.6952642899664816,1.0,1.0,1.0,0.09388639137976987,0.13095350853593185,0.10305393332470658,0.02853414616945037,0.04035828228211897,1.0
0.16,0.6797887772929764,1.0,1.0,1.0,0.08834567643632216,0.1422010690489249,0.11579473287252733,0.030086881998906963,0.045736192449732586,1.0
0.16,0.7719686091035343,1.0,1.0,1.0,0.1036127045758268,0.12275017821539194,0.08913854343734322,0.024697518702480978,0.03956144793778051,1.0
0.16,0.6953945447437676,1.0,1.0,1.0,0.11128135150082379,0.13600087194420754,0.10001426901727087,0.02710090002789798,0.0368576749128993,1.0
0.16,0.48605736098709285,1.0,1.0,1.0,0.1308915778623547,0.13525139474838838,0.11627531688608934,0.03998429968262122,0.045922678783988584,1.0
0.16,0.606495307429564,1.0,1.0,1.0,0.11400161374548108,0.12771751915141566,0.09309787880762807,0.0331180467800198,0.041653162358755616,1.0
0.16,0.5321999021504933,1.0,1.0,1.0,0.12240902941484486,0.14876207779205478,0.12018435745243754,0.0335148471098276,0.041527411445779545,1.0
0.16,0.6551802741245998,1.0,1.0,1.0,0.09548949007864599,0.14830737591188514,0.11004853635530802,0.031662953832294706,0.03958749533063259,1.0
0.16,0.6390254909681192,1.0,1.0,1.0,0.09119697891547027,0.1384805982713055,0.10501580714955878,0.03018492164841069,0.04124278176682549,1.0
0.16,0.7784519336089726,0.0,1.0,0.0,0.09557421540076967,0.12418271165618695,0.09173637213179872,0.02527314082994604,0.03917656715173511,1.0
0.16,0.6597298638086259,1.0,1.0,1.0,0.0989487400989578,0.12641112791406114,0.10864805538341653,0.030390276893968022,0.04265006636354286,1.0
0.16,0.54504741736056,1.0,1.0,1.0,0.1114266338148889,0.14562009358573422,0.10450876116917877,0.035720878792566114,0.04837692834247477,1.0
0.16,0.620707284698255,0.0,0.0,0.0,0.10991579370227529,0.12452233783306595,0.10100060332526262,0.029291934855252322,0.039863157083415535,1.0
0.16,0.6308128162653782,1.0,1.0,1.0,0.08733741992788316,0.12903179577182006,0.10075572654537372,0.03176687755958599,0.04331584634607284,1.0
0.16,0.6264679607370027,1.0,1.0,1.0,0.0868483559416138,0.10308937569334616,0.09631491755534644,0.03036446582495601,0.03876191618494776,1.0
0.16,0.6056766630479505,1.0,1.0,1.0,0.10219221676960899,0.12170362037022435,0.0998734413569952,0.031983302719031007,0.03656424826951325,1.0
0.16,0.6712062441342859,1.0,1.0,1.0,0.10124551655235066,0.1310852414172392,0.09937449549176286,0.026999592622678793,0.04212294915970664,1.0
0.16,0.6942426145179375,1.0,1.0,1.0,0.11292420971473535,0.11135464922889216,0.08887073947823479,0.029975324283339256,0.03967864395434498,1.0
0.16,0.6096124475164957,1.0,1.0,1.0,0.10499125186384943,0.15044910314533533,0.11078740110299497,0.033762647759614434,0.04516688099907664,1.0
0.16,0.5827860371001828,1.0,1.0,1.0,0.10201062293630063,0.1605805906462392,0.11459483043717622,0.03160956271371151,0.04881499360693817,1.0
0.16,0.6753399388131318,1.0,1.0,1.0,0.10525841190954525,0.1117257245339462,0.08878103368711969,0.029948271723322886,0.0395889074343335,1.0
0.16,0.6607913134738829,1.0,1.0,0.0,0.08911960312142586,0.11339687150804525,0.09008441682683241,0.02978869318925465,0.03785074711545588,1.0
0.16,0.5971005825120212,1.0,1.0,1.0,0.10771144213973409,0.14701551865255968,0.1032483619779548,0.029508412909281363,0.04195785921017911,1.0
0.16,0.6491918459753427,1.0,1.0,1.0,0.09201817263949993,0.13552462222056072,0.10376879525662557,0.029827279920803917,0.04106978311735581,1.0
0.16,0.6222111653149225,1.0,1.0,1.0,0.10486610539250074,0.11221199814420306,0.08890965824427295,0.028917456039115098,0.038850745320704386,1.0
0.16,0.597058290031721,1.0,1.0,1.0,0.10158149189083673,0.14532543249025076,0.12283800475186764,0.03546526419982518,0.046702426832163496,1.0
0.16,0.6024087823455782,1.0,1.0,1.0,0.10311029840018823,0.13584753825040402,0.11275450225774561,0.031934881394135826,0.04570346372177376,1.0
0.16,0.565616729377589,1.0,1.0,0.0,0.1067528159273146,0.1412384480229476,0.10235573963527848,0.035559281395905445,0.04299344492579098,1.0
0.16,0.5562374255825744,1.0,1.0,1.0,0.10811470021356337,0.13459777204556397,0.11116754430969844,0.03344204002480883,0.04356475984333818,1.0
0.16,0.6722579418921515,1.0,1.0,1.0,0.11091616300932297,0.13155490135712355,0.10566888159322732,0.02870523121732606,0.044391704541709265,1.0
0.16,0.612580853410732,1.0,1.0,1.0,0.11967694958220236,0.12793944872511148,0.10365196910494774,0.029449250062375074,0.04025819405920073,1.0
0.16,0.6150994671178001,1.0,1.0,1.0,0.10636273976352166,0.15221306591027056,0.11576873007403403,0.03211172400435952,0.04719360790521003,1.0
0.16,0.6842122481534949,1.0,1.0,1.0,0.0916080957594341,0.1282108563458942,0.09321646389134114,0.028936361728320162,0.03929374700753041,1.0
0.16,0.6317381799569983,1.0,1.0,1.0,0.11062830180196817,0.124005231216057,0.09853166463810621,0.03265231982881558,0.04145790090652483,1.0
0.16,0.6120717966155952,1.0,1.0,1.0,0.09349246094908084,0.1379351260235336,0.1136129612741998,0.03188963117586598,0.03952957184733226,1.0
0.16,0.6020820514860614,0.0,1.0,0.0,0.09867923110902921,0.13804737478528234,0.11553324792110634,0.030954883837168854,0.042803178645579656,1.0
0.16,0.632109838346558,1.0,1.0,1.0,0.10487198288620783,0.12123310409210344,0.0895378488722441,0.030675270994075167,0.033880245442554004,1.0
0.16,0.6449857253612026,1.0,1.0,1.0,0.08870521369353981,0.1377073319698619,0.10006743544916574,0.028881269895231713,0.04109304793408605,1.0
0.16,0.6418977349722863,1.0,1.0,1.0,0.09830141125631461,0.1208496535738263,0.10496830463774594,0.030439580163793823,0.042502075855044695,1.0
0.16,0.6175279537897252,1.0,1.0,1.0,0.1358153851386946,0.15165202467347447,0.11267202316757848,0.03212466109827529,0.04249628255035922,1.0
0.16,0.6965906334188393,1.0,1.0,0.0,0.09040099773854016,0.11443672429008414,0.07384887765134189,0.030377229243181345,0.03794195955842552,1.0
0.16,0.6863471619618963,1.0,1.0,1.0,0.08785345488849941,0.15961013639960486,0.11269060846655914,0.029437894525586036,0.044889093073274496,1.0
0.16,0.6456281106803234,1.0,1.0,1.0,0.11469109993312483,0.15322054650226308,0.12338187077281851,0.03383926532856029,0.04647949432790515,1.0
0.16,0.626164061700714,1.0,1.0,1.0,0.09911646085512249,0.12402922310406098,0.09865227931650371,0.03136629714369457,0.042197076249549596,1.0
0.16,0.6052080073689099,1.0,1.0,1.0,0.09783463398239825,0.13905373741543914,0.12041955815727226,0.0319869192983421,0.04373736970815818,1.0
0.16,0.6196165649217619,1.0,1.0,1.0,0.11408662751233142,0.11828223224478207,0.096600180432255,0.031125751558298678,0.036955941140046834,1.0
0.16,0.5925140752462801,1.0,1.0,1.0,0.12646729925213107,0.16974087469036522,0.1389407662189351,0.03329411015336588,0.047628728018406834,1.0
0.16,0.6101740194974854,1.0,1.0,1.0,0.09471844535185416,0.11436444069110556,0.09703148735966574,0.03201916158313618,0.04031572758653351,1.0
0.16,0.6353244064871001,1.0,1.0,1.0,0.1102300538380647,0.1308499640301077,0.1046940353977058,0.029237349486271103,0.04100596859556214,1.0
0.16,0.5437765263776966,1.0,1.0,1.0,0.13633824287930132,0.15591455990789166,0.12596794915391815,0.03754239313036309,0.05010039893480322,1.0
0.16,0.5077735485841727,1.0,1.0,1.0,0.14310166868973506,0.1665890837358884,0.1291152795640972,0.03629728972273548,0.045344480909728514,1.0
0.16,0.6780901062868386,1.0,1.0,1.0,0.08788970800935339,0.10468425369149434,0.08578747909495679,0.028751350580189614,0.039154662202951794,1.0
0.16,0.6966762312468107,1.0,1.0,1.0,0.08807605872771795,0.13294323123187451,0.08152924055875065,0.029954328913103706,0.036902998768318554,1.0
0.16,0.7602928413988762,1.0,1.0,1.0,0.08938646018467318,0.11243786936047533,0.08370827157245905,0.025863732828739515,0.040283338521740424,1.0
0.16,0.6145125711898224,1.0,1.0,1.0,0.11050188748022052,0.14816685447927297,0.11353451372795646,0.030461995311564845,0.03876157163306701,1.0
0.16,0.751955189261238,1.0,1.0,1.0,0.09111712856181846,0.12199471007116883,0.08875465860422196,0.026814098137185646,0.04024544449689215,1.0
0.16,0.680477262467255,1.0,1.0,1.0,0.10377723248508172,0.13026320629033677,0.09615354408648014,0.027882206465777083,0.039541754054875186,1.0
0.16,0.7017405774793182,1.0,1.0,1.0,0.07851540328465184,0.13118643828673088,0.10319367477719257,0.027485164621447088,0.04331303141751314,1.0
0.16,0.6234149424468,1.0,1.0,0.0,0.09291175676075548,0.11533995281508824,0.09090216017896333,0.03040824935568216,0.03810066270461484,1.0
0.16,0.5663923133431976,1.0,1.0,1.0,0.12854566069948276,0.1543819329953463,0.10100062830282641,0.032099928153942664,0.04321983717096013,1.0
0.16,0.5759864112735399,1.0,1.0,1.0,0.11080100068857661,0.12060091937935573,0.08994425590630999,0.0349417503662107,0.04134623083962044,1.0
0.16,0.6207353695618121,1.0,1.0,1.0,0.10640136642718756,0.15726354185657607,0.1220132416794261,0.030087122329498294,0.04495750173257962,1.0
0.16,0.5976735818229719,1.0,1.0,1.0,0.1028201624004004,0.1395242894998099,0.10671915355690738,0.03380545393970617,0.044362019296750856,1.0
0.16,0.7028755541670653,1.0,1.0,1.0,0.09137357365204364,0.1477048920515,0.11290502014369652,0.027465353219716618,0.041166281674925746,1.0
0.16,0.5805865643953507,1.0,1.0,1.0,0.11400718478154996,0.1496009779865244,0.1392670419365352,0.033706385864392646,0.0456625716459325,1.0
0.16,0.7189929289661618,1.0,1.0,1.0,0.0914494813095329,0.11248276445500463,0.08895570505596964,0.027457133969344225,0.03852548272750506,1.0
0.16,0.5591842528046562,1.0,1.0,1.0,0.10195074114109351,0.16860479107834067,0.12141283083205087,0.03342701002307146,0.04604923694185991,1.0
0.16,0.5628008065779153,1.0,1.0,1.0,0.11292760508158375,0.13428176271384742,0.09839454127748873,0.03239036806735772,0.04287827722195237,1.0
0.16,0.6615553137502295,0.0,0.0,0.0,0.08948657369736399,0.11929238419656427,0.09459215619827636,0.031096842053930613,0.041773174142653274,1.0
0.16,0.4784404698919069,1.0,1.0,0.0,0.15121326792933099,0.14381274806619085,0.12719533944838585,0.03984910020136675,0.04773312130573038,1.0
0.16,0.6419913326681246,1.0,1.0,1.0,0.10289074674266371,0.15024387052591895,0.12394005542383198,0.0314210327819338,0.043645479813622504,1.0
0.16,0.6532195815300654,1.0,1.0,1.0,0.11504417285965667,0.12634743277004645,0.09417708071127907,0.02997998461229195,0.04295083170179986,1.0
0.16,0.6382916235525011,1.0,1.0,1.0,0.10270226954692366,0.11253201520049294,0.09761299698613142,0.03053143642619742,0.03984013600805937,1.0
0.16,0.6804033897652276,1.0,1.0,1.0,0.0876430926697338,0.10479551203510225,0.08357668476652236,0.02843942613905074,0.03737963479221704,1.0
0.16,0.6067752041650113,1.0,1.0,1.0,0.10688552019001292,0.12328126617127669,0.10215540425766172,0.030159643309962042,0.04075993930123806,1.0
0.16,0.6203481900027364,1.0,1.0,1.0,0.1152373099653369,0.12875889751834052,0.10133172416674045,0.032676579335803056,0.04124668865756744,1.0
0.16,0.659917371159646,0.0,1.0,0.0,0.1049031473013576,0.14640248623877553,0.10938698460628524,0.02853388958420784,0.04155484469876475,1.0
0.16,0.6445512513305586,1.0,1.0,1.0,0.10439705306178708,0.13766079774481685,0.12157180044368318,0.0301591951576878,0.04464790340851816,1.0
0.16,0.8817773494433541,1.0,1.0,1.0,0.0693089631535225,0.1073770879596357,0.07784182844606609,0.023446317215703047,0.035972441706751415,1.0
0.16,0.5793322325721096,1.0,1.0,1.0,0.09341110758919034,0.13505184522988786,0.11033985669224529,0.03509486938539163,0.04984068383070741,1.0
0.16,0.7163800442957289,1.0,1.0,1.0,0.10790471161286903,0.1299481080991759,0.09405994090519564,0.026537537830694204,0.03923522832403716,1.0
0.16,0.6276530509598126,1.0,1.0,1.0,0.10032353802525003,0.1467669260280748,0.12609400560848663,0.029824846589769975,0.04346982982864527,1.0
0.16,0.5581703537528145,1.0,1.0,1.0,0.12031190861303007,0.14045539946197683,0.11961897560562254,0.0331483934193249,0.047400293123690214,1.0
0.16,0.6465384498528645,1.0,1.0,1.0,0.10829133264154882,0.13311549212045026,0.10901883970476445,0.029600624727308553,0.03950213768672078,1.0
0.16,0.5947884781574327,1.0,1.0,1.0,0.10017528404743606,0.1349507054332703,0.10957516270306263,0.033359143374306906,0.041557438654635216,1.0
0.16,0.7074107760416402,1.0,1.0,1.0,0.09635450938327061,0.12703809158114163,0.09748736093255991,0.026731313230373116,0.040893907279332495,1.0
0.16,0.6900852539209764,1.0,1.0,1.0,0.08865616899902619,0.12196312131270245,0.09507407465141533,0.02922157157559945,0.040074298803377706,1.0
0.16,0.5795931109536377,0.0,0.0,0.0,0.13198321795254994,0.13121981449547473,0.10385420251752293,0.03418311292671819,0.045053494836147,1.0
0.16,0.6536251119641625,1.0,1.0,1.0,0.10261768903093267,0.12720642939969531,0.104896282066043,0.030268343577672406,0.04493654162292108,1.0
0.16,0.71177909639232,1.0,1.0,1.0,0.0968080297879111,0.13877377415769016,0.09179901871196501,0.02721304215887434,0.03775132528108577,1.0
0.16,0.6661928589620582,1.0,1.0,1.0,0.08935191429565445,0.14174823524717708,0.10801516418174022,0.030619841237476405,0.04144438225301812,1.0
0.16,0.6495213894414198,1.0,1.0,0.0,0.11198832533020184,0.1351218477324379,0.10460550408878658,0.02819164627658312,0.042936316061067244,1.0
0.16,0.6684508705961882,1.0,1.0,1.0,0.102492421130097,0.1312449125649915,0.1020006655072709,0.03365202368062079,0.040178456795960556,1.0
0.16,0.6077077806108169,1.0,1.0,1.0,0.10496948669357689,0.12877275595696994,0.0887423086844071,0.032008451486173636,0.038928015667872656,1.0
0.16,0.5742460118690939,1.0,1.0,1.0,0.1132913328765777,0.1430679155192787,0.11872045632063652,0.03504966653426527,0.046415271996810975,1.0
0.16,0.5792195495584326,1.0,1.0,1.0,0.10810811679011498,0.1438490248874837,0.118975342597275,0.032619324185319695,0.045408748180308815,1.0
0.16,0.6889250354228261,0.0,1.0,1.0,0.08424179586995625,0.12644245842725255,0.10320229722959373,0.027884427035443866,0.039957668542078426,1.0
0.16,0.6093618285732002,1.0,1.0,1.0,0.10468407179806387,0.1216730719703681,0.09874317875179184,0.029299177065229946,0.041220163412958206,1.0
0.16,0.6175142531542727,1.0,1.0,1.0,0.11369384343378855,0.1375380308207174,0.10325392791769972,0.03355736251351818,0.04414663402569529,1.0
0.16,0.6018357444742324,1.0,1.0,1.0,0.11303169063569891,0.13842018208388368,0.11023071265507259,0.03224237224949217,0.045844339434068564,1.0
0.16,0.5861155633258243,1.0,1.0,1.0,0.10613230604465809,0.14646953184023898,0.12112438909591805,0.032700715031054275,0.04713834393115403,1.0
0.16,0.6596479763666836,1.0,1.0,1.0,0.08582082568003768,0.13115863100014075,0.10958550329743462,0.028964582786365135,0.04502408004969376,1.0
0.16,0.6314718516955515,1.0,1.0,1.0,0.09765161975564575,0.15516577145505112,0.12039689173765593,0.02981409115100734,0.04513892879060907,1.0
0.16,0.6666412112386438,1.0,1.0,1.0,0.1180923345145997,0.18211430559296773,0.13288158924811164,0.029907490344396395,0.04645424654082209,1.0
0.16,0.590028125561483,1.0,1.0,1.0,0.11545222028129329,0.1162455968850038,0.0907107510189366,0.031353344573600464,0.03959129734053931,1.0
0.16,0.626796729944641,1.0,1.0,1.0,0.10177651902076312,0.12348656179420754,0.0984349491000155,0.031171250982247257,0.04063826073364694,1.0
0.16,0.5676164970324505,1.0,1.0,1.0,0.1064126193327523,0.12988969691024388,0.12247789946978585,0.034956560499896684,0.04496393956800101,1.0
0.16,0.7411875028726106,1.0,1.0,1.0,0.081677356940056,0.13913303793076962,0.10889224952227572,0.025267000810903904,0.03844833102629583,1.0
0.16,0.6786653039869666,1.0,1.0,1.0,0.10059905746489155,0.1238804152460105,0.10459251491733468,0.028730575557785215,0.04227776296558794,1.0
0.16,0.6676826952905016,1.0,1.0,1.0,0.10810740098170254,0.15399643049369982,0.10958155349242497,0.028395196021956056,0.04573129696116236,1.0
0.16,0.8504026209421733,0.0,1.0,0.0,0.07733450523817235,0.10026519826625716,0.07610800621538823,0.022042747211008976,0.03424926293132271,1.0
0.16,0.6301512423244449,1.0,1.0,1.0,0.11421791528364586,0.13743663268441592,0.11029332536826231,0.032421972365071564,0.04174575645121045,1.0
0.16,0.7354324494476577,0.0,1.0,0.0,0.0858601813226717,0.13102541676802498,0.09509512153201038,0.02590376086285997,0.04176785076736929,1.0
0.16,0.5853689470980965,1.0,1.0,1.0,0.10683692592302385,0.15318358738812915,0.12807559583026565,0.033337253856004875,0.04903390481792034,1.0
0.16,0.6029788368447264,1.0,1.0,1.0,0.118852824995537,0.13687559039040958,0.10505303899111737,0.03270653371295309,0.04458077192684304,1.0
0.16,0.650302099111541,1.0,1.0,1.0,0.10817005219237527,0.11075469346449818,0.08345294644390933,0.029728023134998,0.038869814556184865,1.0
0.16,0.6079235820527487,1.0,1.0,1.0,0.11418971453710966,0.13141561092075024,0.09946372852098781,0.03227845730585585,0.044008761401273105,1.0
0.16,0.6636870275340544,1.0,1.0,1.0,0.0862173489958342,0.12353828120800894,0.09919194066832428,0.02808033181857954,0.0407824220128592,1.0
0.16,0.6602330135527951,1.0,1.0,1.0,0.0904971561752627,0.14726953188244538,0.10269711700834168,0.030340747911502732,0.041590200285583384,1.0
0.16,0.7320391732631054,1.0,1.0,1.0,0.08876462277324379,0.1158606400581416,0.08278821720230078,0.027995930182087216,0.03610562443107046,1.0
0.16,0.608524443080533,1.0,1.0,1.0,0.12528601147571344,0.130818940786691,0.10042309718163597,0.029431513838996413,0.04306803619191455,1.0
0.16,0.8123180450783027,1.0,1.0,1.0,0.08469845334198131,0.10848678774843065,0.07913429356575886,0.026135372744671304,0.035947523210926195,1.0
0.16,0.554159638041602,1.0,1.0,1.0,0.10925666238694383,0.14336662906242068,0.11354419250461967,0.03254333414498927,0.04441586580126192,1.0
0.16,0.6948045800142216,1.0,1.0,1.0,0.08360577678601351,0.11973415599506951,0.09389225353873046,0.026972447936473597,0.040522840408017465,1.0
0.16,0.6109188671283242,1.0,1.0,1.0,0.1189018419643243,0.1384878938710418,0.09589273112375009,0.030176672339386985,0.03870519386302875,1.0
0.16,0.6304588407511272,0.0,1.0,0.0,0.09231507474446835,0.1371193513014263,0.10371909022084844,0.031145086655405843,0.042918438228555206,1.0
0.16,0.5630248893938816,1.0,1.0,1.0,0.10724068561358999,0.13117709143421957,0.10611627399803365,0.03550274627907922,0.04229350824777007,1.0
0.16,0.5159904446474449,1.0,1.0,1.0,0.11609345242166984,0.13564200402328125,0.12206598530321747,0.03772250692383257,0.04994515163085069,1.0
0.16,0.6304997770569989,1.0,1.0,0.0,0.10679987546337362,0.12877396712955586,0.10919870052164482,0.032180076961435315,0.04317545473651551,1.0
0.16,0.632197220826295,0.0,1.0,0.0,0.08913333666087067,0.1261340887734379,0.10577816073426238,0.030593916075918628,0.03645817062424142,1.0
0.16,0.6285297103727596,1.0,1.0,1.0,0.09535150187329247,0.15351856814555634,0.10967935034987186,0.03160658990125877,0.04322186890561192,1.0
0.16,0.6837269389046681,0.0,0.0,0.0,0.08469594933813104,0.12659247087185388,0.10057763931269052,0.029716976880297796,0.04174926079287047,1.0
0.16,0.5497430437098629,1.0,1.0,1.0,0.11786665893847159,0.14312575415563708,0.12384479089838392,0.03801745503209792,0.05021211641970341,1.0
0.16,0.5528717135483695,1.0,1.0,1.0,0.12915450197396472,0.1382197287934751,0.11691758313466047,0.03394925340747651,0.04486367244135824,1.0
0.16,0.5087426860350088,1.0,1.0,1.0,0.12059505334543,0.16472714263251223,0.12685823731843165,0.037952988827120955,0.04783168019865167,1.0
0.16,0.5974236080491884,0.0,1.0,0.0,0.10012247121923604,0.12691626897840488,0.111355684160883,0.032129972856893396,0.044262991588051935,1.0
0.16,0.6327010863060478,1.0,1.0,1.0,0.0918678952690711,0.12090306699140449,0.09716024308213,0.029259291883507395,0.044496527146097434,1.0
0.16,0.7130758466213158,1.0,1.0,1.0,0.08870725100042332,0.1263796796970003,0.09951650811042438,0.029031786245085324,0.041194278293010436,1.0
0.16,0.8041286050151497,1.0,1.0,1.0,0.09392833078280072,0.1081262990532869,0.06558656256758874,0.024019870661151806,0.0321942515194699,1.0
0.16,0.7009393965550649,1.0,1.0,1.0,0.08741667495989484,0.12293778579601171,0.09342713075399375,0.02772574136749661,0.03995492802541176,1.0
0.16,0.647420016331703,1.0,1.0,1.0,0.09784794698737476,0.12495939150019446,0.10988947691410664,0.029712100136929546,0.03980732068053421,1.0
0.16,0.7183396453314758,1.0,1.0,1.0,0.08574188587193307,0.14904354601084918,0.10476139864087172,0.028081817744036872,0.041067983685798094,1.0
0.16,0.6965305026504572,1.0,1.0,1.0,0.09506476259789623,0.12981232652670896,0.10361477109824553,0.029209371390651093,0.046501499510043905,1.0
0.16,0.6805060846604931,1.0,1.0,1.0,0.09218375845469942,0.12816915898066278,0.0935507733485689,0.028360891601779476,0.039036766052154025,1.0
0.16,0.5658746708285486,1.0,1.0,1.0,0.09763832976774685,0.13807044224870293,0.10589039794003996,0.03448631737116141,0.04242218597463829,1.0
0.16,0.6202064422070126,1.0,1.0,1.0,0.103538674503418,0.14845532287837965,0.11717225263537918,0.032469089913062146,0.0447889600854481,1.0
0.16,0.6191956448460145,1.0,1.0,1.0,0.10976163432684785,0.12519497455753872,0.09586984795202962,0.03167861911993368,0.04122777709122238,1.0
0.16,0.7143196425045708,1.0,1.0,1.0,0.08893855346711528,0.12297686304522377,0.0896892785494007,0.027616601233833426,0.03786104476032532,1.0
0.16,0.616618601545972,0.0,0.0,0.0,0.10943080122085844,0.13543569152829654,0.11932690941080812,0.03150055942663896,0.04472891260682141,1.0
0.16,0.6831715522001064,1.0,1.0,1.0,0.0947729338107522,0.11310177672313146,0.09804074827714689,0.02836671594490071,0.03932368146775306,1.0
0.16,0.5942040427253544,1.0,1.0,1.0,0.11040136553976235,0.1173316300301073,0.09296429890415817,0.03116709596982482,0.04019628296325126,1.0
0.16,0.6425713063478018,1.0,1.0,1.0,0.09185004180993188,0.13221059563923315,0.10652664172417652,0.03007190253924757,0.039167910253145526,1.0
0.16,0.6800416995017399,0.0,0.0,0.0,0.10658470987274542,0.10989246885190322,0.0858548407601353,0.027606816447092328,0.037588280358251444,1.0
0.16,0.5977634614046584,1.0,1.0,1.0,0.1037687351303201,0.1513499605541516,0.10365283394630946,0.0330099274925855,0.044518730755492175,1.0
0.16,0.6021352302240672,1.0,1.0,1.0,0.1125635315790405,0.14843149886257975,0.1191911244899756,0.03124199577798836,0.041309575285178764,1.0
0.16,0.7504699186207888,0.0,0.0,0.0,0.07650775483061382,0.11379694924201866,0.0693277402051795,0.026185521651451885,0.03383017054944318,1.0
0.16,0.609035072137703,1.0,1.0,1.0,0.11351195567477576,0.14036837619216785,0.10438221210260983,0.031627314915992126,0.042575939089302295,1.0
0.16,0.5687836886033717,1.0,1.0,1.0,0.13169399940900434,0.15254530410662404,0.11475130238734446,0.03338534126390606,0.04210203604481252,1.0
0.16,0.6278828414824776,1.0,1.0,1.0,0.08987566006070664,0.1415207889059949,0.10393435571044454,0.0328630547042469,0.04739950847462028,1.0
0.16,0.7282097259262208,1.0,1.0,1.0,0.08236181333034426,0.12828618315105078,0.08861576254148118,0.02661430153898167,0.039043799493233555,1.0
0.16,0.5795320657093201,1.0,1.0,1.0,0.09535024640482044,0.1431703225584378,0.1142712593841851,0.0333847953998499,0.044076452390116726,1.0
0.16,0.6282169180400768,1.0,1.0,1.0,0.1047743969051915,0.1355968623295606,0.10046761137643923,0.031508809053294104,0.04266973115722407,1.0
0.16,0.6014237319558652,1.0,1.0,1.0,0.10187047089407461,0.14965468693939427,0.10866304581017354,0.03325699292752826,0.04359570126986121,1.0
0.16,0.629528524532243,1.0,1.0,1.0,0.09647273529513965,0.12644855912757985,0.09325254160235186,0.02976209388109953,0.044579004581192835,1.0
0.16,0.6050612579406187,1.0,1.0,1.0,0.10693161372925468,0.1408095164099951,0.10291519865207795,0.03238697455900136,0.04150719765756117,1.0
0.16,0.6390917728289819,1.0,1.0,1.0,0.08892635041583437,0.13255067035966622,0.09852292533103202,0.028172874743468378,0.03925765011477132,1.0
0.16,0.6425877949002842,1.0,1.0,1.0,0.10376555197432369,0.15800111182387774,0.11617156700266122,0.029628963978090273,0.04083381035400199,1.0
0.16,0.656785050234399,1.0,1.0,1.0,0.1047998065001231,0.12063021121530296,0.09739570753702093,0.027977914615261435,0.038129338760477464,1.0
0.16,0.6538288229190478,1.0,1.0,1.0,0.10208075854296517,0.13515532769262378,0.09170619316613557,0.029196363751099418,0.04138126439201494,1.0
0.16,0.6220796319025426,1.0,1.0,1.0,0.10231594705954168,0.13556845106860652,0.10196311419050637,0.03223648751126815,0.045734184167208876,1.0
0.16,0.6581459204241982,1.0,1.0,1.0,0.09316007579732605,0.13134657667026473,0.09689466765126062,0.02966093150056266,0.04198770937707364,1.0
0.16,0.5260655963272806,1.0,1.0,1.0,0.13315161654182195,0.1605403391120133,0.14079902425578977,0.03733606497074286,0.05076319758768876,1.0
0.16,0.6910340768657666,1.0,1.0,1.0,0.09614059929013699,0.12455356305515337,0.08541305304520558,0.026635676817167254,0.03921351493747445,1.0
0.16,0.6137474115343283,1.0,1.0,1.0,0.10658320136396737,0.15102580106284122,0.1298017148073319,0.03139697731986848,0.043487486297966574,1.0
0.16,0.6171860726623065,1.0,1.0,0.0,0.10362699570574763,0.12270241316812128,0.09918781481007573,0.030194729896059175,0.0408734119029076,1.0
0.16,0.6364399392718008,1.0,1.0,1.0,0.10145461139880407,0.13537028470860468,0.12259653773439287,0.029424936052494077,0.04422211108869885,1.0
0.16,0.5750296176152816,1.0,1.0,1.0,0.10649845539937015,0.15346802359453343,0.11412852581285231,0.030952237151725882,0.04164819388322058,1.0
0.16,0.6418498728177711,1.0,1.0,1.0,0.10469348373775648,0.1154406380453505,0.0928485730491894,0.02963201719204589,0.03950588769125762,1.0
0.16,0.5872447689142717,0.0,1.0,0.0,0.10654274704119995,0.14286645298938766,0.11121448361115197,0.03304429511910414,0.043059775239359575,1.0
0.16,0.709790789213134,1.0,1.0,1.0,0.08028158343515472,0.10526026141144673,0.09031946233383464,0.02559519776457802,0.039543495032713545,1.0
0.16,0.7048262155102011,0.0,0.0,0.0,0.09064943389464782,0.12533049444501362,0.09980078071465695,0.028299271667146055,0.037735037637833535,1.0
0.16,0.6416420621115851,1.0,1.0,1.0,0.11490198202821549,0.13542794458523064,0.102793255574119,0.03048020474810775,0.04374753028085603,1.0
0.16,0.5607285467625516,1.0,1.0,1.0,0.11494169726297102,0.1287946747668732,0.1087238985251621,0.0354599766853852,0.04174648481341628,1.0
0.16,0.6289768714791661,1.0,1.0,1.0,0.10603425529356063,0.13390666931320022,0.10468690093037894,0.030550503749532814,0.04011572615535233,1.0
0.16,0.5929316768717973,1.0,1.0,1.0,0.11869242441759938,0.13638212394319568,0.10891091750260684,0.03448674625886372,0.04752842794332015,1.0
0.16,0.5614834904901782,1.0,1.0,1.0,0.10999856792810132,0.13725307727938818,0.11676629205590941,0.03485903931567698,0.04634272075392836,1.0
0.16,0.6786409473268809,1.0,1.0,1.0,0.09221194378809738,0.11063237292105481,0.07911586478100253,0.02887119393236743,0.036799012944252286,1.0
0.16,0.7443686570319871,1.0,1.0,1.0,0.0963597134902689,0.11607642896647534,0.07358931607650639,0.026313153096268853,0.03568102401553519,1.0
0.16,0.5943691307920661,1.0,1.0,1.0,0.11702553694822267,0.1506878757437375,0.10872985193821252,0.03280341566534331,0.04447866287307604,1.0
0.16,0.6975342545333327,1.0,1.0,1.0,0.08000785767269156,0.1247343727115896,0.10386252192329035,0.029307956313955694,0.04057736048055921,1.0
0.16,0.6252609278041363,1.0,1.0,1.0,0.10492922347295872,0.13905809069018965,0.12473303112524166,0.029040615536224914,0.04230545160788612,1.0
0.16,0.7080023421000953,1.0,1.0,1.0,0.08027747207676812,0.11726673361914217,0.08263829741600613,0.029008635322382483,0.04174486268067084,1.0
0.16,0.6774626287013682,1.0,1.0,1.0,0.09455115689020152,0.12933155413160474,0.09975182134415919,0.028781538688551746,0.04468226169095586,1.0
0.16,0.7467479992057705,1.0,1.0,1.0,0.08169718982859327,0.1299621093617394,0.09036299139136547,0.028118894388256974,0.03758933422302126,1.0
0.16,0.6905346879329135,1.0,1.0,0.0,0.08501773418168343,0.11935395725606013,0.0901161397843791,0.02845041238635211,0.03882972431494239,1.0
0.16,0.7496185870712571,1.0,1.0,1.0,0.0797680764882244,0.10991146575866806,0.08267632141237083,0.026041820623327685,0.03690299220713136,1.0
0.16,0.684190583973104,1.0,1.0,1.0,0.1091388633631816,0.1171250132041856,0.09383103372592047,0.03149450968153075,0.042212333541908335,1.0
0.16,0.5658633718714338,1.0,1.0,1.0,0.13540639792419518,0.15669918679970068,0.11329630202191066,0.03501079999771193,0.04454072570132998,1.0
0.16,0.6205313944700956,1.0,1.0,1.0,0.1050410606027908,0.13901075796651732,0.10309912531108112,0.03164470424867627,0.04295100272985902,1.0
0.16,0.6072838490364483,1.0,1.0,1.0,0.11314102834871398,0.13307850808607327,0.11096436723769612,0.03068909464464767,0.04114325715587278,1.0
0.16,0.7607625463808191,0.0,1.0,0.0,0.08594504245424514,0.12794728957704032,0.0926019992848335,0.025281564539782423,0.03800451561167195,1.0
0.16,0.6794551308036655,1.0,1.0,1.0,0.09022000054284264,0.1246252174570813,0.10195924559351424,0.03022631958287008,0.0380250772841479,1.0
0.16,0.6822204063169328,1.0,1.0,1.0,0.09190481272011816,0.10473211583191348,0.08750218521981376,0.02729462198013233,0.03784162656542038,1.0
0.16,0.6975607285871759,1.0,1.0,1.0,0.0999521530213273,0.13508410849444058,0.09386543364732744,0.028258410914519815,0.039198780584658414,1.0
0.16,0.5835953047444311,1.0,1.0,1.0,0.10919407016560714,0.11974295731974091,0.09900384040098606,0.03418006734330843,0.043348924267511746,1.0
0.16,0.5786213588870232,1.0,1.0,1.0,0.09996183179474573,0.13994166156301727,0.1120584975638061,0.03539445222645437,0.04592871093847431,1.0
0.16,0.6442483512944441,0.0,1.0,0.0,0.09065000144868836,0.12722712672957842,0.11730556429127163,0.031300761957028106,0.045172106639849614,1.0
0.16,0.6489574029093906,1.0,1.0,1.0,0.10628011965431636,0.15221214874657224,0.10771522286858862,0.02956308018082214,0.037195531072293855,1.0
0.16,0.6034653341418009,1.0,1.0,1.0,0.11014974297517899,0.14029006029954377,0.11312714349118083,0.03525157566327608,0.04563410055832723,1.0
0.16,0.592625753300265,1.0,1.0,1.0,0.10438557572646312,0.15791041293007832,0.12280901926219637,0.02985184830938527,0.04385864104663994,1.0
0.16,0.6203690267162365,1.0,1.0,1.0,0.11243047035697798,0.13980656300938069,0.10503774989260632,0.030515973457394124,0.042427805973333114,1.0
0.16,0.6580459240175549,1.0,1.0,1.0,0.10266085053066651,0.1267222726082326,0.08970607213123385,0.02861938785495085,0.0367967269562213,1.0
0.16,0.5974811970761388,1.0,1.0,1.0,0.10483174903369548,0.1204118315934382,0.09315581333140971,0.029428241752468342,0.03890841155805966,1.0
0.16,0.6394747160918628,1.0,1.0,1.0,0.11599310974117763,0.1286995095370625,0.0987590100355374,0.032533430457441455,0.042272589167625566,1.0
0.16,0.5861697842284557,1.0,1.0,1.0,0.10329096738167876,0.13876338227116153,0.09806524599137122,0.034840133671069536,0.04382583720420381,1.0
0.16,0.7448024305255443,0.0,0.0,0.0,0.10113351243833799,0.1296563952953725,0.09087490442415111,0.023178230783198445,0.03541177249822419,1.0
0.16,0.6043402884911675,1.0,1.0,1.0,0.0994124672439892,0.1460141087524503,0.09764962486072581,0.03206233677207002,0.04017297215277897,1.0
0.16,0.6945202230129964,1.0,1.0,0.0,0.09509076122404395,0.12327226600374001,0.09763254420266722,0.027457564644519476,0.036621276912952735,1.0
0.16,0.6087814588242597,1.0,1.0,1.0,0.1123252857010881,0.15109192834780516,0.11190801008872983,0.03290205664487908,0.047116105441768356,1.0
0.16,0.5823427725178266,1.0,1.0,1.0,0.11636154229523579,0.1952849501898508,0.12243316509873044,0.03308671851392706,0.04477987755380526,1.0
0.16,0.6274405052825918,1.0,1.0,1.0,0.09859333262086659,0.12951091486864644,0.09421436967949921,0.03144331672395048,0.036953627251116485,1.0
0.16,0.6789496259232547,1.0,1.0,1.0,0.09723432410763534,0.1495430217127558,0.11303016760150253,0.027162252100063893,0.04283972741202551,1.0
0.16,0.5745136518178288,0.0,1.0,0.0,0.10752577732861757,0.1389020752558055,0.11167824877928714,0.03509632392820925,0.04054150093768014,1.0
0.16,0.6100147356810276,1.0,1.0,1.0,0.12144423045165922,0.14003785951328612,0.09182128412978074,0.02989384152899794,0.03842556587478833,1.0
0.16,0.6318114285044932,0.0,0.0,0.0,0.10716052807901802,0.12670394414095598,0.10704384475987752,0.030477001892854218,0.042181755366218286,1.0
0.16,0.5929693925726368,1.0,1.0,1.0,0.11401882828798608,0.13080346244871655,0.10214093999314193,0.03364716528979679,0.045885468929496104,1.0
0.16,0.7219663164065434,1.0,1.0,1.0,0.09249681403598668,0.1253262094232098,0.10490331348563783,0.026743931354721296,0.04106923119593858,1.0
0.16,0.7361102403541434,1.0,1.0,1.0,0.09170141324232647,0.10325247805726467,0.07397060368307726,0.025900559047223368,0.03356900209470762,1.0
0.16,0.65502678678348,1.0,1.0,1.0,0.09308323793076297,0.13651161013992333,0.10580294038799598,0.025606061399300946,0.04253034878155257,1.0
0.16,0.6485278277543449,0.0,1.0,0.0,0.09258749380213441,0.10680601199398801,0.08974925696645013,0.02964964311530857,0.04049328191766351,1.0
0.16,0.6512546336426821,1.0,1.0,1.0,0.09939866462798505,0.12079187473682992,0.0857655069156037,0.030929963231966902,0.03781369655265401,1.0
0.16,0.6467747989853426,1.0,1.0,1.0,0.12501780616465158,0.1181308158892844,0.07960398923888233,0.029025670847761944,0.03763327087186311,1.0
0.16,0.6533945000768733,1.0,1.0,1.0,0.10081867781700811,0.12184474459451596,0.10538829858503085,0.02855744571222709,0.044180420929538534,1.0
0.16,0.5768211138789376,0.0,1.0,0.0,0.10358341870147489,0.15042806425472047,0.12499287395500511,0.03262745345982993,0.04278969798754433,1.0
0.16,0.7241434636983115,1.0,1.0,1.0,0.08686208403391264,0.10783880206992968,0.0879182688218356,0.026968915595223228,0.03976469358564392,1.0
0.16,0.7351867923883527,0.0,1.0,0.0,0.08009522260075974,0.11526475585277976,0.08295703999304106,0.026670497509077445,0.03880532442464962,1.0
0.16,0.709850958993832,1.0,1.0,1.0,0.09291251703080235,0.1339413473946046,0.10308162971793586,0.02626723266224552,0.037194897701178425,1.0
0.16,0.6431992155763769,1.0,1.0,1.0,0.10164569658520262,0.13226227682511354,0.08821852268045574,0.029440440575330493,0.03841988535283972,1.0
0.16,0.641032630928443,0.0,1.0,0.0,0.10070951160712274,0.11631878619586697,0.09801956771137103,0.030132302786363478,0.038372590734763595,1.0
0.16,0.7005473861587856,1.0,1.0,1.0,0.10114288317364802,0.1243298690917638,0.09642568195102234,0.026665593802068618,0.03850946078899184,1.0
0.16,0.6460886106790923,1.0,1.0,1.0,0.09736482338508513,0.1349480041888483,0.1049102451502616,0.030866053211926193,0.04416636450457302,1.0
0.16,0.6296611687566736,0.0,0.0,0.0,0.10983876779374535,0.1341270363216828,0.11146558997662241,0.030644875896348102,0.04183949361053415,1.0
0.16,0.8099725252072272,1.0,1.0,0.0,0.07996196270462928,0.11521567928355236,0.08524530161100549,0.025116754864218906,0.03489833525423822,1.0
0.16,0.6103278000002725,1.0,1.0,1.0,0.11697488962586562,0.14427618279833043,0.10688391420848009,0.033304735540413806,0.041070098417385605,1.0
0.16,0.6182852065749334,1.0,1.0,1.0,0.12171828097367947,0.1376441641553372,0.11325553802416657,0.02897270630541691,0.04023749010760908,1.0
0.16,0.6805392623252703,1.0,1.0,1.0,0.11174981678554274,0.13591357336165197,0.11397008681689454,0.02546482094964377,0.04175515353742692,1.0
0.16,0.7223845187627101,1.0,1.0,1.0,0.08084886825958874,0.12368057247783844,0.09463293046940524,0.027797591140102763,0.042761346408237595,1.0
0.16,0.6572632006955889,1.0,1.0,1.0,0.09328448836974121,0.1361286233642015,0.09520724157693854,0.03203214449298656,0.04009724877825383,1.0
0.16,0.8132446934792774,1.0,1.0,0.0,0.08528384326391403,0.10871459735052671,0.0687107609035669,0.024950367668624206,0.03656862691446985,1.0
0.16,0.743433919024982,1.0,1.0,1.0,0.08668731994781922,0.12531708829275917,0.09740660638005613,0.026510867772623868,0.03822776288782125,1.0
0.16,0.7286687936720672,1.0,1.0,1.0,0.0868655756733258,0.1218963366925806,0.09859113330497334,0.027465620749391743,0.04121146297876503,1.0
0.16,0.5218736235917397,1.0,1.0,1.0,0.12201856081212037,0.1422717200465383,0.11186120089549792,0.03786153522965248,0.04421811949807165,1.0
0.16,0.6989262687994969,1.0,1.0,1.0,0.09285727645092096,0.12533086934219712,0.10059074286739451,0.028040362667980222,0.04044877469913396,1.0
0.16,0.6552271831551127,0.0,1.0,0.0,0.09009464603329798,0.14036532239789065,0.1072582540314059,0.029967688513381035,0.043107874350800775,1.0
0.16,0.805816193132562,1.0,1.0,0.0,0.09158058460915235,0.10849056730398676,0.09017151259095653,0.024779747165335736,0.03934287709125823,1.0
0.16,0.7543076862153295,0.0,1.0,1.0,0.0816073915622041,0.11257337158629122,0.09119899677235702,0.025636430936683455,0.039576495622534,1.0
0.16,0.5468637690187997,1.0,1.0,1.0,0.12284320411145899,0.12812275231245332,0.10541836301806211,0.0367990020188347,0.046291136312079886,1.0
0.16,0.5764265103872658,0.0,1.0,0.0,0.1017713282468286,0.13911637737811117,0.1154095266781904,0.033764484488756484,0.0475180457863291,1.0
0.16,0.6207360703761403,1.0,1.0,1.0,0.107808920774411,0.1519033667701157,0.11692774983757206,0.029130354496510743,0.0447129894891824,1.0
0.16,0.7343017519576154,1.0,1.0,1.0,0.07887784727005752,0.1272744018579568,0.10999680875191901,0.028439519641154706,0.042645298392787225,1.0
0.16,0.6430164604724697,1.0,1.0,1.0,0.12855034410213112,0.12831886955775176,0.10387519471038353,0.030373383693679815,0.04263293574456958,1.0
0.16,0.726860805853929,1.0,1.0,1.0,0.08639037688647906,0.11695116091932997,0.08827970820330604,0.027596903622340654,0.03812709138443199,1.0
0.16,0.6154085369406712,0.0,1.0,0.0,0.11635580636580958,0.1353237095250993,0.10722456390849071,0.03269592000644746,0.042088427772422915,1.0
0.16,0.6300205769310712,1.0,1.0,1.0,0.10932684339978838,0.12539044847806233,0.10332974524263487,0.03012558581807832,0.042757832755548314,1.0
0.16,0.6574167034696591,1.0,1.0,1.0,0.0968277528170913,0.11810624198205033,0.08485607089824734,0.029981842979331617,0.04094260136429318,1.0
0.16,0.6452662731833072,1.0,1.0,1.0,0.10354805303546866,0.14690101525669366,0.11772406177865238,0.028923011261404438,0.04313395044530921,1.0
0.16,0.5840424817243416,1.0,1.0,1.0,0.11332247958381367,0.1289659665125643,0.1059800661045081,0.034172055189569985,0.0433516308488554,1.0
0.16,0.6005281751966268,1.0,1.0,1.0,0.10550397995896202,0.13378752069965816,0.09166459056005641,0.032568055990538414,0.04105128382299026,1.0
0.16,0.6991924833633427,0.0,1.0,0.0,0.09499271990513314,0.14604351418685163,0.0974176554482322,0.028335781543610983,0.041515287429769614,1.0
0.16,0.6146152364610542,1.0,1.0,1.0,0.09555858092959116,0.12094777408753128,0.09809799056120146,0.030855966958805815,0.04266341416703963,1.0
0.16,0.5975302810023226,1.0,1.0,1.0,0.10250318741841073,0.12439614936022744,0.10631389356012513,0.03294361819066002,0.044404452958681936,1.0
0.16,0.6274556640989649,1.0,1.0,1.0,0.09087088042051676,0.1507736609815118,0.12906620471422453,0.03162445155400021,0.04514372705558336,1.0
0.16,0.7782626893583219,1.0,1.0,1.0,0.08385374014070249,0.13956833464459356,0.07932858915686433,0.024066643008623757,0.03598412477731902,1.0
0.16,0.7199165925834778,1.0,1.0,1.0,0.08780674601400462,0.10504650787097533,0.07500696778232227,0.026503392323729134,0.036970624877474476,1.0
0.16,0.5811655652189015,0.0,1.0,0.0,0.0944532005006702,0.12393632780855376,0.10126377688088595,0.03352060277009646,0.04314636526848714,1.0
0.16,0.666168084621663,1.0,1.0,0.0,0.08951904255046017,0.10303517999725406,0.07707305257833133,0.02946439108637863,0.037770260376119434,1.0
0.16,0.6546661805789882,1.0,1.0,1.0,0.09597579595035872,0.14897136584306747,0.11044161467472913,0.028717582511824054,0.04456629767988945,1.0
0.16,0.6355977620312394,1.0,1.0,1.0,0.10119550092911034,0.12655406872394614,0.11381019953132912,0.02866968050471887,0.04324517971754209,1.0
0.16,0.5021061247141589,1.0,1.0,1.0,0.14265523353068793,0.1774973172589705,0.15516818864510337,0.03746899192295373,0.05031952821617793,1.0
0.16,0.5906995193698343,1.0,1.0,1.0,0.10863048700806657,0.16169412517191403,0.13849253312394894,0.03392710808181738,0.046880600186211006,1.0
0.16,0.7281171029898013,1.0,1.0,1.0,0.09254729342023993,0.1239630372231697,0.09977282215618506,0.027812507947322863,0.03833130235379251,1.0
0.16,0.694037730024811,1.0,1.0,1.0,0.10370853907449488,0.11874999634511338,0.08885379813765398,0.02823827077591737,0.03862697751169721,1.0
0.16,0.6414989240028577,0.0,1.0,1.0,0.0834412824496669,0.12860080977998914,0.11215229401436547,0.030385871060598913,0.04806036165457936,1.0
0.16,0.9060302752387961,1.0,1.0,1.0,0.0632977952707291,0.1280270175679365,0.10031727795704552,0.022704681786697226,0.04383922004959876,1.0
0.16,0.6458626154569658,0.0,1.0,1.0,0.08813476332153493,0.15418103404636335,0.10700785709600191,0.030732287150016413,0.04193261653237726,1.0
0.16,0.6982612533901656,1.0,1.0,1.0,0.09885569590469415,0.13656365612968285,0.09667014238217532,0.02742333604704506,0.04023136570456223,1.0
0.16,0.7193809843909269,1.0,1.0,0.0,0.091374328171594,0.1408836803637689,0.09976170628090786,0.02674283465157601,0.039827259943879804,1.0
0.16,0.5549593475078849,1.0,1.0,1.0,0.10950384398942888,0.14004762586576391,0.11492750441099138,0.0377773131734212,0.04800095967556471,1.0
0.16,0.5943324117495008,1.0,1.0,1.0,0.09793403204336927,0.14008849828094153,0.12254152761522234,0.03142087137792243,0.043569417059330096,1.0
0.16,0.6244173569578765,1.0,1.0,1.0,0.12451744264723823,0.13882250627620502,0.1147409689377457,0.02991323025445345,0.04516125423028534,1.0
0.16,0.7139386028578041,0.0,1.0,1.0,0.07916792901997997,0.12855846210281646,0.10079371955488887,0.026290214878902044,0.0402493206948932,1.0
0.16,0.5744084988135442,1.0,1.0,1.0,0.1117209127717951,0.15544727742694237,0.10251784686349112,0.03386570854807056,0.042896893725097855,1.0
0.16,0.6480318417974226,1.0,1.0,1.0,0.11997945271918373,0.14469159522664501,0.10223511321940908,0.03075593297612395,0.04200520010129224,1.0
0.16,0.6525202626503551,0.0,1.0,0.0,0.09538193090208359,0.1342373549918978,0.0973950387281439,0.030156375247678467,0.04043981435737036,1.0
0.16,0.5498741917556705,1.0,1.0,1.0,0.13659100305247673,0.14472070166271678,0.12468053188529357,0.03400621276144959,0.04181821720116318,1.0
0.16,0.6499502924288312,1.0,1.0,1.0,0.1009904545572935,0.12044318504974358,0.08809216673207446,0.028958855816064024,0.03939865694706066,1.0
0.16,0.770685962339881,1.0,1.0,1.0,0.09474773856120791,0.11991217351905362,0.08765253989583568,0.027544783538917268,0.040121461465132506,1.0
0.16,0.5317909660619148,1.0,1.0,1.0,0.11136000549483986,0.15881830942854794,0.11491193462399119,0.035091884753529284,0.04711325553882847,1.0
0.16,0.5083172041589992,1.0,1.0,1.0,0.11384302660094132,0.16048976822500888,0.12300782661425473,0.03859482187274901,0.045204340713730896,1.0
0.16,0.5788931973282149,1.0,1.0,1.0,0.10808444582363026,0.15625950247948533,0.12190396971168929,0.03255205304066132,0.04515546118112747,1.0
0.16,0.6578443983696274,1.0,1.0,1.0,0.09829652773525226,0.14211186479918808,0.10147090654131234,0.03074658477542061,0.04165712207917172,1.0
0.16,0.7665979535882559,1.0,1.0,1.0,0.08611669194282093,0.12148461860758766,0.0972423138095968,0.02673987943365747,0.038652460904228206,1.0
0.16,0.5647332000150327,1.0,1.0,1.0,0.1193094462271882,0.117541335681454,0.11417606373124704,0.03394644849164224,0.041217234769519086,1.0
0.16,0.5776405394825191,1.0,1.0,1.0,0.09847862276410572,0.1555754015433563,0.12702152851547932,0.03443637374218398,0.04661485603376317,1.0
0.16,0.5691582571072239,1.0,1.0,1.0,0.11236779459946707,0.13862853873332875,0.11477516210809668,0.03452800227815756,0.047123543045470624,1.0
0.16,0.6110374112935242,0.0,1.0,0.0,0.10079476024335274,0.1439831948718417,0.11479240889142081,0.031674919848743203,0.043219656550881454,1.0
0.16,0.5747874757621227,1.0,1.0,1.0,0.11311091177023129,0.13863827294277326,0.11422191082861513,0.03286626921797819,0.04580341658126275,1.0
0.16,0.7439278417777098,0.0,1.0,0.0,0.09375268372244724,0.11193946457249819,0.09022902721801056,0.025427987235979835,0.03742734025696102,1.0
0.16,0.6226848553192817,1.0,1.0,1.0,0.12032894698083693,0.13399697113865255,0.10270046913433392,0.02937071500103621,0.040532745726447494,1.0
0.16,0.5522911874383446,1.0,1.0,1.0,0.11365434922883647,0.14599317419912933,0.12352286207464251,0.035814938928526115,0.04556664344051422,1.0
0.16,0.6270864752915124,1.0,1.0,0.0,0.10751029268309278,0.12296831898824508,0.08789933311904903,0.030650110740485424,0.038746600655206014,1.0
0.16,0.6476376255567593,1.0,1.0,1.0,0.09788238509032618,0.14847787458776968,0.11105787189878795,0.02988849489714232,0.04194156278117222,1.0
0.16,0.6672139985224158,1.0,1.0,1.0,0.10805790015221191,0.12369006888422258,0.10648050825172854,0.03144157457626106,0.04342282628486795,1.0
0.16,0.6958986381056167,1.0,1.0,1.0,0.08692129055398409,0.09791348438534744,0.0753107491734756,0.028781818424473107,0.0366620497826244,1.0
0.16,0.6586669881640094,1.0,1.0,1.0,0.0912967850348557,0.13371474052331683,0.10543744351061024,0.029573607019235334,0.0395566341654999,1.0
0.16,0.6070051298091749,1.0,1.0,1.0,0.0977275763063869,0.13497943986813807,0.11168608459087015,0.031233817018818093,0.04890401612774798,1.0
0.16,0.6776012602026421,1.0,1.0,1.0,0.084978774473871,0.11401759839126313,0.08447278180168191,0.02864102295105465,0.03731686137467829,1.0
0.16,0.656232701074514,0.0,1.0,1.0,0.10079103156046047,0.1299676888747402,0.10357877719705691,0.028428004808603514,0.042825475301082855,1.0
0.16,0.6562010664604608,1.0,1.0,1.0,0.09541319173367983,0.10815390691836031,0.09467993951380119,0.03137093073676789,0.040381865445972685,1.0
0.12,0.8897545433363059,1.0,1.0,1.0,0.07195922331231579,0.1037882695877699,0.0765576343376844,0.024100067515501377,0.03756987132670571,1.0
0.12,0.7769375547430958,1.0,1.0,1.0,0.09253126291183647,0.12100156913627476,0.08408547510239017,0.024690898570563995,0.0370680756702198,1.0
0.12,0.877113407492091,1.0,1.0,1.0,0.07679517819097634,0.08801288759117994,0.05821982284341909,0.0214723756692783,0.031108242215998474,1.0
0.12,0.9250364707804368,0.0,1.0,0.0,0.06711554805183582,0.09541403034804812,0.06467860391681288,0.021240567034797105,0.03148803376298063,1.0
0.12,0.7231756555028909,1.0,1.0,1.0,0.08137811953409296,0.10807586129841276,0.0876947081957268,0.027513543983214594,0.041446963743201684,1.0
0.12,0.8986630572923048,0.0,1.0,0.0,0.0731222773564288,0.11421733648243662,0.07214976575309986,0.02174377649654952,0.035559469998513345,1.0
0.12,0.9449702101554366,0.0,1.0,0.0,0.07262636329843226,0.10130378210029103,0.07445677184142774,0.020839451116415462,0.03229969940232013,1.0
0.12,0.90928512698278,1.0,1.0,1.0,0.07146001855622754,0.1193500430483891,0.0695893621205756,0.023694115688620947,0.036593042247837444,1.0
0.12,0.811056933470014,1.0,1.0,0.0,0.08651388457985387,0.10165474679581465,0.05816648425310308,0.023799870800308452,0.03310872802607939,1.0
0.12,0.7975420107346636,1.0,1.0,0.0,0.08516494862415218,0.10949920668853241,0.07957858056150897,0.023726007326599324,0.03452822753200815,1.0
0.12,0.805772284701226,1.0,1.0,1.0,0.09407286402288022,0.10698255955069995,0.10121628839630303,0.021837117941745938,0.034456199373596126,1.0
0.12,0.7148017578664962,1.0,1.0,0.0,0.09332360725318063,0.11543737789010375,0.07056817668203999,0.02745433504396698,0.03815631337639202,1.0
0.12,0.904257745117383,1.0,1.0,1.0,0.06357489700455303,0.09763847367265918,0.06508295669237385,0.022270586152917677,0.03265776058955356,1.0
0.12,0.9519577394841156,1.0,1.0,1.0,0.06804018304877195,0.10561724642994756,0.07361671229654562,0.02176799536904407,0.036896485934465754,1.0
0.12,0.7363436186200792,0.0,1.0,0.0,0.08144066965176133,0.12000911010523733,0.08543912481522231,0.027127811667443512,0.037635482348851466,1.0
0.12,0.9497555816981256,1.0,1.0,1.0,0.06685871601415436,0.09807946089217072,0.07215312036558218,0.019834258464779028,0.034968139644853256,1.0
0.12,0.8496622418164373,1.0,1.0,1.0,0.0743008120186214,0.1061628752743857,0.08478516506436348,0.02460563969419132,0.03622021460251351,1.0
0.12,0.8664439956834699,1.0,1.0,1.0,0.07216301683488154,0.10631648267550212,0.07465199847478456,0.021927730155394894,0.035379787748449354,1.0
0.12,1.0423322554607746,1.0,1.0,1.0,0.06256936429344569,0.09775382653408773,0.0582246738229916,0.019148165453259015,0.029870537231995266,1.0
0.12,0.9795259936000285,1.0,1.0,1.0,0.07225465202844131,0.10421069406975061,0.07360832642694248,0.019324693243325024,0.033896985213809294,1.0
0.12,1.0163013834439965,1.0,1.0,1.0,0.06398272722415643,0.13621794538403217,0.08722719521092363,0.020947877360748865,0.04163382143349504,1.0
0.12,0.967312101396937,0.0,1.0,0.0,0.0606209308839936,0.10098201346855977,0.0681506251571259,0.021485008513691662,0.03405557309012951,1.0
0.12,0.9961550523509021,1.0,1.0,0.0,0.06970447997891308,0.10238207643613977,0.06751035848177493,0.01932161557608668,0.034094722724566484,1.0
0.12,0.9264224229898119,1.0,1.0,1.0,0.07284989599234894,0.101941130026065,0.06586725340524606,0.020828520534048094,0.03226968795027841,1.0
0.12,0.7602305820487526,1.0,1.0,1.0,0.07901510855829605,0.11847070933201476,0.09519327300641045,0.025070826334488965,0.034191812762794635,1.0
0.12,0.8244515037572313,0.0,0.0,0.0,0.06852591833665218,0.11139179083428737,0.08339909970024302,0.02437366976511031,0.03802182488681305,1.0
0.12,0.8899208833998178,1.0,1.0,1.0,0.07194306362178578,0.10073452656957013,0.07810991016973587,0.023582771313004694,0.03467813283329301,1.0
0.12,0.7457325462459418,1.0,1.0,1.0,0.08096156405007557,0.12641823052990642,0.07627858249438514,0.024544253342764978,0.03613280945864944,1.0
0.12,0.9358165557060568,1.0,1.0,1.0,0.06865650852043775,0.12563674743172468,0.08149718567518241,0.020294504271902037,0.03642545861067799,1.0
0.12,0.7535674463211264,1.0,1.0,1.0,0.08434597214235268,0.11329834293365008,0.07825916681496671,0.02325420682255379,0.035131382864216555,1.0
0.12,0.865939335691132,1.0,1.0,0.0,0.08374592151766205,0.11147069421382212,0.06368659650929948,0.022330788131410876,0.03338536466932354,1.0
0.12,0.8231549617535429,1.0,1.0,1.0,0.07333934095459252,0.11926528973846189,0.07272353881565864,0.022431595378711245,0.03386488568332982,1.0
0.12,0.7863764573407893,0.0,1.0,0.0,0.0730390936253839,0.10289037437943682,0.0703347307103706,0.026064791585610623,0.03596839317520551,1.0
0.12,0.8683312018718911,1.0,1.0,1.0,0.07114497377021733,0.10540514856070346,0.07461423159886152,0.02343445705657217,0.03511409334545495,1.0
0.12,0.8744915040030492,1.0,1.0,1.0,0.07274219182007165,0.12623683450951634,0.06449490924461768,0.025227773453145877,0.0365578644361336,1.0
0.12,0.8244960940157853,1.0,1.0,1.0,0.07946882239654376,0.12237575237549661,0.08323029590320478,0.021237179843865903,0.034813111385307315,1.0
0.12,0.9116107742646186,1.0,1.0,1.0,0.06650394764909673,0.09594080670323693,0.07031053567434731,0.02054202201027346,0.03336330236638652,1.0
0.12,0.9430886074888137,1.0,1.0,1.0,0.07535463059205463,0.09263579816495646,0.06403502681654027,0.022333839358088938,0.03263764111904144,1.0
0.12,0.716044025708391,1.0,1.0,1.0,0.08091390076706868,0.11512095962138742,0.09303725724341548,0.028566117991517953,0.038620438932916355,1.0
0.12,0.8871607698195331,1.0,1.0,1.0,0.07812406076745029,0.11044238554926031,0.08217390917961831,0.021314721280849734,0.03421477142170951,1.0
0.12,0.7665720554346592,1.0,1.0,1.0,0.09014546358446336,0.12666082089809066,0.09469088800228279,0.024897858828214617,0.041149360334737574,1.0
0.12,0.8173253759588727,1.0,1.0,0.0,0.08206236767279533,0.11841398612465084,0.09361146633907771,0.024183254653353074,0.03682614464989046,1.0
0.12,0.7342395836119514,1.0,1.0,1.0,0.0821800018714303,0.11016857292329034,0.09558122079641149,0.026767410416819248,0.03848250621438155,1.0
0.12,0.8728668307123723,1.0,1.0,1.0,0.076063881105043,0.11237505702488042,0.07309919020891388,0.02108717971311618,0.03523185788347437,1.0
0.12,0.8092767477447089,1.0,1.0,1.0,0.0895889014330629,0.13194598616500242,0.09059061611707413,0.023199999588843934,0.03807277600274955,1.0
0.12,0.8997632127677796,1.0,1.0,1.0,0.07345703107963122,0.09296203309021252,0.0680289446160243,0.02248205569850089,0.03333848278826055,1.0
0.12,0.8585459564263836,1.0,1.0,1.0,0.07864577326824634,0.09728398253720028,0.07784477192089634,0.022901665110859275,0.03448789190292292,1.0
0.12,0.8028107298584772,1.0,1.0,1.0,0.07841371681165446,0.10355871794730191,0.07569035752625757,0.02328279794123213,0.03626204180159052,1.0
0.12,0.9134118721102515,1.0,1.0,1.0,0.06904639588337036,0.1111018397979898,0.0740181463123646,0.021417313244610534,0.03548784355571149,1.0
0.12,0.8918280566621607,1.0,1.0,1.0,0.07953154866570092,0.10694312695921464,0.09899759839555093,0.021046602308768706,0.03583217657704111,1.0
0.12,0.9023408773154046,1.0,1.0,1.0,0.07670146159012496,0.10794680679240283,0.07354636486466914,0.022489679081428404,0.03449674692295677,1.0
0.12,0.8812606969949336,1.0,1.0,1.0,0.0636671123634994,0.0990657531436853,0.08144447739474832,0.02319201375161323,0.04085697249115554,1.0
0.12,0.7811340572329889,0.0,1.0,0.0,0.08232252774597537,0.12030716091726179,0.07597972120348521,0.025467657566823673,0.03569770087844116,1.0
0.12,0.9380618713167418,0.0,1.0,1.0,0.06106499450223406,0.09771711059204083,0.06704755589632547,0.020044215054487047,0.03310484108785929,1.0
0.12,0.6772406999528353,1.0,1.0,1.0,0.10397779487091685,0.13232398621474667,0.09576682667951548,0.027785755911216868,0.037385317763563755,1.0
0.12,0.7536428577642816,1.0,1.0,1.0,0.09766559791665294,0.11883070340388806,0.083228065920951,0.024815713787008045,0.03834379133302494,1.0
0.12,0.865808301792515,1.0,1.0,1.0,0.08382142021832287,0.11208846832483436,0.07266803761688564,0.020980923676729366,0.03353595894204955,1.0
0.12,0.8111997767287399,1.0,1.0,1.0,0.08898986261041511,0.10310901536648169,0.0652319153820214,0.02458059349463626,0.03395874950231769,1.0
0.12,0.9123631640727523,1.0,1.0,1.0,0.07592608837018792,0.11817621623230931,0.08880161777542321,0.018947632375560887,0.03522468170631854,1.0
0.12,0.8782496025990149,1.0,1.0,1.0,0.06109467998286712,0.11721995832191748,0.09488509237235576,0.021600496851448617,0.038573760480745296,1.0
0.12,0.7112112419083886,1.0,1.0,1.0,0.0955839598927044,0.11927284430922643,0.10235225710182398,0.02648609260295541,0.03949155843761425,1.0
0.12,0.6628899112107459,1.0,1.0,1.0,0.10448617912739144,0.12622925599966042,0.09507011926400141,0.02731236215267095,0.040468348201534526,1.0
0.12,0.8607290941111809,1.0,1.0,1.0,0.0796526968445523,0.11060909481272344,0.08089641414207942,0.02101919531117063,0.03624503900230768,1.0
0.12,0.9673411854540043,0.0,1.0,1.0,0.05884172972298216,0.11219436397189723,0.0764993137443752,0.02047460641107465,0.035392186601690134,1.0
0.12,0.7663763276007185,1.0,1.0,1.0,0.07796793344910116,0.1164615004336395,0.09135675472984854,0.02684166219724149,0.039863764155871895,1.0
0.12,0.9146806754790042,1.0,1.0,0.0,0.07193120346478722,0.11202348226275285,0.06971606318802426,0.02082086021641928,0.03455156466203871,1.0
0.12,0.7486687103721542,1.0,1.0,1.0,0.08106339910508785,0.13176733032233334,0.08645938660526706,0.026976871269001754,0.03888852298006265,1.0
0.12,0.8454218387093012,1.0,1.0,1.0,0.07975545815593331,0.12362730173134495,0.08995812178055589,0.021179636866918414,0.036243119390960817,1.0
0.12,0.8504512408739662,1.0,1.0,1.0,0.08097727343621355,0.11924872087510208,0.07924281991814104,0.0237478222695575,0.03769230015144559,1.0
0.12,0.8911611750742694,1.0,1.0,1.0,0.07336641912168497,0.12086988994695409,0.08440303299595742,0.02012081177363721,0.03649847063930377,1.0
0.12,0.8642689042891233,1.0,1.0,1.0,0.08257009164557978,0.10598388676210371,0.0699782319687274,0.022231186272581666,0.03155748212956668,1.0
0.12,0.8204250136736494,1.0,1.0,1.0,0.07812564210354131,0.10923063742690801,0.09079801701646288,0.024090045099032197,0.03592607597821498,1.0
0.12,0.9641265055430853,1.0,1.0,1.0,0.05883558128255617,0.1071164097947789,0.07466341239755174,0.02003698563746794,0.035097341692455056,1.0
0.12,0.8902532883183989,1.0,1.0,1.0,0.06926913368245999,0.11169797377347843,0.0816004525142788,0.02299166261600955,0.03633337221810661,1.0
0.12,0.959744887867936,1.0,1.0,1.0,0.06617546625501405,0.10117050215833094,0.07039195290435399,0.021055602350571863,0.036032531896569873,1.0
0.12,0.8372154587014627,1.0,1.0,1.0,0.0735560928163988,0.11898991447215282,0.08979093350856744,0.02387699043188854,0.03842822439082452,1.0
0.12,0.7950904287122859,0.0,1.0,0.0,0.07706288777530021,0.10469322733816325,0.08168588772031389,0.0244666401329353,0.03515483814764263,1.0
0.12,0.850688220252985,1.0,1.0,1.0,0.08864081526501462,0.1132483072111217,0.08161841503333958,0.02217276243589799,0.03816732308989651,1.0
0.12,0.7225418359939683,1.0,1.0,1.0,0.09148281768718051,0.13053748426477005,0.08461170215825772,0.026406234175364248,0.035313920431194155,1.0
0.12,0.6679010737572498,1.0,1.0,1.0,0.0954191522807814,0.12720384044839567,0.10983838497123513,0.027638841181479305,0.03913835674674166,1.0
0.12,0.9186155359719688,1.0,1.0,1.0,0.07218436789416532,0.10418146803536013,0.07558334777147915,0.02136538795812769,0.03400597280912084,1.0
0.12,0.82739387041207,1.0,1.0,1.0,0.07084280851273575,0.11734693952015152,0.08084204153829505,0.02357329731068564,0.03608724087845674,1.0
0.12,0.802300206254367,1.0,1.0,1.0,0.08409017433497161,0.12115094125854375,0.10039687698882445,0.02515774041993362,0.03553712135079012,1.0
0.12,0.8562056349366027,1.0,1.0,1.0,0.08183257313038272,0.08942920974134141,0.061294645099976466,0.021021482001028532,0.03132745376954445,1.0
0.12,0.8779454940029197,0.0,1.0,0.0,0.0703329923241601,0.0887254706427461,0.06616307050221618,0.022349631629222683,0.035192150348506784,1.0
0.12,0.8583630602118089,1.0,1.0,1.0,0.08250656778776486,0.11894876090352242,0.1006945128650623,0.022245022332673784,0.03761849526552445,1.0
0.12,0.7634456862376011,1.0,1.0,1.0,0.08755308396285609,0.1514822611394475,0.11917739040569215,0.025056102594632538,0.040558628517770395,1.0
0.12,0.7546418286294491,1.0,1.0,1.0,0.07909430398074982,0.11975660283659366,0.08067040297178503,0.025467975998023556,0.03707760299827809,1.0
0.12,0.9044407586747951,1.0,1.0,1.0,0.08419543159505541,0.12102762272028018,0.08197771982865938,0.021620528741655223,0.03809495660471433,1.0
0.12,0.8961931235312686,0.0,1.0,0.0,0.07026124652956048,0.12022397399316084,0.09196294420869285,0.023058905273285073,0.03890306267383937,1.0
0.12,0.9305850876142531,1.0,1.0,1.0,0.07223777135992118,0.1219898618721496,0.09039061337380316,0.02198220224620985,0.03679689251785592,1.0
0.12,0.9953284201519089,1.0,1.0,1.0,0.06766193028258369,0.10971886411462362,0.08155716381326952,0.01896948682558152,0.035829181200121824,1.0
0.12,0.7135269000712156,1.0,1.0,1.0,0.10399614866723442,0.13650487003223444,0.10934904592833108,0.027168693711366602,0.04111971208883538,1.0
0.12,0.8714744214441774,1.0,1.0,1.0,0.08611863663688246,0.11533398975103197,0.06794991905973599,0.022261878286881004,0.03328111596892486,1.0
0.12,0.7453325963719201,1.0,1.0,1.0,0.08318242077358298,0.1262684827081015,0.10082541998564931,0.02817315814442323,0.04077799101223833,1.0
0.12,0.7940735721503219,1.0,1.0,1.0,0.08879530639511246,0.10972667312978017,0.07543253925539269,0.02454174613376411,0.035934014488265914,1.0
0.12,0.8148947165656324,1.0,1.0,1.0,0.09068669542874003,0.09996200327705199,0.07502126913816365,0.021802345521026608,0.035513794930105966,1.0
0.12,0.7027573393699582,1.0,1.0,1.0,0.10396368384254684,0.12516448965363164,0.09156598457414022,0.02716948349247691,0.039303168281662575,1.0
0.12,0.7520473726345415,0.0,1.0,0.0,0.07424412268351843,0.13708650633197866,0.07943836660357333,0.02526431594774107,0.036099222317656936,1.0
0.12,0.7762548876997427,1.0,1.0,0.0,0.08822305546719642,0.1030361085716871,0.06742967246148641,0.025794655912038937,0.03380759049102319,1.0
0.12,0.7573326250593826,1.0,1.0,1.0,0.08497196218850459,0.11367368252417638,0.08515825209583165,0.025983620089820737,0.0400018408880184,1.0
0.12,1.1815207875698932,0.0,1.0,0.0,0.04856144663156943,0.08933600937118959,0.04176752235510578,0.01732085048662805,0.027955942627023722,1.0
0.12,0.7472058749267806,1.0,1.0,1.0,0.07446946747623104,0.09932983183433627,0.07892652035533013,0.024052508015706388,0.03450345970670736,1.0
0.12,0.8147282237095943,1.0,1.0,1.0,0.09580342606902906,0.10722422999708932,0.076990350087314,0.023301770205976888,0.0341185497538043,1.0
0.12,0.8920645364440329,1.0,1.0,1.0,0.06313023568789096,0.09851836272870075,0.06505974653497923,0.02069184775325816,0.030807648772412922,1.0
0.12,0.7499929972575461,1.0,1.0,1.0,0.09529959195322754,0.11774376564822386,0.08277868041441658,0.02555682922876753,0.035047824186152064,1.0
0.12,0.7346132353956026,1.0,1.0,1.0,0.08217220265896355,0.1283220997676776,0.09372362753036478,0.02668588426525303,0.038375872542708626,1.0
0.12,0.8415094615467269,1.0,1.0,1.0,0.0836230120614859,0.10082864870308797,0.07563953532532568,0.02310519934064823,0.036817125551785866,1.0
0.12,0.7831860164278672,1.0,1.0,1.0,0.07178581687953285,0.11995017461374499,0.08883323785099413,0.024252145927562335,0.03891691908017703,1.0
0.12,0.6500033182193916,1.0,1.0,1.0,0.12267643898043559,0.14162665814897252,0.10572745148024935,0.02968626592493763,0.04042709059087248,1.0
0.12,0.7173912740239888,1.0,1.0,1.0,0.0980888597456948,0.11097774388533659,0.0841140242563598,0.027302552864474125,0.038159965502637505,1.0
0.12,0.8230028181959165,1.0,1.0,1.0,0.07497630306322167,0.12759178559101242,0.09330832975108824,0.02410375967137007,0.03736714716931311,1.0
0.12,0.8969969524339161,1.0,1.0,1.0,0.06583567508363844,0.12499578593685264,0.09490962985933324,0.021460716812624597,0.039535203977363105,1.0
0.12,0.7947122050303538,1.0,1.0,1.0,0.08598430184851756,0.11931033027485642,0.08014694487260163,0.024560055787480117,0.035579897840759225,1.0
0.12,0.7559516252936255,1.0,1.0,0.0,0.07250118176043888,0.10365331628721113,0.07229500109797402,0.025659797989435205,0.03406945122205121,1.0
0.12,0.9267158400820839,1.0,1.0,0.0,0.07895340531305764,0.08976059436497834,0.04342491314115623,0.021267984238261192,0.028943116156085923,1.0
0.12,0.7385677745725154,1.0,1.0,1.0,0.08130559554273199,0.12318449957255809,0.07451368941292402,0.026559813310318578,0.037537027684183676,1.0
0.12,0.8615751822627589,1.0,1.0,0.0,0.08144607195093372,0.10056303440212418,0.06388821957180686,0.022451550148327705,0.032159879657508335,1.0
0.12,0.843968472590735,1.0,1.0,1.0,0.07274650964019033,0.11615962122194787,0.08334702245025705,0.023281494215404725,0.03451092721755644,1.0
0.12,0.8570501965799423,1.0,1.0,1.0,0.07754845819516451,0.10672816458736038,0.07409729524843497,0.02293237754121953,0.03511419872821565,1.0
0.12,0.9441009419011953,1.0,1.0,1.0,0.07313612203556133,0.10776919542894839,0.08059837608940079,0.02125010750269632,0.03717632329521072,1.0
0.12,0.8014006046495397,1.0,1.0,1.0,0.0838052613282175,0.1160041196893011,0.07678721380102153,0.023490793370756748,0.03443469513098164,1.0
0.12,0.7224168048362869,1.0,1.0,1.0,0.08702694224164095,0.12857382327641576,0.08292698823999024,0.026649885032424513,0.03846036167767307,1.0
0.12,0.8969830601934162,1.0,1.0,1.0,0.07387582896498757,0.12681377892506962,0.09349957239156852,0.021484961763067547,0.03956872906512212,1.0
0.12,0.8511359676335254,1.0,1.0,0.0,0.07265360000396,0.1179048282646272,0.08578185915687196,0.022697905815319143,0.035332347070808935,1.0
0.12,0.7812421106349052,1.0,1.0,1.0,0.08451066956397357,0.13012423195232686,0.09763128512907353,0.02480919927827106,0.03880567133161896,1.0
0.12,0.9125015087451185,1.0,1.0,1.0,0.07792219500766709,0.10042986851360225,0.0758539375968753,0.02139792089748764,0.03423317623210262,1.0
0.12,0.8288540750449112,1.0,1.0,1.0,0.06627397473002536,0.10948455066007749,0.07743704661389801,0.02144071348698545,0.03581831150024015,1.0
0.12,0.9035702705850212,1.0,1.0,1.0,0.0696702392495066,0.08415314070064081,0.05862153304572719,0.02125684449586842,0.029598484073199226,1.0
0.12,0.8475452577645043,1.0,1.0,1.0,0.07962488511434522,0.09568451737540287,0.0677762726805579,0.023616355982892925,0.03412450156081254,1.0
0.12,0.7762458748550377,1.0,1.0,1.0,0.08053930090062106,0.11422738533599582,0.0769865079336223,0.02501818071730317,0.03792136745022308,1.0
0.12,0.8595358647829414,1.0,1.0,1.0,0.07670615162905298,0.101130503618619,0.06282938068987631,0.02253285138770097,0.03095704415967016,1.0
0.12,0.9161138655298499,1.0,1.0,0.0,0.07583717189354623,0.10846769480338525,0.07141846727315047,0.020918135387697694,0.03593253860240411,1.0
0.12,0.7361168887289594,1.0,1.0,1.0,0.07877699061684122,0.11259695312313464,0.08525397345779102,0.025972042232373357,0.03363333516316045,1.0
0.12,0.772998465979664,1.0,1.0,1.0,0.09078335110090262,0.1054051004384295,0.08048167685036137,0.025359442706916813,0.03423755901434351,1.0
0.12,0.9146892054822203,1.0,1.0,1.0,0.06926941517921781,0.11276701273475072,0.0614486133761978,0.022874416781787282,0.033263585704831115,1.0
0.12,0.8450672414087477,1.0,1.0,1.0,0.07790015412709594,0.10168370435465743,0.08380449399515039,0.02337053154429888,0.038548021604259575,1.0
0.12,0.787506924407805,1.0,1.0,1.0,0.08640867523546958,0.11604729967146318,0.09767447747577519,0.02495528845616227,0.040501449508400136,1.0
0.12,0.912844486039276,0.0,1.0,0.0,0.07326101370215272,0.09085064252200245,0.05536524285747826,0.02156555496594045,0.03164364218177176,1.0
0.12,0.9002074705492001,1.0,1.0,1.0,0.08150601743678247,0.09384911278562286,0.0559684861703232,0.022148203717320042,0.03146781531326604,1.0
0.12,0.8714982074469986,1.0,1.0,1.0,0.0734154093380005,0.09999930772538376,0.07220316811792313,0.021732012202538092,0.03555241950885555,1.0
0.12,0.9585369267474144,1.0,1.0,1.0,0.07426448619011466,0.08904375080225164,0.0537484902322878,0.01968855974251159,0.029198182115085163,1.0
0.12,0.8251559364477526,0.0,1.0,0.0,0.07447395192503939,0.12290939032284835,0.08098717923411977,0.023872841424770242,0.03633612971576599,1.0
0.12,0.8521276069565639,1.0,1.0,1.0,0.07138727476588233,0.10341412783459547,0.08265552464515727,0.024537744879955765,0.03414933460334279,1.0
0.12,0.7894478488135624,1.0,1.0,1.0,0.08386083420651509,0.11245319949411048,0.0847380742502567,0.023754420346484714,0.03612179506433652,1.0
0.12,0.8067338905917499,1.0,1.0,1.0,0.07782677586437237,0.11514607526438278,0.08673317256431395,0.02389863066865265,0.035668453333627635,1.0
0.12,0.9152079731210677,1.0,1.0,1.0,0.08689288947781884,0.1191402397935877,0.08180792041276493,0.019964880532420095,0.034689841118231,1.0
0.12,0.8366824062700303,0.0,0.0,0.0,0.08471853498174198,0.1253562189313598,0.08856358534843461,0.022731868607130043,0.038922890236148616,1.0
0.12,0.9397520090863709,0.0,1.0,0.0,0.0745818751345175,0.11814370498662011,0.07997375081311345,0.02129351830401033,0.035767964997165606,1.0
0.12,0.825638640032031,0.0,0.0,0.0,0.07652096936993899,0.10632338079017045,0.09004785331342535,0.02244171117411623,0.03597247634174387,1.0
0.12,1.0414675414619572,1.0,1.0,1.0,0.06421943751086798,0.12317353676060674,0.09127941156793073,0.017030803601884782,0.03430710613109499,1.0
0.12,0.8883142291737617,1.0,1.0,1.0,0.07492512822971807,0.09787911088777072,0.0591381258053139,0.02093940840282688,0.03000697246979783,1.0
0.12,0.9135137735497073,1.0,1.0,1.0,0.07778617596183712,0.1075150355822054,0.07160798018257679,0.021393482748717715,0.03435683333007225,1.0
0.12,0.9921049170008652,1.0,1.0,1.0,0.05938767780797531,0.11447040728144502,0.08266554441677672,0.01983119778802134,0.035624843152864905,1.0
0.12,0.8106749955176965,1.0,1.0,1.0,0.0724537659479815,0.11338565950608806,0.06409050863678065,0.02386707141480261,0.033063395929580804,1.0
0.12,0.8640855216130404,1.0,1.0,1.0,0.0755625807356356,0.10123429879892235,0.06589882663205085,0.023790033096747668,0.03201414940200754,1.0
0.12,0.887570190106748,1.0,1.0,1.0,0.07714864263791799,0.10551247358674616,0.07706022875588302,0.02091784868752211,0.03560275561537858,1.0
0.12,0.8786874704258604,1.0,1.0,1.0,0.07309602204956382,0.12534163373318194,0.08979144324167916,0.021562226615851613,0.03836588397536681,1.0
0.12,0.7488615360703579,1.0,1.0,1.0,0.08828568934321623,0.12543684958989246,0.09527130927639609,0.02718504564917927,0.0387989673885395,1.0
0.12,0.8203533520259183,1.0,1.0,1.0,0.08635073599699683,0.11578147122742843,0.07505222193839331,0.02272860528665184,0.03649678051422994,1.0
0.12,0.8339105729166031,1.0,1.0,1.0,0.07319095425631553,0.10009419662259052,0.05925186230808227,0.024831083693889457,0.03450790107947506,1.0
0.12,0.8963751811216241,1.0,1.0,1.0,0.06926299449745235,0.09689368705315281,0.06681465593712721,0.02119160410569757,0.035060900308455836,1.0
0.12,0.9415049369472036,1.0,1.0,1.0,0.06821878739456212,0.10273379981642639,0.07256999836733627,0.01874330549818744,0.031335021585277095,1.0
0.12,0.7069939145139383,1.0,1.0,1.0,0.0888897276011543,0.14921705383600706,0.10665615765533383,0.027939566219991007,0.040224406640994595,1.0
0.12,0.7340556208346948,1.0,1.0,1.0,0.08630218691304656,0.14591694863833815,0.09511937702029037,0.026000509059804847,0.04003708007799189,1.0
0.12,0.8106199140856083,1.0,1.0,1.0,0.07974355288776602,0.12290378659069139,0.08591676720600346,0.023075355037349556,0.038326261756920735,1.0
0.12,0.8045982143940744,1.0,1.0,1.0,0.08799505609843442,0.1060508966216697,0.06767276678160829,0.023468917193319484,0.033142604710741035,1.0
0.12,0.9420947725704072,1.0,1.0,1.0,0.07518101950634301,0.10946612506547578,0.08456192617476284,0.02111466531449292,0.03640647920496076,1.0
0.12,0.8053758674775584,1.0,1.0,1.0,0.07712505129230625,0.1085324364025243,0.0782476233754987,0.025164376416155054,0.03397969627136852,1.0
0.12,0.8664062395767024,1.0,1.0,1.0,0.08564765882447167,0.12359402973090475,0.06537240438901445,0.021133298621482926,0.03045862448477781,1.0
0.12,0.9137884274054925,1.0,1.0,1.0,0.0736949952757933,0.10538593139080629,0.06074186609554526,0.019145500927814654,0.02841941825412273,1.0
0.12,0.8442688093098752,1.0,1.0,1.0,0.0736446694466621,0.10925757459932425,0.08599458122105723,0.024414434402874215,0.04012651857064129,1.0
0.12,0.8850719947050705,1.0,1.0,1.0,0.06951885776792867,0.10768351758529013,0.07435088231676415,0.021612160969616923,0.031566403434553233,1.0
0.12,0.9039068895087511,1.0,1.0,1.0,0.06753791238019673,0.09022349549071333,0.05716025836684513,0.021772729639932962,0.03237772523924618,1.0
0.12,0.8339681263026968,0.0,1.0,1.0,0.07716142646856732,0.12232178695749515,0.09648643698976878,0.02310175623575052,0.041581626834045,1.0
0.12,0.9895266620361268,1.0,1.0,1.0,0.0653032274611694,0.08615887265571795,0.05173085332683654,0.01876325155130722,0.026977857329546145,1.0
0.12,0.7813356937817283,1.0,1.0,1.0,0.08158805518817794,0.10700424678000162,0.07461279118182866,0.02613167004015775,0.03385582710700417,1.0
0.12,0.8874682195936141,0.0,1.0,0.0,0.06981048018503419,0.11660286017662225,0.07672708554406983,0.021071541228526253,0.036057456326244776,1.0
0.12,0.8748960472622095,1.0,1.0,1.0,0.08576048347357927,0.1258326412065996,0.07857548557042553,0.02140758838788357,0.034948833327615135,1.0
0.12,0.9213429931379671,0.0,1.0,0.0,0.07222279129026014,0.11120273043199957,0.09357230125284706,0.02170538592279441,0.038259338166042434,1.0
0.12,0.7609358478314947,1.0,1.0,1.0,0.08171192237149665,0.108644472344495,0.08202090568844811,0.026499789174287736,0.039138429210386426,1.0
0.12,0.7286195532474191,1.0,1.0,1.0,0.08777423883467031,0.11730496840419366,0.08368235678531394,0.026570049254788067,0.036680048675677576,1.0
0.12,0.7567466658702671,1.0,1.0,0.0,0.07546544456301568,0.1248156345068355,0.09621858004043529,0.0254600504314794,0.03967145054323431,1.0
0.12,0.8727843771264719,1.0,1.0,0.0,0.06924547022581104,0.10449995609848124,0.07311959779666789,0.023427400873486475,0.03691677324995988,1.0
0.12,0.9375224675522865,1.0,1.0,1.0,0.06631498456726588,0.09405410548101703,0.06504620330222657,0.02080725440828048,0.03428604353920505,1.0
0.12,0.7988138718393217,1.0,1.0,0.0,0.09290669340605714,0.11056711850105579,0.07820824828745562,0.024631240943581257,0.035032726430823516,1.0
0.12,0.823695470227193,1.0,1.0,1.0,0.08789329920359976,0.10163336851318058,0.0789494313775511,0.02350371769396153,0.03471948781092684,1.0
0.12,0.790349714997099,1.0,1.0,1.0,0.08375714714003371,0.12052506580371947,0.08325776897763514,0.02605165731067272,0.03955431756903312,1.0
0.12,0.8327010203986582,1.0,1.0,1.0,0.0876573396129197,0.14183361352733997,0.09472402631267843,0.02393639675469123,0.03564376429523535,1.0
0.12,0.7213490085678277,1.0,1.0,1.0,0.09770126789572452,0.11840047627640848,0.09890047825610124,0.02769317088787493,0.03545200779034645,1.0
0.12,0.8721259914177629,1.0,1.0,1.0,0.07849306146072435,0.10213502547954989,0.0734066302842599,0.021858537429260142,0.03599731625022787,1.0
0.12,0.8271891211878349,1.0,1.0,1.0,0.07386657610062156,0.12798281915626689,0.09274357399707045,0.02490282508657444,0.03922218777787689,1.0
0.12,0.8856523156930156,0.0,0.0,0.0,0.0695746451403553,0.09587661504443812,0.0727548680131479,0.020743854542008017,0.033622131052927336,1.0
0.12,0.9281070948511401,1.0,1.0,1.0,0.06661199904924028,0.12580897678882894,0.08198709638721746,0.0201613657919156,0.03708889317512694,1.0
0.12,0.7896970218755466,1.0,1.0,1.0,0.07885823896042046,0.10792815625180052,0.08035441625743464,0.025758929407551187,0.036375965940643025,1.0
0.12,0.7571259003231264,0.0,0.0,0.0,0.09262579300479615,0.11653742293616043,0.09575224989232793,0.024250989549955592,0.04266049899893107,1.0
0.12,0.6715139898167916,1.0,1.0,0.0,0.10909211321190918,0.1026005296774107,0.09438198816125691,0.0272916181262115,0.03637642561617102,1.0
0.12,0.834560646222381,1.0,1.0,1.0,0.07554620198277137,0.11041021845165107,0.08755124735538525,0.023560398786220973,0.040783353432236574,1.0
0.12,0.9084383421099858,1.0,1.0,1.0,0.06856415638481628,0.10634345821857313,0.08050143046771568,0.020184481210346147,0.03698299642186438,1.0
0.12,0.8982295048330265,1.0,1.0,1.0,0.06917816014974433,0.10411537176234649,0.07356664286880676,0.02085011842414942,0.03713192354341171,1.0
0.12,0.8607840876606229,1.0,1.0,0.0,0.07411401497226076,0.09924471250481341,0.07165883296487036,0.023614199252759097,0.034722831848309356,1.0
0.12,0.7572237021185292,1.0,1.0,1.0,0.08468251715333817,0.1074089556005507,0.07340599836671238,0.025330231710305844,0.03286143597797688,1.0
0.12,1.0112021241569986,1.0,1.0,1.0,0.06766392116900799,0.10354725882162585,0.07464112929875348,0.021083237499371448,0.034518375792962644,1.0
0.12,0.9156421163860712,1.0,1.0,1.0,0.07498152448048674,0.11121486313790482,0.07420068373747268,0.019964255744840044,0.034677321589034825,1.0
0.12,0.8373347143473688,1.0,1.0,0.0,0.0851303503070954,0.10548628946898439,0.07170882234440479,0.023305650909505874,0.03787571759520023,1.0
0.12,0.8151495353446253,1.0,1.0,1.0,0.07274656911175506,0.10932686354376062,0.08347429187180253,0.02376986640095697,0.036574509283202154,1.0
0.12,0.9148243064074142,1.0,1.0,1.0,0.06635351409794692,0.08068924321550372,0.03996050126068422,0.021349788927411975,0.027923966288344593,1.0
0.12,0.8921061581338369,1.0,1.0,1.0,0.06497112027080384,0.09688015537788386,0.07503339589768587,0.02390265981789425,0.03551479733781069,1.0
0.12,0.7778399752094972,1.0,1.0,1.0,0.08152180939910052,0.12370297296329258,0.08567892546007967,0.024396430162456864,0.03402742889203887,1.0
0.12,0.8076378494667553,1.0,1.0,1.0,0.0826500950364495,0.11375361974283975,0.09012680689419532,0.02357316738623627,0.03933234375079842,1.0
0.12,0.7011952759011907,1.0,1.0,1.0,0.08867108376387152,0.1337375701105247,0.10758274986707195,0.02814157291731887,0.04106400881440857,1.0
0.12,0.8946209171320162,1.0,1.0,1.0,0.07699434197705335,0.1030131873151177,0.07008486164073952,0.020563681298576907,0.03452680506909374,1.0
0.12,0.8418998670655514,1.0,1.0,1.0,0.08450501139740592,0.12287995722128423,0.09981789990606212,0.021992223470163667,0.037483322436536834,1.0
0.12,0.757449067413418,1.0,1.0,1.0,0.08984823562000696,0.10285340013955287,0.08546313521136654,0.023723371870340716,0.03561887855886524,1.0
0.12,0.7079560864699681,1.0,1.0,1.0,0.09200396823817,0.12259159186141402,0.07806484701245991,0.028126186178164404,0.037706094788870034,1.0
0.12,0.8054974582497116,1.0,1.0,1.0,0.0751190807113955,0.1192992737926293,0.0760953769527673,0.02466137509048522,0.03484283581798046,1.0
0.12,0.8245484923269931,1.0,1.0,1.0,0.08174723206684466,0.13321769775326636,0.10364074490320048,0.022421537995008192,0.042464544419504494,1.0
0.12,0.8196922910490141,0.0,1.0,0.0,0.08111247406639484,0.12072582933571534,0.0924751846746514,0.024037357206526968,0.039277036145118537,1.0
0.12,0.7480143012062097,1.0,1.0,1.0,0.09360684405210665,0.10374308585142836,0.07994525401736563,0.026431421832787794,0.035814794990768395,1.0
0.12,0.7901710365221888,1.0,1.0,1.0,0.08079239256232232,0.09692459061890346,0.07101749507508505,0.023805066201893977,0.033593110444211635,1.0
0.12,0.864238219494126,1.0,1.0,1.0,0.07025934548449209,0.10692022119829606,0.08378261096157555,0.022358500214334266,0.03696156442970578,1.0
0.12,0.8369249753943706,1.0,1.0,0.0,0.09250221960606528,0.10381412551274397,0.06893950191070128,0.021975383733313363,0.03341357382105981,1.0
0.12,0.7918981554510005,1.0,1.0,1.0,0.07948554603584172,0.1082913637516136,0.07640734192691585,0.024184362823394243,0.037882426363719336,1.0
0.12,0.8623282614646869,1.0,1.0,1.0,0.07338616129027449,0.09963476958580915,0.06671509165670056,0.02413042590427553,0.033180730478974164,1.0
0.12,0.8540499791806186,1.0,1.0,0.0,0.07500005395814212,0.10611274146136052,0.07186929357465512,0.02240580336084175,0.033706086932920695,1.0
0.12,0.8717195808700275,1.0,1.0,1.0,0.07685992819844664,0.1038111342341416,0.0759141747400127,0.022695151539104362,0.03703190115011625,1.0
0.12,0.8158553264160533,1.0,1.0,1.0,0.07554097618052072,0.11935939562668518,0.07583630319547001,0.0264192469305585,0.03463366590214443,1.0
0.12,0.8466714467527225,1.0,1.0,1.0,0.0609816289782301,0.10849417647957979,0.07469082034847244,0.020721213504438805,0.03366320806255638,1.0
0.12,0.8310225919275307,1.0,1.0,1.0,0.08267138286963863,0.11969811716955525,0.08962078977591895,0.02419736238619524,0.04015314691598986,1.0
0.12,0.9033023504531399,1.0,1.0,1.0,0.06724689156038363,0.11452589280957462,0.08453823584606827,0.020938881423216,0.03850323184214419,1.0
0.12,0.9069315902008813,1.0,1.0,1.0,0.06625119512958544,0.09986296486583783,0.07586507690320758,0.02073559001066548,0.038607216875210314,1.0
0.12,0.9110319126923113,0.0,0.0,0.0,0.07359382510759674,0.09429260957148526,0.0731305830596718,0.020768134099088252,0.03275647787536727,1.0
0.12,0.720088740601047,1.0,1.0,1.0,0.09797502030079969,0.12385121219346147,0.09731030182934344,0.02644130939600374,0.03985256959947613,1.0
0.12,0.9976832576666697,1.0,1.0,1.0,0.06232930887186701,0.12596244816086127,0.09200951278965368,0.019818825964983203,0.036268235426737114,1.0
0.12,0.958256676335644,0.0,1.0,1.0,0.07356580298909855,0.11775492198868731,0.0829321358947827,0.02085809630670413,0.03417695616624611,1.0
0.12,0.8890358950409953,1.0,1.0,1.0,0.075510460206928,0.10646520881791395,0.0769770053789979,0.02116924741307369,0.03451305307340246,1.0
0.12,0.8687900643687723,1.0,1.0,1.0,0.08173487600514755,0.10828787893041189,0.08042872244635091,0.021274462847413855,0.03363541264364623,1.0
0.12,0.6860695630256181,1.0,1.0,1.0,0.09572733469106418,0.1135109051104016,0.08857556884272916,0.026152187136179998,0.03951016381460591,1.0
0.12,0.9507301622643385,1.0,1.0,1.0,0.06765361643628834,0.1067657523508208,0.07772053889228044,0.020098146142658656,0.03441145759378939,1.0
0.12,0.7852452423667482,1.0,1.0,1.0,0.0733445440516284,0.1439120067171024,0.1027158330748287,0.02408841760954133,0.03711927650181849,1.0
0.12,0.8849923146136045,1.0,1.0,1.0,0.0643874424420464,0.11751828448057963,0.08250359264677615,0.021817226151008527,0.03545499722244295,1.0
0.12,1.2649292117435362,1.0,1.0,0.0,0.0466966979202867,0.08786979502727307,0.047750817464844324,0.0140343534126538,0.029781654040101663,1.0
0.12,0.7844192893087926,1.0,1.0,1.0,0.05621238618534945,0.1005535328154065,0.0690277110494381,0.025595292701260666,0.03341729104385018,1.0
0.12,1.1621762178527195,1.0,1.0,1.0,0.051158148510289346,0.11006307444386595,0.06798049789780992,0.017475526343351696,0.03431008742598038,1.0
0.12,0.7167412461449288,1.0,1.0,1.0,0.08463273307776414,0.13097730065582264,0.10188817658554745,0.02759114805138518,0.041780831097194764,1.0
0.12,0.9095320049526754,1.0,1.0,1.0,0.07594842438276513,0.10420348055037962,0.0635719609281388,0.022179378586394426,0.03548583456580196,1.0
0.12,0.8940643478597986,1.0,1.0,0.0,0.07910644431978296,0.10327634734829967,0.06661660909931198,0.019424564955898827,0.03275454711303519,1.0
0.12,0.9093892649314346,1.0,1.0,1.0,0.06541793399005835,0.10135828726636742,0.06502201626960859,0.02183957817968845,0.03231036869509296,1.0
0.12,0.7473391390410216,1.0,1.0,1.0,0.08597098425297851,0.11505459328109857,0.08369394850361282,0.02628696504311544,0.038108585389848765,1.0
0.12,0.856081805630746,1.0,1.0,1.0,0.06514289985754118,0.10050632817402678,0.0904262895921325,0.023153798244714228,0.03516002515350768,1.0
0.12,0.9395138576211478,0.0,0.0,0.0,0.07162514560846103,0.09958996753313623,0.07574240736798998,0.020997248260390955,0.034869368620093225,1.0
0.12,0.7709165766248884,1.0,1.0,1.0,0.08169121108954128,0.12981675604456364,0.09480792980434002,0.025719911731766153,0.038810510081910936,1.0
0.12,0.9718091968593418,1.0,1.0,1.0,0.062444211942800296,0.08462086833069865,0.06306638319662142,0.020323395077766912,0.03268594908329707,1.0
0.12,0.9504218665359881,1.0,1.0,1.0,0.05480377563549467,0.11089752776661976,0.08939958137197483,0.021803203135402103,0.036894316520838945,1.0
0.12,0.8495155715607405,1.0,1.0,0.0,0.07646004999578823,0.08772392482952589,0.05549793263235423,0.023307931113124746,0.03141734678460492,1.0
0.12,0.8104807564769241,1.0,1.0,1.0,0.07566228614258855,0.10646542512496546,0.07664575009134882,0.024682301215729802,0.03634460176424432,1.0
0.12,0.8837621774574229,1.0,1.0,1.0,0.07424020410714087,0.1233678465502577,0.08229640601289594,0.023619161513272077,0.035275497359405605,1.0
0.12,0.9787522063038548,1.0,1.0,1.0,0.07257773182061156,0.09897820063820602,0.07106819152843555,0.01982852275603122,0.03505127122627876,1.0
0.12,0.8223720487739459,1.0,1.0,1.0,0.081314896654257,0.10969437381310387,0.08698270822139673,0.02376739806546258,0.0378956367397373,1.0
0.12,0.8744698621253043,1.0,1.0,1.0,0.07595086617968665,0.11007206859149259,0.08773567668177877,0.022045384032581695,0.03972340962410114,1.0
0.12,0.7989706046174605,1.0,1.0,1.0,0.08497356208591213,0.11412118438370136,0.07827440935586123,0.024451069726567506,0.0373295309845346,1.0
0.12,0.7750927291813998,0.0,0.0,0.0,0.07503759707770978,0.10442173694015267,0.0873112554706595,0.025054327217358514,0.039384886995500634,1.0
0.12,0.8450603781249549,1.0,1.0,1.0,0.07121410675675284,0.10653019619934656,0.07943299965970867,0.022374790990307796,0.03655321676178361,1.0
0.12,0.7991173252157717,1.0,1.0,1.0,0.08268867113993497,0.11686290868330876,0.08301163984082849,0.02503537795159367,0.03949336176787763,1.0
0.12,0.901058810848247,1.0,1.0,1.0,0.08482663445215394,0.12041252782863472,0.0788779997556042,0.021028003862060336,0.032464617052380323,1.0
0.12,0.8241339641141371,1.0,1.0,1.0,0.09785504555268101,0.14060580836756548,0.08211729729197026,0.0220106195804217,0.034718280501716256,1.0
0.12,0.8351503962240678,1.0,1.0,1.0,0.07445070575446303,0.1286914706870263,0.08383489686901802,0.024192538433824344,0.03449163404496857,1.0
0.12,1.0262822460799534,1.0,1.0,1.0,0.07648290977791927,0.12139175783216874,0.07772353861634786,0.018365914546700265,0.03616942354591342,1.0
0.12,0.9124137133302925,1.0,1.0,1.0,0.06839716530574692,0.10538003438925174,0.07369788281577863,0.022275468366568067,0.0349907561365943,1.0
0.12,0.8374372900258674,1.0,1.0,1.0,0.0787502698396659,0.10954287058850223,0.09065959051667793,0.023623841533758638,0.036138902976459476,1.0
0.12,0.9642694383386352,1.0,1.0,0.0,0.05717487269211051,0.10646775515725992,0.07861373275288264,0.021306647055676996,0.038000320930071496,1.0
0.12,0.7825149122487213,1.0,1.0,1.0,0.08043734709569403,0.11222776062580686,0.09004229859223052,0.027059224032499506,0.03908741892382286,1.0
0.12,0.8041746531186782,1.0,1.0,1.0,0.08105063294089548,0.12380587354053987,0.09876406570033519,0.0242477053595607,0.03996509851004185,1.0
0.12,0.8262701893950916,1.0,1.0,1.0,0.08985080313817569,0.11578203664429261,0.08912588447452954,0.022634200433648645,0.037668147485473355,1.0
0.12,0.9484301706261792,1.0,1.0,1.0,0.06796521206542057,0.10540692424347649,0.07463321771875517,0.021151824531791732,0.035306688763677006,1.0
0.12,0.9633344405219157,1.0,1.0,1.0,0.06757594261034919,0.1356646189466757,0.07861036418688884,0.01861975106141162,0.03229217267237348,1.0
0.12,0.9649740836923101,1.0,1.0,1.0,0.0686453553146659,0.10685359167187818,0.0707853002110315,0.020283344636932578,0.03474427167092323,1.0
0.12,0.8395339722985213,1.0,1.0,1.0,0.08434944210172798,0.1313872813741919,0.0977011028392628,0.023087366566340174,0.03702811521549285,1.0
0.12,0.853175706121665,1.0,1.0,1.0,0.07221925635908669,0.10070742443286626,0.06777060307508528,0.022990408974911496,0.03351410230552677,1.0
0.12,0.9296933591406771,1.0,1.0,1.0,0.0704218176945935,0.10902341212956868,0.07216999304747308,0.020582188118149398,0.03396941553718384,1.0
0.12,0.7496666098727588,1.0,1.0,1.0,0.07848703541004617,0.11479644027404916,0.08239109555111998,0.026527373014450042,0.03752386057014027,1.0
0.12,0.8803962202173959,1.0,1.0,1.0,0.08118663159141595,0.13742012141912013,0.0937152771698375,0.02222079176510851,0.03621187144785827,1.0
0.12,0.8794244672787237,1.0,1.0,1.0,0.07873928256762275,0.10559204785467231,0.07631357962680772,0.022744536187942543,0.034861366538696176,1.0
0.12,0.8907540461393706,1.0,1.0,1.0,0.0691200290486685,0.11911505143166659,0.08131320570747459,0.021097162325920446,0.03369662395954903,1.0
0.12,0.8393730879978685,1.0,1.0,1.0,0.07624006267267376,0.1089700198882139,0.07813605207796372,0.02378787116554047,0.03787077655076043,1.0
0.12,0.8092286433749989,1.0,1.0,1.0,0.07826297387901694,0.12485945371051113,0.07490136161573385,0.02475052290095015,0.03498827320534842,1.0
0.12,0.7676941693866575,1.0,1.0,1.0,0.08728924981444415,0.12139911635433054,0.08616294747415569,0.026421278844760577,0.03822981206340139,1.0
0.12,0.8895363414651994,1.0,1.0,0.0,0.06431605741321508,0.11105944802703102,0.08815351544422337,0.021217243663555978,0.03679551899944866,1.0
0.12,0.7761062052603938,1.0,1.0,1.0,0.08159695412056553,0.10949319415700558,0.0877113410996823,0.02440046322960121,0.03554196910140093,1.0
0.12,0.8849806366912616,1.0,1.0,1.0,0.07912893831738593,0.11810253915410127,0.08368804398301384,0.020819119864143965,0.034997557827563655,1.0
0.12,0.8060899572488976,0.0,1.0,0.0,0.08542963739120381,0.115004868457711,0.08892060738873751,0.024484419791658628,0.036693806128131674,1.0
0.12,0.8585409462104062,1.0,1.0,1.0,0.07689966782909671,0.11955394103084127,0.07940019904649778,0.02166017410337993,0.036234693650550966,1.0
0.12,0.908841175424175,1.0,1.0,0.0,0.07214734223373113,0.09844958800488852,0.06914811457470812,0.021592678851148187,0.032766428507762624,1.0
0.12,0.9504133041074209,1.0,1.0,1.0,0.064278249695252,0.08348280763846697,0.05521643955930452,0.019547306327547278,0.028281570207964724,1.0
0.12,0.9619418547163971,1.0,1.0,0.0,0.06643822281182221,0.10395625870748526,0.06971732484091696,0.020814358107521434,0.033170210534996684,1.0
0.12,0.7824450665455617,1.0,1.0,1.0,0.08431107611627052,0.1215660814178611,0.09099073859854045,0.02534612620830531,0.03778830846451433,1.0
0.12,0.7703254542038473,1.0,1.0,1.0,0.08365838816929146,0.11857247462365475,0.08971102552700749,0.024853999919973533,0.03726222321935182,1.0
0.12,0.8193675434706934,1.0,1.0,0.0,0.08466540420354104,0.09116972037475182,0.06498611358221329,0.023568224516163683,0.03476465176392198,1.0
0.12,0.8591765747802934,1.0,1.0,1.0,0.08092455336617263,0.1138283967203261,0.0904705647885802,0.023693299007380705,0.03786076603723378,1.0
0.12,0.9688602227177536,1.0,1.0,0.0,0.07856777605798385,0.11596269412410357,0.08407157370589145,0.021023746088016625,0.03516341072636341,1.0
0.12,0.8825554271919154,1.0,1.0,1.0,0.07345437638826414,0.10769995645796027,0.07066149901722303,0.02208538668525535,0.035136175407515735,1.0
0.12,0.8379802294480384,1.0,1.0,1.0,0.08844984179864365,0.11707680230654782,0.08720537785954656,0.023296772671499415,0.0368693636821892,1.0
0.12,0.8255684803537756,0.0,1.0,0.0,0.07766709695964429,0.1168106489928196,0.08364559451942584,0.02361594168045687,0.036933166939254344,1.0
0.12,0.802820658300247,1.0,1.0,1.0,0.0905077965540019,0.10423773972610888,0.06996989126551013,0.02497514800050575,0.03476641243869978,1.0
0.12,0.7452586427418006,1.0,1.0,1.0,0.1053622468247496,0.146932180049339,0.1029801274448549,0.027503517725000683,0.04220593904246545,1.0
0.12,0.8522006498819643,0.0,1.0,0.0,0.07067472058430614,0.10151487954446918,0.0739445069640651,0.02432848530269145,0.037184308101264475,1.0
0.12,0.8827914858241186,1.0,1.0,1.0,0.07825230560141261,0.10900850229911122,0.08559533448184829,0.022284926778766468,0.03849133265084636,1.0
0.12,0.7847871903802159,1.0,1.0,1.0,0.0852841207799983,0.12945655487205227,0.10022887499053963,0.023068616966491574,0.03780861451999581,1.0
0.12,0.8316902387488873,1.0,1.0,1.0,0.06980238988738523,0.12504868376561062,0.08951020187734401,0.02491906668536216,0.04018621497080046,1.0
0.12,0.7928685314869485,0.0,1.0,0.0,0.07599348462745703,0.11977108669474143,0.07325342156086213,0.025155108254761974,0.034807372769743286,1.0
0.12,0.6682523068404213,1.0,1.0,1.0,0.08287882691780335,0.12149501469693769,0.08829581879109685,0.02722620894034849,0.04006962467260535,1.0
0.12,0.7859464258811668,1.0,1.0,1.0,0.09020606222586929,0.1084521452341006,0.08248864886140483,0.0248970655804627,0.0354834113065745,1.0
0.12,0.8945343599631382,0.0,0.0,0.0,0.07162719656892425,0.09980359007117126,0.0703081089534303,0.021163168884841467,0.03148869990670686,1.0
0.12,0.769780999248949,1.0,1.0,1.0,0.08352520934192051,0.11257248476353114,0.07757245385878693,0.025212292343471714,0.036124209545044056,1.0
0.12,0.826442811545328,0.0,1.0,0.0,0.07065111303012242,0.13363501660835977,0.09200577996856935,0.023495414016257335,0.036436344760429604,1.0
0.12,0.7620089975979849,1.0,1.0,1.0,0.08447679444646268,0.12724203540561815,0.08613688682791901,0.02438724039807847,0.03840142388192242,1.0
0.12,0.7212695479867159,1.0,1.0,1.0,0.09041452354802422,0.11560908693506491,0.0856720162844101,0.026312650697274356,0.03582908510644288,1.0
0.12,0.8235207787237354,1.0,1.0,1.0,0.07491151110808354,0.10464343969693428,0.08093111804347863,0.02312714697697244,0.037045959373970545,1.0
0.12,0.9196005424973344,1.0,1.0,1.0,0.06084133535491352,0.1042193277034664,0.07268832620446786,0.020973743952237243,0.03594088005244731,1.0
0.12,0.8909507999898427,0.0,0.0,0.0,0.07354511517742919,0.11212433843796676,0.08008188505241678,0.020516483391418622,0.038374742338720826,1.0
0.12,1.0125059366708438,0.0,1.0,0.0,0.060182207818616607,0.10676439222065418,0.07493365445941692,0.018949059238425593,0.034810519466911015,1.0
0.12,0.9595426528488639,1.0,1.0,1.0,0.06414404697133735,0.12316588769022449,0.09228238057334191,0.02103968192652257,0.034825116006655825,1.0
0.12,0.9665016066659348,1.0,1.0,1.0,0.07345387585866626,0.09367764218919247,0.06636971267309864,0.020583404778720525,0.03288179591703535,1.0
0.12,0.8358455735950173,1.0,1.0,1.0,0.07846323221992121,0.10784348295544406,0.08147333434111319,0.022347238026642912,0.033683571075900684,1.0
0.12,0.9221009715273147,1.0,1.0,1.0,0.06768957252838356,0.11815362756305851,0.07316110884712664,0.020489696081340516,0.0331917703158505,1.0
0.12,0.9487257968182837,1.0,1.0,1.0,0.06503233800332694,0.12357172005990422,0.08363745511419753,0.02133533387578918,0.03763987200649582,1.0
0.12,0.8371028821277307,1.0,1.0,1.0,0.07385003343372687,0.11449489336025445,0.07739645327344433,0.023048846657339698,0.03313109775598158,1.0
0.12,0.8500952821226115,1.0,1.0,1.0,0.08924609870766737,0.10015245421663792,0.07200761368646559,0.021680583187987185,0.03420081689552724,1.0
0.12,0.7828601389111198,1.0,1.0,1.0,0.09387933873840698,0.11848229167869426,0.08864009178774641,0.025775368352295425,0.03853587966808159,1.0
0.12,0.8083159616823831,1.0,1.0,1.0,0.0798218743528706,0.1173907643512736,0.08287298822784776,0.02461226436438973,0.038704412362384366,1.0
0.12,0.8188801386094439,1.0,1.0,0.0,0.08160380024650156,0.12068374163324683,0.07540579040048126,0.022336479952402784,0.03279832986606924,1.0
0.12,0.7929711390096222,1.0,1.0,1.0,0.07443557502024498,0.10999401465098746,0.08293059385430172,0.02348282171509989,0.03742720116688945,1.0
0.12,0.9315444098588525,1.0,1.0,0.0,0.0704317841258959,0.106138234569887,0.05133381916397108,0.01979866965241123,0.03195088960907252,1.0
0.12,0.9007372881991527,1.0,1.0,1.0,0.06886584098627399,0.10737775037059963,0.06624674866685092,0.021849071872899587,0.03745834817574976,1.0
0.12,0.7430581977413331,1.0,1.0,1.0,0.08831349722086701,0.12022530931747408,0.08790940951233492,0.026954048364259048,0.03678550076424085,1.0
0.12,0.7249330420686573,1.0,1.0,1.0,0.09186002862811794,0.13535392592927206,0.09573559918940873,0.027715577574012554,0.043335005544227555,1.0
0.12,0.839375946493822,1.0,1.0,1.0,0.0675657598525932,0.10855331185050583,0.08653854539026942,0.02274591200271892,0.036147418550149316,1.0
0.12,0.9759410894551164,1.0,1.0,1.0,0.06379527916164272,0.11118086763006052,0.07729110030328763,0.019599710620721304,0.03279888796535231,1.0
0.12,0.9155480325714311,0.0,0.0,0.0,0.0719499346284666,0.11139631848338147,0.07523896733717368,0.02133310876328002,0.03516177875191491,1.0
0.12,0.9565037761016416,1.0,1.0,1.0,0.0755254981763834,0.09987937815760826,0.057009787975545165,0.021252575341722518,0.032151438184960954,1.0
0.12,1.0222352417230476,1.0,1.0,1.0,0.05974343548227925,0.08892948871102489,0.06147482405159521,0.019135899796435894,0.031373842978257856,1.0
0.12,0.9241551226637358,1.0,1.0,1.0,0.06781740437273145,0.10228195223529765,0.0813044299118332,0.021713843535962132,0.03589834625198335,1.0
0.12,1.0718958138494001,1.0,1.0,1.0,0.05718249543352909,0.09272066022257805,0.04964371580847231,0.018079231905514203,0.02792609814728924,1.0
0.12,0.8524678448836874,1.0,1.0,1.0,0.07868887564695691,0.1262056734088925,0.08543714793418052,0.021915830940052786,0.036102702895592975,1.0
0.12,0.7842913226399228,1.0,1.0,1.0,0.08779244814929178,0.10539392198783445,0.05766093603926268,0.02299742188921452,0.0313768010913143,1.0
0.12,0.7931889023208482,1.0,1.0,1.0,0.08362168976588336,0.11086219152510297,0.09864388076815912,0.02605673856310201,0.0396528405784008,1.0
0.12,0.7928509121284169,1.0,1.0,1.0,0.08679655155171931,0.11674202499514072,0.08232228661455143,0.024102463199669088,0.034554493833354294,1.0
0.12,0.911059427372133,1.0,1.0,1.0,0.09130260877004401,0.10214512790916883,0.0755835734751379,0.01946957155602239,0.03304821281997218,1.0
0.12,0.9397529931812774,1.0,1.0,1.0,0.07366241186734761,0.10688648319703116,0.06750470040482107,0.019955093865424336,0.03202479438146346,1.0
0.12,0.94559660399362,1.0,1.0,1.0,0.06570700751892264,0.11230081920022472,0.08363521504908662,0.019469564304333303,0.03621979114303441,1.0
0.12,0.8523235396799741,1.0,1.0,1.0,0.0690275228157446,0.11580949893957171,0.09462048180778745,0.023174841939145988,0.036349435860352046,1.0
0.12,0.8477298144565512,1.0,1.0,1.0,0.08093373497951412,0.11380255424797825,0.08419804154840124,0.0223363198338805,0.03517592626379413,1.0
0.12,0.8414450902794517,1.0,1.0,1.0,0.07831411171442158,0.1212793219009862,0.08291333937989036,0.023755763171789988,0.03622319387756276,1.0
0.12,0.744550910836526,1.0,1.0,1.0,0.08402201243984177,0.14019113164565317,0.11134521358663296,0.02577336204188001,0.04053420238499591,1.0
0.12,0.8014337001408234,1.0,1.0,1.0,0.08036410645280605,0.11844940441999915,0.08022991165490616,0.024069388314102377,0.03625315277535659,1.0
0.12,1.0012300141433232,1.0,1.0,1.0,0.07158353434772327,0.09992609400331673,0.07642297120460961,0.017140806937025112,0.034570221566277023,1.0
0.12,0.8320605965576374,1.0,1.0,1.0,0.07748186229895102,0.108014420845465,0.07774559979772232,0.023299721788488794,0.036599272894742574,1.0
0.12,0.8420870356245138,1.0,1.0,1.0,0.08865300819232076,0.12298123157380773,0.09079836875573939,0.019694620644634783,0.035668597145174175,1.0
0.12,0.8054536322845106,1.0,1.0,1.0,0.09176016013017112,0.1165477458921191,0.07901967062213608,0.025034182501589956,0.035458461603681185,1.0
0.12,0.955831772036547,0.0,0.0,0.0,0.057753124768734655,0.09057276715211166,0.06707128885102548,0.01993151318181756,0.030117171669616374,1.0
0.12,0.8093394099024545,1.0,1.0,1.0,0.07436992831264065,0.11121052819212485,0.08453655785725618,0.024093911277400622,0.03666196810085708,1.0
0.12,0.8902778181436865,1.0,1.0,1.0,0.06908952283678911,0.10608522938397283,0.08253159091061571,0.02306612795228026,0.03777175706186972,1.0
0.12,0.8964178073599507,1.0,1.0,1.0,0.07831021085903908,0.1404651968520367,0.09769906767274558,0.021962004248731994,0.03951736961343474,1.0
0.12,0.8844110248552719,0.0,1.0,0.0,0.06788153507138234,0.1351154019103556,0.09482020912719795,0.023248699192787877,0.03776480297053489,1.0
0.12,0.8177028472065305,1.0,1.0,1.0,0.06943987402327487,0.11671577182613124,0.09246892018807194,0.02443695950247904,0.036789586941516995,1.0
0.12,0.7943529324809392,1.0,1.0,1.0,0.07658602398160283,0.09635096331589352,0.06206977774629228,0.024972930955104333,0.032675378413415,1.0
0.12,0.7801525191250109,1.0,1.0,1.0,0.08752281172168734,0.13960904302848423,0.10422545017951375,0.024748932718867928,0.03957649483972599,1.0
0.12,0.8008365177442635,1.0,1.0,1.0,0.06266041026091965,0.11381396392496652,0.08652423481739399,0.024862464717859755,0.03847257319104349,1.0
0.12,0.8533882910772449,1.0,1.0,1.0,0.08287970799229724,0.09798001046545017,0.068140600085802,0.022666000226067587,0.03379797455543863,1.0
0.12,0.8934573972893735,1.0,1.0,1.0,0.08679203800421692,0.12645783551147136,0.08695943386619769,0.021215156283326077,0.03521739133834883,1.0
0.12,0.8632177339082783,1.0,1.0,1.0,0.07253048959037219,0.10300210251117825,0.07142094938020209,0.02377584144607707,0.03745006738833974,1.0
0.12,0.7989095594070146,1.0,1.0,1.0,0.07396648705660508,0.10326670143731162,0.07593562875197081,0.025056053605331224,0.03777778160685613,1.0
0.12,0.9696572457745252,1.0,1.0,1.0,0.07065117731700316,0.11601393640198163,0.07996178463308455,0.0213481133771022,0.038598457190770874,1.0
0.12,0.8106563784586087,1.0,1.0,1.0,0.06780271284338366,0.10918852269484469,0.08309910233706239,0.02325114056169004,0.03580447548763776,1.0
0.12,0.8642665154589874,1.0,1.0,0.0,0.08903372241485394,0.11713893062752996,0.0711934450031036,0.02135416736101922,0.03588715600639806,1.0
0.12,0.7986868383109402,1.0,1.0,1.0,0.0904430056084991,0.12137770864850146,0.0794431353834033,0.023827635816090834,0.03666570258317957,1.0
0.12,0.9371397047323041,1.0,1.0,1.0,0.062421173676202056,0.11063082113718622,0.07856471497583357,0.02052836851998812,0.035755041078649484,1.0
0.12,1.2069313669055894,1.0,1.0,0.0,0.05291277996709197,0.07998878964153922,0.04250183266446168,0.016737237249424976,0.02893491256429873,1.0
0.12,0.9709256337083559,0.0,1.0,0.0,0.07173712612243825,0.12194784803577481,0.08102085696481073,0.02180385719308042,0.037275370426171704,1.0
0.12,0.8033240331824568,1.0,1.0,1.0,0.07489594939630165,0.10437867394231366,0.06921494363245206,0.023621711148133048,0.03443485103288906,1.0
0.12,0.8547483642646023,0.0,1.0,0.0,0.07145847848008727,0.10826114784020908,0.07228721265509283,0.023869891623068473,0.03453159141808549,1.0
0.12,0.7884416784466255,1.0,1.0,1.0,0.08565691969909806,0.14689479748991124,0.10902935789266455,0.02496814672105877,0.03980223302410902,1.0
0.12,0.7572340321308764,1.0,1.0,1.0,0.08557662751250325,0.12498588230585059,0.10897895880810449,0.025491172026049155,0.04203053413415363,1.0
0.12,0.8707395648284685,1.0,1.0,1.0,0.07334163385897915,0.11385212488965628,0.06712628245633998,0.022536650366141338,0.034552016744550024,1.0
0.12,0.8559777799882704,1.0,1.0,1.0,0.07755381455051548,0.10714860657356615,0.06337246644739916,0.024176348468625295,0.03406489215758764,1.0
0.12,0.9029604559411185,1.0,1.0,1.0,0.06892347437417787,0.1075404872682592,0.08522609822111057,0.02121588484030048,0.0359739014650189,1.0
0.12,0.7157169132599681,1.0,1.0,1.0,0.08594722041355506,0.10759591379885347,0.07826985137998152,0.026452348172822004,0.03506465886618392,1.0
0.12,0.7211209833069877,0.0,0.0,0.0,0.08200580053051947,0.11321293474418333,0.07999958618248475,0.028591450522249904,0.03638668814125046,1.0
0.12,0.7310034113837661,1.0,1.0,1.0,0.07513988542219163,0.10242399555998619,0.07217353276635281,0.02737827204829162,0.034228526973967985,1.0
0.12,0.8395935703428,1.0,1.0,1.0,0.08383422342400651,0.11118828611102047,0.08503703021230716,0.023727565361339086,0.03449254553791631,1.0
0.12,0.800811217376819,1.0,1.0,1.0,0.08346925172748491,0.10369052159734374,0.07385710510825741,0.024518381037591932,0.037106876761759326,1.0
0.12,0.9501880830530065,1.0,1.0,1.0,0.06411314520801124,0.10942770534879007,0.06811931272208657,0.02195831414911171,0.03450622439499294,1.0
0.12,1.0976842751796692,1.0,1.0,0.0,0.05825887821896998,0.10843783872186726,0.06627417215581724,0.017642641559328327,0.03332781510939128,1.0
0.12,0.8984270259425712,1.0,1.0,1.0,0.07336166412252274,0.0967933579924378,0.07064627046381218,0.02191308251736641,0.034490456466798804,1.0
0.12,0.7193192910500236,1.0,1.0,1.0,0.09827773052967408,0.13425516195967246,0.08907087244519922,0.028681763888858177,0.03952259738628009,1.0
0.12,0.8189854858022525,1.0,1.0,1.0,0.0898769096481574,0.10262487056028369,0.07242108799828037,0.02241799747948888,0.03464498413799319,1.0
0.12,0.9978600147999823,0.0,1.0,0.0,0.06310410945391581,0.10185027274164624,0.06681808427753903,0.0204662770393937,0.03332729456814225,1.0
0.12,0.7686845953241992,1.0,1.0,1.0,0.08160590953256923,0.1374437812784535,0.09258388018851793,0.024897878966774235,0.03744781977199471,1.0
0.12,0.7971983458260657,1.0,1.0,1.0,0.08197048917267766,0.1219811683777392,0.0813296206337945,0.025477223802364623,0.03778858877110969,1.0
0.12,0.9383727236701876,1.0,1.0,1.0,0.07353291115964529,0.12053827675158416,0.08441154786310545,0.021258227060601462,0.033747948076292646,1.0
0.12,1.013436584431296,1.0,1.0,1.0,0.061003453918950526,0.08945214833539447,0.07719937823507095,0.020227065466603057,0.033137114823654154,1.0
0.12,0.8424617407475056,0.0,0.0,0.0,0.07721886817830456,0.09876140908793504,0.07788093725707144,0.023124623463095094,0.03548348919989785,1.0
0.12,0.8805466255014063,1.0,1.0,1.0,0.06965276911306777,0.10711390492240676,0.08048543985825143,0.021664435981558032,0.03630963896739058,1.0
0.12,0.8173281591940796,1.0,1.0,1.0,0.08045669366182855,0.09808601215691597,0.06547125321356066,0.02484198165948299,0.03228804188774004,1.0
0.12,0.9460146002495338,1.0,1.0,1.0,0.068027474932331,0.10072125738333233,0.06726109951834867,0.021562638193152316,0.03250159142334701,1.0
0.12,0.742135468687993,1.0,1.0,1.0,0.08551188625588686,0.12124483871840845,0.08460080923113592,0.024817363924637847,0.036387872240657974,1.0
0.12,0.6908172462959523,1.0,1.0,1.0,0.08007247602081245,0.11787335290349313,0.09603686958490994,0.025827804653108907,0.038853685571218224,1.0
0.12,0.9839935395195369,1.0,1.0,0.0,0.0671451539460313,0.09170871898162047,0.06411208209797262,0.020805121211346655,0.02995021291960553,1.0
0.12,0.8673026045375669,1.0,1.0,1.0,0.06151985311770034,0.11233247589307252,0.07299658330079815,0.02273292029815095,0.034421940389167155,1.0
0.12,0.8747689850834007,1.0,1.0,1.0,0.07439986590376539,0.12123908615051285,0.07730853285507892,0.020707817787845858,0.033539967964708095,1.0
0.12,0.9694754745753449,1.0,1.0,1.0,0.06345715406738746,0.09538803335059876,0.06188277564162209,0.020295643606547294,0.03339352022786177,1.0
0.12,0.7470506088142922,1.0,1.0,1.0,0.1031076529286615,0.12865147782756428,0.1026100369708232,0.025315347344512146,0.038995291237704635,1.0
0.12,0.7013530498187912,1.0,1.0,1.0,0.09307044437780485,0.09983436032847007,0.07943905833099364,0.02808346261379814,0.034100268697534165,1.0
0.12,0.7656768073093996,1.0,1.0,1.0,0.09242157083674539,0.12088118470676648,0.08391181292345762,0.024861951198140293,0.03657511081912568,1.0
0.12,0.7761754458500189,1.0,1.0,1.0,0.07837241052881606,0.10230659770690935,0.07995968657767644,0.025827127448703475,0.03355221556351884,1.0
0.12,0.7840031573603997,1.0,1.0,1.0,0.07144956965690659,0.09796502718360126,0.06826729724381213,0.024186347806961498,0.03161452846346715,1.0
0.12,0.8924302245608772,1.0,1.0,1.0,0.06381954174761244,0.116421134075264,0.08341940771427064,0.022062802753403964,0.03587328681875724,1.0
0.12,0.9264444406906077,1.0,1.0,1.0,0.0682573079148716,0.10456563191980908,0.06960468356154045,0.023513515937722634,0.033699326156219525,1.0
0.12,0.6622638715461789,1.0,1.0,1.0,0.08680588666646498,0.127111686022989,0.09456736682107625,0.031013190259748864,0.04076376025887743,1.0
0.12,0.7552132358257184,1.0,1.0,1.0,0.0933769767802386,0.11630857167451866,0.09422409032247248,0.024540934819386545,0.03811801483985864,1.0
0.12,0.7940884700992847,1.0,1.0,1.0,0.09247822607585177,0.12651438718153596,0.08890939839801684,0.024042013852655312,0.03780043003151324,1.0
0.12,0.7395392312230111,1.0,1.0,1.0,0.07855679497527045,0.11853249356861291,0.08798067522217752,0.02599317934118039,0.03843788498924692,1.0
0.12,0.9251753832236675,1.0,1.0,1.0,0.06610504125748459,0.10518192576441424,0.07686502589368065,0.02237997796116958,0.03709125224299289,1.0
0.12,0.9844885622736699,1.0,1.0,1.0,0.06389283817641413,0.09640410910352094,0.06122229109207862,0.019237119988252588,0.03249618358665579,1.0
0.12,0.7319057089886641,1.0,1.0,1.0,0.09330142657711796,0.1397842323752337,0.10791312490213242,0.027219275437287842,0.04120440608864393,1.0
0.12,0.7893610885794079,1.0,1.0,1.0,0.07686324504151486,0.11962960518144317,0.08538785314501604,0.024520769796357117,0.037811768259171805,1.0
0.12,0.8028318176510221,1.0,1.0,0.0,0.07438161407265818,0.10701077214307053,0.08609563578538537,0.023987405866838056,0.037343574911249136,1.0
0.12,1.00858293873787,1.0,1.0,1.0,0.07732557146197404,0.09530310916588317,0.05465235060010293,0.019730957063476506,0.029732438702849986,1.0
0.12,0.7761077567780175,1.0,1.0,0.0,0.07738548093742666,0.09583534723131536,0.06560126427082176,0.026105389168133823,0.0313739302293534,1.0
0.12,0.8887778604441319,1.0,1.0,1.0,0.06258560993513664,0.1101526954898153,0.07391725087061353,0.02116355036278003,0.03166232338780348,1.0
0.12,0.9117710165581698,1.0,1.0,1.0,0.06892066603184081,0.10843928811378933,0.07575647024303081,0.021644884086557913,0.035850371664648766,1.0
0.12,0.9311931242592206,1.0,1.0,1.0,0.07220444717229281,0.1186955047608897,0.08755512197158499,0.021070496094200974,0.03853163175704679,1.0
0.12,0.8390376965659958,1.0,1.0,0.0,0.0791768034199259,0.09332371279971685,0.05860145215641407,0.0228114936306083,0.03282188316469316,1.0
0.12,0.89321443555245,1.0,1.0,1.0,0.0680088299432028,0.12075706256588,0.08167632256924698,0.02279756832134154,0.03716746255205442,1.0
0.12,0.7136470794890599,1.0,1.0,1.0,0.09027605257335164,0.11717765286766679,0.08752141619521492,0.02885803832010487,0.037156350219476254,1.0
0.12,0.8805299995239391,1.0,1.0,0.0,0.07923373981084127,0.08505584932725355,0.07202875334328437,0.022144539121759,0.03138469024513983,1.0
0.12,0.7606048459442508,1.0,1.0,1.0,0.07372273960351665,0.11239172065672738,0.08897773001650458,0.024703091310157587,0.03597910386416911,1.0
0.12,0.781548297899603,1.0,1.0,1.0,0.07830876141723145,0.12498448709205416,0.08983991630666584,0.024727290080123056,0.03698362499032102,1.0
0.12,0.8926279564479624,1.0,1.0,1.0,0.0910882480192757,0.11476408304526224,0.07790696812899264,0.021438834639986148,0.03304146547377981,1.0
0.12,0.9906396300032142,1.0,1.0,1.0,0.06300869179137163,0.1009387355597721,0.06181942783795073,0.019504146607072316,0.031130623239675633,1.0
0.12,0.8391691899464649,1.0,1.0,0.0,0.07781472325099723,0.11421449263008361,0.07342919616216512,0.023992732286594126,0.03544702302549532,1.0
0.12,0.9782835377828378,1.0,1.0,1.0,0.0709198448339949,0.12541527804842148,0.05723044059215672,0.019429456978377953,0.03155681377624162,1.0
0.12,0.7328942892275944,1.0,1.0,1.0,0.08622496493780296,0.13345707898398515,0.093387992119079,0.026060541935973222,0.0346718709200374,1.0
0.12,0.9167989306239055,0.0,1.0,0.0,0.07114432978772359,0.10874453398199761,0.06435404445398708,0.020902661213801826,0.03483619234611737,1.0
0.12,0.9495916045001221,1.0,1.0,1.0,0.0696051714865992,0.12085759245585263,0.0701775751234925,0.019690468623787604,0.03432330361794799,1.0
0.12,0.7444531281558865,0.0,1.0,0.0,0.08119121355624563,0.12885977374238672,0.08534407030530464,0.024623038409311477,0.03940896003307102,1.0
0.12,0.8889078802638354,0.0,1.0,0.0,0.0752339575348584,0.10630860491771033,0.08227717113300345,0.021738745086213884,0.033406016442476295,1.0
0.12,0.8049491992200499,1.0,1.0,1.0,0.06786139448459909,0.0942054378282158,0.06807993638510522,0.023344121274418206,0.03562645701792667,1.0
0.12,0.9457080372065731,1.0,1.0,1.0,0.07106154201768326,0.1073335787217042,0.07273960341955729,0.021193042707426914,0.034144975897407226,1.0
0.12,0.7375398899191976,1.0,1.0,1.0,0.09499842476498932,0.1235597631162737,0.10360702689656265,0.02644062419931468,0.041469676655693115,1.0
0.12,0.837496906887254,1.0,1.0,1.0,0.08105519092090822,0.12323916069657337,0.0911812376650585,0.022472656488377672,0.038826275096641646,1.0
0.12,0.9106344398130092,1.0,1.0,1.0,0.07436472434069515,0.10488763367800084,0.07334332969577256,0.022271361762687722,0.032549899674183494,1.0
0.12,0.9602000773342826,1.0,1.0,1.0,0.06547944323180088,0.1021538066260034,0.07104442485083425,0.01996887730255373,0.03604184175669328,1.0
0.12,0.7730983077360937,1.0,1.0,1.0,0.0889023149264643,0.11589849293733409,0.09485877411085322,0.025992448630807404,0.04201650975252219,1.0
0.12,0.8510811629210584,1.0,1.0,0.0,0.09521366931644618,0.11084093163386737,0.07108505530668166,0.02078966321674429,0.03209619930428026,1.0
0.12,0.903631561407227,1.0,1.0,1.0,0.07777281504689848,0.09919021039558425,0.0650905168155839,0.020989653939253713,0.03458771233982588,1.0
0.12,0.9466190228143934,0.0,0.0,0.0,0.06393048416240536,0.11038055805898475,0.0809974989715341,0.02098410121517217,0.03528560842262065,1.0
0.12,0.8065827790841427,1.0,1.0,1.0,0.09009874040412526,0.13560308602495796,0.10462688488494169,0.023858573260709434,0.04077160511912732,1.0
0.12,0.8934179047486752,1.0,1.0,1.0,0.06995427352807164,0.10523583134489918,0.07574861633653719,0.02183305062854669,0.03297123351011276,1.0
0.12,0.8526321029926615,1.0,1.0,1.0,0.08124727965094436,0.12468645560292854,0.09900237134485446,0.02169090491987174,0.0388395497499104,1.0
0.12,0.772883416613758,1.0,1.0,1.0,0.07450606407169755,0.12731797530444755,0.08180762062128417,0.027598245732384927,0.03768438309186689,1.0
0.12,0.9062684309560889,1.0,1.0,1.0,0.06000741096761675,0.10767564663645435,0.07198215224494443,0.022642979519391343,0.03421106327661766,1.0
0.12,0.7577277108650048,1.0,1.0,1.0,0.08660161607445556,0.12582271811749393,0.0968715554735157,0.02646599368504162,0.03699500162898825,1.0
0.12,0.9175280043406969,1.0,1.0,1.0,0.07016637806561823,0.1092445334228773,0.08196324126260801,0.021676451120200082,0.035404701962661767,1.0
0.12,0.9074292014716595,1.0,1.0,1.0,0.0812415534660444,0.110051428202199,0.07238610412502418,0.020529262582008614,0.033613133774804405,1.0
0.12,0.7865195233791388,1.0,1.0,1.0,0.08955115144322152,0.10550872649719918,0.07502727739691084,0.02431739034840092,0.036563955084954754,1.0
0.12,0.8437135349292572,0.0,1.0,0.0,0.08231284184649137,0.12401916735961824,0.09629029247955215,0.023862120591925204,0.03894901842923112,1.0
0.12,0.8837154412737787,1.0,1.0,1.0,0.06955617583639248,0.10401785214898382,0.08160915205328176,0.020300016309014804,0.034560195038796544,1.0
0.12,0.7556551542833485,1.0,1.0,1.0,0.09147431586584034,0.14219537512245836,0.10555827302115908,0.026496896635969262,0.03978222559546097,1.0
0.12,0.861984871548695,1.0,1.0,1.0,0.07080535555526221,0.1108376466406297,0.08384538698519173,0.02188118768378839,0.03770599733883883,1.0
0.12,0.754751102942008,1.0,1.0,1.0,0.08606448053021179,0.12589564518890195,0.10041878511218254,0.027350165628569498,0.042666557362188016,1.0
0.12,0.7461224370764309,1.0,1.0,1.0,0.09392040413389217,0.12612791752747832,0.10018772153744093,0.02671496312216724,0.03899381640647325,1.0
0.12,0.868012054141084,1.0,1.0,1.0,0.08243580130625922,0.11360045752916345,0.07783247045149813,0.02394422047543203,0.035340355798928,1.0
0.12,0.9225380101867923,0.0,1.0,1.0,0.06121621517773608,0.11392316060599286,0.07794812189546854,0.0208537582737229,0.03428839145159736,1.0
0.12,0.742596086546621,1.0,1.0,1.0,0.09260458942859597,0.11127972354399751,0.08289657509605412,0.0257346432860352,0.03545273188955198,1.0
0.12,0.6919494469598405,1.0,1.0,1.0,0.09186450548614954,0.12411471428671769,0.08665434028715421,0.028523868385520745,0.03784325224274434,1.0
0.12,0.9069096745800952,0.0,1.0,1.0,0.0748946165019181,0.13900279749260497,0.09600462953667097,0.02080433452391921,0.0381329727724445,1.0
0.12,0.7412778894866455,0.0,1.0,0.0,0.07057928223194146,0.11093875078212204,0.09477569464576403,0.024385750721602956,0.038614735341435266,1.0
0.12,1.177846628565287,0.0,1.0,0.0,0.053399978621970004,0.09322057108163215,0.05781498066922171,0.016130547460162303,0.03337272192155874,1.0
0.12,0.8133400328169713,1.0,1.0,1.0,0.09385109306781805,0.10918080724438546,0.07656365447906359,0.024486291396224873,0.034904884671698166,1.0
0.12,0.9136483160039924,1.0,1.0,1.0,0.06971404071841217,0.09908985121100883,0.07405504009871382,0.02217680994107004,0.032863532775198656,1.0
0.12,0.9027468477093216,1.0,1.0,1.0,0.07147881212788956,0.10237683390010965,0.06602940987431513,0.02195691985373272,0.031441372704426256,1.0
0.12,0.7342831496827602,1.0,1.0,1.0,0.0825071880256888,0.12242962396411432,0.08115625032877889,0.027104502713798193,0.03854489952016905,1.0
0.12,0.7079920056617756,1.0,1.0,1.0,0.09888783319640444,0.11386334776637164,0.09183969555435026,0.026841852049000244,0.038410158920346965,1.0
0.12,0.8643977152611859,1.0,1.0,1.0,0.06667719682884463,0.09720358787830437,0.060211601140825466,0.023112410804302444,0.03298052272739853,1.0
0.12,1.0220506297160226,0.0,0.0,0.0,0.06516082578341979,0.11680388525148037,0.08958516550822233,0.019016744028150644,0.040783113975692835,1.0
0.12,0.8610041318409634,1.0,1.0,1.0,0.08042942961635517,0.11303624467290126,0.09070758819883534,0.022742720850871014,0.037285299131615365,1.0
0.12,0.8135034010389836,1.0,1.0,1.0,0.08421441100613011,0.12214897475045987,0.09412632930280941,0.023470514468951764,0.03762936537779562,1.0
0.12,0.8902902765524714,1.0,1.0,1.0,0.0747736738339951,0.1196992661276127,0.0789959545453115,0.022281789526449707,0.03535914987707274,1.0
0.12,0.7271486819791264,1.0,1.0,1.0,0.09766863091529429,0.12431562228175216,0.07819447986719051,0.025243681933819907,0.03404989252045321,1.0
0.12,0.8746767266557854,1.0,1.0,1.0,0.0764398150609009,0.10481380344578728,0.06618864684988861,0.021731144016982454,0.032042483560079736,1.0
0.12,0.9455872527062337,1.0,1.0,1.0,0.06682485933219903,0.10135339045821903,0.06418603636146769,0.020616593997334506,0.033997587613967886,1.0
0.12,0.9642186368445566,1.0,1.0,1.0,0.07781557737554845,0.10417398959789026,0.07492016136343449,0.019930646882713,0.03727978954017848,1.0
0.12,0.9018990731904116,1.0,1.0,1.0,0.07578150345127363,0.13160653147456178,0.10215534587593485,0.020994051643840262,0.04020504884634844,1.0
0.12,0.825872785983394,1.0,1.0,1.0,0.08782208500535214,0.12050399610819859,0.08737212900231625,0.024651079655032545,0.03790474367673589,1.0
0.12,0.7286023080088954,1.0,1.0,1.0,0.09801567807651723,0.11646169918976117,0.08855880722349432,0.025278716148124644,0.03801417699212815,1.0
0.12,0.9148835404308766,0.0,1.0,1.0,0.07959098979140616,0.11365392058406303,0.073657422018327,0.020736045936048678,0.033906815202961134,1.0
0.12,0.8761122551140605,1.0,1.0,1.0,0.07693415041028981,0.09609771351028062,0.07501507639048688,0.022665329649166694,0.03451014826539587,1.0
0.12,0.8826591126473415,1.0,1.0,1.0,0.07593894226107963,0.11904064828731978,0.09195712527793778,0.02190967148409626,0.03902488205277588,1.0
0.12,0.6968994912364945,1.0,1.0,1.0,0.09352669440233438,0.1318094317285413,0.09752527578502004,0.028465425136166553,0.041031693944083146,1.0
0.12,0.8417257501024701,1.0,1.0,1.0,0.07128385130328982,0.11036801811744938,0.09136784443686048,0.02401491819464093,0.03858948301815677,1.0
0.12,0.8106245568959636,0.0,1.0,0.0,0.07154085829125365,0.0968912289127481,0.07172832286424635,0.024506141705578303,0.03388199305326657,1.0
0.12,0.700614706398215,1.0,1.0,1.0,0.08791031318475188,0.13488462118903602,0.11090664107161514,0.02685302811712823,0.04284189180339396,1.0
0.12,1.0058357526441255,1.0,1.0,1.0,0.07191623335392887,0.11951935996197602,0.08506576321546164,0.018993108066102483,0.037592002953957614,1.0
0.12,0.9378860375083967,1.0,1.0,1.0,0.06276014158977733,0.10933836111401765,0.0765828233165833,0.021230079792394017,0.03447976099432217,1.0
0.12,0.7868138044906223,0.0,1.0,1.0,0.07490213685019043,0.11216883566075615,0.07861092671873389,0.02629738948960742,0.03632239444695142,1.0
0.12,0.9597026625363702,0.0,0.0,0.0,0.06537487930193112,0.10026937166961622,0.06753493179516398,0.020531486433937634,0.0354931593952809,1.0
0.12,0.9002397241696634,1.0,1.0,0.0,0.06348875499218457,0.09738312029218962,0.054234627705655736,0.022527368446890617,0.029848741275584886,1.0
0.12,0.972263864106606,1.0,1.0,1.0,0.08078497365187531,0.11863933191970999,0.0731359575685677,0.0207363747352825,0.03416659956732167,1.0
0.12,0.8049726998190705,1.0,1.0,1.0,0.07555590537471815,0.13457914420790942,0.11314601412915262,0.02376840402223343,0.045496017996954026,1.0
0.12,0.7240964930533463,1.0,1.0,1.0,0.08456749855435244,0.12685315860842714,0.10942864157553596,0.027134648763584953,0.03785910570017177,1.0
0.12,0.8960664945518985,1.0,1.0,0.0,0.07826011582902297,0.10509538921350667,0.07614704785872686,0.02093470056920472,0.035453670396324154,1.0
0.12,0.8695273668397926,1.0,1.0,1.0,0.07272490796511266,0.09730913992218393,0.07535235275853136,0.02284459012543059,0.034573315048856294,1.0
0.12,0.7924361740785085,1.0,1.0,1.0,0.0911322141395479,0.10485536074873328,0.08952436127360094,0.024913016791432884,0.03776639273776559,1.0
0.12,0.7751312915416549,1.0,1.0,1.0,0.0884635003544759,0.1409581888642379,0.0895496599948784,0.024072171722672887,0.03837782119303004,1.0
0.12,0.7944241344596262,1.0,1.0,1.0,0.07995821659960753,0.12367641519691937,0.10146432059555507,0.023847412874416666,0.03848934170372525,1.0
0.12,0.7394888158266432,1.0,1.0,1.0,0.09285155236952627,0.11524807221611062,0.07899381192793682,0.026290328419474224,0.03586457003491616,1.0
0.12,0.9863182736306078,1.0,1.0,1.0,0.06276684777989087,0.10518744293883542,0.0730524746587811,0.01943898193726573,0.034704290542731976,1.0
0.12,0.6791176434508251,1.0,1.0,1.0,0.10732161176376138,0.11187993249356518,0.08924820216847971,0.02861313965320548,0.04114452030404301,1.0
0.12,1.0096037092286467,1.0,1.0,1.0,0.06714768527900497,0.09645629186759885,0.06958275015454336,0.01997397933523058,0.033120121851363864,1.0
0.12,0.7613395806423491,1.0,1.0,1.0,0.07266182774276839,0.11185141346734515,0.07078075450249621,0.024732786906073456,0.033291806511195045,1.0
0.12,0.8536539368625078,1.0,1.0,1.0,0.0673435379630517,0.11889147672638575,0.08091178437585832,0.02070604031853458,0.03344899775265038,1.0
0.12,0.8138361778579519,1.0,1.0,1.0,0.08864353962242948,0.10754166212139252,0.07950200836947399,0.025013459391858284,0.03562076628468492,1.0
0.12,0.646521543528828,1.0,1.0,1.0,0.09179043943527522,0.14592250198767798,0.11564543421224416,0.029709480120558806,0.04429006893689305,1.0
0.12,0.8356590268663023,1.0,1.0,1.0,0.07593396154797874,0.10831521953674654,0.06434525153385429,0.024242175752160037,0.033453508441630454,1.0
0.12,0.865530504129009,1.0,1.0,1.0,0.07749052041218864,0.12481813352117803,0.0803403901729256,0.024131486304433264,0.037893122857495146,1.0
0.12,0.6738946903627975,1.0,1.0,1.0,0.09315266878316313,0.12760960953521686,0.10261211977340667,0.02700768832083243,0.038288145651695006,1.0
0.12,0.9934622274236105,1.0,1.0,1.0,0.06096030369173899,0.108935789279956,0.0789081340750247,0.019456531858597175,0.03394076185914131,1.0
0.12,0.8626234469415313,1.0,1.0,1.0,0.08220437011180062,0.11489486338589261,0.07887148507376793,0.02259226085472944,0.035829575820462055,1.0
0.12,0.8762976935989566,1.0,1.0,1.0,0.07858125004919436,0.1016344586393366,0.06920436794910127,0.02222073823925235,0.03210079039799811,1.0
0.12,0.8086962856462733,1.0,1.0,1.0,0.06872164423054054,0.09372476000473265,0.07812837917081898,0.023299071870145002,0.03525199775784645,1.0
0.12,0.8545105059837115,0.0,1.0,0.0,0.07596379904072673,0.10863997404617927,0.0688405681936,0.021477412021095446,0.03525092499571564,1.0
0.12,0.7652907808899215,1.0,1.0,1.0,0.07823891625372034,0.11974858341739611,0.0770586957914352,0.025993696208532854,0.03814728109156802,1.0
0.12,0.9431427592702597,1.0,1.0,1.0,0.07454953028217068,0.09367305579206892,0.06138619343028129,0.019601084895362827,0.033100518564815475,1.0
0.12,0.9005602871559586,1.0,1.0,0.0,0.06998909667362738,0.08812353965566308,0.06147803639301075,0.020659977103588308,0.030724171027704295,1.0
0.12,0.8828959998138975,1.0,1.0,1.0,0.08457705079202443,0.1268529054271504,0.07930355470245547,0.022504369898486917,0.03500309788660974,1.0
0.12,0.7951818847153258,0.0,1.0,1.0,0.0788106434038797,0.13217710681035794,0.09243000390613114,0.02321010922022233,0.03403067047094736,1.0
0.12,0.9546984653172728,0.0,1.0,0.0,0.06692836840865145,0.12420054423780207,0.08828502577834377,0.020608860255594986,0.0379584869174346,1.0
0.12,0.8039301494006039,1.0,1.0,0.0,0.09340359286771438,0.11101013955329861,0.07763595030550047,0.02366461003193906,0.03729122270721401,1.0
0.12,0.8142012399906041,1.0,1.0,1.0,0.07859529965722283,0.10757873105644573,0.0870178848948893,0.024988714813424413,0.037814529735259964,1.0
0.12,0.787719302311902,1.0,1.0,1.0,0.08831163140910939,0.11498012982055181,0.08721096414647499,0.025732299430610298,0.03904744354122241,1.0
0.12,0.8918602629001202,1.0,1.0,1.0,0.07211927355460246,0.10728908663122087,0.08031301200149361,0.022261619628610774,0.036400937611663964,1.0
0.12,1.0843701921979934,1.0,1.0,1.0,0.06946573352092833,0.08934602787583028,0.05379773704148676,0.01902959944542514,0.031481580360128686,1.0
0.12,0.8282241397492281,1.0,1.0,1.0,0.08474040836729059,0.12542595203997076,0.09256018309573073,0.023594787585798263,0.039024137591043166,1.0
0.12,0.7161045831231356,1.0,1.0,1.0,0.08883852966865216,0.14289448012095798,0.09759217781372027,0.025308540491281156,0.04088117110100567,1.0
0.12,0.934077632250972,1.0,1.0,1.0,0.07153292275086773,0.10795765326623932,0.07092361671444432,0.01925942998894012,0.034928798303576605,1.0
0.12,0.8306163444492671,1.0,1.0,1.0,0.08808102966441597,0.1039793521303403,0.07941945420591627,0.022364274292110613,0.03239458142822169,1.0
0.12,0.870893322644841,1.0,1.0,1.0,0.08323972640556167,0.10120173267022485,0.06904992900354907,0.022740553494633345,0.035731377737043137,1.0
0.12,0.8751105076836752,1.0,1.0,1.0,0.07432052088469412,0.12040558942709394,0.08935118769288018,0.02294089359950187,0.03616238127623574,1.0
0.12,1.003704936126725,1.0,1.0,1.0,0.0709860295572399,0.10045361345663532,0.06564535961070013,0.020488164092703504,0.03458723217170508,1.0
0.12,0.9656623597071005,0.0,1.0,0.0,0.06209668914017905,0.08501623845140864,0.057774599867506625,0.020793756806213218,0.03173430690358723,1.0
0.12,0.7908809317723744,1.0,1.0,1.0,0.07023637827046425,0.12964266967768945,0.09212647971904933,0.026265734080355665,0.041860374984294645,1.0
0.12,1.0125070713828832,1.0,1.0,0.0,0.059305761806821636,0.10187638090847803,0.061413954184868134,0.01977239421736885,0.03172334563100501,1.0
0.12,1.0250340460261196,1.0,1.0,1.0,0.06113211561391718,0.11393731091733746,0.0606818238735813,0.019737272901849397,0.03192967157042065,1.0
0.12,0.7811894049365284,0.0,0.0,0.0,0.07679867493863939,0.10551823467028973,0.07622539687643319,0.024713595012448894,0.03758306366226775,1.0
0.12,0.7901831152615241,1.0,1.0,1.0,0.07069435337460457,0.11944138562341285,0.08532757006519175,0.025146710741202147,0.03728965334078381,1.0
0.12,0.8203581727755794,1.0,1.0,1.0,0.08631853282302117,0.1068449842532461,0.07628835716733647,0.024582694131640034,0.036856884842628966,1.0
0.12,0.9545353414131525,1.0,1.0,1.0,0.07834725292078513,0.10144940475811488,0.07793815677209363,0.01922390121766099,0.03264765514497665,1.0
0.12,0.9684361337261785,1.0,1.0,1.0,0.05735793380836347,0.11676645112904542,0.07738897547951566,0.02129184318963392,0.03616216759723051,1.0
0.12,0.8569829803344308,1.0,1.0,1.0,0.07807141617954011,0.12865278233009475,0.09711978653587881,0.02269447513979003,0.03767084297364846,1.0
0.12,0.8564780637973741,1.0,1.0,1.0,0.08924320749909807,0.10715326967876507,0.07076078561598967,0.022338005752689506,0.03494669026978137,1.0
0.12,0.7851476463429737,1.0,1.0,1.0,0.08166469825778985,0.12378975242134757,0.08086333683577737,0.023972457441497345,0.03575845477402592,1.0
0.12,1.121643864501086,1.0,1.0,1.0,0.06160574107294235,0.10451383602629225,0.07479685857793972,0.01776340830746409,0.0356231322287737,1.0
0.12,0.7862182209524172,1.0,1.0,1.0,0.09230813852576396,0.12165325603696778,0.09370366453343042,0.024691323742741,0.03752952952413183,1.0
0.12,0.8283449283620407,1.0,1.0,1.0,0.07904386379101833,0.10264171802051478,0.07621188955244934,0.02292311235203555,0.03518685535756179,1.0
0.12,0.7115100493040298,0.0,0.0,0.0,0.10322011546373236,0.10874740700079455,0.10343880865746528,0.02717051218921287,0.0358087800740234,1.0
0.12,0.7682150419936782,1.0,1.0,1.0,0.08441796958398476,0.11145553625253972,0.07838587751341022,0.02384775472048133,0.03395895793533787,1.0
0.12,1.0586283852242644,1.0,1.0,1.0,0.06456062468989995,0.09400175248705465,0.06066836079122673,0.02049655976252607,0.034171774877788906,1.0
0.12,0.8633873405291137,1.0,1.0,1.0,0.07341971513163463,0.1277388255053796,0.08831720318541654,0.022916245322812775,0.03733229331483971,1.0
0.12,0.8144819800363136,1.0,1.0,1.0,0.08025982118832718,0.10651709836931463,0.07409175733476012,0.025991057730631296,0.03672476822647355,1.0
0.12,0.8959129745907657,1.0,1.0,1.0,0.07038056342953734,0.09938875598492558,0.06820338164172116,0.021429578233112857,0.031145899240291996,1.0
0.12,0.9272243666876412,1.0,1.0,1.0,0.07015804717207039,0.09772586339952423,0.043380573552166665,0.022543262422845038,0.030242926502042678,1.0
0.12,0.819110401243166,1.0,1.0,1.0,0.08288103331098137,0.13319232818957918,0.09233475985351566,0.022755600952642365,0.037223164281296156,1.0
0.12,0.7890545434281184,1.0,1.0,1.0,0.08285789150344992,0.11072386637809051,0.07280410044443378,0.024542969504484095,0.034557350042221976,1.0
0.12,0.9060764259827853,1.0,1.0,1.0,0.0850394353901644,0.10616872838900042,0.07045434676842037,0.021386113482509527,0.033460953973718066,1.0
0.12,0.9846728230975763,1.0,1.0,1.0,0.05666423204900315,0.09276525646682761,0.05440838371942519,0.022271183830140418,0.03286815230822485,1.0
0.12,0.7402918100664582,1.0,1.0,1.0,0.10145831030256165,0.1059688187733874,0.08358785649598446,0.0273158807763389,0.039267756577469025,1.0
0.12,0.9729510095003545,1.0,1.0,1.0,0.058474614991840326,0.10180861270430394,0.07166953498252877,0.019113636570719277,0.03316956593423342,1.0
0.12,0.8185348180531241,1.0,1.0,1.0,0.07364593214027362,0.13668320095712233,0.08560117244713902,0.02151313349962904,0.039136134744218766,1.0
0.12,0.8320381167358736,1.0,1.0,1.0,0.08569771159855633,0.12073597926089792,0.07857965608587089,0.022598921072898473,0.037598257835966924,1.0
0.12,0.683584880839834,1.0,1.0,1.0,0.09966664171204194,0.12525194841666382,0.10556480290999644,0.028695511165104173,0.040262586253811516,1.0
0.12,0.7936061676634235,1.0,1.0,1.0,0.09604200254324124,0.1259175511359277,0.0873055920576023,0.024184724569870645,0.0386833964083816,1.0
0.12,0.9215167972511814,1.0,1.0,0.0,0.07309918091346265,0.10008682104143388,0.06345077908486654,0.022188233963872418,0.03283150995411649,1.0
0.12,0.8774748995764354,1.0,1.0,1.0,0.07182614312368851,0.11318504142348243,0.08826680226408276,0.022089175574176022,0.03610861478482392,1.0
0.12,0.7780572431026906,1.0,1.0,1.0,0.07491734053718849,0.11766722112720054,0.08245666415484221,0.024714876746058337,0.0350697989777185,1.0
0.12,0.7439598303248672,1.0,1.0,0.0,0.08583423982434987,0.12357809919852518,0.08304149281972008,0.024567287387479705,0.03831349547405624,1.0
0.12,0.8755296567197113,1.0,1.0,0.0,0.08261675932466137,0.1139077803155708,0.07984419539060682,0.022440594274852472,0.03470671312962598,1.0
0.12,0.8495985298706752,1.0,1.0,1.0,0.0725366148970776,0.09672934978846924,0.062143474774722575,0.023905542076709495,0.032447696469874714,1.0
0.12,0.8950203539919316,1.0,1.0,0.0,0.07558543583206587,0.11424940726916506,0.06966109397022813,0.021942339563872357,0.03268814647974777,1.0
0.12,0.9246429019862725,1.0,1.0,1.0,0.06539649613158147,0.09930214741740265,0.06626270772717316,0.0211256943218679,0.033381208416920875,1.0
0.12,1.0643693141654882,1.0,1.0,1.0,0.06589734889160638,0.11956281472009145,0.07712295748057427,0.019646520635693176,0.037201424107514126,1.0
0.12,0.8412245664270437,1.0,1.0,1.0,0.07081757600684202,0.10438610779124005,0.0726640177523817,0.02260708761324669,0.0364330013529888,1.0
0.12,0.9569774381057825,1.0,1.0,1.0,0.07295722846487188,0.10245371717798728,0.07547987504438558,0.019506556309621975,0.03378874929029624,1.0
0.12,0.8090420823019692,1.0,1.0,1.0,0.08536563360815705,0.09994384857694569,0.07972169135315989,0.0228315317532884,0.03605360222940896,1.0
0.12,1.056811296225076,1.0,1.0,0.0,0.062181575843268944,0.1011212992498797,0.0634674865736857,0.019356870995663508,0.03255496974040991,1.0
0.12,0.8623495853466856,1.0,1.0,1.0,0.07724656643679699,0.11727362138237604,0.0859731525173777,0.026429448310262532,0.03792471359016998,1.0
0.12,0.8671995395296147,1.0,1.0,1.0,0.0710491017608322,0.10633333243827034,0.07639594057091532,0.02294079798703533,0.03571161111156154,1.0
0.12,0.7487469324434446,1.0,1.0,1.0,0.08886765214902073,0.12155294563193401,0.09107968260686317,0.026603734639213998,0.039825436941720777,1.0
0.12,0.9000546983618268,1.0,1.0,1.0,0.06876359920581959,0.09572081908523125,0.07391587860262441,0.021550867297507485,0.03305791644291791,1.0
0.12,0.9290989224892027,0.0,1.0,0.0,0.06134368495809757,0.11364193671752532,0.08009310303074745,0.020048742064722614,0.036498224384788634,1.0
0.12,0.9220667948296297,1.0,1.0,1.0,0.07116704486450084,0.11617651803935672,0.08239588535714869,0.021678689366605934,0.03448871670709079,1.0
0.12,0.8884769283489611,1.0,1.0,1.0,0.07135888784035907,0.09463073381886486,0.06440834829589939,0.0224948385925671,0.035166239705476623,1.0
0.12,0.7767988114469448,1.0,1.0,1.0,0.08989049750336094,0.13718226660087557,0.09708838464326537,0.024652731492608142,0.04026604170379363,1.0
0.12,0.7105962763244507,1.0,1.0,1.0,0.08182409028561147,0.137070588738078,0.09685065221397868,0.02718709942658489,0.03788909986130868,1.0
0.12,0.9674542140816912,1.0,1.0,0.0,0.07556334943485479,0.09647779264233727,0.06484196948250924,0.020218945797380736,0.03041871874541008,1.0
0.12,0.9051384172465108,1.0,1.0,1.0,0.06776902250385484,0.09403062108154912,0.06748361694819867,0.021026297733549734,0.03143358092695456,1.0
0.12,0.7882263302350898,1.0,1.0,1.0,0.08663374413640194,0.11377320579850096,0.09010277033032663,0.023885098644891904,0.03921256541817272,1.0
0.12,0.816681230216694,0.0,1.0,0.0,0.07750918988809982,0.1253377821031379,0.07820134939540843,0.022791374680988213,0.03533976429523001,1.0
0.12,0.8966843935182278,1.0,1.0,0.0,0.08069385439879934,0.11260205819844012,0.07192175823542886,0.020395537175534207,0.034499378794218334,1.0
0.12,1.0166668725505088,1.0,1.0,1.0,0.06544039662196317,0.08795481504757623,0.052715208354700005,0.01837956509628635,0.02985312506627892,1.0
0.12,1.0299918139031918,1.0,1.0,1.0,0.07097670511585749,0.10730010034155116,0.07557828754521961,0.018182021591173353,0.0335956449720118,1.0
0.12,0.8460495316796798,1.0,1.0,1.0,0.07581322942577998,0.10408559330147618,0.09055947302347933,0.02133696854364213,0.03575646424120642,1.0
0.12,0.8129590897038145,1.0,1.0,1.0,0.10486592160175787,0.13108223396086344,0.08701374504069201,0.023250499786590783,0.03906791180795349,1.0
0.12,0.9566221959940359,1.0,1.0,1.0,0.06637303835024205,0.12407558961421353,0.08401750090601075,0.0200011731105432,0.03664366926853956,1.0
0.12,0.9753147874746718,0.0,1.0,0.0,0.05949966164261773,0.09907029662500269,0.0726969118562621,0.02073913961447062,0.03627243941773836,1.0
0.12,0.8986546473956744,1.0,1.0,0.0,0.06773382285084809,0.1034925246519092,0.06492318003828079,0.02268833552657534,0.03353582714463126,1.0
0.12,0.8952656559567669,1.0,1.0,1.0,0.07997607552650565,0.12015356970239857,0.08929621263133214,0.021069895167531234,0.034624098240771686,1.0
0.12,0.7505606136515491,1.0,1.0,1.0,0.09275204798863133,0.1146600787079991,0.09026943578488152,0.024748900179119168,0.03733283901689927,1.0
0.12,0.9878276190218886,1.0,1.0,1.0,0.06704881359737098,0.09343432948233575,0.06064657304578962,0.01931096986546446,0.031835981795742874,1.0
0.12,0.772114491803601,1.0,1.0,1.0,0.06952644832933357,0.11317471911487391,0.07804024287251818,0.024185291267709408,0.037978436986732325,1.0
0.12,0.7862286398850497,1.0,1.0,1.0,0.08048044805605063,0.11461375592766772,0.08459067248945015,0.023877666723981172,0.03627537891873006,1.0
0.12,0.7821189614602261,1.0,1.0,1.0,0.07756121197109385,0.11250336473323279,0.07921197639374748,0.023647383338290223,0.03335149901737615,1.0
0.12,0.871280023280996,1.0,1.0,1.0,0.0801862969851717,0.10729518779506561,0.07044978104173505,0.022712236360173915,0.03296119424727603,1.0
0.12,0.6550135592312334,1.0,1.0,1.0,0.10540809456562938,0.14342483884239068,0.1054327311464542,0.029529719714398564,0.036081665697105185,1.0
0.12,0.7145787508474092,1.0,1.0,1.0,0.08614056459695288,0.11141126080933841,0.0892920660711867,0.02881109454212842,0.03926697699823252,1.0
0.12,0.8336099639894606,1.0,1.0,1.0,0.07678164858164069,0.12086893057045356,0.09652155657071604,0.0239040728894751,0.03546122127904475,1.0
0.12,0.8658440054337823,1.0,1.0,1.0,0.06989054725781998,0.12756754441994317,0.09337541028738129,0.02128377015504791,0.035912995218474526,1.0
0.12,1.0026579341248483,1.0,1.0,1.0,0.0643195264584515,0.10533519292939027,0.06986174691657199,0.019009306406213435,0.0325735195174915,1.0
0.12,0.8722794794641529,1.0,1.0,1.0,0.08425946100865715,0.09048619743443578,0.07266578165025027,0.02101971759427715,0.03398302157778022,1.0
0.12,0.8363703866419373,1.0,1.0,1.0,0.07530257120619739,0.11429202049392606,0.0636793603982457,0.022272324097102798,0.032718097808644785,1.0
0.12,0.8916436939196528,1.0,1.0,1.0,0.08050551464051107,0.11303741290613242,0.08532946224041849,0.02192664551114041,0.036654953522569776,1.0
0.12,0.8766511831441371,1.0,1.0,1.0,0.07470105333287015,0.10579423976970279,0.0660238587745667,0.02299343978955638,0.034555586251652955,1.0
0.12,1.0303771127381627,1.0,1.0,1.0,0.06395331034549899,0.11424201442318316,0.06362916872228815,0.018355105346814362,0.033828333352670596,1.0
0.12,0.8707290792209057,1.0,1.0,1.0,0.0805504777754464,0.11594447961095158,0.08064244685956026,0.021305884711439925,0.035137626071258206,1.0
0.12,0.8713235512784442,1.0,1.0,1.0,0.07164601206786944,0.10401064206238993,0.06843619073297,0.02152076367829657,0.03226343444107654,1.0
0.12,0.9199735890155846,1.0,1.0,1.0,0.06819743697464907,0.0993136669977789,0.07791541767168464,0.02234992877035674,0.035307368486004444,1.0
0.12,0.8618726070561225,1.0,1.0,1.0,0.0743835216201211,0.11522211089827938,0.08176762580008189,0.022525263322956634,0.038456958120738745,1.0
0.12,0.9160494423109665,1.0,1.0,1.0,0.08556957528798068,0.11738296910433758,0.07851791035914678,0.020662703091277965,0.03506998988187436,1.0
0.12,0.9282654173557086,1.0,1.0,0.0,0.06644319220620237,0.100183347756409,0.07568644629980648,0.02189038407069889,0.035868596089797915,1.0
0.12,1.0630031145873613,1.0,1.0,1.0,0.065077756110187,0.08346845976138764,0.05101251422608892,0.019079768338656752,0.030493934893794043,1.0
0.12,0.7712571369183587,1.0,1.0,1.0,0.08541139311752388,0.11943890182709375,0.08339200070640987,0.024641418422414185,0.036514013052399076,1.0
0.12,0.9364036711410653,1.0,1.0,1.0,0.07395838672297103,0.11726533758690764,0.06793309089031702,0.020455252983504,0.03180045017481018,1.0
0.12,0.9507116614025588,1.0,1.0,1.0,0.067845101016207,0.11109896946216498,0.07289628552097246,0.01925183255553885,0.03208502402612339,1.0
0.12,0.744333634184283,1.0,1.0,1.0,0.09677633204957461,0.11926282570627082,0.09413419199931494,0.025970204001639508,0.03471095437129545,1.0
0.12,0.8858456206246726,1.0,1.0,1.0,0.08154532266954657,0.1084614056785516,0.07026953151201651,0.021163216480557977,0.034737236889275144,1.0
0.12,0.7099404735426319,1.0,1.0,1.0,0.08987027998037463,0.1115200794700163,0.0839182094334145,0.028949451500465417,0.03849580530316392,1.0
0.12,0.7307404928596516,1.0,1.0,1.0,0.08635163853952646,0.1508880768678509,0.11370779749235396,0.02533915313832278,0.04085645213689693,1.0
0.12,0.800100781959316,1.0,1.0,1.0,0.08843540091167397,0.1066504274461089,0.07139202721347487,0.02341584123765099,0.033676858028260134,1.0
0.12,0.7625927077881988,1.0,1.0,1.0,0.07858622431693378,0.1279674958756925,0.11250096268331436,0.027007287166272178,0.04159183443964393,1.0
0.12,0.8973964377122066,1.0,1.0,1.0,0.07057479655774597,0.11314597970657084,0.08890345305535984,0.02213894048155518,0.03596259050030747,1.0
0.12,0.870767174875448,1.0,1.0,1.0,0.0730006379523113,0.08800926315552178,0.050262586652255734,0.021398423946084776,0.028336384902529294,1.0
0.12,1.162540573238138,1.0,1.0,1.0,0.061102406472117995,0.10097548124561773,0.06444773988172757,0.017257407939089243,0.03299563056298392,1.0
0.12,0.8719907643386234,1.0,1.0,1.0,0.06967495748612716,0.1240004845131365,0.08458987192026712,0.021809340752286868,0.03628807858536623,1.0
0.12,0.8593368735848476,1.0,1.0,1.0,0.07812843507311067,0.12417649946100691,0.08680475352902131,0.022554648407451017,0.036970751831889394,1.0
0.12,0.9019354995694802,1.0,1.0,1.0,0.0692655088251423,0.11804049681296654,0.07867242656077364,0.02103956030855776,0.0364283965096433,1.0
0.12,0.8023671861100696,1.0,1.0,1.0,0.09076606222639172,0.1004724736560936,0.0672743036985168,0.024459116791537415,0.03338776769385631,1.0
0.12,0.8883634989873612,1.0,1.0,1.0,0.08054571933142463,0.11094081402878728,0.06545128595828871,0.022093204172811305,0.035898288269994666,1.0
0.12,0.9954139960943325,1.0,1.0,1.0,0.07814082614449815,0.10298706159739075,0.07236270119483881,0.01804376476198007,0.03325766507304027,1.0
0.12,0.8017102539461967,1.0,1.0,1.0,0.08446567787473502,0.12584698323180876,0.1000781263491618,0.023914032931171413,0.0389146394264106,1.0
0.12,0.8222166020570582,1.0,1.0,1.0,0.07465478222856944,0.12586947802392462,0.09262023848695691,0.02384895495640688,0.03746461520399585,1.0
0.12,0.8875878759353035,1.0,1.0,1.0,0.07753321532891348,0.10646057864781752,0.08508127944359942,0.020103869212400413,0.03603054998101787,1.0
0.12,1.018574830313258,1.0,1.0,1.0,0.05923342757956886,0.09536180464038803,0.06309497252941601,0.018454247985966402,0.03287203120419812,1.0
0.12,0.8675505513489759,1.0,1.0,1.0,0.07438149034684557,0.09936322827997765,0.0657958344733415,0.023010224582834013,0.033286934205935766,1.0
0.12,0.9444045798332018,1.0,1.0,1.0,0.07022290129228755,0.10756796981413956,0.06974902799070828,0.018764591490017066,0.032309932007425275,1.0
0.12,0.9197703451974709,1.0,1.0,1.0,0.06521700075874184,0.11438584385299552,0.0781693089734247,0.020375009893314387,0.03692967706796691,1.0
0.12,0.854691715453078,1.0,1.0,0.0,0.09427358931439941,0.09691835142645067,0.06013317088992558,0.021287496181266016,0.029285284388437995,1.0
0.12,1.0848242559483272,1.0,1.0,0.0,0.06896840625750611,0.09095107077754935,0.05599912150812221,0.017281186124007756,0.03206264001812839,1.0
0.12,0.883108528253387,1.0,1.0,1.0,0.07666114888713059,0.11550852410210208,0.07565045230391945,0.022743619327409835,0.037137027235485266,1.0
0.12,0.9478335266799981,1.0,1.0,1.0,0.06881067649516115,0.1120034911483065,0.059023643812642176,0.020579039110899578,0.0317860995171094,1.0
0.12,0.8333352821393357,1.0,1.0,1.0,0.07457828966077334,0.10050594570614306,0.06522909738823082,0.02294283411190501,0.031150636006772578,1.0
0.12,1.1271831245884012,1.0,1.0,1.0,0.05144004492228933,0.08678927651695252,0.053985693730603315,0.016103445466902445,0.030638226683549097,1.0
0.12,0.844006188683777,1.0,1.0,1.0,0.07471714024673251,0.1246665260847372,0.1010494175705666,0.024444802460563873,0.03693709006410018,1.0
0.12,0.9172890913850786,1.0,1.0,1.0,0.067658880872742,0.0945873488832373,0.0520098822319354,0.02089695603936835,0.029437130929471464,1.0
0.12,0.6246145709196826,1.0,1.0,1.0,0.10920687967892898,0.15169120443858458,0.10269730479236942,0.03196399214067879,0.04357130218364266,1.0
0.12,0.7544243390470645,1.0,1.0,1.0,0.08616526208028852,0.11693372644764292,0.08672135006039978,0.024108030201800884,0.03749988059200366,1.0
0.12,0.9899725717908565,1.0,1.0,1.0,0.06449801604263147,0.11685020183618189,0.08047180288744657,0.019761716264513583,0.036168876451332536,1.0
0.12,0.968619500639344,0.0,0.0,0.0,0.06987656514344397,0.07988153952448378,0.05324062743962142,0.020163742365547268,0.030016209287036723,1.0
0.12,0.7453491705612107,1.0,1.0,1.0,0.08554886918328512,0.12071810738313897,0.08405718537526244,0.02751664716163707,0.03607859440714552,1.0
0.12,0.9521854722302383,1.0,1.0,0.0,0.06913316314241795,0.08942856500562239,0.058893304563534664,0.02158038913894849,0.03206414231200303,1.0
0.12,0.8957537241408354,0.0,1.0,0.0,0.06954755185060044,0.1061349362652116,0.06912558453836151,0.022757675737136555,0.034338597831654355,1.0
0.12,0.7511841590005751,1.0,1.0,1.0,0.07647071388108959,0.11196282085990214,0.08525159425929527,0.025262301095057015,0.03832449704325663,1.0
0.12,0.807329162912795,1.0,1.0,1.0,0.07917822211775494,0.11464372388465227,0.07112482380325266,0.022076276183728524,0.0362764723084873,1.0
0.12,0.8366181655651679,1.0,1.0,1.0,0.07491619969792018,0.11487674956291356,0.08858805251559465,0.023308064126481124,0.037513676782716714,1.0
0.12,0.8437393971019997,1.0,1.0,1.0,0.07275053859888674,0.11995171728851657,0.09529231216200063,0.02179131749986053,0.03661276845803478,1.0
0.12,0.905433598449052,0.0,0.0,0.0,0.072259638959117,0.09511891044978943,0.06685476901756349,0.021391075308060847,0.031662683443080875,1.0
0.12,0.8844148541146198,1.0,1.0,1.0,0.07626327848972894,0.10846362032341092,0.07456361594322677,0.022244983961171933,0.0360278732815698,1.0
0.12,0.7503422628962375,1.0,1.0,1.0,0.07631818677893845,0.11206060032346585,0.08418736982558983,0.025837108632170817,0.03937621894965145,1.0
0.12,0.7840741457185931,1.0,1.0,1.0,0.09297191301213777,0.10980144390221092,0.07674636146491462,0.025517944210497367,0.036443378495544534,1.0
0.12,0.8540871585658082,1.0,1.0,1.0,0.07164780345967833,0.11798964483258585,0.09094324334264792,0.021056472077017076,0.038191735837455366,1.0
0.12,1.002062769425551,1.0,1.0,1.0,0.06492957842233064,0.10353960499528378,0.07088832739206452,0.01896474725346886,0.033447989412830836,1.0
0.12,0.9680960406208178,1.0,1.0,1.0,0.07292508770175601,0.11593779569497076,0.0865203102417479,0.020315736419497483,0.036582634189512735,1.0
0.12,0.9128256177724449,1.0,1.0,1.0,0.06977302521988879,0.10407035694351385,0.09070410626282661,0.021241682026871208,0.03797895786331061,1.0
0.12,0.8758412744795193,1.0,1.0,1.0,0.07126162365124059,0.12775263605264134,0.08277402394054845,0.024072100999040346,0.03857028002889769,1.0
0.12,0.7298346515083572,1.0,1.0,1.0,0.09567464775775938,0.11811659622863155,0.09217447831072337,0.026441209953442204,0.039274945362282876,1.0
0.12,0.7112573400664681,1.0,1.0,1.0,0.10373169957550328,0.1293543099019238,0.11653826636317788,0.025376047260559552,0.040509045764521405,1.0
0.12,0.7625936751085565,1.0,1.0,1.0,0.08102281052777287,0.11179444121096338,0.08227248156871458,0.0248537376690191,0.03424543875813399,1.0
0.12,0.7958496931514591,1.0,1.0,1.0,0.08226224223224263,0.14388462241769803,0.10947439888330952,0.022021842263416535,0.038927582589175266,1.0
0.12,0.835225781860062,1.0,1.0,1.0,0.07427237086659104,0.09494372189840447,0.0626687431443924,0.02374740023897362,0.030987006768225883,1.0
0.12,0.9355461272660754,1.0,1.0,0.0,0.07476785467161158,0.11562720217217351,0.0848366253749608,0.02095221568376082,0.0381001183849324,1.0
0.12,0.7798515317506169,1.0,1.0,1.0,0.09248336940301394,0.09724016120838427,0.06783090246360471,0.026658190647530392,0.03473560420489916,1.0
0.12,0.8514400177602641,1.0,1.0,1.0,0.0937165650533485,0.12097243381562137,0.08051389528531357,0.022389336646192838,0.03583376989302886,1.0
0.12,0.8915580365790532,1.0,1.0,1.0,0.07056204352589948,0.09636378597713527,0.061397707278323166,0.021633000200852712,0.030339717447003388,1.0
0.12,0.7928846719511784,1.0,1.0,1.0,0.07661082337850611,0.10974100923702315,0.07148769940295166,0.02511182777482508,0.03515748226193331,1.0
0.12,0.7938991553323294,1.0,1.0,1.0,0.07271535621482028,0.10929137430079756,0.07854446256205602,0.024364857437663846,0.036204972099621265,1.0
0.12,0.7093753284123667,1.0,1.0,1.0,0.09011607259055053,0.11149010038946935,0.10220514737065382,0.02593021020145078,0.03868023156489693,1.0
0.12,0.8847611903126832,1.0,1.0,1.0,0.06039209521979729,0.10898804795648935,0.07402466091376493,0.022922972416077915,0.034397376927686345,1.0
0.12,0.8843166387208109,1.0,1.0,1.0,0.06740199540281445,0.1038197109302403,0.08226124633253923,0.022676033100770602,0.036610942223419325,1.0
0.12,0.813419320821045,1.0,1.0,1.0,0.0749251417131727,0.1185592856504728,0.09246333857278868,0.022147126165393775,0.03496014639639589,1.0
0.12,0.9286263236617158,1.0,1.0,0.0,0.06787130630813949,0.10418458601039456,0.06748796511963115,0.021659991372140874,0.03610183448148164,1.0
0.12,0.8217512105174618,1.0,1.0,1.0,0.07525260574906267,0.11214654051550417,0.08265476433115486,0.024519403536927956,0.033938467007038654,1.0
0.12,0.8943220839497532,1.0,1.0,1.0,0.07396960994682807,0.10060069808905507,0.07930224720448471,0.022184880243327796,0.037814878668914496,1.0
0.12,0.7147450875005629,1.0,1.0,1.0,0.07715591629586423,0.11251016501699447,0.0896158311948402,0.028440302981304733,0.03740435881718424,1.0
0.12,0.8423564502011794,1.0,1.0,1.0,0.08065046124600353,0.11994284570799314,0.10277350680498154,0.02432577141108745,0.03901674209760257,1.0
0.12,0.8285299065907773,1.0,1.0,0.0,0.08528969601223449,0.11172119454779258,0.07488196570701297,0.022942035894934355,0.03342691433365754,1.0
0.12,0.773894893245658,1.0,1.0,1.0,0.09073418211763437,0.13097803146107623,0.10268420911889575,0.025098474516956508,0.04035332906759704,1.0
0.12,0.8672464138880063,1.0,1.0,1.0,0.07413009547449019,0.11562127726771558,0.07093418519673059,0.02226932338470671,0.034003495669237126,1.0
0.12,0.9307614311009675,1.0,1.0,1.0,0.06847891493388143,0.089398603979955,0.052721807889183944,0.020148283705978005,0.031054668318908775,1.0
0.12,0.9139438799096691,1.0,1.0,1.0,0.08308196497260442,0.13520957366508138,0.10100937830303724,0.02186041891890061,0.041372552860278945,1.0
0.12,0.835982059844512,1.0,1.0,1.0,0.08294377538193695,0.11438839352715635,0.08565949460481931,0.022110005739651557,0.039500962908921446,1.0
0.12,0.9455142608354828,1.0,1.0,1.0,0.07650381227446885,0.11083659246039765,0.0692957127764673,0.02063613092055145,0.03527645707218161,1.0
0.12,0.9054648258698444,1.0,1.0,0.0,0.06615568621370038,0.10779959790615387,0.0772135215494649,0.021978057759642074,0.03605114856477642,1.0
0.12,0.9224294540675941,1.0,1.0,1.0,0.07654731322973221,0.10834695032535699,0.05884393385215986,0.02027535824809051,0.0317687186620482,1.0
0.12,0.9655181607922159,1.0,1.0,1.0,0.07149810066973919,0.1177170868740171,0.08563778740755598,0.02043403791051359,0.034212080865780425,1.0
0.12,0.877677914312862,1.0,1.0,1.0,0.0730764865991077,0.10931327068071721,0.06381846548149339,0.022823412298107422,0.03295608483912198,1.0
0.12,0.7374851011437386,1.0,1.0,1.0,0.08221986805203993,0.1284474606215084,0.09984204100541046,0.02507191104955811,0.04168867688324299,1.0
0.12,0.7830468987725074,1.0,1.0,1.0,0.08570386253768379,0.11275409727058358,0.08421870915984678,0.02340607689681587,0.03454671919672183,1.0
0.12,0.9462686992063998,1.0,1.0,1.0,0.0629028722384961,0.09867255375065477,0.06279665990922625,0.020617130409702162,0.0330402918735469,1.0
0.12,0.8555385774735238,1.0,1.0,1.0,0.09160166628217732,0.1088137601401824,0.07103587664073305,0.02050074645300569,0.03595348045187285,1.0
0.12,1.0080254325489493,1.0,1.0,0.0,0.06791757496422716,0.09231490840798913,0.06147342727357472,0.020328006657534044,0.03200474159371683,1.0
0.12,0.8383955546778646,1.0,1.0,1.0,0.07009130131349377,0.10499318430713891,0.08438370787529088,0.023598866924613188,0.036147088552473366,1.0
0.12,0.9089710590657588,1.0,1.0,1.0,0.08231046350845404,0.09626966901101712,0.07438620032815976,0.022215114991345607,0.03494170090578788,1.0
0.12,0.7660125200477013,1.0,1.0,1.0,0.08637783963306503,0.11136542121220294,0.0934969341820164,0.02644374996960087,0.04021007285446696,1.0
0.12,0.770165605743802,0.0,1.0,1.0,0.07596085675216778,0.11709649455266602,0.08530348133703061,0.025290101971142457,0.039603048536543985,1.0
0.12,0.9359853505193853,1.0,1.0,1.0,0.07720248816020073,0.1123093138521279,0.07878175236990648,0.020696124249824987,0.03831110344774625,1.0
0.12,0.9589616047630025,1.0,1.0,1.0,0.07002277413380417,0.1053458905263946,0.07044471621954389,0.020369363489878625,0.03433257250802973,1.0
0.12,1.1206535263366915,1.0,1.0,1.0,0.05750778888147674,0.08514672352174313,0.04178072252810511,0.017025727393006628,0.02854119488264046,1.0
0.12,1.0327153253031753,1.0,1.0,1.0,0.06993752027315753,0.09388851826786464,0.0602935210161362,0.01831164475735165,0.03238428139822209,1.0
0.12,0.8846226357122743,1.0,1.0,1.0,0.07754452691262623,0.10084523122810549,0.07376120321316386,0.021717015232692694,0.03603306089071703,1.0
0.12,0.7889552224205154,1.0,1.0,1.0,0.08786363583198316,0.11309039270050933,0.07097211345774403,0.025716248084969556,0.03521154320505446,1.0
0.12,0.8890355257135943,1.0,1.0,1.0,0.0878437783103383,0.10933394345101963,0.08747677385336776,0.022857227713116438,0.032734104035224885,1.0
0.12,0.8288768845610194,1.0,1.0,1.0,0.08134486485492605,0.12375384980712549,0.09194587313496039,0.023597553515985786,0.039804598889614996,1.0
0.12,0.8871978106502403,1.0,1.0,1.0,0.07065960810665368,0.10874939077608765,0.07163031446943999,0.021005381090228023,0.034161404676625026,1.0
0.12,0.8178016573488222,1.0,1.0,1.0,0.08062419649940841,0.11246129918079303,0.06125715156115028,0.023313012889940272,0.03426343898919137,1.0
0.12,0.8168196613189587,0.0,1.0,1.0,0.06917419188801299,0.11233513533571586,0.08571545608559658,0.02458803389972313,0.03715875907769164,1.0
0.12,0.9363818856669875,1.0,1.0,1.0,0.06498835552056373,0.09756110585823269,0.0719209140629065,0.020650717320176287,0.03356155314403416,1.0
0.12,0.9799331309036226,1.0,1.0,1.0,0.0663945449280823,0.09294484147967966,0.07154622596233193,0.019576092684700848,0.03488798322713627,1.0
0.12,0.877383129554196,1.0,1.0,1.0,0.08697744365932183,0.125283867655739,0.09507688435183219,0.0229706752288899,0.035331575647935674,1.0
0.12,0.8396201950449033,1.0,1.0,1.0,0.07986624852109026,0.11097424341931987,0.07541015535265405,0.023366304161873942,0.03421673672818459,1.0
0.12,0.805736629689665,1.0,1.0,1.0,0.07413948362826665,0.11760109572776205,0.10210786666360605,0.022650467033627594,0.03812773159885748,1.0
0.12,1.0141877937569643,1.0,1.0,1.0,0.08083595968784577,0.10739892883177948,0.060010063199680476,0.019661710308472448,0.03457275883238468,1.0
0.12,0.7711482469230543,0.0,1.0,0.0,0.07898168316195744,0.11778408627441161,0.0894016131682593,0.024856124735654885,0.03608528587335401,1.0
0.12,0.7620706631308616,1.0,1.0,1.0,0.09745367389887151,0.11764978826782595,0.079391566627477,0.026070446306405284,0.040003778947857255,1.0
0.12,0.7645264802210622,1.0,1.0,1.0,0.08550050793477484,0.1325429767835034,0.09667852887712931,0.0251708740142903,0.03754483702276752,1.0
0.12,0.7985993414756316,1.0,1.0,1.0,0.09501331861701841,0.12587663532504226,0.08690618159080085,0.022427628714128088,0.03787042839463419,1.0
0.12,0.9864657876577778,1.0,1.0,1.0,0.06450847125859198,0.10781065595971344,0.06819882396948285,0.02020748958758259,0.034804326611245905,1.0
0.12,0.7706681429883611,1.0,1.0,1.0,0.08191122167396095,0.12116928288263637,0.0877086780025369,0.023621312162633207,0.03640120659650813,1.0
0.12,0.9286106715616973,1.0,1.0,0.0,0.06344263891767994,0.10961665753433256,0.05883752793917903,0.019668414881928938,0.031790139794726356,1.0
0.12,0.9592193562732129,1.0,1.0,1.0,0.07297744450976071,0.11290886627236711,0.07149237980730784,0.02037116683928921,0.03470574046872255,1.0
0.12,0.6718112354966745,1.0,1.0,1.0,0.10643269517631007,0.12254072163427751,0.08992828782428673,0.027900960598368725,0.039316244395282786,1.0
0.12,1.0407687608447844,1.0,1.0,1.0,0.06845549190084263,0.10097453769711522,0.06135525971292619,0.019619997803873454,0.033046278934096285,1.0
0.12,0.963356048168168,0.0,1.0,0.0,0.07258278870023037,0.1073991164258526,0.06911633873090484,0.020443430971168935,0.03270598116000735,1.0
0.12,0.8781677578282346,1.0,1.0,1.0,0.06989655801262651,0.10511945944584455,0.07691656359147468,0.021044480937134128,0.03512840813222921,1.0
0.12,0.9972827576138564,0.0,1.0,0.0,0.07368865033674646,0.11667630462635055,0.07403075914175299,0.01990985905311434,0.03387495937692476,1.0
0.12,0.8595247847074586,1.0,1.0,1.0,0.0713199501711677,0.11421530347241608,0.08700244724486053,0.021791104366895207,0.040160400277526216,1.0
0.12,0.7739554309434272,1.0,1.0,1.0,0.0946291679533328,0.12784124430533692,0.08356450426166237,0.02708429072614485,0.039393750989635656,1.0
0.12,0.8793894970148396,1.0,1.0,1.0,0.0734732827582243,0.13170812458871217,0.08945671884419125,0.022342707646332095,0.036816635359364205,1.0
0.12,0.8225935020235581,0.0,1.0,0.0,0.08068159234774239,0.11381694543973205,0.07726434462007567,0.023584018207646783,0.03639328699778313,1.0
0.12,0.9085377966067848,1.0,1.0,1.0,0.06961932101232156,0.11851552974833657,0.09285715593020125,0.020961541001719448,0.03782946988333363,1.0
0.12,0.9330774598330316,0.0,1.0,1.0,0.0623565747194487,0.1086823458735889,0.07624873302422311,0.021540423134363176,0.03678864475561094,1.0
0.12,1.0992568511563852,0.0,1.0,0.0,0.060225985320621137,0.09911872333641485,0.06528602645100871,0.014862560067444252,0.031679842445733256,1.0
0.12,0.7521353730507986,1.0,1.0,0.0,0.08174328086614042,0.1184390697783331,0.09167138325320916,0.024882803628478296,0.03844275897308214,1.0
0.12,0.8745770045529748,1.0,1.0,1.0,0.08219219671787677,0.1110720172896833,0.06142502741634144,0.0207343513156528,0.03224638603254468,1.0
0.12,0.825948032740615,0.0,1.0,1.0,0.07044018981673097,0.1223857877738637,0.09480614276218474,0.022142372196477727,0.037340345868161144,1.0
0.12,0.7832800988482613,1.0,1.0,1.0,0.08755855970303582,0.11236946801699658,0.07893802496928908,0.02494043093517379,0.03424229618356489,1.0
0.12,0.7291334613636204,1.0,1.0,0.0,0.09876059774288828,0.1097647776560513,0.08469228004729287,0.027692698136715568,0.03630295080335137,1.0
0.12,0.829063330176282,1.0,1.0,1.0,0.08803051180898558,0.1213260122113694,0.08880530216184054,0.02357251642455217,0.03609497057968584,1.0
0.12,0.9723107458628062,1.0,1.0,0.0,0.06165235317709629,0.08791382873659985,0.05976308769882847,0.020194509623431597,0.03243424789013958,1.0
0.12,0.9062394496555007,1.0,1.0,1.0,0.07232003401495748,0.0930477907919162,0.07134446485484279,0.020925756199497166,0.034353663813180876,1.0
0.12,0.9856681472601582,1.0,1.0,1.0,0.054095385810593144,0.10667010638652474,0.0708269722881254,0.019626899686012823,0.03305712613931144,1.0
0.12,0.7476977757621109,1.0,1.0,1.0,0.0843107820209204,0.12448995916123182,0.10946704899229978,0.02784359602453776,0.03812565453005843,1.0
0.12,0.7041567884784843,1.0,1.0,1.0,0.08659892241285158,0.12189377761206635,0.0988348464387824,0.027925534295002455,0.042499557495799284,1.0
0.12,0.7240372620604661,1.0,1.0,1.0,0.08822473080346888,0.11343963698046314,0.08473715955563954,0.02647747676103955,0.03718211277354119,1.0
0.12,0.7986156941442522,1.0,1.0,1.0,0.08525074334538822,0.12434982104391064,0.09439068170821882,0.02473243580313276,0.037038070542596536,1.0
0.12,0.8156691140759724,1.0,1.0,1.0,0.0774544100299372,0.11336337103388261,0.07175336293974892,0.023540471785747173,0.03806819279273979,1.0
0.12,1.046587000642668,0.0,1.0,0.0,0.060088800849913984,0.08686418091723022,0.05408152186368749,0.01864635966938677,0.03165154694558196,1.0
0.12,0.7584587601256373,1.0,1.0,1.0,0.0818647437170909,0.14528038084569894,0.10488563127478501,0.025026652590196964,0.041273607945984725,1.0
0.12,0.9264376850612295,1.0,1.0,0.0,0.08042989965485987,0.09187257709497797,0.05198525423909439,0.020940161128423715,0.03149658122525054,1.0
0.12,1.0021933159394538,1.0,1.0,1.0,0.05794414106711029,0.09692364978055776,0.0701614776235389,0.018301119785465014,0.03212205934560266,1.0
0.12,0.9718797180606559,1.0,1.0,1.0,0.061509271117674055,0.10129996194153276,0.058538114397339205,0.020546356551510322,0.03083577291701497,1.0
0.12,1.0483688400750306,1.0,1.0,0.0,0.05615245890317946,0.09418894644658894,0.06097377342052555,0.018458858374252363,0.034291806331116656,1.0
0.12,0.9423770654820494,1.0,1.0,1.0,0.060574120281616725,0.10340392256380868,0.07410998640720858,0.020131699268496325,0.03792018083575153,1.0
0.12,0.9198250890631876,1.0,1.0,1.0,0.06595159863011499,0.10183068479421634,0.08320104947443992,0.020828587347095827,0.036139662242210595,1.0
0.12,0.7767201315194117,1.0,1.0,1.0,0.07871701686755338,0.10658135482338318,0.07696560607027551,0.024630743325111518,0.03439490963854315,1.0
0.12,0.7637089007306758,0.0,1.0,1.0,0.08779772195536988,0.13433090923601035,0.11245335530581939,0.02365863630238788,0.03853766239060468,1.0
0.12,0.904511469077036,1.0,1.0,1.0,0.06202482235322128,0.08990289873838016,0.07443679467549708,0.021537858876357535,0.03642642342641832,1.0
0.12,0.8546982754996367,1.0,1.0,1.0,0.07437045646200487,0.11916069866249375,0.09138668666300441,0.023391338634437008,0.03680326153881246,1.0
0.12,0.8982852363981946,1.0,1.0,1.0,0.06308873840406291,0.10822392949764532,0.06848081604588932,0.022132282094668124,0.03317815835496421,1.0
0.12,0.6288153853533096,1.0,1.0,1.0,0.10495560978384048,0.1439868514068267,0.1261899577925246,0.029648449182066505,0.04866385826088269,1.0
0.12,0.685055096485916,1.0,1.0,1.0,0.09926805458037305,0.12537196841529866,0.08786213025602968,0.025439001287136193,0.036717870919146904,1.0
0.12,0.8313767598786765,1.0,1.0,0.0,0.08614485537498393,0.11390932170988013,0.079610794906436,0.023168266038597955,0.03473999015523227,1.0
0.1,1.08474735399392,1.0,1.0,1.0,0.0638769109084429,0.08476391633940918,0.033561117051616005,0.019471730979042343,0.027189629416116343,1.0
0.1,0.9135858231060252,1.0,1.0,1.0,0.06840096391201855,0.1032153716979427,0.057686802058266665,0.02153583552140353,0.03224464593179964,1.0
0.1,1.0735524233385523,1.0,1.0,1.0,0.06707936453115873,0.11367557889409181,0.06869277628693862,0.017762291340321493,0.03157641223111343,1.0
0.1,1.0832995932365064,1.0,1.0,1.0,0.051626855710917775,0.09175013212843768,0.055831509116902225,0.018513835308259435,0.028919820982052483,1.0
0.1,0.9126044984241317,1.0,1.0,1.0,0.0748435119089536,0.11185216136203943,0.07950807042613914,0.021320617543646652,0.03703264130204085,1.0
0.1,1.031842793829384,0.0,1.0,0.0,0.06450082111312605,0.08945121284296773,0.05981911520054802,0.01775540873104077,0.02938796584435921,1.0
0.1,1.0055477802576043,1.0,1.0,1.0,0.05967678834122556,0.10604314989534898,0.06264035394692528,0.019964536474853477,0.031178966772467776,1.0
0.1,0.9395379478188172,1.0,1.0,1.0,0.06861214595471925,0.10243007730756126,0.06510391925313982,0.022485926103153718,0.033796900958059914,1.0
0.1,1.0588711661879857,1.0,1.0,0.0,0.07071906284477132,0.09092761414862371,0.06439852801046467,0.017766074684809417,0.03232722086213143,1.0
0.1,0.9937301700129952,1.0,1.0,1.0,0.06320994692236022,0.10482163700999707,0.0807851734155655,0.020165910625677883,0.0361137143744955,1.0
0.1,1.0353599235150204,1.0,1.0,0.0,0.06729048730641309,0.09995864075907396,0.07088272747762794,0.019628839585460828,0.033143839339207684,1.0
0.1,1.158425057272922,0.0,1.0,1.0,0.059530010989668314,0.10959274020287693,0.07173483548689183,0.016464740662088487,0.03323823864291139,1.0
0.1,0.8963526861027871,1.0,1.0,1.0,0.08096585460491734,0.10206636574482993,0.07138207277037553,0.020465353136820724,0.030797067894224178,1.0
0.1,0.98004892979195,1.0,1.0,1.0,0.06953340523758467,0.10466839598335134,0.08286883915394005,0.018917465182755274,0.03580007369363327,1.0
0.1,0.9546657274242261,0.0,0.0,0.0,0.081114433223286,0.10812021554404934,0.08044088116687938,0.019322866694855338,0.03649558150877021,1.0
0.1,1.154606487743753,1.0,1.0,1.0,0.05718252576545642,0.0934059192271031,0.05936766336176754,0.01765743567195266,0.035527677185162795,1.0
0.1,1.0545314046282446,0.0,1.0,0.0,0.0574131361253568,0.10544954932722103,0.06682591201114875,0.01865793016465831,0.03539722859113755,1.0
0.1,0.9706971152419336,1.0,1.0,1.0,0.06900906368062683,0.10477176012048287,0.06413332119396851,0.019271888502875662,0.032905412901399,1.0
0.1,0.8730544744119344,1.0,1.0,1.0,0.07931961876559936,0.10357898544611284,0.04824965336782189,0.02215216784585626,0.03188738196833805,1.0
0.1,1.0740886854661766,0.0,1.0,0.0,0.05679649790782095,0.1131780443001246,0.09545310642680453,0.018198154682250535,0.03713366091420845,1.0
0.1,0.8981534186276654,1.0,1.0,1.0,0.08444219070066046,0.1024151877415828,0.062112897666195564,0.019765622942547002,0.03494926913407926,1.0
0.1,1.1640772760796725,1.0,1.0,1.0,0.05470234696483826,0.09842343447869896,0.06071312263879654,0.01708338495065895,0.03212117292911926,1.0
0.1,1.165515410359271,1.0,1.0,1.0,0.05675414583984341,0.1107616716485944,0.06756633764850757,0.01550097462701675,0.035646928441526005,1.0
0.1,1.0553701436221599,1.0,1.0,1.0,0.06095926157855862,0.08614598338323318,0.06028064434916473,0.018250175056431225,0.03140433527988366,1.0
0.1,1.0699357940619927,1.0,1.0,1.0,0.06120246178948733,0.11040341940647254,0.0641541924353284,0.01888355682312161,0.030779033314442098,1.0
0.1,1.1138104858739468,1.0,1.0,0.0,0.06440125287307619,0.09210155671301803,0.07137885969102029,0.01797355464922859,0.03219965122463773,1.0
0.1,0.9407132963187326,1.0,1.0,1.0,0.07911771128502815,0.11409381272721378,0.07698995656248393,0.020972442894165128,0.03698232103974633,1.0
0.1,1.1173597309946173,1.0,1.0,1.0,0.05953064794439851,0.08691012126749127,0.05789672675866342,0.01698380756416728,0.03146613163252262,1.0
0.1,0.9531254532344731,1.0,1.0,1.0,0.06964248527619236,0.11615830620107064,0.09019345630338267,0.021547354377975364,0.03845202295528746,1.0
0.1,0.9391561179045015,1.0,1.0,1.0,0.06782419884624015,0.10329274253101586,0.09031749406979725,0.02028773242968521,0.03693667781139654,1.0
0.1,0.9225137568500342,1.0,1.0,1.0,0.06804583122391442,0.08406987930011808,0.056518313418612985,0.02268571326488024,0.030480259881842126,1.0
0.1,1.2181419225746177,1.0,1.0,1.0,0.05496532071485881,0.08933932366834704,0.04018166362116094,0.015106056174832825,0.028156001936687866,1.0
0.1,1.0216814427206562,1.0,1.0,1.0,0.056806687851626105,0.09306324530989538,0.060168842120043586,0.01860800308093031,0.028170792507617184,1.0
0.1,1.054868481698512,1.0,1.0,1.0,0.052620858898403754,0.10565848290417297,0.07883220120751307,0.020150544109369495,0.03386463266721209,1.0
0.1,0.9487929320401216,1.0,1.0,1.0,0.07019360700411192,0.10522243742897008,0.06972852492774959,0.019078980676847858,0.03460421160068998,1.0
0.1,0.9233830012260952,1.0,1.0,1.0,0.06175655034567379,0.11287582500289002,0.07763111728553508,0.022972264671461195,0.03547394159079978,1.0
0.1,1.0852458562415546,0.0,1.0,0.0,0.04962553036635889,0.10131662495184565,0.07121826850922962,0.016589454261155448,0.032041424337070794,1.0
0.1,1.0481333714324745,1.0,1.0,1.0,0.07023921952437213,0.10586880125581144,0.05490616258754348,0.0187021313447493,0.031630345824062794,1.0
0.1,1.0694191828333062,1.0,1.0,1.0,0.05283992517451279,0.11785637432292777,0.07625625335751084,0.017342851750829703,0.03279813341917806,1.0
0.1,0.9934437860820876,1.0,1.0,1.0,0.0651655680847966,0.09113667769150405,0.05365635056166741,0.018884036532571917,0.02949780977482608,1.0
0.1,0.9673453688389266,1.0,1.0,1.0,0.07567917029737872,0.10714167158397833,0.07252728282653727,0.020902815217319706,0.03165613962344831,1.0
0.1,1.0236983414162462,1.0,1.0,1.0,0.07308955340823794,0.10068326675988652,0.06264739286358471,0.018248502087169785,0.031772513543558235,1.0
0.1,1.0397308706043475,1.0,1.0,1.0,0.051805059287946056,0.09464569801037545,0.07059515428735112,0.01872349344238891,0.03336714503094594,1.0
0.1,0.9622789272004125,1.0,1.0,1.0,0.06983248510362414,0.11626970731372657,0.07819899172965769,0.021575956358289235,0.03772196180203483,1.0
0.1,0.9186019615243526,1.0,1.0,1.0,0.07114925199062683,0.11512679659227636,0.07283942769569897,0.0221787159311831,0.03486334096580814,1.0
0.1,0.9623269197431398,1.0,1.0,0.0,0.06346310818620805,0.09217789028698894,0.061289935210904235,0.019953212993647048,0.03160692810134909,1.0
0.1,1.0620281170525987,1.0,1.0,1.0,0.06812397141063946,0.09457203131394855,0.07645274522215637,0.017654060445666156,0.03184222108292165,1.0
0.1,1.0450629468024792,1.0,1.0,1.0,0.05732827509402798,0.1080664942123988,0.06557211600404032,0.01862831606389223,0.03386230081098885,1.0
0.1,0.9914596521252378,1.0,1.0,1.0,0.06952651799660942,0.09416159612924588,0.06079267970254636,0.018412454398051142,0.031434319076845164,1.0
0.1,1.1729932344607135,1.0,1.0,1.0,0.05396624143914974,0.09251819107776996,0.05031805014948011,0.016849814978517216,0.02977596315789157,1.0
0.1,1.0066645778601433,1.0,1.0,1.0,0.06902371894086787,0.09670826604172231,0.060583467851863616,0.0196417074561822,0.03329022632192133,1.0
0.1,0.8890584068619631,1.0,1.0,0.0,0.08077673712851056,0.10226253239365266,0.07248267481877298,0.021198355709702837,0.03345861823780244,1.0
0.1,1.2706370385064087,1.0,1.0,0.0,0.04678359816492002,0.090441847972907,0.053662730104358604,0.015374624647678399,0.03135689114060468,1.0
0.1,1.0037572934231167,1.0,1.0,1.0,0.06346555072634885,0.10449287136185847,0.08537241024796223,0.01933073767747765,0.031663956547546813,1.0
0.1,0.848774909982134,1.0,1.0,1.0,0.07418157985810178,0.11706096452848343,0.0853852197896427,0.022761818103907146,0.03683545389220491,1.0
0.1,1.217791955625061,0.0,1.0,0.0,0.049118711127373836,0.10821494432919532,0.06204286355052635,0.015708301278195155,0.03276407269734193,1.0
0.1,1.078987827428258,1.0,1.0,1.0,0.05731815353271458,0.08066319437361164,0.04550512629581172,0.017867455791789725,0.02992378645828122,1.0
0.1,0.9121177805504884,1.0,1.0,1.0,0.07427830176396959,0.110122618492473,0.07480517983846824,0.021781484448217578,0.035509690338119494,1.0
0.1,1.0525100319476646,1.0,1.0,1.0,0.06244739652185786,0.08626079946725883,0.056394395618239945,0.018869789500776116,0.03210299543452023,1.0
0.1,1.0322830785499575,1.0,1.0,1.0,0.06484036150179273,0.09248157313123329,0.05665416416294668,0.018984232732873623,0.030686683057177006,1.0
0.1,0.840469825447233,1.0,1.0,1.0,0.08684008145250369,0.11657005508235944,0.09420375816805546,0.021710418239085986,0.038149159483754885,1.0
0.1,0.982907686680386,0.0,1.0,0.0,0.05925137029086687,0.1052685668575279,0.06661513189354115,0.01994764862603534,0.03165450194950496,1.0
0.1,0.9182719967829803,1.0,1.0,1.0,0.08093075201511837,0.10769572372168287,0.05702318985336685,0.02084081117224462,0.030727516595838812,1.0
0.1,1.146567584268241,0.0,1.0,0.0,0.05573384832892957,0.10115599309677537,0.06777940760206899,0.0171219795950751,0.03215729827212722,1.0
0.1,1.0290342361824705,1.0,1.0,1.0,0.061623314788341224,0.11082279796481453,0.07894418076952477,0.019212579939146088,0.03415349433758648,1.0
0.1,1.091179824519189,1.0,1.0,1.0,0.06495050828574621,0.10606387386169673,0.06331820096445605,0.017695482269867804,0.034356700385117026,1.0
0.1,1.0270110841690372,1.0,1.0,1.0,0.06288540649391192,0.10888091648203783,0.0738138876662271,0.01867241903124327,0.03309503221522743,1.0
0.1,0.908354124235559,1.0,1.0,1.0,0.06634528313977353,0.10216132643829046,0.06873024466919243,0.020583948792391414,0.03371428092456667,1.0
0.1,1.0036382594501148,1.0,1.0,1.0,0.057418912798670355,0.08725074276156694,0.05408674023614542,0.019080866745496885,0.02830224992781429,1.0
0.1,0.9996161112529534,1.0,1.0,1.0,0.06955138505691663,0.11590429615723133,0.06867745031324304,0.01892283255245485,0.0333676618068216,1.0
0.1,1.0510080716982977,1.0,1.0,1.0,0.06465223490840827,0.09668332240682104,0.0648994776573861,0.018971378927754596,0.03309127477361768,1.0
0.1,0.9544941843334537,1.0,1.0,1.0,0.06899568720785101,0.11963782755045263,0.0874200229936298,0.020682922076655518,0.03505978374113043,1.0
0.1,1.0055173663580168,1.0,1.0,0.0,0.06823036532663349,0.10519753923772343,0.058022856334985294,0.01929191599079679,0.03145004870056679,1.0
0.1,0.9192567578550563,1.0,1.0,1.0,0.06969801206890228,0.10495136906303715,0.06308242002650255,0.021815283147157558,0.03493503879838263,1.0
0.1,1.1210956595790693,1.0,1.0,1.0,0.06141121395683809,0.0950585960288717,0.0642272393745254,0.017205313804677286,0.03329583845753611,1.0
0.1,1.0345593100672037,0.0,1.0,0.0,0.06556555971919169,0.0957646466337332,0.07398361331476122,0.018437130566102935,0.030719216217842994,1.0
0.1,0.9238533465587708,1.0,1.0,1.0,0.07224748736899861,0.10619276663162407,0.06849103036675111,0.021363659312209137,0.03308583095204158,1.0
0.1,1.0665738495465222,1.0,1.0,1.0,0.05870515320695122,0.11114556108765664,0.07580410426578474,0.018902352034547897,0.0351819109613046,1.0
0.1,0.9144066300657393,1.0,1.0,1.0,0.0665890157854324,0.1012224673466255,0.07375132421881811,0.022208544458921713,0.036911080967118925,1.0
0.1,1.1380400500850072,1.0,1.0,1.0,0.056799261806089796,0.10496633670634425,0.06287934099894626,0.017124213792810785,0.03068101704942088,1.0
0.1,1.1743919174576025,1.0,1.0,0.0,0.05719286255367453,0.0961020913603103,0.05163662102229807,0.016141807842595366,0.03107298164077448,1.0
0.1,0.8554307691964244,1.0,1.0,1.0,0.07349829181025566,0.11545041956177682,0.07987024639314431,0.022940759284591605,0.03434016560011697,1.0
0.1,0.9322392602913044,1.0,1.0,1.0,0.0701550808461348,0.10616870581157405,0.07638682187954668,0.02177450842307567,0.038398001565455565,1.0
0.1,1.1788002201856447,1.0,1.0,1.0,0.05402462792661378,0.09571319422650783,0.06264864206749432,0.01585039395510395,0.031209754188647968,1.0
0.1,0.9567876579741811,1.0,1.0,1.0,0.06275405959572626,0.10821269743851307,0.09075158334414239,0.020421186835528734,0.0377609068043002,1.0
0.1,1.1153855848027463,1.0,1.0,1.0,0.05718413617207774,0.09115847412343327,0.05755269641879958,0.018171166935752027,0.030691797618420738,1.0
0.1,1.015671423845756,1.0,1.0,1.0,0.06373408989327597,0.12883193738478332,0.08969016105587346,0.017768365102581497,0.03678614271707284,1.0
0.1,1.0095049406133016,1.0,1.0,1.0,0.07036037505128612,0.10961605696156998,0.06152879520010816,0.019313619679677308,0.03511442441737227,1.0
0.1,0.9572343630309801,1.0,1.0,0.0,0.07652311265043224,0.10921791440538635,0.0665752292390307,0.020208521333042365,0.03244238390053542,1.0
0.1,1.0406341405581505,1.0,1.0,0.0,0.058930823232619015,0.09668058878356009,0.05091100842906658,0.019014708427883942,0.03184791445471531,1.0
0.1,1.156643310060987,1.0,1.0,1.0,0.0557002568252291,0.10864896314273575,0.07032429367210277,0.016850375638775447,0.034127724619088085,1.0
0.1,0.9827319816142723,1.0,1.0,1.0,0.06845914392430522,0.10837910346048615,0.08050087867671486,0.019925710965377676,0.035968659533096886,1.0
0.1,0.9647094055314689,1.0,1.0,1.0,0.07117343539109909,0.11255147598902102,0.08332104013539131,0.02129771036033212,0.037381874930307625,1.0
0.1,1.028856365200645,1.0,1.0,1.0,0.058342207206543484,0.09826763758974989,0.05591725149773641,0.019496179159549484,0.032533173419061,1.0
0.1,1.179431309126356,1.0,1.0,1.0,0.05503433008883174,0.10045130007928682,0.057198574364969015,0.01710225255193987,0.03106124349992369,1.0
0.1,1.015823309518078,1.0,1.0,1.0,0.063787790112502,0.10357596090982671,0.0645411120365659,0.01960844594867142,0.032893014430608776,1.0
0.1,1.1143693691550864,1.0,1.0,1.0,0.05223167831117694,0.11382648832687667,0.07407394607047438,0.016924830937818283,0.03379861370906967,1.0
0.1,0.9089300665565481,1.0,1.0,1.0,0.07595324412160395,0.09890425472280336,0.07257211523949766,0.022544725428084257,0.034235548794832,1.0
0.1,0.8829664821528327,1.0,1.0,1.0,0.07022480404094114,0.10542724532632179,0.07321422752697511,0.02109258882998395,0.033399950671951,1.0
0.1,0.9947100086009145,1.0,1.0,1.0,0.06460486450004936,0.11856867670807499,0.0855753436956144,0.018398161932861427,0.03325725524799897,1.0
0.1,0.9413057672276628,1.0,1.0,1.0,0.06200658490582896,0.10015378018208336,0.07309367207773768,0.022484614706162424,0.035081124466745314,1.0
0.1,1.1657160353051061,1.0,1.0,1.0,0.06005464068952308,0.09351136627683129,0.04767694391255826,0.016202966229042597,0.02919801482329322,1.0
0.1,0.9978155329724404,1.0,1.0,1.0,0.06066146604539831,0.11268689826150242,0.07538560865450183,0.02073190341964971,0.03399430605111254,1.0
0.1,0.9243439502695253,0.0,1.0,1.0,0.0653786339877652,0.12004150248695052,0.07728579755238493,0.021193578987851906,0.03760547831119996,1.0
0.1,0.9995335955647291,1.0,1.0,0.0,0.0697745893346713,0.10870162925377938,0.0790172555698651,0.017875338303778333,0.03395963228806852,1.0
0.1,1.105972242593768,1.0,1.0,1.0,0.058552212813782575,0.10744685365860804,0.06176238831815277,0.0163337018605247,0.03154789301354172,1.0
0.1,0.9682813741573677,1.0,1.0,1.0,0.05735884871873318,0.10088205405642876,0.07353733620563536,0.01997109195505386,0.03508379872756365,1.0
0.1,0.9246865713941363,1.0,1.0,1.0,0.07235876982242284,0.09788424200576112,0.06267409092349371,0.021751869471442156,0.03060792887915532,1.0
0.1,1.112190900792301,1.0,1.0,0.0,0.049221745034793665,0.1019129681232733,0.06909206579842433,0.015824328667216316,0.032924965482147545,1.0
0.1,1.015884922544477,1.0,1.0,1.0,0.07760382340496971,0.10676790574587225,0.07735018144197357,0.017659347636927045,0.03563860881942759,1.0
0.1,1.1000266684566637,1.0,1.0,1.0,0.05543255874014434,0.11236829355827675,0.07774449867653609,0.01790347797975211,0.03156298626412263,1.0
0.1,1.3253417687821851,1.0,1.0,0.0,0.047890632744455375,0.07752889210468443,0.034033437734636116,0.01620944842532601,0.029143855846438346,1.0
0.1,1.1358465601822392,1.0,1.0,1.0,0.04987559747944431,0.10580182444645563,0.06263326639858895,0.017300122993675556,0.03495434917316004,1.0
0.1,1.0574394529617426,0.0,1.0,1.0,0.06084646884267423,0.10499066149430858,0.07355424754647935,0.018671317314273066,0.03735201946614841,1.0
0.1,1.0809255724828541,1.0,1.0,1.0,0.0543544898488433,0.10019308426316628,0.0627542879364396,0.01847613014558422,0.03183310194915457,1.0
0.1,1.2573829376999404,1.0,1.0,1.0,0.05344553115653454,0.11403399429644716,0.08265776092701889,0.016437946946583386,0.03610043018039104,1.0
0.1,1.0766209979643444,1.0,1.0,1.0,0.05886909013364372,0.09357210361178145,0.07035682530206246,0.017341955135085033,0.03147210571164208,1.0
0.1,1.1642716149332608,1.0,1.0,1.0,0.05857250531870188,0.09745489901921116,0.061785465317763036,0.017235781360681955,0.030376983896742624,1.0
0.1,1.178694493500787,1.0,1.0,0.0,0.05328453377349309,0.10407569493453453,0.06577005284915843,0.016327544924677233,0.03320818527145278,1.0
0.1,1.0362913128323132,1.0,1.0,1.0,0.06312037891217298,0.10162507375205224,0.0652904978535719,0.018625808406039484,0.03281653294846115,1.0
0.1,1.2595512068680634,1.0,1.0,1.0,0.06172372898265932,0.0878624439060726,0.040868989560737944,0.014640585424222816,0.029701427984093184,1.0
0.1,1.018006993746017,1.0,1.0,1.0,0.06281271232934,0.10776209264508896,0.07225950168050521,0.019704422512378483,0.03599033038259998,1.0
0.1,0.899089722487009,1.0,1.0,1.0,0.07079919236085883,0.09274540823395916,0.06398441442177803,0.02138081814213043,0.03237822180537095,1.0
0.1,1.2453038037919153,1.0,1.0,1.0,0.0565543852711989,0.10194495087882327,0.05594332257296113,0.014616476909289857,0.030913865925706007,1.0
0.1,0.9772184844877291,1.0,1.0,1.0,0.06139489487753462,0.09476161159218505,0.07121088626516947,0.018550196039519753,0.030521761749424704,1.0
0.1,1.0242703376891098,0.0,1.0,0.0,0.06808199614824435,0.09424688236700839,0.0507935773548315,0.018067249331452748,0.03114767121844873,1.0
0.1,1.15235269637827,1.0,1.0,1.0,0.0640232971253675,0.10938658331342369,0.08442780531815346,0.018392065835537735,0.03518131177455901,1.0
0.1,0.9289604866778418,1.0,1.0,0.0,0.07003909642836867,0.09030577841163681,0.06812818085499692,0.019864911558861876,0.030706545354952076,1.0
0.1,1.0434718820143938,1.0,1.0,1.0,0.06958196810098946,0.0955243321285685,0.05341865031131219,0.018280107642691213,0.02982068274646056,1.0
0.1,0.907003901321982,1.0,1.0,1.0,0.06733839591971713,0.10180057912854017,0.07766694207596916,0.020936025014628972,0.03328398935960474,1.0
0.1,0.9291203186266013,1.0,1.0,1.0,0.0698115372248237,0.11944061381563749,0.07014738230306973,0.020318879871924215,0.03431851557327902,1.0
0.1,1.0601000872007373,1.0,1.0,1.0,0.06326633220617688,0.08975772498484375,0.05576107857265324,0.018874308071568535,0.03081289396565935,1.0
0.1,1.1372657929632963,1.0,1.0,1.0,0.05862463708148378,0.08469274548537202,0.0413868198202816,0.01810970881934747,0.029686567139829406,1.0
0.1,0.8321328867907187,1.0,1.0,1.0,0.06380883824543668,0.12251595948330656,0.10002310201206517,0.02370500063673987,0.03817125886241788,1.0
0.1,0.8857650820628974,1.0,1.0,1.0,0.07821980883002036,0.1163020089687862,0.07840382815815652,0.02163054396752111,0.03343834638494358,1.0
0.1,0.818511138509155,1.0,1.0,1.0,0.06788836894113921,0.11365427681226983,0.07385854293525686,0.023392227278629364,0.032584324160099515,1.0
0.1,1.1493266797354584,1.0,1.0,0.0,0.05212238635317279,0.07932225670268707,0.04002300497175572,0.017165361230802832,0.02744784718047747,1.0
0.1,1.1336737104032124,1.0,1.0,1.0,0.06085381481815224,0.09531560272442538,0.05512997376698574,0.018829673675412096,0.03083333538974976,1.0
0.1,1.031643317840324,0.0,1.0,0.0,0.05776850055881409,0.07758213464750756,0.045771485808659265,0.019315871018991345,0.028985965353688782,1.0
0.1,0.9274043094167971,1.0,1.0,1.0,0.0707546716939719,0.09701249704231536,0.07653808960935411,0.020579330492065628,0.033916484408038634,1.0
0.1,0.9951641423374935,1.0,1.0,1.0,0.05843694121396947,0.12088726437117403,0.07842813696070951,0.01964619074240026,0.030801439594711752,1.0
0.1,1.258018388014266,1.0,1.0,1.0,0.06090659859193677,0.09817604870900286,0.062460011994796394,0.0167837636861105,0.03292567441323149,1.0
0.1,0.945846174273573,1.0,1.0,1.0,0.0752832323917946,0.10937157357715457,0.07987923001520168,0.02039477878396609,0.03610164580059228,1.0
0.1,0.9617881890866664,1.0,1.0,1.0,0.07446941454752234,0.10927378976963534,0.07599429971970306,0.0210524460073739,0.03473973074596493,1.0
0.1,0.8484040829653248,1.0,1.0,1.0,0.07704503602713478,0.10829491829057034,0.07705439735392154,0.022272588501738248,0.03555168536671452,1.0
0.1,1.380096509997995,0.0,1.0,0.0,0.04632663185983503,0.09383630393194192,0.05431970432967548,0.014050577071221754,0.03015085236991872,1.0
0.1,0.8996632306031046,1.0,1.0,0.0,0.07217827371075874,0.09688172054520969,0.05378261075979497,0.022039619186406637,0.03357330890835087,1.0
0.1,0.8085224147277346,1.0,1.0,1.0,0.0814444307746827,0.12648108790435444,0.09152959135833197,0.023502393181501765,0.039662191138042785,1.0
0.1,1.1284148525033715,1.0,1.0,1.0,0.06259830346646626,0.10397947381473538,0.05175305260499867,0.01749081279133508,0.028754695413968977,1.0
0.1,0.9764201308623304,1.0,1.0,1.0,0.07696982209808692,0.12361356687900235,0.07239497138554027,0.020430413867875988,0.03456574876314847,1.0
0.1,0.9806839597980844,1.0,1.0,1.0,0.054977140382120135,0.08804246327807837,0.05640574976838847,0.019489086696486496,0.028711140266295888,1.0
0.1,0.8782456080823172,0.0,1.0,0.0,0.07104074532142723,0.10243589396255562,0.05103319084290213,0.02160082825051224,0.03003503487781505,1.0
0.1,0.8959232206215882,1.0,1.0,1.0,0.06760178840912483,0.11046486512220428,0.07127942340811436,0.02277756381646943,0.034072399815946806,1.0
0.1,0.9425406342068879,1.0,1.0,1.0,0.07181811866187116,0.10445680885315889,0.06430446328426953,0.020623141213717715,0.03182099578227403,1.0
0.1,0.8330786161590888,1.0,1.0,1.0,0.07567169109661502,0.12906874107523367,0.09071313288550928,0.021529289539826447,0.0331624315269394,1.0
0.1,0.8581434895810393,1.0,1.0,1.0,0.08296835603944686,0.11766331086735533,0.07495002985255748,0.021509673088915715,0.034975244682683,1.0
0.1,1.0140208487024205,1.0,1.0,0.0,0.06238922321826869,0.10000508663616567,0.05332668313769188,0.019965859935770325,0.0306683011478448,1.0
0.1,0.9017279157321494,1.0,1.0,1.0,0.07248774895899715,0.10039809560639616,0.07588442064579773,0.020569148193580675,0.03235903773737117,1.0
0.1,1.134748251383303,1.0,1.0,1.0,0.05692793319923508,0.08791394894392168,0.05235270029879583,0.01816250568011095,0.03165538926222578,1.0
0.1,1.0948910501236735,0.0,1.0,0.0,0.050638051346520704,0.09672233108410817,0.06595411930854864,0.017382526236548713,0.03393184262995754,1.0
0.1,1.10387296564385,0.0,1.0,0.0,0.04810880071876985,0.11009090546106562,0.07240369858379686,0.019293922394448323,0.033607515206202365,1.0
0.1,1.1132141545937777,1.0,1.0,1.0,0.05137979359236884,0.08671486514484521,0.051069729882753934,0.017143196377955958,0.03110338009338296,1.0
0.1,1.0499543201255574,1.0,1.0,1.0,0.06857553296102399,0.11089127493202273,0.07386720394824917,0.017852955218674676,0.03210038478881393,1.0
0.1,1.0860676899949377,1.0,1.0,1.0,0.06663352766571816,0.09723925927528311,0.06360618012476774,0.016453279560613144,0.03039190227073109,1.0
0.1,1.0199573427797857,1.0,1.0,1.0,0.06472062620564752,0.08731231294701693,0.058040330493614664,0.01894627201888236,0.03197532597961618,1.0
0.1,1.0193956656357122,1.0,1.0,1.0,0.06329948761707883,0.0854206833052715,0.05486381490534705,0.018731062332411126,0.032720242048938045,1.0
0.1,0.9810142557703067,1.0,1.0,1.0,0.06241593795520195,0.09653136629892149,0.0715504871917805,0.020746665668526815,0.031129987948833048,1.0
0.1,0.9730740481875021,1.0,1.0,1.0,0.06620165278507917,0.10750916296664415,0.07539675479074293,0.01968290924216901,0.036973487336687774,1.0
0.1,1.2022980314590024,1.0,1.0,1.0,0.04789689587695689,0.09710672905378684,0.052318100013912974,0.015057699950752245,0.029577765829677968,1.0
0.1,1.0896922659497186,1.0,1.0,1.0,0.06970955542024854,0.12544835548926253,0.069953156834336,0.01783824097477124,0.03351562661109264,1.0
0.1,1.0621898633344211,1.0,1.0,1.0,0.06970246352075363,0.09729059494739792,0.056890853643987174,0.01900006946177186,0.03228702228661202,1.0
0.1,1.1277029573135438,1.0,1.0,1.0,0.05607512237693883,0.10553234135908174,0.072197029324158,0.017133015110880747,0.033548689440833855,1.0
0.1,0.9730753568950439,1.0,1.0,1.0,0.06089146434985887,0.08824928165848159,0.06563573096703419,0.020187344556211316,0.029484031679404287,1.0
0.1,1.0839955713903726,1.0,1.0,1.0,0.05242969445512926,0.10325967802070417,0.06765882303253193,0.018456306903947874,0.032819862861651464,1.0
0.1,1.1099749014849345,1.0,1.0,0.0,0.05587872110583868,0.09445241475431024,0.05690013926109054,0.018998400267319537,0.030287013069256245,1.0
0.1,1.0635389878614585,1.0,1.0,1.0,0.056767658221645666,0.09300828687088118,0.07509296127168427,0.01959443293255565,0.03525433692301709,1.0
0.1,1.221704923151567,1.0,1.0,1.0,0.0535501709583248,0.08551769679278899,0.05180277501721142,0.015951459731480787,0.030408224126769367,1.0
0.1,1.0249424279412176,1.0,1.0,1.0,0.07145692712711474,0.10766254165243765,0.0684475882163367,0.020058178830106917,0.03463544285800525,1.0
0.1,0.9135843046233074,1.0,1.0,0.0,0.06542186028985247,0.108747467244896,0.08178372455086816,0.022010261058603656,0.03566732479172602,1.0
0.1,1.156842308495399,1.0,1.0,1.0,0.05950193815813705,0.08840004807407661,0.0485968616117038,0.01676966475856831,0.031103462749869352,1.0
0.1,0.8279080047275253,1.0,1.0,1.0,0.0794325899796866,0.09794980554508322,0.06787455170963323,0.023399238768734003,0.036225698644187024,1.0
0.1,1.052099122275094,1.0,1.0,1.0,0.06647773080100369,0.09812878154425227,0.05428188050936439,0.01802000735290071,0.029588896706500386,1.0
0.1,0.9737820500677377,1.0,1.0,1.0,0.07391500433816292,0.10664415236602051,0.07130939312057054,0.0198968695144188,0.0326448672895059,1.0
0.1,1.095721165307324,1.0,1.0,1.0,0.06436453293425269,0.10783678419487039,0.05666386224753894,0.017137807672686724,0.03154526664696162,1.0
0.1,1.113512730997942,0.0,1.0,0.0,0.05619408354270391,0.09622963154355238,0.059919432333225865,0.018028863400231524,0.031074733526484905,1.0
0.1,1.0449407090992602,1.0,1.0,0.0,0.05965840957744599,0.08206748829325432,0.03973716773107151,0.018482923513737842,0.028680315862916892,1.0
0.1,0.9114527347927563,1.0,1.0,1.0,0.06371125749032923,0.12631819636424554,0.09078738508090764,0.020558688486151125,0.03765425622126207,1.0
0.1,1.0152054289975143,1.0,1.0,1.0,0.05996885721338639,0.11069468758183627,0.06555491286739398,0.01967355499370592,0.03478265991130039,1.0
0.1,0.9680544468059062,1.0,1.0,1.0,0.07457536242869167,0.11446125977267343,0.06381097530389482,0.019982542826086216,0.03469938137495781,1.0
0.1,0.9610955207998838,1.0,1.0,1.0,0.06775075848774736,0.09547730241881425,0.06126736316239023,0.018633386528136443,0.029888177023657585,1.0
0.1,1.0306161582103965,0.0,1.0,0.0,0.06254873545084692,0.11162826355588287,0.06743878687194324,0.018810764396727,0.03258617797954968,1.0
0.1,1.0070222473801655,0.0,1.0,0.0,0.06791597661270331,0.10682391347178458,0.05547071979055403,0.020011056891716276,0.030866047655583005,1.0
0.1,0.8188688042395904,1.0,1.0,1.0,0.07142693644037254,0.10717415879517248,0.06957656345951124,0.023610711257320633,0.03366861033193536,1.0
0.1,0.9979141668746846,1.0,1.0,1.0,0.07413483497481646,0.09233080119724121,0.07183647597704793,0.0202794745955367,0.036289648466123196,1.0
0.1,1.0365439689905076,1.0,1.0,1.0,0.06378682078622656,0.10740941253954173,0.09040105931354706,0.019584530478640335,0.03387524497308507,1.0
0.1,0.921385549567186,1.0,1.0,1.0,0.08368478129691674,0.09597974506202428,0.058325049710937084,0.0200083357730081,0.03129186041204818,1.0
0.1,0.985932787095078,1.0,1.0,1.0,0.06735166700974086,0.11793470048382101,0.07973832965528521,0.020341412991151452,0.033356459853313834,1.0
0.1,1.0323572072748652,1.0,1.0,1.0,0.0703437482989199,0.10128013026347538,0.0642288706485015,0.018541910051177255,0.0322672986968642,1.0
0.1,1.12404421143863,1.0,1.0,0.0,0.0600595596696187,0.0881090960534368,0.041758897742371445,0.01759070194802258,0.02906713417610424,1.0
0.1,0.9845684312604998,1.0,1.0,1.0,0.0642920398954329,0.11816774252401871,0.08224936727007959,0.018592853748586973,0.038281988976462566,1.0
0.1,0.9947410606313839,0.0,1.0,0.0,0.07933866203844661,0.10501556992337033,0.05204247532532713,0.019049600934813355,0.03134275833452686,1.0
0.1,0.9293243336113532,0.0,1.0,0.0,0.07346892384449785,0.10988518674360201,0.06927939096686356,0.021017317035736675,0.03377471934992724,1.0
0.1,1.0101259531625681,0.0,1.0,1.0,0.06628697422864739,0.12254806766619757,0.08940880873042087,0.02014863441647936,0.036257915701537996,1.0
0.1,0.9445365615889154,1.0,1.0,1.0,0.07333340896209165,0.10069140066979125,0.06795662144515965,0.022218336412570254,0.03399240555985977,1.0
0.1,1.2278153766883015,1.0,1.0,1.0,0.05117517714652643,0.1135279661709637,0.06362004098783322,0.01641927218781755,0.0321406303517675,1.0
0.1,1.0524580835233872,1.0,1.0,1.0,0.057172443943927086,0.09307372870147805,0.0632211217742837,0.017344410174595707,0.031591787664218954,1.0
0.1,0.9891498552470273,1.0,1.0,1.0,0.05674356295140628,0.11081143400212531,0.07760733063390764,0.01974197815773778,0.03305856718974065,1.0
0.1,0.9609674570454435,1.0,1.0,1.0,0.07000179642842438,0.09747202938144661,0.06940462519052581,0.019175271513170087,0.0330087997663239,1.0
0.1,0.9327119221549452,1.0,1.0,1.0,0.07640281270242219,0.10299432089827507,0.06819413920310166,0.019451720643265183,0.03391542863926878,1.0
0.1,1.2176951909598965,1.0,1.0,1.0,0.05487926065663888,0.08796980937497152,0.04944872005317975,0.016416274627921067,0.029345645599980062,1.0
0.1,1.0433974388096054,0.0,1.0,0.0,0.06459819055357915,0.07970485834987721,0.04696678139743889,0.0177502071047517,0.028117631455388578,1.0
0.1,1.1205966546562542,1.0,1.0,1.0,0.057241869119603814,0.10968027228397878,0.0781789322538003,0.016834811232038224,0.03602893292947558,1.0
0.1,1.0714584840867127,1.0,1.0,1.0,0.06514061508346206,0.1069336538880086,0.06288482438737535,0.017691116063417864,0.032006941952718096,1.0
0.1,1.109097689550645,1.0,1.0,1.0,0.06648731228567803,0.09243206878666851,0.06406406036561699,0.01772764211028195,0.031883965954034886,1.0
0.1,1.0893669643739747,1.0,1.0,1.0,0.0526093585398977,0.0978195707727073,0.06556628680060007,0.018311385054098694,0.032993756517020585,1.0
0.1,0.9624310790923613,0.0,0.0,0.0,0.059414122682632756,0.0981793020092664,0.07104093827992267,0.019941510763026592,0.035031613589291605,1.0
0.1,1.0138472798098954,1.0,1.0,1.0,0.06495131404575354,0.10063243249007281,0.07555640578774206,0.01970656585126789,0.03567243613203318,1.0
0.1,0.9071024864455834,1.0,1.0,1.0,0.06399508591146978,0.11334639375086561,0.08739587960016844,0.02032744339748703,0.0361941202435789,1.0
0.1,1.0990256503134836,1.0,1.0,1.0,0.05552548444988239,0.09482771562717553,0.06364361288680302,0.01922809341493279,0.032755758342004775,1.0
0.1,1.1067935573952363,1.0,1.0,1.0,0.06817273240257214,0.1013148454101513,0.05323016028095081,0.01672575157650645,0.03193022336175905,1.0
0.1,0.9639822269871487,1.0,1.0,1.0,0.0655619701522157,0.10407875444098698,0.0730518694659091,0.01998418972246688,0.03303798875906275,1.0
0.1,0.9850925645790741,1.0,1.0,1.0,0.06307612912136755,0.09942238695644963,0.060851222143354956,0.019506698538074085,0.032972702744819136,1.0
0.1,1.0368443881184763,1.0,1.0,1.0,0.06047739447589837,0.1056871379393024,0.06738590373576715,0.01884059020454301,0.03158893757455792,1.0
0.1,1.0278827549024303,1.0,1.0,1.0,0.06664750552970734,0.1264576039726619,0.094822589013085,0.019112568926545746,0.036174069753765636,1.0
0.1,1.079766793871243,1.0,1.0,1.0,0.06279121935918616,0.09175861576730933,0.06799222158429159,0.01878602561747714,0.03102520470067944,1.0
0.1,1.0933145564907232,1.0,1.0,1.0,0.05884667195251976,0.09967076703513414,0.06860126543202821,0.017067658813071592,0.03378872968456187,1.0
0.1,1.1397145888848175,1.0,1.0,1.0,0.060848751804182685,0.09694721721906917,0.06322574264548299,0.017710467227708353,0.03204293714114187,1.0
0.1,0.9338121704671292,0.0,1.0,0.0,0.08816048352834924,0.09786418386512134,0.0626722198405445,0.020397852187351916,0.03261645926466447,1.0
0.1,0.9487338518917757,1.0,1.0,1.0,0.06965049439555668,0.09894684459267543,0.07928075090178748,0.021365411642488095,0.03443947997241283,1.0
0.1,1.0437227750939306,1.0,1.0,1.0,0.058630579196913876,0.10645650825583401,0.07537821212662513,0.018239880125428397,0.03191805089078024,1.0
0.1,1.1991420157912718,1.0,1.0,1.0,0.057222893360673044,0.11398658483901103,0.08660201564111045,0.016153335256547708,0.037176021175920775,1.0
0.1,0.9219101081313454,1.0,1.0,1.0,0.069201556830029,0.11620231207723823,0.07732078934398372,0.022253395142740953,0.035664335162116,1.0
0.1,0.8586494401958177,1.0,1.0,1.0,0.07917865240875495,0.09820737258138193,0.0766242351426604,0.02044813580725865,0.0354018577713242,1.0
0.1,1.1538676369427807,1.0,1.0,1.0,0.056402154555950254,0.10241052419353261,0.06751581018168862,0.015948881181905433,0.03653091157118299,1.0
0.1,1.0660406166832288,1.0,1.0,1.0,0.05833191458737397,0.10406139473326112,0.07757645970005878,0.017597038663860885,0.036046895895736154,1.0
0.1,1.154148353213607,1.0,1.0,1.0,0.0614002044483966,0.09541167316554278,0.04920935247925553,0.01563627786472411,0.030467081521089723,1.0
0.1,0.9756341532814098,1.0,1.0,1.0,0.06385631823976132,0.11381568952096521,0.07463543517978088,0.021104725966765193,0.03669233116953685,1.0
0.1,0.9611255880607348,1.0,1.0,1.0,0.06303771905102246,0.11163021337537385,0.08520636945793461,0.020679241006165007,0.03726745800817748,1.0
0.1,0.9954323077470367,0.0,1.0,0.0,0.07125516996487619,0.09924159548667515,0.060673920171917015,0.018660592665396217,0.03177407407399316,1.0
0.1,1.1168904573083902,1.0,1.0,1.0,0.05686261502481861,0.09225481749517427,0.06038589877072714,0.01858319502680152,0.03200274705679109,1.0
0.1,1.0144765836467806,1.0,1.0,1.0,0.0653069813387143,0.09128713557617145,0.05644252523459901,0.019614237690217147,0.033368371105977984,1.0
0.1,0.9392363122087091,1.0,1.0,1.0,0.06728798111023085,0.12069015329954205,0.09095715232335853,0.021088502810547985,0.040556578379068585,1.0
0.1,0.9796498108186821,0.0,0.0,0.0,0.08359287847437355,0.12231815257868758,0.08065650343031555,0.018535899103862014,0.03307554723106125,1.0
0.1,1.2151825791077306,1.0,1.0,1.0,0.05678848065969431,0.11865695966163618,0.06891662976006836,0.01571531596076424,0.0325381268589485,1.0
0.1,1.0337807367285983,1.0,1.0,0.0,0.07316135680246312,0.08660601947025072,0.06265608536841098,0.01888640242781969,0.03012643089669222,1.0
0.1,0.8410583871813075,1.0,1.0,1.0,0.07262868316412492,0.09735965033280022,0.07277036805606713,0.0218646001316435,0.03619651108419792,1.0
0.1,0.9414488147364186,0.0,1.0,0.0,0.0632960353675628,0.11180808535505402,0.0653375041339069,0.02076512583983313,0.031515986043451585,1.0
0.1,1.045403085711267,1.0,1.0,1.0,0.06714709254274318,0.10512636937387798,0.06695136927961884,0.018795245242981335,0.033412139469425825,1.0
0.1,0.9081136570694262,1.0,1.0,1.0,0.08173914181461428,0.09451502463385648,0.055500714193359516,0.020723671853709363,0.032149602047980064,1.0
0.1,0.9479403923541442,1.0,1.0,1.0,0.06359416511050817,0.1253468916544925,0.08297565103930134,0.02075017241983372,0.03824753617103529,1.0
0.1,0.9326967956085866,1.0,1.0,1.0,0.06603575386431118,0.09092218588798648,0.05561198502302271,0.021240425946399428,0.030099532366639304,1.0
0.1,1.070641364788438,1.0,1.0,1.0,0.06320292740686287,0.09638679383900702,0.04741367506284274,0.01813896574819472,0.029635291669520013,1.0
0.1,1.102225529713229,1.0,1.0,0.0,0.0710398015572605,0.09298457902038984,0.048796187384803444,0.016765405911604022,0.02922921512338967,1.0
0.1,0.9321291759245325,1.0,1.0,1.0,0.07329232234868227,0.12432700598794308,0.07384382371385335,0.02098946409702992,0.031355085252897597,1.0
0.1,0.9059159548417302,1.0,1.0,1.0,0.06892812634068081,0.11072672649956669,0.08467599032951315,0.019452959627228553,0.032702007074251326,1.0
0.1,1.134737703326479,1.0,1.0,1.0,0.05969547563223576,0.1083629401582393,0.06643282654901538,0.017971648571865555,0.03253181670433638,1.0
0.1,0.9746567362834284,1.0,1.0,1.0,0.06288271125508017,0.09980009088453631,0.0715297151304618,0.02069067725503964,0.03420828338466418,1.0
0.1,1.2019298662239148,1.0,1.0,1.0,0.05396565872635652,0.10458908134819855,0.07701031302698351,0.016661505255699392,0.03302659377855563,1.0
0.1,0.884673848857756,1.0,1.0,1.0,0.0741541973762063,0.10515416783586481,0.07269237145819439,0.022825467819239185,0.03440951167569459,1.0
0.1,0.9012493902608926,1.0,1.0,0.0,0.08505241670977488,0.11098803957987106,0.07838967959600203,0.02104345122264303,0.039689855537410945,1.0
0.1,0.973146110607712,1.0,1.0,1.0,0.06696390517678039,0.11758838485059364,0.0647006615356865,0.018161069949471195,0.032394107925252234,1.0
0.1,1.0051584550927706,1.0,1.0,1.0,0.060660505822815146,0.12245668602189079,0.08358920330185755,0.01976590993454592,0.036324166689375555,1.0
0.1,0.9312625024454733,1.0,1.0,1.0,0.06248468207376229,0.10165774357803507,0.07421333441597613,0.02258628416680448,0.03636366238382616,1.0
0.1,0.9361182601601249,1.0,1.0,1.0,0.06918005033450172,0.09750639425431437,0.072818094612331,0.02026437975801116,0.036034954097077944,1.0
0.1,0.9977274319282449,1.0,1.0,0.0,0.06661258648535162,0.09678251422460368,0.06173026865686833,0.019716033722736507,0.031085289625159794,1.0
0.1,1.021393849416613,1.0,1.0,1.0,0.06694941304746223,0.10655704793219767,0.07777596952501249,0.018862124453089657,0.035941319834811546,1.0
0.1,0.8489210275807061,1.0,1.0,1.0,0.07869075682546997,0.11839784069815935,0.08199251735380776,0.023198270130388693,0.033259322939234004,1.0
0.1,1.2736613382920674,1.0,1.0,1.0,0.05082542555487803,0.08011994196174158,0.03266888249799512,0.015922872981787527,0.028747855334827904,1.0
0.1,1.139287006167825,1.0,1.0,0.0,0.0663666078901147,0.09372307308211339,0.06796933524110294,0.01899757894078438,0.03391708065577034,1.0
0.1,1.1044059410743154,1.0,1.0,1.0,0.0634120976058127,0.09509839471311134,0.05574099281001471,0.017493963303636048,0.03318962459665396,1.0
0.1,0.947770475522874,0.0,1.0,0.0,0.06849236118109808,0.08665216038453534,0.07345308722857088,0.019596225054261344,0.03436482556970428,1.0
0.1,0.9885407908685855,1.0,1.0,1.0,0.07042097472335303,0.0951911624786285,0.058234077850080924,0.01850222103977679,0.034117390778981356,1.0
0.1,0.9447343946624801,1.0,1.0,1.0,0.07872092537882816,0.10382404311973974,0.07035979467423255,0.01900092698956532,0.03330865461712401,1.0
0.1,0.8999398818151424,1.0,1.0,1.0,0.07022045953386562,0.10827853201031992,0.06765078587136035,0.022184221161487824,0.03327367960677849,1.0
0.1,1.041982450136603,0.0,1.0,1.0,0.050434492132848605,0.11522949777436475,0.06952469180133554,0.01805699095570763,0.03685167201624864,1.0
0.1,1.1658451319375838,1.0,1.0,1.0,0.05254664826616544,0.09861861542191595,0.056479332943642026,0.01584545469280967,0.03157683366734285,1.0
0.1,1.1042070244064943,1.0,1.0,1.0,0.05731659558617095,0.09446707212773864,0.04814218252028697,0.018155909267081816,0.03126119880809261,1.0
0.1,1.072581135746802,1.0,1.0,0.0,0.06139484006547513,0.09444476468657795,0.04604329982032439,0.01869086352080859,0.031876081538167345,1.0
0.1,0.9804540851857201,1.0,1.0,1.0,0.06722445175197744,0.10029088280182137,0.07514277472624613,0.021473508901754826,0.03281445317965113,1.0
0.1,1.0282931086812492,1.0,1.0,1.0,0.06411379831739474,0.0914944774370371,0.06413340896828408,0.019352290610236387,0.03140699942474354,1.0
0.1,0.9271325470540142,1.0,1.0,1.0,0.08001678362604554,0.10531856660341507,0.07785778062754364,0.019742785817487216,0.03331517039215138,1.0
0.1,1.1271494004510008,1.0,1.0,0.0,0.058409429099630296,0.08286104230290137,0.02673775053297813,0.018367979056517218,0.028446858131656098,1.0
0.1,1.0429723775013042,1.0,1.0,1.0,0.05819346278820394,0.08641018034378012,0.058845286928979765,0.018697450831053328,0.03234678496397758,1.0
0.1,1.093205626503527,1.0,1.0,1.0,0.06473632821356368,0.09238368645266884,0.05349297572831685,0.016817470313752393,0.030823164835915504,1.0
0.1,1.2579943878320317,0.0,0.0,0.0,0.047466869171181605,0.10428801380848987,0.06843232789155637,0.015458003937109334,0.03573435409646481,1.0
0.1,1.058156458110566,1.0,1.0,0.0,0.06238403857039423,0.09409789787941458,0.06082306295216189,0.01793301749342917,0.03061479823732175,1.0
0.1,1.0783755450177344,1.0,1.0,1.0,0.059995874059039944,0.08317237293090597,0.045062518323856465,0.017768366936403015,0.027659903659570183,1.0
0.1,1.1217068958830918,0.0,1.0,0.0,0.05075079317714026,0.09067006643234454,0.05415797161519649,0.017064566114923872,0.028429205264373786,1.0
0.1,1.0058645531611763,1.0,1.0,1.0,0.06608762005655137,0.07748864959733286,0.04268330519458997,0.018804515288807288,0.027777397054704434,1.0
0.1,0.9300414400101293,1.0,1.0,1.0,0.0662414782966411,0.10439290032647483,0.07055010616977667,0.020682708484812382,0.03388762258137613,1.0
0.1,0.9512147531390476,0.0,1.0,1.0,0.0637704292755844,0.09952469121882396,0.08104067939848261,0.020110368936799343,0.03633360864043026,1.0
0.1,0.9683643815271503,1.0,1.0,1.0,0.06731635657079352,0.09838219578909099,0.06282607441096258,0.019731818684118992,0.03466831367107014,1.0
0.1,1.1297244925847465,1.0,1.0,1.0,0.0670668465616937,0.09365413250927049,0.05251634627040286,0.017791521488272254,0.03074167932216854,1.0
0.1,0.8801704414422094,1.0,1.0,1.0,0.06197207208538928,0.11476602234388085,0.08013493824267208,0.023431884296408283,0.033509460519234494,1.0
0.1,1.09378838793739,1.0,1.0,0.0,0.05786662803877064,0.09944774170751398,0.05702525916778891,0.01764937460036742,0.031209038924569846,1.0
0.1,0.9767041599837902,1.0,1.0,1.0,0.06146842692065999,0.0969381364376957,0.07393108445731408,0.020155004143504806,0.03500958948996369,1.0
0.1,1.037385316889851,1.0,1.0,1.0,0.06045602668867567,0.0987044573415208,0.06829257571921213,0.018633104589408832,0.034817015907150674,1.0
0.1,0.9984525010605264,1.0,1.0,1.0,0.057143536114516946,0.09572010346458201,0.056990906471469205,0.019367889260560777,0.029849556823469174,1.0
0.1,1.049191918463742,1.0,1.0,1.0,0.06999995778134131,0.09297829091959638,0.058035189622018354,0.01927498271611619,0.031212895201877932,1.0
0.1,1.0748828571252451,0.0,1.0,0.0,0.050301229982813035,0.09042914394879135,0.05988817280621154,0.018604512037207283,0.03060714059685475,1.0
0.1,0.8950842064854296,0.0,1.0,0.0,0.07483468256532536,0.10878761201402462,0.07541763781474634,0.0224420144866217,0.034760032284760295,1.0
0.1,0.9903387348048855,1.0,1.0,1.0,0.0626703210869997,0.09759725384869203,0.06497976912208189,0.019628288731472203,0.03144563507651209,1.0
0.1,1.0521176488264226,1.0,1.0,1.0,0.06592964787032803,0.11414396950391392,0.07405425855532889,0.018757150873697514,0.03569640380525907,1.0
0.1,1.1451172677963408,1.0,1.0,1.0,0.06106663291031341,0.11559310680448023,0.06331293371726691,0.017136964325582333,0.0332490136237994,1.0
0.1,1.043814548159212,1.0,1.0,1.0,0.0614215660323044,0.10711167949903251,0.08034980884114436,0.017735750307701945,0.03290881164077111,1.0
0.1,1.0267670269427216,1.0,1.0,1.0,0.06728984921465532,0.11437316127601671,0.07029120648035043,0.018366955869832665,0.03194391639979567,1.0
0.1,0.9148222916232464,1.0,1.0,1.0,0.06650168208614524,0.10256354628219913,0.07651564327723286,0.020659704967691265,0.03432764261956021,1.0
0.1,1.0136570617480662,1.0,1.0,0.0,0.0671865497990646,0.08490569215823005,0.04696842561327935,0.018599526103332105,0.0281800611394548,1.0
0.1,1.047619634093613,0.0,1.0,0.0,0.0649629867445672,0.08988212294039159,0.05769251111105461,0.017982262017997436,0.031155021679770575,1.0
0.1,1.1927912891347834,1.0,1.0,0.0,0.060114025913611105,0.09484458407387353,0.0541474116097437,0.016095961655999556,0.031738699693667674,1.0
0.1,0.9278133613851851,1.0,1.0,1.0,0.08243841187191678,0.10995851969165245,0.06673105629252105,0.021751237495999404,0.033254009283375435,1.0
0.1,1.1391675065405962,0.0,1.0,0.0,0.052140040617383865,0.07845911033216817,0.05503666277097217,0.01736869476723243,0.029405743424826224,1.0
0.1,1.0527613651117254,1.0,1.0,1.0,0.058931132102720454,0.11204688594375889,0.07495093639310821,0.01784947167205505,0.03549383678748943,1.0
0.1,1.0288910265933897,1.0,1.0,0.0,0.06735827262930251,0.09545929884660698,0.05201192060898947,0.018934069170611932,0.029881977184053065,1.0
0.1,0.9126258240283273,1.0,1.0,0.0,0.06781862553952557,0.0958888409932683,0.04511697135812183,0.021816778682959045,0.029227863640946306,1.0
0.1,0.9588913243616761,1.0,1.0,1.0,0.06795588695033324,0.11963208235773995,0.08738565345596257,0.01945017037119679,0.03669042539944323,1.0
0.1,0.9545296941352359,1.0,1.0,0.0,0.07362484926152306,0.11172758624015396,0.0671548808475507,0.019517524504958035,0.03253789947067864,1.0
0.1,1.141428817068012,1.0,1.0,1.0,0.06269791715462208,0.10117603399702599,0.057300290365386176,0.017011493842390667,0.031075078485352393,1.0
0.1,0.9207976113309924,0.0,1.0,0.0,0.06380638415096641,0.10027860554976789,0.0690803549271939,0.02109293210387485,0.03173250029224858,1.0
0.1,0.9880483716953267,1.0,1.0,1.0,0.06125843446513283,0.10293666533031698,0.06868276465316586,0.0204133668414665,0.03263894076006131,1.0
0.1,0.8760390831322608,1.0,1.0,1.0,0.06515773789990716,0.11660179447586025,0.07513478610250106,0.022575804920580582,0.03948733520308718,1.0
0.1,0.9908479243408086,1.0,1.0,1.0,0.062156815376108156,0.10553522537594029,0.06322415317066128,0.0188622361043405,0.03229535697841924,1.0
0.1,1.0079337456851893,1.0,1.0,1.0,0.06508117308067145,0.09782149994782921,0.06923346758100266,0.018244534227160134,0.03271869842827011,1.0
0.1,0.9944112924883484,1.0,1.0,1.0,0.05924224673991879,0.09730234175468355,0.07173663154136214,0.02103788792533988,0.03588951674682822,1.0
0.1,1.0048834219698188,0.0,1.0,0.0,0.06163032256818961,0.11505985318891716,0.07490431169245454,0.019951053639785155,0.03310526846849226,1.0
0.1,0.9196975613337475,1.0,1.0,1.0,0.08592457142034653,0.10712667352498224,0.07460594943276044,0.021738372602454786,0.035899142673160175,1.0
0.1,1.008587139923366,1.0,1.0,0.0,0.0584638368676025,0.08412716807673662,0.041938209571181204,0.018893917696254446,0.030035029423803903,1.0
0.1,0.880748115505107,1.0,1.0,1.0,0.08009519278098998,0.10821378401628239,0.07133154126672679,0.022202594457760388,0.03347902296189166,1.0
0.1,1.0290443915070007,1.0,1.0,1.0,0.05489505868360868,0.09892837488002693,0.06385664648615037,0.01973156432166799,0.032593278019144786,1.0
0.1,0.9551172337958381,1.0,1.0,1.0,0.07244685138864225,0.09513869657277862,0.07734876955184511,0.01902657168006679,0.035482426405019155,1.0
0.1,1.2581009864587085,1.0,1.0,1.0,0.049587681250749784,0.09329647718954807,0.06446156674897117,0.01644509830319392,0.03279785174844335,1.0
0.1,1.1074641936248484,1.0,1.0,1.0,0.06272698577854693,0.09245124362476105,0.05876379321250498,0.0173072987018433,0.03141006676948657,1.0
0.1,1.0474458475246717,1.0,1.0,1.0,0.06717268599825711,0.10422573194693094,0.05187261612827909,0.018470535005348884,0.029405507104377646,1.0
0.1,0.9584966787814853,1.0,1.0,1.0,0.05679486954715489,0.10742423614326242,0.0761601198853623,0.019601844515308903,0.03350627480001263,1.0
0.1,0.9722124501745832,1.0,1.0,1.0,0.07832653467582748,0.10705863170812761,0.07229679374812295,0.017220045322324896,0.031040918700389733,1.0
0.1,1.2176512247014286,1.0,1.0,1.0,0.04876699767207871,0.12456280196587381,0.08493704040234971,0.01629258755226495,0.03553919470223653,1.0
0.1,1.0283326076199246,0.0,1.0,0.0,0.05286661362181968,0.10610395895604079,0.06658992153596943,0.018648826352027217,0.03033757956676591,1.0
0.1,0.8253180845788658,1.0,1.0,1.0,0.08760794416857937,0.12140612125889068,0.08415114787147486,0.024091040174277052,0.03821496437780126,1.0
0.1,1.026085656636519,1.0,1.0,0.0,0.06316435873030064,0.08325579289517406,0.053520158050053925,0.017787129253040986,0.030420255106187743,1.0
0.1,1.032165034505022,1.0,1.0,1.0,0.05816769829995287,0.09562649534340871,0.07316049607015276,0.01966867353763653,0.030828487879428296,1.0
0.1,1.0921896589137294,1.0,1.0,1.0,0.055948607864981015,0.09225528775825649,0.05635497203114065,0.018572031700182016,0.028842243333135835,1.0
0.1,1.0703264665396248,1.0,1.0,1.0,0.06805938872865198,0.11144349314587829,0.06951487550860665,0.018493648568332785,0.03348893564823776,1.0
0.1,1.090579374519679,0.0,1.0,0.0,0.05880362529677845,0.09685236314610954,0.06360738135868736,0.01863280629600874,0.031077566897727005,1.0
0.1,1.0931195729420577,1.0,1.0,1.0,0.05500145212956157,0.09696504169102227,0.07412906016943203,0.016721604458480963,0.03459123887420809,1.0
0.1,1.0325592340546002,1.0,1.0,1.0,0.05586571452030668,0.10200462139935018,0.07511658606381219,0.017580569842323947,0.03506659811181538,1.0
0.1,1.04318874268203,1.0,1.0,0.0,0.07445607424490146,0.10017955302027574,0.06536647760736554,0.017265969512491475,0.03211821959975453,1.0
0.1,0.9292119867798795,1.0,1.0,1.0,0.0686355629264545,0.10886814342370772,0.06777180990040017,0.020742429439165423,0.03464630218035151,1.0
0.1,1.1050360100487644,0.0,1.0,0.0,0.05348897761357309,0.1077489176951923,0.0728775404025753,0.02106420888003222,0.03546029842235349,1.0
0.1,0.8080806969707212,1.0,1.0,1.0,0.08399534994611535,0.11563149114326607,0.08383834703682279,0.02396849500274291,0.03712250544761504,1.0
0.1,1.0553348224965142,1.0,1.0,1.0,0.059957848606103425,0.09070659354082478,0.0673261977984018,0.019052779922528934,0.03454452549280538,1.0
0.1,1.2452704034682311,1.0,1.0,1.0,0.051461154549910536,0.09844923140821818,0.06695538338180984,0.015213372650188578,0.03343250869324138,1.0
0.1,1.1407623364810162,1.0,1.0,1.0,0.052809042287665586,0.11291203059916603,0.07094023984658729,0.017171064010843784,0.035767277452386094,1.0
0.1,1.0900975631878687,1.0,1.0,1.0,0.06447052639002922,0.11970640021035817,0.08336096430089197,0.01799704872149284,0.0356516727393838,1.0
0.1,1.113124464017111,1.0,1.0,1.0,0.060649755458268485,0.10026126934323723,0.06230377112356354,0.018463427153150178,0.034804341504752735,1.0
0.1,0.8770520720907167,1.0,1.0,1.0,0.06950941169021138,0.10458065493502036,0.07587052326244995,0.02216729293493082,0.03494143712345177,1.0
0.1,0.9113862381930118,1.0,1.0,1.0,0.07630070193076914,0.11089922118386109,0.0737177722148277,0.02148269875456531,0.036189191779400456,1.0
0.1,0.9351414299001918,1.0,1.0,1.0,0.06387293533077427,0.10359686632390139,0.06504531574017144,0.020414711988647208,0.03209949685055464,1.0
0.1,0.915489280058343,1.0,1.0,1.0,0.0760768652517139,0.10258455133999449,0.06815218883886007,0.021348930532674105,0.033844909463564846,1.0
0.1,0.9288073679207002,1.0,1.0,1.0,0.07022476374050816,0.08738469506616175,0.052357588756021124,0.02046893622443081,0.03013040084246228,1.0
0.1,1.0828129380777665,0.0,0.0,0.0,0.05182215545125714,0.0898709296997793,0.061748430669843556,0.018051034253410012,0.030110363991938047,1.0
0.1,1.0113219333878478,1.0,1.0,1.0,0.06325963474142766,0.13937402017818895,0.10891985574622472,0.02051679702720154,0.03995116484714138,1.0
0.1,1.1366508851405468,1.0,1.0,1.0,0.052082453976780255,0.10143198852311372,0.055067963209788504,0.017119269579128852,0.028498737898664736,1.0
0.1,0.9611550758286466,1.0,1.0,1.0,0.06745325655487242,0.10884205516190056,0.07672153242919401,0.020231974851392075,0.03519041145708444,1.0
0.1,0.970332107196831,1.0,1.0,1.0,0.06738373124052381,0.09723878036953329,0.0640181202645294,0.019937060931294038,0.03121184284727575,1.0
0.1,0.9542451961699813,1.0,1.0,1.0,0.06718136621487401,0.10737553840855282,0.06547088351698319,0.018588707488025765,0.03333571593573572,1.0
0.1,1.081240289589341,1.0,1.0,1.0,0.06699108071192059,0.09477947933528552,0.07158969980046256,0.01701239030481604,0.03436079728930915,1.0
0.1,0.9340067150470477,0.0,1.0,0.0,0.06484354472080305,0.11481460033720658,0.08994079860402263,0.020732899708546276,0.0370938080811665,1.0
0.1,0.9721318189621526,1.0,1.0,1.0,0.06822236277592719,0.11518388799737536,0.08721700696780252,0.019960995454675338,0.038399279158761006,1.0
0.1,1.0578667745500996,1.0,1.0,1.0,0.05527355317112829,0.082084359148557,0.054911957471959275,0.01808902008579863,0.030530509037120606,1.0
0.1,1.226507145865443,1.0,1.0,1.0,0.051596576361898315,0.08860959784701357,0.057129468633722404,0.015566968733944659,0.03205479795471651,1.0
0.1,1.1297211144585613,1.0,1.0,1.0,0.05316995083160573,0.0915444938535311,0.06231295157463214,0.016924904828002917,0.031878143902179454,1.0
0.1,1.107402877961822,1.0,1.0,1.0,0.052471275496934845,0.09545627845303337,0.05303803784574401,0.01715104643171677,0.029720210653410257,1.0
0.1,0.9682248753548722,1.0,1.0,1.0,0.06687947020179583,0.11398459309333767,0.06575287912442963,0.01910575115669959,0.03302295056837044,1.0
0.1,0.8877587545329365,1.0,1.0,1.0,0.0840811001380235,0.1102020114576718,0.07862094042229217,0.02134663704026766,0.0368503774097775,1.0
0.1,1.020517563263921,1.0,1.0,1.0,0.0786552533879373,0.11166372549812478,0.06409983237012996,0.018024377661022842,0.030135011734833857,1.0
0.1,1.0255901628227246,1.0,1.0,1.0,0.06584978956060812,0.10536975386470124,0.06920960293814797,0.01962435547054536,0.033254626457792945,1.0
0.1,1.0164739715175846,1.0,1.0,1.0,0.066393004808595,0.09062018592671237,0.06029859988411383,0.0195337826992092,0.031797120133007846,1.0
0.1,1.13299064905675,1.0,1.0,1.0,0.052926979816180574,0.10205062512686451,0.06813146346045962,0.017024533998599985,0.032148050149745463,1.0
0.1,0.9713638207765375,1.0,1.0,0.0,0.06652252729643318,0.10310356620374941,0.055261522590246324,0.02153721323331257,0.03278449564608335,1.0
0.1,1.050326491561738,0.0,1.0,0.0,0.061442355680144264,0.09194783675217164,0.06059669060157809,0.0184042354587932,0.031733891975486365,1.0
0.1,1.2444828083359913,1.0,1.0,1.0,0.06532153568574865,0.09660562708739316,0.04063564259018354,0.014553640409520386,0.027841701112184657,1.0
0.1,0.9199326468595433,1.0,1.0,1.0,0.06394939462276408,0.12072320842603863,0.0868617961247645,0.021333641218521285,0.03686171062991611,1.0
0.1,1.2814978663378684,0.0,1.0,0.0,0.0519093322729411,0.08358121008842276,0.02752397871772433,0.01578068858334571,0.02740397690657983,1.0
0.1,0.9915597120876977,1.0,1.0,1.0,0.06577459610491893,0.10373928382243636,0.05635673350398788,0.020266551958259705,0.030990820695775766,1.0
0.1,1.2454580090506906,1.0,1.0,1.0,0.04606262332112102,0.09727812818475949,0.05824962016852584,0.01671815602270176,0.03198324306290237,1.0
0.1,0.8952018198694697,1.0,1.0,1.0,0.07008680085929048,0.09250263728670642,0.06725413814741324,0.02247806695184524,0.03325426236580001,1.0
0.1,1.3446784647496939,1.0,1.0,1.0,0.05015198664673581,0.08481185201933038,0.058216686643169334,0.013312547524861265,0.02982060860344596,1.0
0.1,1.083725184103073,1.0,1.0,1.0,0.06539338727856209,0.10835650031474438,0.06270758806382153,0.018898557655614937,0.03222144783418895,1.0
0.1,1.1098432762391712,1.0,1.0,1.0,0.05352315220537109,0.08725951776166321,0.05746673996199383,0.017530524098205255,0.028925233449419236,1.0
0.1,0.9128888829151974,1.0,1.0,1.0,0.06742593428214616,0.10686639349268881,0.07183944831450588,0.020147967143632418,0.037033552922429804,1.0
0.1,0.9304080684845598,0.0,0.0,0.0,0.06144966269450637,0.09195556044956149,0.06174041169088214,0.020938357248117972,0.0324981364197676,1.0
0.1,1.2058753385604044,1.0,1.0,1.0,0.053862005035858904,0.08655645151454976,0.05147692572412639,0.016131614699867302,0.03172100566182515,1.0
0.1,1.102243634737504,1.0,1.0,1.0,0.06537005789846921,0.0931572424185189,0.06052276527891505,0.01623773728348851,0.033484935419106084,1.0
0.1,1.2381372005669873,1.0,1.0,1.0,0.05150564999168313,0.09993298668668706,0.04441898138822299,0.017453863724583983,0.030740855424279442,1.0
0.1,1.1568817876902406,1.0,1.0,1.0,0.05370256231146755,0.10668760532604368,0.07556171174062415,0.016245729061896957,0.03458087140305347,1.0
0.1,0.9511458819630833,1.0,1.0,1.0,0.07615936883519467,0.11299071718111828,0.0742061373744127,0.020848052677381802,0.03350135943833439,1.0
0.1,0.9446558712901855,1.0,1.0,1.0,0.08054734431590956,0.10142524316491641,0.07364560319440419,0.019405418188281322,0.034668239645616314,1.0
0.1,1.0172487212075803,0.0,1.0,0.0,0.06824345504889973,0.10339706695729574,0.06544530042180297,0.019233055477809357,0.033418762969167314,1.0
0.1,1.0037907275990912,0.0,1.0,0.0,0.0611420331541524,0.10631069468368803,0.07109830837008209,0.01885570201320995,0.0331310938536374,1.0
0.1,1.0121252431631806,1.0,1.0,1.0,0.059406990449726416,0.09669140852038621,0.06428037476705761,0.019748948859322265,0.034032949271180474,1.0
0.1,1.0042572752185872,1.0,1.0,1.0,0.06333091654931622,0.10026865703991135,0.07967948016841721,0.01925518054949868,0.03304921514958271,1.0
0.1,0.9363606651311698,1.0,1.0,1.0,0.06890735820805423,0.09200145995724626,0.07123171650647253,0.021993843562582816,0.034376813789549154,1.0
0.1,1.0299967407338209,1.0,1.0,0.0,0.06971708815697988,0.07335134244313166,0.025091357749749653,0.017513079924126883,0.02652202081517024,1.0
0.1,1.0256867355437276,1.0,1.0,1.0,0.05735183635191887,0.09341191164604097,0.07109864494540848,0.02048877569628362,0.03528572322167444,1.0
0.1,0.974080921056574,1.0,1.0,1.0,0.0722540910110952,0.10581003889633234,0.06367722108769325,0.019183450314633796,0.031290742058568494,1.0
0.1,0.9583937437508915,1.0,1.0,1.0,0.07030040293121534,0.10900985786774489,0.07148256991270148,0.018473499304697022,0.03368721585354242,1.0
0.1,0.9375171860986982,1.0,1.0,1.0,0.06018884193480365,0.10384843278222437,0.08522498226368365,0.021424309227468893,0.03521378010047975,1.0
0.1,1.1976518728148486,1.0,1.0,0.0,0.053625079159744085,0.08966909565613043,0.04411282963137462,0.01614272604504884,0.028731448339316817,1.0
0.1,0.9576228577193222,1.0,1.0,1.0,0.06194054449984461,0.10495048189542336,0.07645988238301567,0.02124567967442139,0.03403129008313113,1.0
0.1,1.1506598771830914,1.0,1.0,0.0,0.0534762543342435,0.09180497106582934,0.0565661599923696,0.016171198809316292,0.029538882938658,1.0
0.1,0.9795784073195932,1.0,1.0,1.0,0.06307904247619246,0.11932464196262196,0.07471598259201818,0.020052930336373623,0.034284808626044966,1.0
0.1,1.1661863716731025,1.0,1.0,1.0,0.06324296397681348,0.10510245096291801,0.06655106480900555,0.01649112482785575,0.032523525135652126,1.0
0.1,1.125380424535905,1.0,1.0,1.0,0.05841728598701419,0.09783326426447665,0.05404743061279786,0.017594686194523396,0.03129791570873846,1.0
0.1,0.9144829055836889,1.0,1.0,1.0,0.07999191942087826,0.11190434602448558,0.07110372398238778,0.022146799530924452,0.032527925935551254,1.0
0.1,1.0604416458151382,1.0,1.0,1.0,0.06275937071840859,0.1299881806827959,0.08212500891966962,0.01844997478248801,0.03684860432043498,1.0
0.1,1.0454305096472003,1.0,1.0,1.0,0.05434621323802254,0.09866675409496528,0.06567462172014762,0.019092218280579217,0.0331226288756352,1.0
0.1,1.0641369662152222,1.0,1.0,1.0,0.0600917322213369,0.10617900813767597,0.05652827411090751,0.018284724105380047,0.03254031034678834,1.0
0.1,1.125143203811231,1.0,1.0,1.0,0.051122793750467674,0.09463793237435283,0.05930523309662208,0.017488765708839903,0.03320575789288294,1.0
0.1,1.1133112438030506,1.0,1.0,1.0,0.06197967240528823,0.11946909342878695,0.07290402828982236,0.017372778778739124,0.03619127062651204,1.0
0.1,1.006931644248664,1.0,1.0,1.0,0.07511394638456972,0.12182225828262047,0.07626457207325388,0.019009448148818536,0.03448872109872949,1.0
0.1,1.1835227559403063,1.0,1.0,1.0,0.047227056995618584,0.09462442479619412,0.0516975671541411,0.015275431668278055,0.027929662484962536,1.0
0.1,1.0181719767115038,1.0,1.0,1.0,0.06663330872876302,0.09918172816252183,0.05765751903131379,0.01887719377420372,0.029775589946511794,1.0
0.1,1.043475401566981,1.0,1.0,1.0,0.059085584186903316,0.11122175631022937,0.07586780098251499,0.01777770422231013,0.034061461964632576,1.0
0.1,1.0675046456051067,1.0,1.0,1.0,0.07101069267994435,0.10986814706983941,0.06996447071597929,0.01759390697850496,0.033734253322910905,1.0
0.1,1.07753315690334,0.0,1.0,1.0,0.06577438428572037,0.10933010118060489,0.07405977827079471,0.01678380035147465,0.03345709963452033,1.0
0.1,0.8492017756660947,1.0,1.0,1.0,0.06827586781935775,0.09475425541187077,0.061057780779942436,0.022865495773998372,0.033988946777939885,1.0
0.1,1.0019985699355956,1.0,1.0,1.0,0.0673117413840185,0.10804496290927698,0.07223573160543399,0.019014665051925613,0.03508814481731467,1.0
0.1,1.0120702685928145,1.0,1.0,1.0,0.06442963502036668,0.08887173580671885,0.060173452667448765,0.020059321341537154,0.032437575063255265,1.0
0.1,1.1065153499017963,1.0,1.0,1.0,0.05085295012231433,0.10061346220633527,0.07985593854640369,0.018523133763684082,0.035278344687641655,1.0
0.1,1.0325973926904475,1.0,1.0,1.0,0.06427660595972715,0.09466640187933884,0.059710260798615813,0.018420819798254603,0.03224027686511131,1.0
0.1,1.0747480614665985,1.0,1.0,1.0,0.05793936100599519,0.09438371031820984,0.07388724227499968,0.018638371054654924,0.03223802558724533,1.0
0.1,1.0325780609916997,1.0,1.0,0.0,0.070420485331679,0.09319320277210434,0.06036134846191867,0.017397129858180514,0.031684084359908014,1.0
0.1,0.873149774552185,1.0,1.0,1.0,0.07018794682070424,0.12101480881994468,0.07970173066833214,0.021383090166234818,0.03410438912461905,1.0
0.1,1.0728458031644936,1.0,1.0,0.0,0.0664721011997685,0.09930625832087814,0.058046500625693255,0.018677482906852907,0.03354862643435471,1.0
0.1,0.8327610826250555,1.0,1.0,1.0,0.0743422382221599,0.10264450226232717,0.06520123190532533,0.023327266645620136,0.032372034661938554,1.0
0.1,0.9539409532397333,1.0,1.0,1.0,0.0689365510214501,0.11937832905017479,0.07605499236421902,0.01995308559337778,0.034075325150193875,1.0
0.1,1.0412517801721828,1.0,1.0,1.0,0.06084682604698195,0.09694506465636357,0.062005626283757054,0.018904999899438085,0.030292490692960018,1.0
0.1,0.9982796129124846,1.0,1.0,1.0,0.05823332808739534,0.11061672472263914,0.07687830278638497,0.019528774646953146,0.03632196890033909,1.0
0.1,0.9511753356220198,1.0,1.0,1.0,0.07050101897829092,0.12038081544495376,0.08202638547412858,0.02062414475063436,0.03663104246494316,1.0
0.1,1.0567977679218796,1.0,1.0,1.0,0.0600841196423902,0.10633945097324667,0.07481979406276512,0.018151014039860715,0.03138377221864962,1.0
0.1,1.0898431258419652,1.0,1.0,1.0,0.05376701349661102,0.08334195918846854,0.05822102986115278,0.01863565866132768,0.03169446065373619,1.0
0.1,1.1624548577319282,0.0,1.0,0.0,0.055857210028771795,0.10018396975897384,0.05175959891253625,0.01676784223455973,0.029360763648309262,1.0
0.1,1.1531398989306456,1.0,1.0,1.0,0.060928334465903636,0.10124190059653775,0.07478741553157091,0.015888479626653632,0.034891924533279245,1.0
0.1,0.9921416483193087,1.0,1.0,1.0,0.06014969243187609,0.10241809055400726,0.06604447995254295,0.019560314456601117,0.0319119573326279,1.0
0.1,1.0135517030113228,1.0,1.0,1.0,0.07479337891456282,0.09264977286178455,0.046238274313905245,0.01950849454236652,0.029940435610293872,1.0
0.1,0.9026214616503966,1.0,1.0,1.0,0.07753542932734592,0.12946114608634077,0.08479712901565659,0.021224283966173863,0.037247366507060245,1.0
0.1,0.8646627811133938,0.0,1.0,0.0,0.07489747133455267,0.11719492572834016,0.07627319239745947,0.021877129948421947,0.03304255341647425,1.0
0.1,0.9821371875571312,1.0,1.0,1.0,0.06703088261620563,0.1034649785059056,0.07058861089892196,0.02100452292842497,0.035187977924632574,1.0
0.1,1.1647167544746746,1.0,1.0,1.0,0.052485787290590294,0.0882796015672462,0.053254941065439376,0.015502332626198559,0.030713272028713313,1.0
0.1,0.9732519518845223,0.0,1.0,1.0,0.0556099562947304,0.11318415385788252,0.07306548220831702,0.02029932668856941,0.033569571244048246,1.0
0.1,0.8993554902577781,1.0,1.0,1.0,0.06306354197796518,0.10806797464510684,0.08442190396471398,0.021243156388188505,0.034336518451953846,1.0
0.1,0.9544524466959712,1.0,1.0,1.0,0.06875993163256242,0.12620915545601213,0.07894898616453357,0.019102569649144398,0.033337578529434815,1.0
0.1,0.9778219911421481,1.0,1.0,1.0,0.054059593284710036,0.11235398633798677,0.08126070751901382,0.019875958515374218,0.034981460282081274,1.0
0.1,1.0061415807900966,1.0,1.0,1.0,0.07037850382737246,0.12171551481950467,0.07989654027717341,0.02038154717611188,0.03555855692755153,1.0
0.1,0.9800308672614462,0.0,1.0,1.0,0.0676921816504761,0.12664855572242062,0.07903931930543397,0.020054021830419714,0.036836667651107914,1.0
0.1,1.123461005068849,1.0,1.0,1.0,0.05450132467879478,0.0955933978533718,0.06465017442749889,0.017151268267591894,0.033637447379360946,1.0
0.1,0.912859594687913,1.0,1.0,1.0,0.07492495443854286,0.11323969816838911,0.06700991312777929,0.02034056456232447,0.029654757243248307,1.0
0.1,1.1481048351906282,1.0,1.0,1.0,0.05270518026261053,0.10312302837015024,0.06728936648262121,0.017500888271591148,0.033814779860730615,1.0
0.1,1.033449623023663,1.0,1.0,1.0,0.06691016766079992,0.10742905422372358,0.07502000590982665,0.01841802388920628,0.03547821118761208,1.0
0.1,0.9504599573914777,1.0,1.0,1.0,0.07797429864442708,0.10746433849773034,0.07385187756853948,0.019370186762823326,0.03432261520296453,1.0
0.1,1.01387947692176,1.0,1.0,1.0,0.07160397036078377,0.10180681995224819,0.06844384099116696,0.019648379769018978,0.035295886101209886,1.0
0.1,1.1046317756836141,1.0,1.0,1.0,0.052011333701039296,0.10390690738861323,0.06200698942093662,0.017947367470600696,0.03359084656665542,1.0
0.1,0.9074715777790366,1.0,1.0,1.0,0.07201392195023235,0.10481606321408543,0.07388422631970133,0.02037877917553633,0.035710247491306184,1.0
0.1,1.119231496196995,1.0,1.0,1.0,0.0584733257448369,0.1014656766771719,0.06818766235455642,0.017905303269410054,0.032438220925930905,1.0
0.1,1.0429961270432637,1.0,1.0,1.0,0.06748081647303612,0.08725358951314252,0.06502885228828399,0.018694638365119542,0.03257763462414083,1.0
0.1,0.930578145382598,1.0,1.0,1.0,0.062260146850795416,0.09148341882452993,0.06319522112225145,0.021610639922030418,0.031168954628153625,1.0
0.1,0.9420776331387011,1.0,1.0,1.0,0.06453835814554229,0.11870095944599786,0.08061840308948356,0.020675707154377065,0.039642244484799055,1.0
0.1,0.9095320766151883,1.0,1.0,1.0,0.07268762677626392,0.10196287388496719,0.06599484405522359,0.02086462255735316,0.035320701620624895,1.0
0.1,0.911984959900099,1.0,1.0,1.0,0.07329340698190846,0.11588701910191221,0.07993001073016012,0.022042627686929456,0.039321117724090644,1.0
0.1,1.2088852414761146,1.0,1.0,0.0,0.05067479429048379,0.08643421130749084,0.0590958351452342,0.016439665802669062,0.029746127160969374,1.0
0.1,0.9312612392708612,1.0,1.0,1.0,0.06508918365688512,0.1064797236743071,0.07005000393839181,0.02053043094785724,0.03553717466878032,1.0
0.1,0.9906764841676725,1.0,1.0,0.0,0.05366383772032011,0.09834763154489211,0.06779381481735135,0.018730592286106677,0.032385843538917464,1.0
0.1,0.9004249720989129,1.0,1.0,1.0,0.0812728531689827,0.12091469484687625,0.08194923997750213,0.022529451775148975,0.03537695263897265,1.0
0.1,1.0888081459388184,1.0,1.0,1.0,0.061685507766275474,0.10304115557083451,0.07565228683322821,0.01748892173643551,0.031895354107505304,1.0
0.1,1.0623892304901228,0.0,1.0,0.0,0.0661812370682055,0.0912277073788491,0.06232626535204973,0.018086386564005203,0.03187896435871837,1.0
0.1,0.8846019646836782,1.0,1.0,1.0,0.08395610048003062,0.1248747243051197,0.07893685699765578,0.02169518544076827,0.03492009525337919,1.0
0.1,1.0637088285759255,1.0,1.0,1.0,0.06733157546789936,0.11409676077878621,0.07664447991253313,0.019008127307039577,0.037072453114371004,1.0
0.1,1.0771004394778134,1.0,1.0,1.0,0.051235667415264974,0.10425449019006601,0.054850897910232066,0.01912219583344972,0.03043570671278502,1.0
0.1,0.9251877596493271,1.0,1.0,1.0,0.07538172002087315,0.1114855552928152,0.06980624417124004,0.020234929829340415,0.032730062890155585,1.0
0.1,1.0664530825648164,0.0,1.0,0.0,0.06456268557961484,0.10444327851854844,0.06730308536288428,0.018887317497337953,0.0336024201234975,1.0
0.1,0.979019216142431,1.0,1.0,1.0,0.06604540923923252,0.09864226379532846,0.06585747151656099,0.01866704438609956,0.03212882031885823,1.0
0.1,1.0397776045344485,1.0,1.0,1.0,0.060314943106296835,0.10586958621720537,0.07156779197193967,0.019206151615788068,0.036006714942148424,1.0
0.1,1.1182584222173884,1.0,1.0,1.0,0.06528869807619134,0.10162066487521444,0.06551156489123669,0.019424657702733564,0.03151640663471769,1.0
0.1,1.093677725965984,1.0,1.0,1.0,0.05311212777215597,0.0951121513928127,0.0671670508149951,0.018169667639966584,0.03336764101373791,1.0
0.1,1.1080519523389836,1.0,1.0,1.0,0.05155378986125705,0.10281771920962027,0.07117585082069483,0.01697577698444571,0.03416922235819168,1.0
0.1,0.9309041672401478,1.0,1.0,0.0,0.07096165390927138,0.11313432406505834,0.08125496066153734,0.02172023503460012,0.034507465728356106,1.0
0.1,0.9222595633859481,1.0,1.0,0.0,0.06811313109862607,0.09124442725035523,0.062204000822054996,0.02119796735978134,0.03251490571614407,1.0
0.1,1.0656580665334472,1.0,1.0,1.0,0.055610564196766576,0.09482443876613358,0.06429858275241473,0.01801307276521094,0.03410656408892107,1.0
0.1,0.9306072909870325,0.0,1.0,0.0,0.05805790655315174,0.11884638585230826,0.08222408700023076,0.02023843193523313,0.03392093381404063,1.0
0.1,0.9445283651976829,1.0,1.0,1.0,0.0661779824362326,0.09328788055826034,0.06526009842219611,0.020219069348676753,0.03284770478057058,1.0
0.1,0.8650549365383492,1.0,1.0,1.0,0.07505227793328448,0.1211343959985812,0.08203281728146525,0.020572561960960307,0.03441150415609415,1.0
0.1,1.04774850713147,1.0,1.0,0.0,0.05542172209035592,0.0908806593305382,0.0537091264884059,0.019309446401334765,0.030702536130083287,1.0
0.1,0.9761347824257315,1.0,1.0,1.0,0.07093617912858019,0.10339705084674664,0.07470551228132287,0.020674814401877305,0.035535390769632975,1.0
0.1,1.1734182838418163,1.0,1.0,1.0,0.06631483932553392,0.08240201854829081,0.0457777312635395,0.016097923476863785,0.029796078551848147,1.0
0.1,1.1513590647397547,1.0,1.0,1.0,0.05926735790876224,0.11105526691630281,0.07995107102189541,0.015558689144049181,0.0326087611778608,1.0
0.1,0.953787029092949,1.0,1.0,1.0,0.06375189430595148,0.10222939360564713,0.08878344266730476,0.020685600380908865,0.038202543705202804,1.0
0.1,1.051853129400322,1.0,1.0,1.0,0.05569452123805951,0.11185744304675502,0.06885452594165435,0.0185427745360763,0.03571197262996734,1.0
0.1,0.9391278580365796,1.0,1.0,1.0,0.07515486323028905,0.09724661671725734,0.0655683498081189,0.0213142829902795,0.03419839964649635,1.0
0.1,1.0323474447820469,1.0,1.0,1.0,0.05714912452864294,0.10927439103567542,0.07238839854914107,0.017913157138113884,0.03404576880074657,1.0
0.1,1.061245843363424,0.0,1.0,0.0,0.05781426627653787,0.09331190542270863,0.05777791910296627,0.017896520320002166,0.029866078921486513,1.0
0.1,0.9614742259288539,1.0,1.0,1.0,0.07256733603552765,0.09531382340461697,0.062284739823680976,0.019526462596485127,0.031150449535897354,1.0
0.1,0.9312613992762526,1.0,1.0,1.0,0.0597505525418892,0.10124511306004139,0.07083443970964395,0.021189768353579455,0.03273448111839311,1.0
0.1,0.9841912032796539,1.0,1.0,1.0,0.06836247403398829,0.11527547692752357,0.09393733162963262,0.019041466561669426,0.0372498332031735,1.0
0.1,1.1863410784221644,1.0,1.0,0.0,0.06283867519551303,0.1036391481322517,0.058448593516745716,0.017883208028090014,0.03131950434151432,1.0
0.1,1.0584365987138014,1.0,1.0,1.0,0.07374829651623162,0.10695273011588954,0.06582077297535235,0.018268224715481035,0.03651107147059645,1.0
0.1,1.0120386797050411,1.0,1.0,0.0,0.0679897493262874,0.0954951420110719,0.05797209865342382,0.017874780534650078,0.03160157330426493,1.0
0.1,0.8742188262852023,1.0,1.0,1.0,0.07811595197069197,0.11878744118941217,0.09541169675986196,0.023349236289930193,0.03663522988352472,1.0
0.1,0.930265346975409,1.0,1.0,1.0,0.06663050938099162,0.10787076262716082,0.07746655551585305,0.021318885086520606,0.03435456185637507,1.0
0.1,0.9796429582132995,1.0,1.0,1.0,0.06850055697457086,0.11216201754449857,0.06925208079176998,0.018700183368183153,0.034100800001609664,1.0
0.1,1.1163022600447698,1.0,1.0,1.0,0.05501826596387645,0.1082547892951788,0.06755085054591047,0.01618216871030389,0.0331464562245027,1.0
0.1,1.076031431575464,1.0,1.0,0.0,0.06372731159092675,0.10060983026886786,0.058903913965808616,0.018688289380134848,0.03229377681207328,1.0
0.1,0.9864164140361587,1.0,1.0,1.0,0.06402631049939045,0.09504213352962027,0.06400002616296878,0.019763779175033656,0.03200784553211592,1.0
0.1,1.0942916989041762,1.0,1.0,1.0,0.06028260691991868,0.09905498243781481,0.0805064758633551,0.01684932709109471,0.03388804731585139,1.0
0.1,1.0623935282316765,1.0,1.0,1.0,0.06316365694752402,0.10897508861641374,0.06366508283208118,0.01845268081815274,0.03037757869829073,1.0
0.1,1.0126551458631676,1.0,1.0,1.0,0.07085747892664959,0.10437229003337638,0.0742949761344847,0.019017665661211644,0.03361266856178279,1.0
0.1,0.8701050278038871,1.0,1.0,1.0,0.08074447617953248,0.12275670845007654,0.08759469902785302,0.022267739396421033,0.03477062728601153,1.0
0.1,1.0202151823843388,1.0,1.0,1.0,0.06228522229269227,0.09147070015154735,0.054020051001790505,0.019003940138040253,0.02952110268460799,1.0
0.1,1.1090394133374066,1.0,1.0,1.0,0.057352641504620425,0.10522168226857458,0.06894822131165616,0.017812298491572613,0.035916837500660256,1.0
0.1,0.9343307022049618,0.0,1.0,0.0,0.07527563111784119,0.1209719861906128,0.08608178217121923,0.021452244459579037,0.037728443972328156,1.0
0.1,0.9014640992831855,1.0,1.0,1.0,0.06853788760600614,0.100076219179788,0.0636307300296092,0.022947811321436865,0.03146237385943478,1.0
0.1,0.9388385422017305,1.0,1.0,1.0,0.07397251334830299,0.1183828602679409,0.079537974399615,0.020287240628244798,0.035518677877978896,1.0
0.1,0.9336910455774182,1.0,1.0,1.0,0.0677715488396216,0.11434887479153324,0.07667064277315608,0.020839601658517556,0.036627376247076605,1.0
0.1,1.301375317703094,1.0,1.0,1.0,0.04976525824461533,0.10881877052538005,0.07221503326086375,0.014040878949499685,0.035073060013809526,1.0
0.1,1.1051682500316649,1.0,1.0,1.0,0.060774914656260434,0.09886084098314234,0.06251771625184965,0.017238217788547394,0.028854136253103305,1.0
0.1,0.8552909839693101,1.0,1.0,0.0,0.08368649629957815,0.11917245294933605,0.08292458092675833,0.02236915084237725,0.036377939262325645,1.0
0.1,1.0306353967066437,1.0,1.0,1.0,0.060189062283015085,0.1028215407982215,0.0644097356930532,0.019533996602187322,0.031376564186215435,1.0
0.1,1.0515947542718747,1.0,1.0,1.0,0.06540263391338152,0.0963914842466174,0.052061892529888555,0.017908420313753358,0.029584913566373005,1.0
0.1,0.8740399958427841,0.0,1.0,0.0,0.06889630758685883,0.1074049131948704,0.08166665358072518,0.022366178207284974,0.04047772421930757,1.0
0.1,1.051206368124836,1.0,1.0,1.0,0.0638124256559319,0.10608618687184752,0.07211499168146476,0.017258175890944243,0.03521183328381744,1.0
0.1,0.967585968734635,1.0,1.0,1.0,0.0758734889146466,0.09429489343751127,0.051176655579277794,0.020972671917815437,0.03207348288983781,1.0
0.1,1.1415135038929924,1.0,1.0,1.0,0.0582822063034721,0.11290357314305625,0.08452027708798408,0.01766685123100888,0.0359451866487315,1.0
0.1,1.0023742822140786,1.0,1.0,1.0,0.06655958195935584,0.1051993366324893,0.06832153086084876,0.018734713919134754,0.03483662719948882,1.0
0.1,0.8835890817148108,1.0,1.0,1.0,0.06894697938908453,0.09961227990422869,0.059266880161774574,0.020845905950708857,0.030765864211599644,1.0
0.1,1.0452087486950885,0.0,0.0,0.0,0.05994043975983752,0.08656355756733891,0.0540406862177545,0.019824203596888402,0.03323367815944265,1.0
0.1,0.9500474754193627,1.0,1.0,1.0,0.0677853934446671,0.11261262958142888,0.07915899803369561,0.020400833021526933,0.034014703263201135,1.0
0.1,1.0451602633143533,1.0,1.0,1.0,0.05697600684718711,0.10218562930833389,0.06736038272973566,0.01824815694362699,0.03274084561031473,1.0
0.1,1.0464526099908105,1.0,1.0,0.0,0.05473537939521813,0.08508811009982598,0.05426255113653507,0.017931549695111702,0.029441948492815402,1.0
0.1,1.048629947245315,1.0,1.0,0.0,0.07017479093384085,0.08912651572503812,0.04229026818230215,0.018466931915090138,0.02953409024556868,1.0
0.1,0.9891143825607965,1.0,1.0,0.0,0.06660357334116573,0.09447295882923537,0.05363557058293374,0.019844839278083833,0.03087249843974631,1.0
0.1,1.027787767482864,1.0,1.0,1.0,0.0536446550006057,0.10440483642850862,0.0740060720031772,0.018634662220380696,0.03273406417241644,1.0
0.1,1.0265157995191063,1.0,1.0,1.0,0.06018790209462406,0.09401767884995409,0.06103693167409413,0.019460652810429826,0.03174470866682105,1.0
0.1,1.0042018278212408,0.0,1.0,0.0,0.059587571839704825,0.11136886848019294,0.08422764162622254,0.018776318839985512,0.03616040359603495,1.0
0.1,0.958524804957066,0.0,1.0,0.0,0.06602771839840305,0.09629682406706527,0.0651648219590111,0.019885426133184926,0.03212618888250209,1.0
0.1,1.0756282145252427,0.0,1.0,1.0,0.052755349387590536,0.10893167120522815,0.0798549390868148,0.018120768937405975,0.032800976895222524,1.0
0.1,0.8843209622395474,1.0,1.0,1.0,0.06902531198605953,0.13047179739977405,0.0930711188501136,0.020399884489862782,0.03675043031747751,1.0
0.1,0.884936956553635,1.0,1.0,0.0,0.0794706781766894,0.09976506934948474,0.052365126132238995,0.02238281241651109,0.03284691582525168,1.0
0.1,1.074705062316197,1.0,1.0,0.0,0.054413936352563995,0.08438746528934848,0.05478121849509199,0.017752005831784438,0.029900725648673174,1.0
0.1,0.9875036999738934,1.0,1.0,1.0,0.06710833101819907,0.0974397762038279,0.06354411728256237,0.01982583199622118,0.03346383180062931,1.0
0.1,0.8288904841733115,1.0,1.0,1.0,0.0737014260634709,0.10640261401699133,0.08744785747701259,0.024241059165889353,0.040806899778184996,1.0
0.1,1.0653506115024878,1.0,1.0,1.0,0.06427451062280261,0.11193459787360405,0.07334667724417979,0.019011872781580178,0.034484392656139506,1.0
0.1,0.984562695258961,0.0,1.0,0.0,0.060028285827890174,0.08823311745915777,0.06287837343526037,0.02145232611856425,0.032948912219488084,1.0
0.1,1.1248595953633664,0.0,1.0,0.0,0.05411665980442874,0.0974797092810816,0.05137081558112501,0.018437749429929165,0.03155750298781546,1.0
0.1,0.9683438832394698,1.0,1.0,1.0,0.06830087568197447,0.11654485637615433,0.07768057039098315,0.019499806967584334,0.03649565445096618,1.0
0.1,0.9673189357995202,1.0,1.0,1.0,0.06193329570708499,0.09934599832640435,0.06600011996294217,0.020023276741403643,0.03436263884296725,1.0
0.1,0.874286741353932,1.0,1.0,1.0,0.08316704067632477,0.0960200116190665,0.06331946829832516,0.02215957503306197,0.032533628652038724,1.0
0.1,1.0721451408696692,1.0,1.0,1.0,0.06368311968012934,0.08762036633347584,0.04342129716568385,0.018181388959425008,0.030893906826633337,1.0
0.1,0.9392297040638558,1.0,1.0,1.0,0.06977298546499087,0.10531394573602634,0.06655540548495796,0.020756897345294817,0.033148464945602744,1.0
0.1,1.1629242695740851,0.0,1.0,0.0,0.05075338261845443,0.09155074486817488,0.0669922871023156,0.017147891891588395,0.03417289295367018,1.0
0.1,0.9584466614047483,1.0,1.0,0.0,0.05946666935231287,0.10839496676231948,0.0648734145910782,0.01880539961147395,0.030984241860007426,1.0
0.1,1.0233689458923423,1.0,1.0,1.0,0.05817079412034064,0.09509997758990149,0.06157162039451351,0.019145682275121267,0.03385488286421839,1.0
0.1,1.0519087938018488,1.0,1.0,1.0,0.05325960839703377,0.10399728631274086,0.06802047735369382,0.019067882840681612,0.035800261365068434,1.0
0.1,1.097905753752058,1.0,1.0,1.0,0.05897634815989886,0.09984912849163423,0.06158228923530503,0.017248399979464736,0.033925680838154344,1.0
0.1,1.0708723826639135,1.0,1.0,1.0,0.07058584871321108,0.09168119442245284,0.05851684017375454,0.017669069244813623,0.03252722612700041,1.0
0.1,1.1153546564951309,1.0,1.0,1.0,0.06202627075978839,0.10987928573344703,0.07781106629523209,0.019158961206055976,0.033146920916100636,1.0
0.1,1.0724149721630252,1.0,1.0,1.0,0.05516468490331776,0.1264731669155321,0.08147523809784118,0.01847704953470913,0.03391391452481349,1.0
0.1,1.1770979557764687,1.0,1.0,1.0,0.05803591679688621,0.10613640699858928,0.06819959049547407,0.017044959956432647,0.030792881318343204,1.0
0.1,0.9467456242868768,1.0,1.0,1.0,0.06981177064846447,0.12157409488588285,0.08733763196292794,0.020420556428369124,0.033871080227102335,1.0
0.1,0.9620297319128405,0.0,1.0,1.0,0.055400292953193,0.10683645642798692,0.08200350721660103,0.02114464244186225,0.037338820117137655,1.0
0.1,1.0223901130281303,1.0,1.0,0.0,0.06413090941491587,0.10700318243942579,0.07120328862137787,0.01784587246247426,0.034577034799610086,1.0
0.1,1.085235653022221,1.0,1.0,1.0,0.06097099909985384,0.09741472776194761,0.06920927456541984,0.017875738229644896,0.035109742717228526,1.0
0.1,0.9236515913384854,1.0,1.0,1.0,0.0677595230906183,0.11098411901574827,0.07918604020631653,0.02279520119973861,0.03716055744414723,1.0
0.1,0.9369634442782022,1.0,1.0,0.0,0.08079560421193496,0.099621950216583,0.053844352800305514,0.020152170135925497,0.032585995339873754,1.0
0.1,0.9584207769129354,1.0,1.0,1.0,0.059263802917048324,0.10021299582363516,0.07166874783663292,0.019424406935512003,0.03522993529151366,1.0
0.1,0.9290065634963158,1.0,1.0,1.0,0.06953942266517636,0.11668786946422449,0.07900009045069875,0.020797274255604414,0.03600202833309014,1.0
0.1,0.9717532482468928,0.0,1.0,0.0,0.06508878314176128,0.10252584193504674,0.07723149682312991,0.018672579245040444,0.03384159399318604,1.0
0.1,1.0874235732870638,1.0,1.0,1.0,0.0707555838733396,0.10503249944481696,0.06688664475143041,0.016915901736040784,0.03151625339282722,1.0
0.1,0.9449754337872017,1.0,1.0,1.0,0.07833214250339085,0.09897118267351315,0.07095701178972788,0.01960176453299382,0.034237141243419,1.0
0.1,0.870302134295759,1.0,1.0,1.0,0.08309031502578348,0.12794919975422053,0.09149675319810599,0.02213784471951977,0.03720917405343019,1.0
0.1,1.0919806407687094,1.0,1.0,1.0,0.05408588766691717,0.10998713152108788,0.07056792362126522,0.01923195813161255,0.032320427231495245,1.0
0.1,0.8772163584553718,1.0,1.0,1.0,0.07194223847484636,0.0922718812279811,0.07111456684627676,0.02185852024676134,0.035654126945142674,1.0
0.1,1.1209001378227545,1.0,1.0,1.0,0.05367425662343821,0.10756601600760499,0.0754487232982568,0.018187300108977407,0.0321268031259026,1.0
0.1,0.9343467612812831,1.0,1.0,1.0,0.0673005626078927,0.13236348770022582,0.07710926267030907,0.02095498020086059,0.03542516718707332,1.0
0.1,0.9655357886130496,1.0,1.0,1.0,0.07818720637359014,0.12112621702815025,0.07954852840055149,0.01861937994849547,0.03452211172802168,1.0
0.1,1.0565940911466323,1.0,1.0,1.0,0.05356096238149066,0.125533559961503,0.0841925754099502,0.018131727976726505,0.03569701939478543,1.0
0.1,1.0301624524657134,1.0,1.0,1.0,0.06494821483428022,0.08664411553438159,0.046179691066822584,0.019995710336997236,0.031870478433981046,1.0
0.1,0.9390964705531759,1.0,1.0,1.0,0.05775456010152504,0.09897156081384789,0.06945837343295098,0.02100442591883345,0.03324439504844244,1.0
0.1,0.973259667379414,1.0,1.0,0.0,0.0642564632036761,0.0976459915513633,0.06626274707390656,0.019533899902900487,0.032104772135441294,1.0
0.1,0.9671525390155327,1.0,1.0,1.0,0.0734330193106598,0.10853264328400594,0.07398907495002263,0.019448418440323495,0.036800250080251284,1.0
0.1,0.9123942806390649,1.0,1.0,1.0,0.06141872383221604,0.11426099885763914,0.08425118218770006,0.019893095748125714,0.038886205211410736,1.0
0.1,0.8837471336533749,1.0,1.0,1.0,0.08683796239117214,0.12087823344859136,0.0886187772441848,0.021844876689237135,0.03865830760769178,1.0
0.1,1.0583848785011802,1.0,1.0,1.0,0.05711300282867884,0.0878231744644383,0.05324223134419266,0.017407086128697076,0.031078373622235277,1.0
0.1,0.9407708019271103,1.0,1.0,1.0,0.07300224074441604,0.10051727186824314,0.06898606180640139,0.020308888289695393,0.031151480840044234,1.0
0.1,0.9165267527912946,1.0,1.0,1.0,0.0752504060082995,0.13435839092535745,0.09476972557952966,0.020455207622689472,0.035593078270243515,1.0
0.1,1.0729922376315755,1.0,1.0,1.0,0.07862839015533524,0.10009771080700965,0.05984983575511795,0.0176424017819685,0.03243263176194306,1.0
0.1,0.93563824002009,1.0,1.0,1.0,0.07217758426152869,0.11322757506805348,0.0913243580084563,0.021285592066358064,0.03713302723463829,1.0
0.1,0.9139779607186012,1.0,1.0,1.0,0.06904599506666238,0.09832063599405527,0.0706804428157099,0.019745040333342716,0.03255610829639377,1.0
0.1,0.960991436039134,1.0,1.0,1.0,0.059121952677358015,0.08488781598306405,0.05842016063015472,0.01998383714657032,0.030136824071507386,1.0
0.1,1.0653758319938111,1.0,1.0,0.0,0.05202437911022177,0.08920854588362839,0.050507568281938045,0.018017876439476797,0.03017404107495517,1.0
0.1,0.9943847520316276,1.0,1.0,1.0,0.06320545613844261,0.08232039605599765,0.05459410724772151,0.019627999696264213,0.031308148218895035,1.0
0.1,0.9820982315136766,0.0,1.0,0.0,0.07346475364697498,0.09885866723899014,0.06454905403596398,0.018192999387928826,0.03268690413255032,1.0
0.1,0.9750922359653413,1.0,1.0,1.0,0.056199025510446886,0.08250276641257655,0.04341942419634696,0.019324357061386195,0.028894302169744358,1.0
0.1,1.054513753167234,1.0,1.0,1.0,0.0617049306690368,0.09826061860348315,0.07132873888752607,0.01798872725619679,0.032652390063515016,1.0
0.1,1.2688393143280012,0.0,1.0,0.0,0.05354329544405985,0.08841009898742148,0.05969764092573686,0.015743080196826235,0.03181274232334407,1.0
0.1,1.02250305358519,1.0,1.0,1.0,0.06396853713107056,0.09413605035312345,0.07103509658440074,0.017517474239048737,0.03365542300598249,1.0
0.1,0.9530506117356187,1.0,1.0,1.0,0.0673935574132002,0.0937619528543677,0.05749567010007432,0.020473023131586596,0.032622593627253955,1.0
0.1,1.131375969558898,1.0,1.0,1.0,0.05966334709053452,0.09083861302519235,0.05797906523094152,0.016671857651569814,0.031305999195966876,1.0
0.1,0.9123152026236294,1.0,1.0,1.0,0.08008115827365578,0.09450593730989323,0.061030716156946885,0.020773281196705233,0.030762675255093207,1.0
0.1,0.9617690305955586,1.0,1.0,1.0,0.06342585729824746,0.11730572964228317,0.09503229756613371,0.019837797706044075,0.03810075136819939,1.0
0.1,0.9777391900217324,1.0,1.0,1.0,0.06566220754885314,0.08801532369979244,0.05908593164210644,0.019113194649723324,0.03171202452758286,1.0
0.1,0.9434969360015789,1.0,1.0,1.0,0.06336200851264026,0.11434558838558284,0.08176409966541401,0.020629210947430327,0.03753192495316538,1.0
0.1,1.0303334924180982,1.0,1.0,1.0,0.0633765603562912,0.09641132294935778,0.06687562082100121,0.017722005050839415,0.0321194821449936,1.0
0.1,1.197436064137283,1.0,1.0,0.0,0.050528325773093706,0.09463619321566205,0.04642979135206302,0.017458054430135105,0.029555814531148375,1.0
0.1,1.0464980652466527,0.0,0.0,0.0,0.05622153177669219,0.10285633003731562,0.07347773043689662,0.018351105541423395,0.03704880288117912,1.0
0.1,1.1317833737126017,1.0,1.0,1.0,0.067337547932474,0.10610661512251221,0.05894899145910152,0.020148185901850038,0.03532678175404835,1.0
0.1,1.043546373149702,1.0,1.0,1.0,0.0556460230384813,0.1042564930019548,0.08735828272703836,0.01801936854250336,0.03779507997954954,1.0
0.1,0.8629964032112657,1.0,1.0,1.0,0.08818750258624392,0.12697273588885036,0.07645822956120507,0.02143783587717894,0.03163042839354364,1.0
0.1,0.903113888363139,1.0,1.0,1.0,0.07088452111601865,0.10665659813423527,0.07720589077932116,0.0199441524878639,0.03468822687281945,1.0
0.1,0.8834291153413474,1.0,1.0,1.0,0.08074971807702527,0.1113670403044517,0.07493685833702021,0.02116398786139005,0.03546861229680686,1.0
0.1,1.0730329181895717,1.0,1.0,1.0,0.05246710449499594,0.09514693645141789,0.05466910232988117,0.01968861042576927,0.02977589585821501,1.0
0.1,1.2672101017905315,1.0,1.0,1.0,0.04755791000534198,0.11470797941442705,0.06953073260607001,0.015490472941337903,0.031568664787826536,1.0
0.1,1.069692566696688,1.0,1.0,1.0,0.07070224641183369,0.0906873418373926,0.04642040619632508,0.017833860335804398,0.030937333973210846,1.0
0.1,1.175599037186793,1.0,1.0,1.0,0.05176331695387513,0.0874344497108785,0.051436905352161374,0.016770218617098993,0.031439729504871956,1.0
0.1,1.097331305045,1.0,1.0,1.0,0.06727069046291273,0.10240227635009198,0.07206357804471002,0.019003299478902787,0.0340617126574574,1.0
0.1,1.1018437698475876,1.0,1.0,1.0,0.05614846979209315,0.11916790262991536,0.08550224523100998,0.017186872178077996,0.03738561009891836,1.0
0.1,1.0137815456740278,1.0,1.0,1.0,0.05880993451356385,0.1009304729588448,0.058774940838472935,0.019658596196641426,0.031437241600763915,1.0
0.1,0.933261212562048,1.0,1.0,1.0,0.07528738990977338,0.11475588543929982,0.08664785877148044,0.019828030130688866,0.035625333307524515,1.0
0.1,1.024239398546343,1.0,1.0,1.0,0.06837382604823969,0.09871378099887584,0.06593647296249952,0.018330009004994936,0.03379480194423205,1.0
0.1,0.9180064061689412,1.0,1.0,1.0,0.07216291172934722,0.12180252763635686,0.07245186445217647,0.021307417057416327,0.034241652292183365,1.0
0.1,1.0328131316957523,1.0,1.0,1.0,0.07344821019034192,0.10415783416669903,0.07011349188824126,0.01771155272106024,0.03544213496853881,1.0
0.1,1.1979048740873484,1.0,1.0,1.0,0.05566406263277925,0.11000140532277444,0.051049133979352956,0.01676370823162558,0.030617138992630057,1.0
0.1,0.8781316027624181,1.0,1.0,0.0,0.06909111931795853,0.10147605909974008,0.0675383570771733,0.023316080593339082,0.03282709977605657,1.0
0.1,1.1179369945305768,1.0,1.0,0.0,0.054108281423430805,0.07318384842911395,0.025900708612185762,0.017204126892333048,0.026216684857650857,1.0
0.1,1.0794175486773683,1.0,1.0,0.0,0.06857902167063332,0.1011291733138566,0.051975311628545316,0.018430468611487387,0.029894035596312218,1.0
0.1,1.0970281570453477,1.0,1.0,1.0,0.06117896524207013,0.10534216321879544,0.05538571377936713,0.017009076649685588,0.030735815575685065,1.0
0.1,0.9699248772854125,1.0,1.0,1.0,0.06708505415837093,0.11540507935385942,0.08620862253947734,0.020137548177540304,0.036402473512163434,1.0
0.1,0.8344694408218644,1.0,1.0,1.0,0.07931720051594,0.13230774566715917,0.09653050645546377,0.023765295648987862,0.03800925454725711,1.0
0.1,1.1548308118080761,0.0,1.0,0.0,0.059496883733028284,0.08618535472918872,0.050133959440236575,0.015734039321804755,0.025988093786100744,1.0
0.1,0.9875055669588091,1.0,1.0,1.0,0.06630341414254895,0.0960423367845199,0.0598553146100322,0.01970739628071859,0.033022546278907876,1.0
0.1,1.0512144758351123,1.0,1.0,1.0,0.06977485726371717,0.09535394748673698,0.05157920712870575,0.01855501354989376,0.027139529661836824,1.0
0.1,1.0085343912117928,1.0,1.0,1.0,0.06556112595885444,0.094840398478608,0.044836220353735357,0.02022932058234736,0.030283465323455525,1.0
0.1,1.0702076768428115,1.0,1.0,1.0,0.0611367623146176,0.09665946980631344,0.056620114959307896,0.019292924112351707,0.03366055189975499,1.0
0.1,0.933970798328691,1.0,1.0,1.0,0.07286023067525713,0.10416993485499301,0.07637329034097326,0.020587212360882217,0.034271424040439605,1.0
0.1,0.8582914722584927,1.0,1.0,1.0,0.07019263348463445,0.11865375353491661,0.07873607462158067,0.023181440511205086,0.03377809464339335,1.0
0.1,1.2207828930645626,1.0,1.0,1.0,0.05400246583619293,0.11066487400925344,0.05908532709233011,0.016045414573305487,0.03236293631007553,1.0
0.1,1.118521984249644,1.0,1.0,0.0,0.055805515039030085,0.07486098744598338,0.023520688222931612,0.016926624224969516,0.026183709263997934,1.0
0.1,0.9404984091034312,1.0,1.0,1.0,0.06963659219000853,0.10732335273129845,0.06857895841970515,0.020321391697497634,0.03416290564578094,1.0
0.1,0.9291829086668498,1.0,1.0,1.0,0.07034935818644236,0.10150056425204199,0.06843508239987427,0.021303709618036556,0.031824268075166,1.0
0.1,0.9515463131418991,1.0,1.0,1.0,0.0711746799857493,0.10514965742240148,0.07346884678167016,0.02170084764617812,0.03440595124688181,1.0
0.1,1.0549919172104765,1.0,1.0,1.0,0.05763275410059656,0.11816656101108354,0.08658781678957708,0.018262305504249315,0.034425729637045314,1.0
0.1,1.0662049046476905,1.0,1.0,1.0,0.06785491935371454,0.11507883030042836,0.06659188257823274,0.01825323180875508,0.03512891764802702,1.0
0.1,1.0381717727517779,1.0,1.0,0.0,0.06526694349357977,0.10535439931651484,0.08434775288879584,0.019481519523012632,0.03470220814781177,1.0
0.1,0.9335929606077359,1.0,1.0,1.0,0.08080461354542622,0.10132994670903192,0.07819008894565446,0.019769534480345543,0.032141946571074505,1.0
0.1,0.9242215391581406,0.0,1.0,0.0,0.06833585551165414,0.09618064345350187,0.0659603174712782,0.020979911058923523,0.0341139317447758,1.0
0.1,1.0074243602630268,0.0,1.0,1.0,0.07333825159438613,0.11566714255631964,0.07856319142058014,0.019624062346774225,0.03565942029650767,1.0
0.1,1.052502492543714,1.0,1.0,1.0,0.0562859564298856,0.10533694949213449,0.06488297434178764,0.017615938216772997,0.031005421385835143,1.0
0.1,0.960570079181669,1.0,1.0,1.0,0.060195924892350636,0.10146755375170573,0.0644439586700833,0.020614516502250622,0.03288851085092975,1.0
0.1,1.1825892140673848,1.0,1.0,0.0,0.04839115295489623,0.09520639670657845,0.052575002360103804,0.017104243853361102,0.03007872675211771,1.0
0.1,1.1294107951030292,1.0,1.0,1.0,0.06418767983632268,0.10698283237625643,0.07124375809662552,0.01703352245840907,0.03325764767946727,1.0
0.1,1.0619159124633148,1.0,1.0,1.0,0.06807876776992486,0.10567356468650324,0.07371662850805498,0.01806395451251373,0.03283405329102868,1.0
0.1,1.0693224531016743,1.0,1.0,1.0,0.053654936591695165,0.09250723148396278,0.06705900037487195,0.019318402871274096,0.03304552324651901,1.0
0.1,1.0836342687972884,1.0,1.0,1.0,0.0654398833115862,0.08999345949715595,0.060354619769305985,0.01856327355361756,0.030861348912241838,1.0
0.1,0.9465211301930383,1.0,1.0,1.0,0.06782691717855029,0.10052108673279539,0.06483119956294,0.020558693430774176,0.03397675843442192,1.0
0.1,1.0810961685663727,1.0,1.0,1.0,0.06357346808483093,0.08778207780860321,0.05425926398477928,0.01854418480250081,0.03266620307026766,1.0
0.1,1.0349268644769236,1.0,1.0,1.0,0.05584183404640057,0.09928258503553916,0.06078801727513096,0.01885721453694486,0.029423281598914365,1.0
0.1,0.9935103666990649,1.0,1.0,1.0,0.05960735030571178,0.10101511556522569,0.06463666721193727,0.02060613518259843,0.03455709060252757,1.0
0.1,1.2271583804209296,1.0,1.0,1.0,0.05183758845439136,0.10567711658830503,0.052170378439286236,0.015958452434059973,0.030742404457415714,1.0
0.1,1.1677148116944551,0.0,1.0,0.0,0.05678227411529414,0.09883182498971259,0.06033431288720257,0.01737083658519784,0.03161726618351776,1.0
0.1,1.0003655903318718,1.0,1.0,1.0,0.06779601585601555,0.09525841791966869,0.05699036254591054,0.019342877805646867,0.029622911403768954,1.0
0.1,0.9794597895316198,1.0,1.0,1.0,0.07014968581909609,0.10787758062426456,0.08042119920202517,0.01957198068200587,0.03332632121933311,1.0
0.1,1.0493497201752986,1.0,1.0,1.0,0.05859376346343285,0.10982807181223526,0.0673656182122147,0.019870584053804353,0.03326203879059422,1.0
0.1,0.9287158106120388,0.0,1.0,0.0,0.07928563178695971,0.1014398989881776,0.0635535067641356,0.01953882311187095,0.03282462835127534,1.0
0.1,1.1686217610200926,0.0,1.0,0.0,0.05698476683503391,0.0857123581123433,0.05333256685519176,0.015732208946012002,0.028503413567208806,1.0
0.1,0.8757627977735387,1.0,1.0,1.0,0.08209620275901758,0.1254657890187389,0.0860984713886973,0.023562698447765474,0.0393817653566842,1.0
0.1,1.0610244746161193,1.0,1.0,1.0,0.05709042758516164,0.09335763659076232,0.06586985007820582,0.017512480223052497,0.03182363645949157,1.0
0.1,0.9896769637224159,1.0,1.0,1.0,0.06199347656436438,0.10791477862071885,0.0782125217544026,0.019624808867195035,0.03656283529115792,1.0
0.1,1.0796675769084636,1.0,1.0,1.0,0.06049594525272724,0.1082700599256095,0.08186215711882275,0.017468466535033565,0.03392396509478748,1.0
0.1,1.0579022893050416,0.0,1.0,0.0,0.058957850068967456,0.09433110628264711,0.0590897137088223,0.019580801204160073,0.03292036148884604,1.0
0.1,1.0605456558626638,1.0,1.0,0.0,0.05891338703057929,0.09916832519303406,0.05429691852633041,0.018369278234444494,0.02841014407165102,1.0
0.1,1.135500656682969,1.0,1.0,1.0,0.05770652696956151,0.0971006405965733,0.0454495473686498,0.016859013210359992,0.02933509756877934,1.0
0.1,1.0075606718910268,1.0,1.0,1.0,0.061377546893874944,0.0966223361378168,0.05819147044287602,0.019469437574964915,0.031140485451235374,1.0
0.1,1.1703939913642907,1.0,1.0,1.0,0.05477516364292352,0.09335350285600845,0.07044325781157937,0.01598934012574867,0.03480638429492063,1.0
0.1,0.9216575822040994,1.0,1.0,1.0,0.0671380997957037,0.10101967659293373,0.058949775678808124,0.02221430194798188,0.032722361981231976,1.0
0.1,0.9845109855562668,1.0,1.0,1.0,0.06814765678835052,0.11604594680251581,0.07478265496091815,0.020560937582759408,0.03540219707846352,1.0
0.1,0.9103560225953155,1.0,1.0,1.0,0.06699651511079202,0.11695711620300653,0.08432729160926167,0.02205896964539308,0.04007973428260682,1.0
0.1,0.8810701018715233,1.0,1.0,1.0,0.06987452599228575,0.09157384172619872,0.0630614008460571,0.021790537455124662,0.03275743501075147,1.0
0.1,0.9373505084644013,1.0,1.0,1.0,0.07097153500140199,0.08811474068006464,0.04736027543090018,0.01981260062183633,0.03014611070871082,1.0
0.1,1.279731446355574,1.0,1.0,1.0,0.052154141556570964,0.09178586996356697,0.05286309322188383,0.015041690739773565,0.03018952836318782,1.0
0.1,1.2079318733071305,1.0,1.0,1.0,0.04761122440868524,0.10155949562799482,0.07473421411365681,0.016898841239026775,0.03318560303987659,1.0
0.1,1.0820502510050272,1.0,1.0,1.0,0.06440544805645246,0.09538586980501575,0.05960289885049008,0.01851303622688526,0.03208848543006297,1.0
0.1,1.0587367728040422,1.0,1.0,1.0,0.06036336934698046,0.10387253038590769,0.0720104307556392,0.017568017418612292,0.03284824656520387,1.0
0.1,1.081917845479972,1.0,1.0,1.0,0.06330318808937424,0.11188598375118752,0.0625049465940664,0.018462566657931594,0.03251367885477809,1.0
0.1,0.9072536762367173,1.0,1.0,1.0,0.07471976624784582,0.1130435106243364,0.07381174302689258,0.020828337943612104,0.032882013741489705,1.0
0.1,1.1318503057353768,1.0,1.0,1.0,0.05186736060720032,0.10646991282367657,0.05327287748789976,0.017675535673187005,0.03128651950079392,1.0
0.1,0.9322613854991587,1.0,1.0,1.0,0.061646610997212324,0.120729786712242,0.08847214716346471,0.021232061141852034,0.04121450150747327,1.0
0.1,0.9570632830078322,1.0,1.0,0.0,0.06423309742080219,0.10016287379561761,0.05778473025486108,0.018803754040256138,0.029110117856510707,1.0
0.1,0.9897371809580742,1.0,1.0,1.0,0.06374229774031723,0.090141904035147,0.047030358183184726,0.020168477875469302,0.02815150137513218,1.0
0.1,0.9896550343682249,1.0,1.0,1.0,0.06828647665102132,0.10654479037428666,0.0774808951949217,0.020424378655789322,0.034631519901240686,1.0
0.1,0.8288971416509548,1.0,1.0,1.0,0.07400911575492757,0.08940151734418314,0.06647038046331583,0.02200560753167584,0.032011636514985835,1.0
0.1,0.9772148133738834,1.0,1.0,1.0,0.059962962025157315,0.09704671164070927,0.06527744332316827,0.019155711102554204,0.03066073903084038,1.0
0.1,1.2246463695283043,1.0,1.0,0.0,0.057197106761370596,0.0982434990845219,0.05868489453392227,0.016177873233231988,0.03281915220033563,1.0
0.1,1.0688158752607881,1.0,1.0,1.0,0.06822045743469389,0.11622263953850723,0.055799752329917254,0.01802612196705616,0.02798142606462923,1.0
0.1,0.9886427761241264,1.0,1.0,1.0,0.06346696717020225,0.09568263538275165,0.07516666182814967,0.02061322368317564,0.03606263017088859,1.0
0.1,1.0690219425111862,1.0,1.0,1.0,0.06073636208264503,0.0937767705917986,0.05463635890524972,0.018245396692876253,0.030729133489371337,1.0
0.1,0.9251151383657075,1.0,1.0,0.0,0.08044739572853007,0.11096016733671657,0.07611230717859692,0.02041703218411592,0.03687582889128291,1.0
0.1,0.9278439295213727,1.0,1.0,1.0,0.05891939610627393,0.10571632329607099,0.06890752205284005,0.02166654098797241,0.033947001252576776,1.0
0.1,0.9420156551498228,1.0,1.0,1.0,0.06857261263579312,0.09090969748399261,0.058651109402024004,0.02011555694717302,0.03333876877940371,1.0
0.1,1.0156001100845473,1.0,1.0,1.0,0.07143443660126697,0.12104901339842274,0.07488688057300796,0.018836713742623922,0.034226791661832484,1.0
0.1,0.9459760455890291,1.0,1.0,1.0,0.06730202562485917,0.10816179258669703,0.07142221956618648,0.018165240263562567,0.031257947160278084,1.0
0.1,1.166890400983716,1.0,1.0,1.0,0.04923326625258698,0.09538522493045844,0.06622009506292068,0.016297852681351404,0.032916864951363166,1.0
0.1,0.8574516508143958,1.0,1.0,1.0,0.07524528450505472,0.10410957985222172,0.06053572693187255,0.022155561642008253,0.03252346994369169,1.0
0.1,0.9369663106129806,1.0,1.0,1.0,0.06668957702818971,0.09835445302509072,0.05708407929927113,0.0195665106956669,0.030590939855924332,1.0
0.1,1.0321692023705407,1.0,1.0,0.0,0.07481890294753155,0.09800818721257347,0.07393937209399501,0.017961331157034018,0.03385285597301518,1.0
0.1,0.7957180275607819,1.0,1.0,1.0,0.07494321188746485,0.08958519754632936,0.05855457579625889,0.023298116813977327,0.02997228208640696,1.0
0.1,1.046198871148789,1.0,1.0,1.0,0.062710928661741,0.10893280176251911,0.06794417765440647,0.01772408799497961,0.03348412103971296,1.0
0.1,1.0906892687259948,1.0,1.0,1.0,0.05816159181744342,0.09895308964681455,0.06051673435804013,0.018295151850089248,0.03431766140424966,1.0
0.1,1.1831474501577994,1.0,1.0,0.0,0.05829843072347437,0.07709134436827056,0.032096542981433954,0.01562545826551944,0.028219685876002057,1.0
0.1,1.0498964745252912,1.0,1.0,0.0,0.06192969755736917,0.10304873022584835,0.07065263958078975,0.017217776943541797,0.030853293265420988,1.0
0.1,1.097713462995381,1.0,1.0,1.0,0.055456581644372116,0.09518684381242205,0.03960260879475016,0.019429672626839842,0.031568041264266614,1.0
0.1,0.9844039051219508,1.0,1.0,1.0,0.0619268423286776,0.11157142639857982,0.07593871093399908,0.01892855137859009,0.03252593708650215,1.0
0.1,1.178800246534566,1.0,1.0,1.0,0.054396720272978774,0.09795913153944309,0.06310494206744012,0.017321171119020776,0.032771668441754095,1.0
0.1,0.9458643720119722,1.0,1.0,0.0,0.0655180240081642,0.10056662535015222,0.07418850891245377,0.020657800985348373,0.03369989006099892,1.0
0.1,1.0763807997914059,1.0,1.0,1.0,0.05757734800575383,0.08708235887628238,0.04476927734374157,0.018271361398935936,0.029326075220202207,1.0
0.1,1.0751822643027498,0.0,1.0,0.0,0.05559399027054529,0.08416416697048754,0.054856683949172945,0.017744392786150347,0.030000093630471243,1.0
0.1,1.2155814729311694,1.0,1.0,1.0,0.056048341431137814,0.08951009680388793,0.04911603574161482,0.015666092611579467,0.02947969290709293,1.0
0.1,1.0115779580895368,1.0,1.0,1.0,0.06199794267256471,0.10396467552203936,0.06722979597329355,0.01956590869930858,0.035094545800307686,1.0
0.1,1.0907284634019063,1.0,1.0,0.0,0.06130195020296321,0.08134356580243839,0.040137554011731795,0.016595969831275162,0.0300178241457209,1.0
0.1,1.0651340110705636,1.0,1.0,1.0,0.053708737582039846,0.11420199478812794,0.07730047653253921,0.019454800510974864,0.03458828190242933,1.0
0.1,1.0141025155275267,1.0,1.0,1.0,0.05975816541407186,0.10193030732329098,0.07030386998719067,0.02058368319873406,0.03362908648013821,1.0
0.1,1.1149255045567978,1.0,1.0,1.0,0.06033220688306269,0.10265730869876447,0.07549322892240043,0.01655844452837654,0.03447169404999408,1.0
0.1,1.1742123258998312,1.0,1.0,0.0,0.06145859964089008,0.0881944077314353,0.044450129965287466,0.01720852489372312,0.029359054724426157,1.0
0.1,0.919835175558966,1.0,1.0,1.0,0.07233662673908484,0.10002786690715681,0.06253924371862625,0.020017837926158803,0.03000477624754051,1.0
0.1,1.0886637300305693,1.0,1.0,1.0,0.05974751985243052,0.10255171979206068,0.054734193552375854,0.01857038708224974,0.02864610119308261,1.0
0.1,1.0762103274566694,1.0,1.0,1.0,0.056986993954082944,0.10625116646431518,0.07611258039811,0.017610881642567112,0.03517183208687932,1.0
0.1,1.1039228354711441,1.0,1.0,1.0,0.06547292336663356,0.10260751801257957,0.05404569822436883,0.018146274499762576,0.030059193472528313,1.0
0.1,1.0985612030162928,1.0,1.0,1.0,0.06479820375418258,0.105038263639003,0.07211066422760751,0.018388901077611913,0.034795849631574276,1.0
0.1,1.0317586012640647,1.0,1.0,1.0,0.06348140577848015,0.1069483581744958,0.06819468191833097,0.01907147444768726,0.03350726761446054,1.0
0.1,1.063208918121338,0.0,1.0,0.0,0.05751923677378166,0.08661142726838708,0.046948677505440004,0.018609187734862337,0.029681987969890702,1.0
0.1,0.9321694531401503,1.0,1.0,1.0,0.0811222362310674,0.10530814894489571,0.07588106430449888,0.02130731280784583,0.035406515417498945,1.0
0.1,1.1655923788527536,1.0,1.0,0.0,0.057940353583318636,0.08977750055323826,0.03717061489507606,0.01689149807200079,0.028479276776086807,1.0
0.1,0.9679089545362375,1.0,1.0,1.0,0.06892734939829205,0.1105302078041885,0.07213709213817249,0.020298993243830204,0.03663119678966657,1.0
0.1,0.9834546788890653,1.0,1.0,1.0,0.07466832216523259,0.09930941352044674,0.07156342733607841,0.019897495031722036,0.03436785838659738,1.0
0.1,1.0895527171028396,1.0,1.0,0.0,0.056518700213943084,0.09865537370369995,0.058167050551755015,0.016968099134492026,0.03136361218746492,1.0
0.1,1.060368804304626,1.0,1.0,0.0,0.06365675122664365,0.08948611615630749,0.0439633041661281,0.01792241147754979,0.029656916557742833,1.0
0.1,1.1405983181798265,1.0,1.0,1.0,0.05828917540503288,0.09003571757105577,0.04582590254744887,0.017466805578492447,0.029895668484825597,1.0
0.1,0.9233096851332696,1.0,1.0,1.0,0.06422918332808455,0.09376363550707756,0.05629937141328092,0.02306948262341505,0.032179004814803014,1.0
0.1,0.9338781875713507,1.0,1.0,0.0,0.07104543641417992,0.10235686102262206,0.07661113589625757,0.02112064059366892,0.03758280095489138,1.0
0.1,0.9959990104450159,1.0,1.0,1.0,0.07089051947404093,0.10271258787522142,0.06854122661796076,0.019641801011698115,0.033864277973858735,1.0
0.1,0.9104381891328162,1.0,1.0,1.0,0.06905631718984169,0.11616530425799135,0.09653940854794932,0.02196843200930897,0.03830173404521631,1.0
0.1,1.0217199415914038,1.0,1.0,1.0,0.05580937634607711,0.10224231110710429,0.06255844262568994,0.018123790835946327,0.03211455378936415,1.0
0.1,1.0756519284955597,1.0,1.0,1.0,0.0678920780534716,0.09562483182238973,0.06326615597154757,0.018034184249893923,0.032017493076882786,1.0
0.1,1.20218577304316,1.0,1.0,0.0,0.053423889694136154,0.09581991033407151,0.05379873755717844,0.016483433304654026,0.03160059171893547,1.0
0.1,0.939982334780337,1.0,1.0,1.0,0.06981689653054664,0.10789253122772054,0.07345341972713432,0.02025950862244113,0.036236143491439915,1.0
0.1,1.0766582328729952,1.0,1.0,1.0,0.056588361378389,0.09167512452076701,0.052121038851079535,0.019220760614438667,0.030681985418551046,1.0
0.1,1.1340995157717373,1.0,1.0,1.0,0.06081974467986555,0.09948198602545755,0.061063140279805125,0.015870747323509272,0.03060224406849403,1.0
0.1,1.0946651896754083,1.0,1.0,1.0,0.06162213011499691,0.10725016341950169,0.07132693915987587,0.01643024959043346,0.03450431933165752,1.0
0.1,1.15232902263489,1.0,1.0,1.0,0.05518634911199076,0.09367537242912646,0.05717346839552593,0.016066244828181305,0.029462068028741673,1.0
0.1,1.0291881093248634,1.0,1.0,1.0,0.05667550630832152,0.0946687654803962,0.04928233046376772,0.020181482756912006,0.030837069064866034,1.0
0.1,1.1636422429220485,1.0,1.0,1.0,0.056350453919185896,0.11405701133399304,0.06910738303461736,0.01601221050712026,0.03593873774742,1.0
0.1,1.258144151949241,1.0,1.0,1.0,0.04492619678450667,0.09439298688243243,0.048457475804670316,0.014922263558908007,0.028881195202815436,1.0
0.1,1.0733735678311056,1.0,1.0,1.0,0.056332431543058836,0.10121849756137527,0.06827353136857009,0.018796035427475023,0.03537575628301376,1.0
0.1,1.043076683791937,1.0,1.0,1.0,0.06200121599219029,0.10267596204715627,0.06652163509191315,0.018842942932290885,0.03288786922350065,1.0
0.1,0.9596390917257143,1.0,1.0,1.0,0.05832801909494874,0.09585178216691129,0.06648923325597693,0.02102335224024622,0.03336529889334457,1.0
0.1,0.9247040568795813,1.0,1.0,1.0,0.07444218173884035,0.09692580424620668,0.06791081714986405,0.023137096985967588,0.03551363752035288,1.0
0.1,1.1668062275125273,1.0,1.0,1.0,0.05030530344776947,0.0972126952900777,0.057840735717997374,0.01634490244361927,0.031155362196258644,1.0
0.1,1.0417435743298284,1.0,1.0,1.0,0.06655829530183888,0.1160636030602018,0.06967156215138888,0.017121662669099324,0.033239909367573525,1.0
0.1,1.1288580189725832,1.0,1.0,1.0,0.05451696184316187,0.11670574444833803,0.08021739493249676,0.01699166793876883,0.034891215429551155,1.0
0.1,1.1358318413161639,0.0,1.0,0.0,0.05638459642990856,0.09763212006393449,0.0710058961596376,0.016953814288640776,0.032174783925353126,1.0
0.1,1.020224075990963,1.0,1.0,1.0,0.06595227300424762,0.09847391693369752,0.06276170055176862,0.018499161749977712,0.03291962437896148,1.0
0.1,1.0460890691529272,1.0,1.0,1.0,0.06748973157288471,0.11692906433222103,0.06868518101199703,0.019850305545423084,0.036079168035429696,1.0
0.1,0.9900439682823511,1.0,1.0,1.0,0.06616599982129881,0.10502982964722773,0.07645124976674648,0.019896927829629606,0.035584793823511734,1.0
0.1,0.9116166549502267,1.0,1.0,1.0,0.06784088090153544,0.09524380493858146,0.06200002917261308,0.020962294070314923,0.033999474033465024,1.0
0.1,0.9714713161863189,1.0,1.0,0.0,0.0623529215604293,0.07870223323830712,0.03549730779923588,0.02082159826164192,0.028746884262780884,1.0
0.1,1.026033399151704,1.0,1.0,0.0,0.08237923547224406,0.10105783638955054,0.07091785369292211,0.01826934505288968,0.03259489510809816,1.0
0.1,1.0741232401942524,1.0,1.0,1.0,0.06050920138215601,0.09780873057815018,0.05692597607791992,0.017989490250110457,0.03065358108468689,1.0
0.1,1.0154222487160784,1.0,1.0,1.0,0.06978810756530669,0.11551979218034561,0.08112069346493891,0.018813025544516918,0.0345150757971196,1.0
0.1,0.9730219956347067,1.0,1.0,1.0,0.06581232828379262,0.09621809716648799,0.07268086010102685,0.018668345501801763,0.034902158994137934,1.0
0.1,1.072328467553857,1.0,1.0,1.0,0.06618540453532519,0.09165115550591697,0.05127503462249228,0.015921594872052598,0.028871854730058225,1.0
0.1,0.9220026559005824,1.0,1.0,1.0,0.07590780358197571,0.10105866090000477,0.07525805465072413,0.02252526546431483,0.03557414213855422,1.0
0.1,1.1185542344537132,1.0,1.0,1.0,0.062389505212309015,0.09475324530085211,0.058262559544837875,0.016805849296033296,0.033063705543206715,1.0
0.1,1.293625635764728,1.0,1.0,1.0,0.05157924392681072,0.09074272488574313,0.050532261073982045,0.01564807782375563,0.03040042801634927,1.0
0.1,0.8725468244535552,1.0,1.0,1.0,0.07077390607759237,0.11350922379400405,0.07468872307114427,0.022847674058504727,0.03708474348857723,1.0
0.1,1.1615066219844974,1.0,1.0,1.0,0.052996281996294844,0.0851239241534735,0.055192521506248204,0.017245637899591236,0.02990143214651593,1.0
0.1,1.0963641412222938,1.0,1.0,1.0,0.05896459786912399,0.09153283057004029,0.04325371541820961,0.01799940953166395,0.029129209659097873,1.0
0.1,0.9455202641237318,1.0,1.0,1.0,0.07081501276223287,0.10407390136547927,0.07521424876566,0.021305438147786085,0.03430487856196596,1.0
0.1,0.9397113038840502,1.0,1.0,1.0,0.049673100957634414,0.10163284362813974,0.08279038962513505,0.020248083008695295,0.03673601491312347,1.0
0.1,1.0893506219597389,0.0,1.0,0.0,0.061636096709097,0.08408371567148894,0.05477769348564558,0.01654328008010146,0.03118207626638748,1.0
0.1,1.0796903271999292,1.0,1.0,1.0,0.05245574699761655,0.09783370775554108,0.06768579906432111,0.01882192683896083,0.03279634339768166,1.0
0.1,0.9771917077449062,1.0,1.0,1.0,0.06924192368308912,0.10257709078906392,0.06675674152473969,0.020019873158025326,0.03366092345556879,1.0
0.1,1.1921337163789045,1.0,1.0,1.0,0.048480867810239844,0.0889314437422794,0.05285010253678855,0.01523872681958273,0.031753277759652206,1.0
0.1,0.9870873287784119,1.0,1.0,1.0,0.06065480422947774,0.1022952301649455,0.06770018543524345,0.018692474322046994,0.032088881001490835,1.0
0.1,1.1711264839192694,1.0,1.0,1.0,0.06183725929865602,0.104119368336629,0.06288244875340743,0.016844141512547164,0.035543443442135295,1.0
0.1,0.9998171106547913,1.0,1.0,1.0,0.06291154173575822,0.09734476262663777,0.07254508023122054,0.01892659285030356,0.034468206408038,1.0
0.1,1.0710511169210355,1.0,1.0,1.0,0.06713809733330647,0.08478325953421098,0.05593652604420685,0.016533621640183176,0.031203756953981716,1.0
0.1,1.0639640032520592,1.0,1.0,1.0,0.06000318010618975,0.08948810857472415,0.05402643056138521,0.017435327103079202,0.029742546142224525,1.0
0.1,0.9176901369861138,1.0,1.0,1.0,0.06666051227890361,0.08862976839046222,0.05847275213122431,0.022590286769727696,0.02996044125038572,1.0
0.1,1.250686732453212,1.0,1.0,1.0,0.05223174936464364,0.0913714890688089,0.05886390432404311,0.015931230150031315,0.030720543539948637,1.0
0.1,1.0637307858450524,1.0,1.0,1.0,0.06465603683224456,0.08600855447985878,0.050187079792806975,0.018887481945616017,0.029885704408470916,1.0
0.1,1.1084212334145063,1.0,1.0,1.0,0.06609726272244718,0.11053211108708542,0.0770253850747169,0.016538215712121707,0.03183524532963716,1.0
0.1,0.9349680008300217,1.0,1.0,1.0,0.0690467414974982,0.08833242379660025,0.06703869616721578,0.018571223235424,0.031551246326634176,1.0
0.1,1.0881469144302822,1.0,1.0,0.0,0.0675440084023966,0.10021074378188508,0.06508654473804576,0.01768073283506391,0.032291656444880294,1.0
0.08,1.1887152030931194,1.0,1.0,1.0,0.06515055231735871,0.09258504483131194,0.05091502345582575,0.015773894190540327,0.030894889294342906,1.0
0.08,1.0848075365057939,0.0,1.0,0.0,0.05251535643407225,0.09989618767210334,0.06750662121969737,0.01714188905395097,0.03317893754452663,1.0
0.08,1.2757757328326846,1.0,1.0,1.0,0.04953216755142823,0.10463926139814062,0.08105645987736401,0.015080569666907987,0.0351355863839135,1.0
0.08,1.2405254776046861,1.0,1.0,1.0,0.05249341933917236,0.10065852055711733,0.06329488902333624,0.015813538718842005,0.03292674371082227,1.0
0.08,1.2442850178198301,1.0,1.0,1.0,0.04974942694195223,0.1093763183978593,0.07209796439200442,0.016076256267209585,0.03397492028928092,1.0
0.08,1.1648835425735975,1.0,1.0,0.0,0.06030789583409431,0.09092913973165284,0.06443195135033102,0.015467837064698033,0.03158845928727244,1.0
0.08,1.5669945722401997,1.0,1.0,1.0,0.039592002413090965,0.09432900941801445,0.04149048814316333,0.012745621827400785,0.029089408864614922,1.0
0.08,1.378495926769861,1.0,1.0,0.0,0.052037124933950275,0.08466749761713988,0.0364980736596483,0.013961708274622819,0.027323605732052,1.0
0.08,1.6006067068267167,1.0,1.0,1.0,0.04277937869814913,0.08186755392957054,0.03215170467667151,0.013265123744053317,0.027859120404111357,1.0
0.08,1.1747534308951375,1.0,1.0,1.0,0.05708782774845256,0.10782366640973755,0.06762688861402964,0.016420690877076406,0.03227603249100839,1.0
0.08,1.4557083042823082,1.0,1.0,1.0,0.04126620246426238,0.108391191153178,0.06628886924312802,0.013644149180602052,0.03283748935120902,1.0
0.08,1.146033771738933,1.0,1.0,1.0,0.05864651084039294,0.11041584066726702,0.07019619120806408,0.01677857480523565,0.03489712196883161,1.0
0.08,1.2340172148281094,1.0,1.0,1.0,0.05858013882947223,0.08807320471719329,0.06690756474832552,0.014707855140678476,0.031111923721077277,1.0
0.08,1.4016407246164762,1.0,1.0,1.0,0.04777323712861885,0.0799000511638139,0.04541346831479446,0.014507177944787144,0.028059952458488243,1.0
0.08,1.420304411311561,1.0,1.0,1.0,0.045131440736649354,0.09681612189117803,0.06061099985847272,0.013471644152962306,0.02975622119622804,1.0
0.08,1.754701868633881,1.0,1.0,1.0,0.04562352677040123,0.0807188809127344,0.029310543005808244,0.011968736702411992,0.026534859405295,1.0
0.08,1.0719381054038117,1.0,1.0,1.0,0.060650753881289765,0.11147902210320818,0.06880239897740387,0.01865023872012302,0.032646925754363204,1.0
0.08,1.3528146388888744,1.0,1.0,1.0,0.06208690341970089,0.10690029641865303,0.058918024879972775,0.01575641386197038,0.031531430465329274,1.0
0.08,1.24244427552729,1.0,1.0,1.0,0.05365670397849663,0.08866745345006602,0.03776500815312796,0.015933893114759425,0.027917986177950507,1.0
0.08,1.2418713652245603,1.0,1.0,1.0,0.0478151148204307,0.10781092227966012,0.0374793154824107,0.014692658571590012,0.02718682070986028,1.0
0.08,1.1952354121040263,1.0,1.0,0.0,0.052326071497078165,0.08505671456665573,0.06351643010414502,0.016013673509819592,0.030463128581037648,1.0
0.08,1.217144341095536,1.0,1.0,1.0,0.05546730410830051,0.11930104755008315,0.07320640809119039,0.01601893731826817,0.03519181343151048,1.0
0.08,1.248166937903037,1.0,1.0,1.0,0.050073796343733115,0.09275992648858152,0.05554719655899716,0.015795819446175086,0.03348550646691936,1.0
0.08,1.2114827488400668,1.0,1.0,1.0,0.0588154182247454,0.09844414252874514,0.05620408902844585,0.014422206785680252,0.02996623058032303,1.0
0.08,1.3108538441559914,1.0,1.0,1.0,0.04908504086022295,0.09361265672851157,0.04996358459514233,0.015227291410487242,0.0310120381446694,1.0
0.08,1.259297750116282,1.0,1.0,1.0,0.05523916298485099,0.09054964397019953,0.05782085620585109,0.01663594516497344,0.03192625458546487,1.0
0.08,1.2328534046818571,1.0,1.0,1.0,0.05270397944027168,0.10323951742991518,0.061438883562551894,0.015234255105191007,0.03218129784368682,1.0
0.08,0.9819543310072806,1.0,1.0,1.0,0.0594229830227682,0.09696561002926583,0.06184537660691787,0.018691987013606415,0.030925535265524502,1.0
0.08,1.154884896575519,1.0,1.0,0.0,0.06549786820555396,0.0946784040497655,0.05092903327850247,0.017546753180664454,0.030824906366095285,1.0
0.08,1.1336073142517185,1.0,1.0,1.0,0.0509374894998059,0.09242817189225652,0.05241182530274711,0.016876090357747012,0.029986220423300857,1.0
0.08,1.3009167813053875,1.0,1.0,1.0,0.05389826408327299,0.09656210070362616,0.048233728867060996,0.014618044583807882,0.030147630520380577,1.0
0.08,1.2369374279352943,1.0,1.0,0.0,0.04947345138184951,0.088940252952221,0.050570342783710476,0.01603425086112341,0.030239673603531445,1.0
0.08,1.408942818606335,1.0,1.0,0.0,0.047297991344787696,0.07923319904281478,0.023991494855652745,0.013830312042601737,0.028329647755462012,1.0
0.08,1.2014335882634002,1.0,1.0,1.0,0.051351677538657214,0.10286013493957354,0.06272225046491255,0.016887892106602843,0.03201528168050391,1.0
0.08,1.3058024097120184,0.0,1.0,0.0,0.052427574519954924,0.09965974154064598,0.06618400401947806,0.014346235216800285,0.03265589823306789,1.0
0.08,1.2013061566463055,1.0,1.0,1.0,0.05517039421675975,0.07860779820416253,0.03569158167892493,0.015443561515022096,0.027131499891018665,1.0
0.08,1.2051215571745633,1.0,1.0,0.0,0.059918549860670064,0.09081807912655408,0.04067373185646452,0.01724436577509851,0.029244666970293355,1.0
0.08,1.282195283482883,1.0,1.0,1.0,0.04797380510812925,0.10586148504239457,0.07140083764300695,0.01420390861812483,0.03119571389192222,1.0
0.08,1.2917362215555306,1.0,1.0,1.0,0.04763771812439777,0.08979062156052958,0.055189413790223574,0.014866472881642083,0.031121828985492227,1.0
0.08,1.28768008718995,1.0,1.0,1.0,0.05252500061313348,0.08767126382975979,0.04011042657294377,0.016050135699372955,0.029499921532294783,1.0
0.08,1.0438519195593934,0.0,1.0,0.0,0.054462460445349095,0.10421761883582976,0.05963783788254069,0.0175907267876129,0.030118024897076708,1.0
0.08,1.1149119242964876,1.0,1.0,0.0,0.05527661579629643,0.08280958112853544,0.04877094320844025,0.016963641184872577,0.029630247499493275,1.0
0.08,1.1734313765607247,1.0,1.0,1.0,0.05727896171943479,0.090368402013415,0.05370725399909302,0.016550299758635593,0.030726165347928155,1.0
0.08,1.216398534347124,1.0,1.0,0.0,0.05758117721227679,0.082480859071118,0.04797439766995846,0.014966655495071327,0.02856595921339287,1.0
0.08,1.1851871848558426,1.0,1.0,1.0,0.06283153959310916,0.08681635763594908,0.05992243023707714,0.01600972928645982,0.02992161244926543,1.0
0.08,1.1289769493559871,1.0,1.0,1.0,0.05345511076460367,0.1092261795679845,0.07141955459138946,0.016937038469915816,0.0338042057468087,1.0
0.08,1.711295785432317,1.0,1.0,0.0,0.03712156608837611,0.1005823621216837,0.03617511681267035,0.011901269508067016,0.02874535171193082,1.0
0.08,1.3444823957941459,0.0,1.0,0.0,0.04961789224794572,0.08462543456749544,0.05506133021057449,0.01610921779436362,0.028822454333174298,1.0
0.08,1.1778140297010347,1.0,1.0,1.0,0.05193561478299167,0.10055976586569856,0.06450123344237255,0.016679005902135634,0.03174369720934474,1.0
0.08,1.4395162651334734,1.0,1.0,0.0,0.04242539064994157,0.08731556724615148,0.042174324385748155,0.013383790987470175,0.02881491160215385,1.0
0.08,1.3396777978356582,1.0,1.0,1.0,0.051427093144719736,0.09384380772759855,0.04093290550304822,0.014547072981086153,0.028263232737990113,1.0
0.08,1.1118508545612955,1.0,1.0,1.0,0.05553357518100096,0.09213517803567288,0.06597397310563499,0.01727177163608928,0.031236263067969897,1.0
0.08,1.52591764178891,1.0,1.0,1.0,0.042799795891044254,0.08512794096870986,0.046926890797596876,0.012169885893779042,0.030936149052378303,1.0
0.08,1.3022754648356045,1.0,1.0,1.0,0.05871849737803837,0.09114372056421216,0.05618585709684093,0.014825223115437925,0.0324326746209121,1.0
0.08,1.1458081344353823,1.0,1.0,1.0,0.061562771876147004,0.09464430749152158,0.04995823543135828,0.01731044466605015,0.028481386775563652,1.0
0.08,1.2639914877829364,1.0,1.0,0.0,0.058561552677590056,0.08242951326244219,0.04943570613916541,0.015564673549007093,0.028532484739305093,1.0
0.08,1.33666856965679,1.0,1.0,1.0,0.052190308001184293,0.08952626051191899,0.04944092898416068,0.014631993118477522,0.02913958102649185,1.0
0.08,1.2887831543290134,1.0,1.0,1.0,0.05446312836037752,0.12472713515634688,0.08908697002672647,0.015178534916763185,0.037012859937056185,1.0
0.08,1.187647181140388,1.0,1.0,1.0,0.06009027831646733,0.10666683683891194,0.07493188727170344,0.018090504084253424,0.03324763179894412,1.0
0.08,1.0794859874888976,1.0,1.0,1.0,0.0615907918930181,0.09303861261177991,0.06125469908539686,0.01708696315454095,0.030811733223706873,1.0
0.08,1.157214167477975,0.0,1.0,1.0,0.051458147727497724,0.12047572427991274,0.08050940394390818,0.017553677072580612,0.03744452453363133,1.0
0.08,1.1691701367305385,1.0,1.0,1.0,0.061211304809539444,0.10544188557690233,0.08515012099589278,0.015914010252590663,0.0366325165076171,1.0
0.08,1.3338276040595853,1.0,1.0,1.0,0.04869718859145901,0.09550017514148698,0.04521855971936339,0.015136899429312147,0.029406282951865436,1.0
0.08,1.2410881646944494,1.0,1.0,0.0,0.05717006256366419,0.0934140998932838,0.03948577495084217,0.01726428084639523,0.030960262646448595,1.0
0.08,1.2609885872295432,1.0,1.0,0.0,0.051223156838059815,0.08661582011965922,0.03961297746784295,0.016462309796824434,0.02946292239200841,1.0
0.08,1.385413756924135,1.0,1.0,1.0,0.045725731974061636,0.09080648875573286,0.04209263474679831,0.014396971397166433,0.028852875029506085,1.0
0.08,1.3039559386305108,1.0,1.0,1.0,0.05071315698543819,0.09224805993914875,0.062094523824569495,0.015322900776613285,0.031210370570377444,1.0
0.08,1.222854945844703,1.0,1.0,1.0,0.059461077593739864,0.10245395429725197,0.06823975362422963,0.01668347517456345,0.03101284906822144,1.0
0.08,1.1082120670775022,1.0,1.0,1.0,0.05377346813073349,0.0927813540793853,0.06310377638947126,0.017475703566510518,0.029535224629406304,1.0
0.08,1.5533023247441442,1.0,1.0,1.0,0.04689637667611711,0.09079148794456951,0.06049957402146644,0.011662161513949464,0.030976031623810463,1.0
0.08,1.0585140270507032,1.0,1.0,1.0,0.0578136820501242,0.09582836424878205,0.06054702348335213,0.017432253003284544,0.032242876865878796,1.0
0.08,1.5089724350602813,0.0,1.0,0.0,0.04275435148629161,0.08260982668251489,0.0503819731615877,0.013136771644761973,0.031035509805826356,1.0
0.08,1.174090852134327,1.0,1.0,0.0,0.05996964975303174,0.0983388383292404,0.052233210480290594,0.01667063504430183,0.03075839329978066,1.0
0.08,1.4104630492015546,1.0,1.0,1.0,0.04814428447857002,0.09760797205856331,0.049697909365891926,0.014592435454710362,0.030347394740518122,1.0
0.08,1.205720754258122,1.0,1.0,1.0,0.05709252456211118,0.08726372799062303,0.06197703175008522,0.015705082789128265,0.0330216640351058,1.0
0.08,1.2951090999967396,1.0,1.0,1.0,0.04797192616319556,0.09530640376463459,0.07178849316008185,0.01538271021093682,0.03363119717034363,1.0
0.08,1.7460783129532662,0.0,1.0,0.0,0.03580756476195569,0.07049014149784052,0.005875571101136008,0.010985197309418649,0.024412443965355288,1.0
0.08,1.3380109591445124,1.0,1.0,1.0,0.050529844496244355,0.08945560651405063,0.05271304689784599,0.015132302311915065,0.029710710120804493,1.0
0.08,1.198695959322375,1.0,1.0,1.0,0.05153024353333306,0.09420066177126532,0.05128969894814298,0.016454116432817446,0.030977743614942158,1.0
0.08,1.5306628230145247,1.0,1.0,1.0,0.03936852165316494,0.09455233531574377,0.042479592902241514,0.013876896750326249,0.029065934406473478,1.0
0.08,1.4868489549302262,0.0,1.0,0.0,0.043418176857719384,0.08648625957517735,0.0287511461221203,0.013423928654729527,0.027380226470034304,1.0
0.08,1.339223640395345,1.0,1.0,0.0,0.045317304093573145,0.0894539531514285,0.04806282818580458,0.014306195231385672,0.027865988327070504,1.0
0.08,1.247360110674723,1.0,1.0,1.0,0.0586180985647054,0.09240214482091369,0.041638614607024935,0.015841412711358475,0.028590251199777296,1.0
0.08,1.3462344371579544,0.0,1.0,0.0,0.05075058693678168,0.08933441380496651,0.03774282291545278,0.014465543255726725,0.028877890948153972,1.0
0.08,1.3995917247409857,0.0,0.0,0.0,0.041019575710062095,0.06852255890429065,0.02624781866736122,0.013819321637837056,0.027383842805399232,1.0
0.08,1.3985507465744083,1.0,1.0,1.0,0.043686258119679855,0.08420632638795432,0.024659243841189418,0.014350820657423902,0.028193416514962415,1.0
0.08,1.5504128231048495,1.0,1.0,1.0,0.0390346870608459,0.08750437194392482,0.03158775414987413,0.012355703460711234,0.028371334406168697,1.0
0.08,1.3834302766387416,1.0,1.0,0.0,0.04455989984372875,0.1004676623610616,0.04906718770824899,0.01347512891923911,0.029210039483921414,1.0
0.08,1.1347752499504877,1.0,1.0,1.0,0.058443900919075184,0.1131739266735678,0.06889964783304847,0.016742886291923637,0.03496153201582842,1.0
0.08,1.2910468877323644,1.0,1.0,1.0,0.04616062982162271,0.0922812826485037,0.05385608827027697,0.015107912019267804,0.031028242788950156,1.0
0.08,1.2498327962315827,1.0,1.0,1.0,0.05509882360873419,0.08720645585076035,0.04602810866261755,0.016000520472363694,0.029473156577186646,1.0
0.08,1.388586065032905,1.0,1.0,1.0,0.04595517728901048,0.1048899556619745,0.0672091480493723,0.014412129900675735,0.03454592239661243,1.0
0.08,1.0942696386350663,1.0,1.0,1.0,0.06192093507326022,0.1048140049184807,0.06983552021188137,0.017752369567679137,0.034236671618671256,1.0
0.08,1.268759746564397,1.0,1.0,0.0,0.04828231937435916,0.09097732403542022,0.05716100245865112,0.015452016442102286,0.030006010764607738,1.0
0.08,1.1628165461481244,1.0,1.0,1.0,0.05328471921908042,0.10970771989259116,0.05595026860713992,0.01704770839043842,0.030482408219971103,1.0
0.08,1.2831184166513223,1.0,1.0,1.0,0.047126090519524266,0.09479014021392793,0.05842379135076102,0.014862513792870314,0.0319170684254012,1.0
0.08,1.2183023699049205,1.0,1.0,0.0,0.056060065606536605,0.0773583956543826,0.040566449127418455,0.016341145955341543,0.02894564804356284,1.0
0.08,1.247335841762269,1.0,1.0,1.0,0.04818864657560346,0.08547593642133955,0.05061079219865933,0.014968978879719996,0.028745401648434837,1.0
0.08,1.3666518008603048,0.0,1.0,0.0,0.04304597707643419,0.09136253820846675,0.0480316874767224,0.015106258305723812,0.030666301882798033,1.0
0.08,1.164446330210454,1.0,1.0,1.0,0.06010271582523302,0.09645595200032443,0.052733045382374354,0.016611915571180434,0.03191266368366843,1.0
0.08,1.3854148693072161,0.0,1.0,0.0,0.05154229447479458,0.08857683335577662,0.04489176562189599,0.01388737031056896,0.028224301040756038,1.0
0.08,1.3411501527232101,1.0,1.0,0.0,0.04765190560639225,0.08349304974130302,0.03562668146410526,0.01524171460809174,0.02773887408120492,1.0
0.08,1.489042594722929,1.0,1.0,0.0,0.04725596509850251,0.07399073024274497,0.020961737729236006,0.012219200677223308,0.02574412219029659,1.0
0.08,1.1116354530780095,1.0,1.0,1.0,0.051922677820908515,0.10008510773336292,0.05744660582234353,0.017219541522442684,0.030651934300883157,1.0
0.08,1.149444458576753,1.0,1.0,1.0,0.06450221358039038,0.09804262845139326,0.06622109310084481,0.015668533772203005,0.035526686403902295,1.0
0.08,1.2977184222434979,1.0,1.0,1.0,0.046952505905800426,0.10091152593335415,0.059436751057457306,0.01509872654757585,0.03138930340095499,1.0
0.08,1.4101987635139641,1.0,1.0,0.0,0.048920549794793614,0.08552081846958577,0.024904030032036072,0.013783265470776579,0.025782427978110468,1.0
0.08,1.1865812805992444,1.0,1.0,0.0,0.05233889941251877,0.08878422413934792,0.0477870173446868,0.017513666327252677,0.03139646714944975,1.0
0.08,1.3245967046870275,1.0,1.0,1.0,0.0409297781676539,0.08155692136433197,0.047773990681632954,0.014027677732408468,0.028258607174695416,1.0
0.08,1.3910202229735371,1.0,1.0,0.0,0.0499136718370477,0.08939675565254257,0.04280723961809891,0.01355691870661248,0.029629756612636463,1.0
0.08,1.1236848130001478,1.0,1.0,0.0,0.056512986238923334,0.11151255566691225,0.06336643010208333,0.016811782697951715,0.03309410105177667,1.0
0.08,1.2973667129509576,1.0,1.0,1.0,0.04453210978072279,0.08879815738669153,0.047875804302111635,0.01466159306014644,0.029568262183711468,1.0
0.08,1.1159333130584748,1.0,1.0,1.0,0.05906026216892644,0.09390772687645979,0.06396047613063863,0.0170567159473402,0.032243267124261794,1.0
0.08,1.1951556475653342,1.0,1.0,1.0,0.06163196262761959,0.09238174974677711,0.05537095255462397,0.016240314374514005,0.030141514316303894,1.0
0.08,1.2218871791964143,1.0,1.0,1.0,0.05123593155568319,0.0866315115595598,0.053995699136619855,0.016509101601644448,0.03054069849059087,1.0
0.08,1.3438477264350708,1.0,1.0,1.0,0.047541264415826526,0.09733379870746099,0.057282647219709285,0.01521378983449665,0.030049020025612484,1.0
0.08,1.4620435588792948,0.0,1.0,1.0,0.04511996017805443,0.10004349927719595,0.06741967434104248,0.013628430090480158,0.031507886438779636,1.0
0.08,1.1584368599167945,1.0,1.0,1.0,0.0635299721428118,0.11078795738976091,0.06831217026464384,0.016586348429084095,0.03363365711648547,1.0
0.08,1.2653899797838442,1.0,1.0,1.0,0.0579381958327881,0.08161600914567306,0.030280394008901708,0.01602702112245771,0.028133503920264934,1.0
0.08,1.250149807129582,1.0,1.0,1.0,0.047871315959165744,0.08771585541480001,0.0548482180959303,0.015327301922859502,0.03092528038882021,1.0
0.08,1.3407965486589568,1.0,1.0,0.0,0.0517148439029087,0.08214120235887754,0.03216076862854851,0.014302727822295976,0.026846972637837217,1.0
0.08,1.1678387855181498,1.0,1.0,1.0,0.06082867518076844,0.09985086527690101,0.0697203196644985,0.016900794923218228,0.033190313687288905,1.0
0.08,1.2583911833267911,1.0,1.0,1.0,0.050958029177175,0.09301854760467851,0.05619780851462005,0.014289245816349877,0.030824330327484422,1.0
0.08,1.137951264803047,1.0,1.0,1.0,0.058938847535798054,0.0927945007911561,0.04472406268143053,0.015449746358122123,0.028901278072324836,1.0
0.08,1.5490358324445141,1.0,1.0,0.0,0.04351076950115601,0.07623637403712788,0.015736952760230294,0.012825352157097148,0.02444628613750803,1.0
0.08,1.1006993165308951,1.0,1.0,1.0,0.05462612016194881,0.09894305946396877,0.06319920089616271,0.017176416869086095,0.03136430085092667,1.0
0.08,1.2000400420109136,1.0,1.0,1.0,0.05327389767358583,0.09621359589780575,0.05403188406750831,0.0159491633749882,0.030936452817219448,1.0
0.08,1.3617060499522653,1.0,1.0,0.0,0.053827974655600186,0.08261227976281127,0.01967068270918908,0.014324154176201339,0.026600368573080683,1.0
0.08,1.2983478946406775,1.0,1.0,1.0,0.04876490372490883,0.09252955596547532,0.06683203339044161,0.014855306268925774,0.031690262816273185,1.0
0.08,1.226210394051806,1.0,1.0,1.0,0.05771891843751574,0.11078693389130848,0.07555278455897008,0.015114913767778031,0.03426842288574628,1.0
0.08,1.2039238532476215,1.0,1.0,1.0,0.05902694743365629,0.0862681388220796,0.03790052640961962,0.016946422698951767,0.02804576753264692,1.0
0.08,1.1885275793572985,1.0,1.0,1.0,0.05429847058301128,0.08922687465888027,0.05240531974483342,0.015826202760860685,0.0314508251306858,1.0
0.08,1.310920812642793,1.0,1.0,1.0,0.045800286176312544,0.09948302531581277,0.06363093367154807,0.015117649783262221,0.03225586608807694,1.0
0.08,1.3748390239092043,1.0,1.0,1.0,0.04559023794337182,0.08348044863843052,0.05038306806175752,0.014002687808891173,0.02991670309950263,1.0
0.08,1.547724374890743,0.0,1.0,1.0,0.04021077627345661,0.09329266477686696,0.059480965444170544,0.01189551840864344,0.028931311966213125,1.0
0.08,1.2349675988443196,1.0,1.0,0.0,0.048084036861295365,0.07713134631575565,0.03067103721018703,0.0155078828488196,0.026612888530634985,1.0
0.08,1.139337503301643,1.0,1.0,1.0,0.061094064919876324,0.08937868023704601,0.07192977027798134,0.01755590875209286,0.03219922962566485,1.0
0.08,1.4052740467439695,1.0,1.0,1.0,0.053272387252278744,0.08259609674415118,0.03313596892277063,0.014272363770001904,0.0293859078143151,1.0
0.08,1.404137511824376,0.0,1.0,0.0,0.048768130930551525,0.08205283570812401,0.04756218771996521,0.012617430537214647,0.02656605189981791,1.0
0.08,1.46951562982439,1.0,1.0,1.0,0.04266258728625642,0.09006778535048024,0.050578162119714075,0.012600172568332145,0.028876173023947044,1.0
0.08,1.3885438328345818,1.0,1.0,0.0,0.052395656223950746,0.08727325904096013,0.04766857261052835,0.013584070971622682,0.03115904315962031,1.0
0.08,1.33067885993094,1.0,1.0,1.0,0.04652369475271016,0.0946793715472656,0.06189408537216619,0.013875992372745595,0.02944796325126586,1.0
0.08,1.2379397128742238,1.0,1.0,1.0,0.041458284764635624,0.10344074432018673,0.07562384585249127,0.016874073983737917,0.033997100073789636,1.0
0.08,1.3265166529973642,1.0,1.0,0.0,0.04289380911658379,0.09377945255282227,0.05366274547476353,0.01417048542138994,0.0307307376554421,1.0
0.08,1.2221860837465814,1.0,1.0,1.0,0.05069868914940099,0.07089182604603317,0.036432976244078055,0.015378207440050633,0.028384245440164237,1.0
0.08,1.3539112223904972,1.0,1.0,1.0,0.04720234969451302,0.09834749406967581,0.07107997181490677,0.015469606308715841,0.034901032089357666,1.0
0.08,1.2610098937888916,1.0,1.0,1.0,0.05661879381591105,0.09679583080593443,0.06660801965095707,0.016107936626319444,0.03252926001057755,1.0
0.08,1.4551672025696334,1.0,1.0,1.0,0.04499579473858938,0.08132870165517418,0.04190547610268304,0.013342827888046353,0.029023063897033324,1.0
0.08,1.4478076110940123,1.0,1.0,1.0,0.04189745096139722,0.08571011017926859,0.04867881971860599,0.013353672197866633,0.03116492789088118,1.0
0.08,1.1825679328011818,1.0,1.0,1.0,0.057839508077029755,0.09333564865570447,0.040101644973163875,0.01656253336213207,0.028408668658233972,1.0
0.08,1.2922893732441454,1.0,1.0,1.0,0.04965506114466472,0.09388917294493322,0.04988922740629624,0.014635657677694947,0.03176211323879308,1.0
0.08,1.1508825567205425,1.0,1.0,1.0,0.059498913439324744,0.08386161196250287,0.04886814471954935,0.016785980610341356,0.0285646836869476,1.0
0.08,1.2602908422573826,1.0,1.0,1.0,0.050297256357064016,0.0867044624866438,0.06481968894249415,0.015597676312257716,0.03171584751155096,1.0
0.08,1.0879102092056518,1.0,1.0,1.0,0.06030370245536905,0.08913209432016089,0.04982247652223702,0.017534308349962335,0.029410508718489794,1.0
0.08,1.2739294736399076,1.0,1.0,1.0,0.04980197537269574,0.10325847951101393,0.05293409726539071,0.016243264598889903,0.029785763638112934,1.0
0.08,1.2027563417642422,0.0,0.0,0.0,0.057062073949745905,0.08323531529517755,0.05817232954705853,0.01599130826459729,0.030297966205147037,1.0
0.08,1.445488615867913,1.0,1.0,1.0,0.04916995130705671,0.10027650900062646,0.05932273091855287,0.014044596128017334,0.03168787490655264,1.0
0.08,1.3126102122351517,1.0,1.0,1.0,0.05713290627183546,0.09949566704622011,0.0553605926966831,0.015260997577834777,0.03060500968132421,1.0
0.08,1.2960192665432093,1.0,1.0,1.0,0.052133020478829194,0.08895565330441822,0.05459276433343761,0.014435111207587703,0.02931161538569347,1.0
0.08,1.3815532414260208,1.0,1.0,1.0,0.043487589377031975,0.10643467492071254,0.0768179918033713,0.014791605568340764,0.03186512397051384,1.0
0.08,1.1424198835995374,1.0,1.0,1.0,0.055554097972898356,0.10564671133338836,0.0647739967573738,0.016746288082895827,0.033802279754596126,1.0
0.08,1.1926939186353918,1.0,1.0,0.0,0.05487981674171485,0.07905307164809885,0.042032785619203254,0.016794456686266338,0.030305755476835224,1.0
0.08,1.2939133290329112,1.0,1.0,0.0,0.05699942471408228,0.08985319842903958,0.04333712712208546,0.015519048988116995,0.027597693122158495,1.0
0.08,1.3568381258435187,1.0,1.0,1.0,0.050370809714787135,0.09853186062414025,0.05107991600583377,0.014115345377127672,0.0297394089345378,1.0
0.08,1.4458837962604225,1.0,1.0,0.0,0.0481723572961172,0.09081739632553003,0.057896226807788366,0.013566499828602287,0.03125760148374925,1.0
0.08,1.3699274945683413,1.0,1.0,1.0,0.057055284117274695,0.09532076341061288,0.04430576409011268,0.013985516795998068,0.030241641257240003,1.0
0.08,1.3559424290993936,1.0,1.0,0.0,0.0391396040063479,0.07181975278175039,0.025274482198473114,0.014300448230530526,0.027116363111360533,1.0
0.08,1.249241798273543,1.0,1.0,1.0,0.04875512404845265,0.096236835986869,0.06351240733561231,0.01463467795602338,0.02879157392728364,1.0
0.08,1.4751538746323185,0.0,1.0,0.0,0.03999924372717568,0.09833333308967515,0.06405983036099763,0.012367042966077576,0.03183427954589756,1.0
0.08,1.457784561168628,1.0,1.0,0.0,0.039798686033389596,0.08108743073848812,0.044556610752616146,0.012371351951353735,0.028016490995600912,1.0
0.08,1.307085111689424,1.0,1.0,1.0,0.04627951940481366,0.0992421646100018,0.07853615953995384,0.015301220464052419,0.032340530524967416,1.0
0.08,1.1008118289182147,1.0,1.0,1.0,0.060464698037401246,0.09816897784115781,0.06794747030123291,0.016857435961037254,0.03065264573268579,1.0
0.08,1.4757883714526814,0.0,0.0,0.0,0.0416761337684836,0.0769073331833509,0.042679821081929185,0.012794822382386488,0.02749255665355688,1.0
0.08,1.2705584367303155,1.0,1.0,1.0,0.04683906581474959,0.09337801860836653,0.060429941446200744,0.014127950570097959,0.03081040768336162,1.0
0.08,1.2436964947961862,1.0,1.0,1.0,0.054228023651259026,0.08798154873618816,0.05160366422229914,0.013915681319611866,0.031246360516581105,1.0
0.08,1.248491418580985,1.0,1.0,1.0,0.048898206064040814,0.10322074604338065,0.07834145142039964,0.01580420861653797,0.03475671745826696,1.0
0.08,1.1860746140472964,1.0,1.0,1.0,0.05651805836719439,0.1254679172655529,0.0866793290863351,0.016921200103543997,0.03252689938153463,1.0
0.08,1.32365450024092,1.0,1.0,1.0,0.05413245055273933,0.10031014647171103,0.05116403638653279,0.014136720559648337,0.030666629942199656,1.0
0.08,1.3293771789393336,1.0,1.0,0.0,0.05726898294297983,0.09591583649390956,0.05155640055511953,0.01462491177125714,0.028535089842710325,1.0
0.08,1.3793324711650792,1.0,1.0,1.0,0.04483732680288749,0.08076620032273985,0.032701590563259594,0.013966753917825554,0.027992451934891055,1.0
0.08,1.1336373164005527,1.0,1.0,1.0,0.05946087487432768,0.10353930495134882,0.068512049038935,0.017178253585857606,0.03240725359463878,1.0
0.08,1.2324769877692188,1.0,1.0,1.0,0.057245920473430266,0.07758399242838825,0.03818531610133359,0.015229255141582652,0.02637915858678199,1.0
0.08,1.2223993312974564,1.0,1.0,1.0,0.055731633674458034,0.1044589539576584,0.07622121240350546,0.015724208482175702,0.03286906086185007,1.0
0.08,0.99290716249231,1.0,1.0,1.0,0.06094401806808429,0.10649301730428976,0.06076221570938241,0.018263162873172777,0.03129626307923882,1.0
0.08,1.3939981995775463,1.0,1.0,1.0,0.04445665417768664,0.09431644111363278,0.05492643298169926,0.013727046477586064,0.028660582228807966,1.0
0.08,1.3636335226042746,1.0,1.0,1.0,0.052038773175546706,0.10520422105212501,0.0456760715077852,0.013778821694878757,0.028906353564588552,1.0
0.08,1.4100078835417686,1.0,1.0,1.0,0.0458451037646017,0.08490039881012237,0.043917027656408494,0.013607731555359975,0.028386589596796196,1.0
0.08,1.2914986668036903,1.0,1.0,1.0,0.0466947582093879,0.09695059766226936,0.06859211866851089,0.015346887263091784,0.03163945451744401,1.0
0.08,1.1847643119005389,1.0,1.0,1.0,0.05441027338933574,0.10304714211951178,0.06887523982492225,0.0166068640480927,0.030716029670583574,1.0
0.08,1.2351915321079612,1.0,1.0,1.0,0.054361544743104104,0.09783375629321589,0.05603721821116405,0.015064424505526166,0.030769654660159098,1.0
0.08,1.058518026843957,1.0,1.0,1.0,0.05476321564101705,0.08895354573464323,0.04806431058556715,0.018150161206143933,0.029490631549869892,1.0
0.08,1.2518035573296684,1.0,1.0,1.0,0.0512743405901092,0.0811689920929162,0.04575769001099961,0.015578090067438306,0.029366640512177904,1.0
0.08,1.3855333284240987,0.0,1.0,0.0,0.0435480654736536,0.07520036590392934,0.03483872737670296,0.013197024020493045,0.02852737995099426,1.0
0.08,1.389250153599126,1.0,1.0,1.0,0.04118912170278142,0.10447162142454251,0.0565135543133272,0.012899380007791988,0.029041687193520196,1.0
0.08,1.2312704249291273,1.0,1.0,1.0,0.05209414559703139,0.09657379054658186,0.05587829679166485,0.016534076890436074,0.031822969296779885,1.0
0.08,1.3641872916729398,1.0,1.0,1.0,0.05127922495347757,0.08878606866145854,0.05142757145347025,0.013186007707404126,0.03066470269632718,1.0
0.08,1.1947527934121205,1.0,1.0,1.0,0.04894769203026209,0.08599129755164034,0.04825863189995994,0.0162065394362396,0.028440746291725737,1.0
0.08,1.4605992723967822,1.0,1.0,1.0,0.04520462950153418,0.08596311598571542,0.05273513495415061,0.013157507546624467,0.03136346262952626,1.0
0.08,1.2854011239140213,1.0,1.0,1.0,0.05460408894224502,0.09807820139490112,0.0691130427540482,0.015509964436785886,0.03198074700459417,1.0
0.08,1.4182305043138492,1.0,1.0,1.0,0.051519071697536244,0.09320117582941292,0.043713696535712346,0.01321619959188829,0.029440598388917705,1.0
0.08,1.1832200220803675,1.0,1.0,1.0,0.05136465773219795,0.09862425866616814,0.05240551277826995,0.015809439736798648,0.030063584060189302,1.0
0.08,1.0869985157816195,1.0,1.0,1.0,0.07084203759954966,0.09850890081658657,0.07356512095443636,0.015711570983289257,0.031937342964743556,1.0
0.08,1.3712452416873386,1.0,1.0,1.0,0.04636506831565705,0.08704942190152605,0.041248663465262535,0.013554634311136751,0.02909026950610011,1.0
0.08,1.4177981800429427,1.0,1.0,1.0,0.041796710086834644,0.08443690651061149,0.04198472115818062,0.013497415026697816,0.02781810608146774,1.0
0.08,1.27120750329578,1.0,1.0,1.0,0.05051374284840968,0.09905445595492798,0.07407094128427309,0.015554178113275894,0.0337886661026819,1.0
0.08,1.1911334042924548,1.0,1.0,1.0,0.06115526038721608,0.08883110072015274,0.05157735529447083,0.015983569942956907,0.02939202500395821,1.0
0.08,1.301797786939812,1.0,1.0,1.0,0.044389867318821094,0.10009776634215584,0.07939087037737244,0.015309805704915127,0.03461678796311241,1.0
0.08,1.4487528041788664,1.0,1.0,1.0,0.04237119748659131,0.11149473290575584,0.0382132704031968,0.013256310774229509,0.028892002400473356,1.0
0.08,1.2025648265321751,1.0,1.0,1.0,0.05252221361108633,0.09711325984270566,0.06817656410819486,0.016266949135301995,0.03206521606723177,1.0
0.08,1.149414928583745,1.0,1.0,1.0,0.05983575113034497,0.10272336162453097,0.06025882482769544,0.016734792771931982,0.03143760811734988,1.0
0.08,1.3076802785265305,1.0,1.0,1.0,0.051829041699991175,0.0996960306157844,0.05503461468657511,0.015823248754649244,0.03151074335083669,1.0
0.08,1.1968608048694949,1.0,1.0,1.0,0.05057653550217225,0.08946630158910182,0.06372176866610602,0.015959241041489113,0.03203908593500416,1.0
0.08,1.3955480169172478,1.0,1.0,1.0,0.04111691924505221,0.10936227736199222,0.07593708201445226,0.013790602797191145,0.03572667461541892,1.0
0.08,1.3512403514331952,1.0,1.0,1.0,0.042139014011485974,0.09317495764618455,0.040332419143076496,0.014944362940750897,0.029561858527228205,1.0
0.08,1.312225111405292,1.0,1.0,1.0,0.057831172655526245,0.08713298039447355,0.04909472454313245,0.015125531989748624,0.03159086942893421,1.0
0.08,1.4680606628996138,1.0,1.0,1.0,0.04100589552778959,0.08535332964416383,0.04707704037331982,0.013298620846450917,0.03027636683760588,1.0
0.08,1.2037148694054134,1.0,1.0,1.0,0.05448131394769183,0.08910826076389514,0.055229300775638854,0.016567887841416117,0.031133800904792678,1.0
0.08,1.2560738674661436,0.0,1.0,0.0,0.055205959493445644,0.08973837892418932,0.05150569209433879,0.01537805329697604,0.03187330659573025,1.0
0.08,0.9944632734481328,1.0,1.0,0.0,0.06013369913883922,0.10286106143028333,0.07924870887978464,0.020837588397609973,0.034622147062829706,1.0
0.08,1.0756112806247624,1.0,1.0,1.0,0.0684157927555338,0.09013934775730462,0.06009765041797886,0.016354749300164208,0.029507355393240627,1.0
0.08,1.4291746314131695,1.0,1.0,1.0,0.050745247610390745,0.1120568003418035,0.06731001346397594,0.014299445518481533,0.03337406687330557,1.0
0.08,1.072553030026921,1.0,1.0,1.0,0.055822415057450156,0.10754155944167076,0.06285233846247495,0.018935411871244937,0.033871287827069885,1.0
0.08,1.2307691856375058,1.0,1.0,1.0,0.05118594916678816,0.08258614821361261,0.06661299194303985,0.014923631120708514,0.030969389426967888,1.0
0.08,1.611286450025004,0.0,0.0,0.0,0.04731189570405468,0.10146453054279077,0.06616517989981854,0.011699355333284487,0.03137143865024574,1.0
0.08,1.2701048986974837,1.0,1.0,1.0,0.047694837558629244,0.09301699428268115,0.052238277748626785,0.01538769752118862,0.03087351444216673,1.0
0.08,1.1032483378913163,1.0,1.0,1.0,0.05850641831849953,0.1069586608071474,0.06996319046467007,0.017799071215194105,0.03349619409485022,1.0
0.08,1.3721573119292008,1.0,1.0,1.0,0.04593039865240909,0.09624225140899868,0.045787101568605604,0.013904269306060564,0.02697171102670259,1.0
0.08,1.3547147115135116,1.0,1.0,1.0,0.05081628096500661,0.0841744530595028,0.047376531991315994,0.01446286561104496,0.03018611190326341,1.0
0.08,1.3284619726999143,1.0,1.0,0.0,0.050588342549285015,0.09244584206380631,0.05523366400870353,0.01477865453358311,0.031267485376162064,1.0
0.08,1.1291112951891238,1.0,1.0,1.0,0.05506431606150306,0.08781591157454778,0.042072474101297754,0.01716310476287478,0.028914814398904632,1.0
0.08,1.3257744864402377,1.0,1.0,1.0,0.048361604123787746,0.10336703778862485,0.06363410374426462,0.014926523914605548,0.03108063130139105,1.0
0.08,1.1594215865001896,1.0,1.0,1.0,0.05141009875027598,0.08868217455392509,0.051762933161894134,0.015950220734459345,0.02776842069740902,1.0
0.08,1.1581788072850838,1.0,1.0,1.0,0.062115944111978,0.09561384389331114,0.0559630743037315,0.015679887817225503,0.029695206958297762,1.0
0.08,1.1542410668791396,1.0,1.0,1.0,0.06214832397551826,0.09840074502425732,0.06676083536256075,0.01691851984831587,0.03106530542997807,1.0
0.08,1.5314157695913928,1.0,1.0,1.0,0.036024237581497816,0.08754394680777737,0.04829989146315762,0.013097633322207557,0.028183657748397817,1.0
0.08,1.1257207674337664,1.0,1.0,1.0,0.06554085688505493,0.09278194600583904,0.06441096466867277,0.01828062510157322,0.03343162198349931,1.0
0.08,1.2846046208959319,1.0,1.0,1.0,0.049277394507831085,0.09428529651480103,0.0644780057707155,0.015268351453592037,0.030865984863777885,1.0
0.08,1.2806384602104015,1.0,1.0,1.0,0.04899943232607093,0.09032727278393535,0.04783300591693991,0.01577103978082005,0.02960847832691143,1.0
0.08,1.2568792384803913,1.0,1.0,0.0,0.05222434312368274,0.11526111405036694,0.06861172761797676,0.015107260529142736,0.031162676028796313,1.0
0.08,1.2543635677388696,0.0,1.0,1.0,0.04540428076787563,0.10222152096969932,0.0775539818824807,0.014500862387193201,0.03497798667237828,1.0
0.08,1.3570093842319202,1.0,1.0,1.0,0.05141887690464462,0.09049459328388196,0.051647848905579205,0.013206632710489474,0.029830370509452156,1.0
0.08,1.1648655568323865,1.0,1.0,1.0,0.056256071176142064,0.08199499365247057,0.04989541187524029,0.015490327034581643,0.0297827569051001,1.0
0.08,1.286592240508345,1.0,1.0,1.0,0.04946205279073137,0.08836018755951397,0.048689558251245955,0.014849808984894379,0.03180002234968821,1.0
0.08,1.278318124631252,0.0,1.0,0.0,0.05697449000820108,0.09442628324573268,0.04624593707221556,0.015573453403199771,0.029674387230841762,1.0
0.08,1.1178831771171054,1.0,1.0,1.0,0.05854500887905756,0.09828277467789025,0.06680506401317074,0.017539673803849576,0.033688928401342716,1.0
0.08,1.2768056990545897,1.0,1.0,1.0,0.061020772856483864,0.10518477085674342,0.08178907176215473,0.015280363839344826,0.0335934550038167,1.0
0.08,1.2319901970217246,1.0,1.0,1.0,0.06053682117443517,0.0793307643520138,0.04224009949818149,0.015941007826270833,0.029227886045387036,1.0
0.08,1.0457965672575134,1.0,1.0,1.0,0.056398753704646566,0.09830536269990223,0.0717561213365803,0.018245312376737738,0.03551654611502156,1.0
0.08,1.60689957885036,1.0,1.0,0.0,0.04463497467213258,0.08769777485783511,0.04790234765856957,0.012089207502358397,0.02983050158023731,1.0
0.08,1.2464193114016537,1.0,1.0,1.0,0.06195622893259671,0.0867624040147305,0.05482072960029607,0.01464537706368541,0.028189887401955906,1.0
0.08,1.4005969159830243,1.0,1.0,1.0,0.05671470104423606,0.10119032336359299,0.06589032739784141,0.013438975482418056,0.03133781232830068,1.0
0.08,1.4336511421067224,1.0,1.0,1.0,0.05194024737598733,0.12951027749563598,0.07195821414975352,0.013746110009491623,0.03520393495579309,1.0
0.08,1.2781829780876537,1.0,1.0,1.0,0.041551647135878125,0.0807175823376129,0.04853027226444333,0.014298919898221248,0.029347989823180924,1.0
0.08,1.392629258720976,1.0,1.0,1.0,0.044236577487603054,0.09216876838586577,0.046073197353696534,0.014069936239361758,0.029312127943250114,1.0
0.08,1.2980786077543187,1.0,1.0,0.0,0.046366389977564634,0.10158522460447014,0.043869702788827986,0.01462009022588485,0.02763458248899478,1.0
0.08,1.2102668520443869,1.0,1.0,1.0,0.05509441719774346,0.089473342022073,0.046384252360486974,0.014340763855730708,0.028709994123260606,1.0
0.08,1.1889414904273143,1.0,1.0,0.0,0.06088442936957854,0.07485503577270583,0.029661128151342357,0.015620913566192085,0.027204037566971654,1.0
0.08,1.670488812621524,1.0,1.0,1.0,0.041799362399921415,0.08989728903783262,0.040257641905207836,0.011638358669134485,0.026888592071526277,1.0
0.08,1.2012517669104732,1.0,1.0,1.0,0.07633653978219605,0.09881792787378532,0.05325171191734078,0.014395796069765598,0.03056263775310395,1.0
0.08,1.2973410295043057,1.0,1.0,1.0,0.05555777091905241,0.09292109814811138,0.04887128279701919,0.014813421790278414,0.03073769856921079,1.0
0.08,1.260044425843914,1.0,1.0,1.0,0.04994261631344839,0.08591182943291081,0.04329466280616662,0.016103255341127998,0.028995041115854835,1.0
0.08,1.1585022836923469,1.0,1.0,0.0,0.05227184096111128,0.07702061322813945,0.03353236790687296,0.015834521142596075,0.027202702276010196,1.0
0.08,1.4429013768649066,1.0,1.0,1.0,0.04432879095955236,0.0845365526135354,0.05350664898531491,0.013099271178297383,0.03126080844704517,1.0
0.08,1.3697141058780127,1.0,1.0,0.0,0.044868688128369014,0.09945556770535481,0.04874957674895326,0.014389042576135571,0.030606491321993324,1.0
0.08,1.4032404866269899,1.0,1.0,1.0,0.05218119388071942,0.08648240491188786,0.047938270869972155,0.012638963074148902,0.03075657951676778,1.0
0.08,1.254877566651436,1.0,1.0,1.0,0.06008737508028381,0.10691897027811652,0.0676978317788222,0.01584397224722285,0.03413651412645547,1.0
0.08,1.2220711341426729,1.0,1.0,1.0,0.05268624570060607,0.10382596171345626,0.06472752872035517,0.016727828368793635,0.03342057324566282,1.0
0.08,1.427102035105465,1.0,1.0,0.0,0.039796676017589606,0.08471419758488707,0.04953036696972777,0.013315846833411709,0.028821659486878,1.0
0.08,1.4088169245183946,1.0,1.0,0.0,0.04628273244915091,0.06969582176172485,0.010959510133806954,0.014524768648892952,0.02327302804328164,1.0
0.08,1.233262326662764,1.0,1.0,1.0,0.05802527648126303,0.08926098908359839,0.05832184213949289,0.015886032138409473,0.03155440253024144,1.0
0.08,1.2183154570441046,1.0,1.0,1.0,0.06608771788607448,0.09481364446378426,0.05943916873561476,0.015469468736360433,0.03152066043951898,1.0
0.08,1.3078652958468673,1.0,1.0,1.0,0.05533084229164596,0.1014775238603789,0.04664488513048544,0.01469869075795386,0.03036330992313001,1.0
0.08,1.2761126103327882,1.0,1.0,1.0,0.052827914587161975,0.10921129063455311,0.07121914628000553,0.014699690925175889,0.032800911187869604,1.0
0.08,1.2372699153152897,1.0,1.0,1.0,0.06394020044860713,0.10332279437299627,0.06273511701796983,0.016239593347455342,0.03279460979717395,1.0
0.08,1.3847104845416511,0.0,1.0,0.0,0.044757541662137704,0.07520276519953388,0.03264471991564074,0.01455964823267773,0.02864447350088508,1.0
0.08,1.1691101976058558,1.0,1.0,0.0,0.06624130106175627,0.10988677364698332,0.0712831352622868,0.01567453081827421,0.034686240057641066,1.0
0.08,1.3485009242167807,1.0,1.0,1.0,0.050810235787436375,0.0858426904759058,0.06532640280137023,0.01386246696598094,0.031344511425740657,1.0
0.08,1.263233708873744,1.0,1.0,1.0,0.05169897318745995,0.10708544935877964,0.08089544606055551,0.014924793415847988,0.03511940234747544,1.0
0.08,1.276622714868678,1.0,1.0,0.0,0.058138286075572185,0.08736682283580234,0.04265454617240082,0.015365661001805057,0.03054519992397553,1.0
0.08,1.188965518540018,1.0,1.0,1.0,0.05345446833076869,0.12139763360651006,0.08467044075887054,0.016267461701008894,0.03464741383259866,1.0
0.08,1.4045991209747208,1.0,1.0,1.0,0.04407626144047,0.09072753775212132,0.04793475094312842,0.014300240138095553,0.030326161671268465,1.0
0.08,1.4800104972321708,1.0,1.0,0.0,0.05374408495379125,0.0807187308413592,0.031151723570963092,0.01329702995199221,0.027131062475525144,1.0
0.08,1.4278110588260116,1.0,1.0,0.0,0.0476616787055245,0.07315637822627562,0.03722065052512288,0.012514381131901207,0.02481008426838538,1.0
0.08,1.2180239905342374,1.0,1.0,0.0,0.05154944881756466,0.09901553800820806,0.051886251236004065,0.015562102360556685,0.02875230389135191,1.0
0.08,1.2896175822761435,1.0,1.0,1.0,0.05207913826598533,0.08058415100213781,0.04865508964197317,0.014747462996627625,0.031436810558110165,1.0
0.08,1.3021347583341363,1.0,1.0,1.0,0.05578974182867791,0.10115558231805259,0.06520754140066966,0.014296410271127082,0.03083514991835519,1.0
0.08,1.257575294025672,0.0,1.0,0.0,0.0522473939583726,0.09534272439059302,0.06849768243138792,0.015769393820949634,0.03234782118453411,1.0
0.08,1.2718074182332961,1.0,1.0,1.0,0.042913218021145616,0.09582032061091944,0.05470143056811048,0.014817558235041661,0.029526899975003712,1.0
0.08,1.1356453010125724,1.0,1.0,1.0,0.05688491731418142,0.09147114519047325,0.06300254425605763,0.017606865118986337,0.03231972546310129,1.0
0.08,0.9189582234730866,1.0,1.0,1.0,0.07776117833133525,0.10868427982601887,0.07830123872387057,0.02080732511403873,0.036336357368525585,1.0
0.08,1.2415396404323782,1.0,1.0,1.0,0.04935792480698392,0.08724966110319447,0.05659117636480625,0.016302542931550295,0.03122730547420057,1.0
0.08,1.247679326909783,1.0,1.0,1.0,0.04963663971887283,0.10138715984597826,0.06683221065471685,0.014875317865807132,0.03577502597224858,1.0
0.08,1.4021471019717746,1.0,1.0,1.0,0.039208888122578965,0.07725328017857705,0.03419069727871008,0.013375275942927915,0.02680889844827312,1.0
0.08,1.6874802733938492,1.0,1.0,1.0,0.03923817806922385,0.08836134737807269,0.05292238258605033,0.012268178358379173,0.029657306883675724,1.0
0.08,1.2302454434982935,0.0,1.0,0.0,0.0635064366828156,0.08853919197682728,0.05612773689834295,0.014750170799800304,0.03071731504334967,1.0
0.08,1.3299669711133484,1.0,1.0,1.0,0.0497203428689141,0.0779788023453389,0.031054108073040786,0.015084020209755687,0.02887281401188936,1.0
0.08,1.2591311620616212,1.0,1.0,1.0,0.04764809512992202,0.10779431673850162,0.07586976565939255,0.016872744989611187,0.03469924517190547,1.0
0.08,1.4256746581132798,1.0,1.0,1.0,0.04404491729767703,0.08848641200785946,0.04688522959382753,0.013422891813238809,0.029753173257404814,1.0
0.08,1.3232058727196159,1.0,1.0,0.0,0.04750662360019352,0.07886636371586211,0.04271071624276234,0.014336513630363222,0.028421781832406862,1.0
0.08,1.3791814693624025,0.0,1.0,0.0,0.044773351810242605,0.09360246620794153,0.04948633776885389,0.014538654806082497,0.028532286404221504,1.0
0.08,1.0700057901613662,0.0,1.0,0.0,0.05881225893718224,0.09670503186527941,0.06572521391567482,0.016579248851021324,0.03204368820393399,1.0
0.08,1.1568988646574692,1.0,1.0,1.0,0.058487598997328985,0.0967973668245252,0.06134574742565939,0.016898283436494136,0.03037875801090967,1.0
0.08,1.2260325748574294,0.0,1.0,0.0,0.04698567023312901,0.09749147852786462,0.06715430478308126,0.015920103995951146,0.03236233321953664,1.0
0.08,1.4212220271368412,1.0,1.0,1.0,0.0410696723885645,0.09178710471444325,0.05233758226096522,0.014318643079160415,0.03141694165295887,1.0
0.08,1.2063689133863258,1.0,1.0,1.0,0.05888494037287499,0.09160206638370255,0.043836731545793706,0.015382270228105484,0.02906643333977044,1.0
0.08,1.264107793907033,1.0,1.0,1.0,0.049608597370740526,0.08434558062445745,0.04525072682396199,0.01653068667073305,0.030921111346812982,1.0
0.08,1.2750388951330378,1.0,1.0,1.0,0.04570008959790668,0.09760273520222555,0.07046299198467695,0.015588739363159252,0.03398107753910252,1.0
0.08,1.3245031033149621,1.0,1.0,1.0,0.04891106369171919,0.08760712886542507,0.05176136544094334,0.014512605148843147,0.030710266068330164,1.0
0.08,1.0713281981938636,1.0,1.0,1.0,0.06311204700948256,0.08937601899850227,0.05238280155238904,0.018410897398991006,0.029396365427883025,1.0
0.08,1.628044759517921,1.0,1.0,1.0,0.041217587776232835,0.08627513551266339,0.0552958122506272,0.011269721559452885,0.029297952241674214,1.0
0.08,1.1965969441181938,1.0,1.0,0.0,0.053077572631303714,0.07493602228360866,0.05627011394033562,0.017468201974528898,0.02943746623496952,1.0
0.08,1.3254318037013528,0.0,1.0,0.0,0.057121809294863726,0.0889468535742351,0.03945360293038658,0.013473163265579657,0.028631554492330614,1.0
0.08,1.212762969140841,1.0,1.0,1.0,0.06129876181932834,0.09793571335297835,0.05277284587764647,0.015845298869588922,0.030705804227653077,1.0
0.08,1.236767831568628,1.0,1.0,1.0,0.05185962253403884,0.08830589823865256,0.04938281719928088,0.01586338735478716,0.027671520576378502,1.0
0.08,1.3776237836334282,1.0,1.0,1.0,0.05392734274002915,0.08414877676106809,0.03039724972645918,0.013285424841230443,0.026496650720382164,1.0
0.08,1.345671478893609,1.0,1.0,0.0,0.05016642013632779,0.09450249566574956,0.05180297416702893,0.013783484705474023,0.029013208292612173,1.0
0.08,1.2876041051140785,0.0,1.0,0.0,0.05274408589907533,0.09122042599853558,0.041833538426121766,0.013973494217323199,0.028359481662963645,1.0
0.08,1.2548141814063691,1.0,1.0,1.0,0.049987525420242165,0.09903733954536295,0.07332323544631411,0.016117785467604114,0.03186689961055551,1.0
0.08,1.4052240347064076,0.0,1.0,0.0,0.05567133528127723,0.10331229214295756,0.05867868631473531,0.01352095551914278,0.03352886294272331,1.0
0.08,1.1614697387794677,1.0,1.0,1.0,0.05899458694748039,0.09471529112196422,0.05304123015605465,0.016645560249404674,0.03138280129817944,1.0
0.08,1.393793043110799,1.0,1.0,1.0,0.04500180453245225,0.07780780777314569,0.04230412184141497,0.01329668479125695,0.030142760525883463,1.0
0.08,1.302244275085078,1.0,1.0,1.0,0.04707447349691225,0.11074772355675506,0.08118545179682493,0.015000220422903183,0.03361379595801175,1.0
0.08,1.1552043194036732,1.0,1.0,1.0,0.05544991395149158,0.09726271325869987,0.061120447385081655,0.017360681983801085,0.030715261898970173,1.0
0.08,1.314583287481231,1.0,1.0,1.0,0.042617180552473884,0.08440107118436686,0.04361994833124865,0.013887913602426782,0.029140723244870784,1.0
0.08,1.6405154844975478,1.0,1.0,0.0,0.043502375310311606,0.07235945363952728,0.023376395276765393,0.012242631714206607,0.026376931857679628,1.0
0.08,1.2164101272919516,1.0,1.0,1.0,0.06163614229695118,0.10201739967241644,0.06796088421104426,0.01474627810421424,0.0315483249656445,1.0
0.08,1.1667491523481759,1.0,1.0,1.0,0.05910186176771663,0.09917999264484464,0.07184269088083135,0.01695508765052131,0.03451680851643077,1.0
0.08,1.3578132152445272,1.0,1.0,0.0,0.051796646972099535,0.11185800113722147,0.05991228707075817,0.014047974320702754,0.03220254643641633,1.0
0.08,1.1248650039861383,1.0,1.0,1.0,0.05995373923117653,0.0950711820336633,0.05602396352759157,0.017198872302855033,0.029045719891828713,1.0
0.08,1.4960109696801975,1.0,1.0,1.0,0.039936092505609457,0.0772959468782313,0.038652547855802515,0.012843531807410847,0.028653753657611084,1.0
0.08,1.2450599068878683,1.0,1.0,1.0,0.05120258667104523,0.0852762494880929,0.044922366192328346,0.015105238594486939,0.028000998953055314,1.0
0.08,1.4687807658323309,1.0,1.0,1.0,0.0408195654164119,0.08886516351558178,0.03551730790450071,0.014126505245895366,0.028702166732828056,1.0
0.08,1.187295341661409,1.0,1.0,1.0,0.0681771361954913,0.10903300418049582,0.0704648184018963,0.015975259406119106,0.03385596114365987,1.0
0.08,1.171519660275323,1.0,1.0,1.0,0.06106374841610588,0.08610231066692006,0.050574631240737064,0.016996894502241025,0.030336445152118956,1.0
0.08,1.154543168325021,1.0,1.0,1.0,0.06080775013239779,0.09200520906588014,0.06781212914224112,0.0159762537605922,0.03472975010864364,1.0
0.08,1.2909431349566294,1.0,1.0,1.0,0.049222978557134145,0.09405376062501175,0.04681769201371022,0.015018146322893245,0.02737675272351163,1.0
0.08,1.252118366121234,1.0,1.0,1.0,0.062048253951946554,0.10725078478784153,0.07100329471852956,0.014956395366730414,0.03346104116766968,1.0
0.08,1.3596497110642765,1.0,1.0,1.0,0.046766726889176866,0.08539983856166504,0.03852022258862622,0.015049957655128747,0.02739389762501767,1.0
0.08,1.2763415681070462,1.0,1.0,1.0,0.04263858740246516,0.09706801879220864,0.05964874060716796,0.014162833215892486,0.02994210707564476,1.0
0.08,1.146929455016418,0.0,1.0,0.0,0.06176634015232907,0.08846041097752318,0.05500744485252096,0.017038298756771063,0.03094016590256206,1.0
0.08,1.14082582693017,1.0,1.0,0.0,0.062204869346386873,0.09741920045395842,0.06078130740213594,0.016505288278253885,0.032148723948028944,1.0
0.08,1.2577292078446958,1.0,1.0,1.0,0.04834510019866752,0.10043803302715486,0.07250708078428283,0.01628583102033946,0.03427124486258776,1.0
0.08,1.270714612853114,1.0,1.0,0.0,0.054320752920997695,0.08728989126306223,0.03559505067740651,0.0147493258405346,0.029691823882934516,1.0
0.08,1.4079529336327505,1.0,1.0,0.0,0.0471415504947411,0.09943438480938502,0.06162919699542696,0.013950615639533986,0.031682792940024594,1.0
0.08,1.299668230044608,1.0,1.0,1.0,0.05032368846590239,0.08801950730736068,0.056414210123454045,0.01524243446822796,0.029109657288951752,1.0
0.08,1.527638608997055,1.0,1.0,0.0,0.048450124739662016,0.08708121112730458,0.04017262554891089,0.013150531660196457,0.027215234637220684,1.0
0.08,1.2880076053095668,1.0,1.0,1.0,0.05269827049381369,0.09551379945740873,0.0638757339730308,0.014653243209796205,0.03092544970112092,1.0
0.08,1.0837784616457682,0.0,1.0,0.0,0.051620011711393944,0.09161232982270615,0.06360382620176648,0.01903403951624238,0.033930760011403785,1.0
0.08,1.0592563850674979,1.0,1.0,1.0,0.061226301484042636,0.09943413091850839,0.06018953851972668,0.0171816929701175,0.03027169986850752,1.0
0.08,1.3592094057733923,1.0,1.0,0.0,0.047543971684641674,0.08502659964883585,0.032321328381007854,0.014451727719173229,0.02656146479012295,1.0
0.08,1.2265181208207478,1.0,1.0,1.0,0.057885571597804795,0.10451346380196995,0.06377151738626508,0.015333363282694759,0.03271371316381828,1.0
0.08,1.2063347370113944,1.0,1.0,0.0,0.05103901284198027,0.07315194751802669,0.011758170848466807,0.017077697664683467,0.02556222950273784,1.0
0.08,1.5270224942565231,1.0,1.0,0.0,0.03926736892780306,0.07837895496632616,0.048761317641011784,0.012656003794636739,0.03006286116126408,1.0
0.08,1.38003377816025,1.0,1.0,0.0,0.0443613330632611,0.09472652731105265,0.04472344155641913,0.01409072484374536,0.029583297858082967,1.0
0.08,1.4429797175380779,1.0,1.0,1.0,0.04778459820881292,0.08342563071887923,0.039555153810875314,0.013403153567257915,0.027261701587654962,1.0
0.08,1.147800841978216,1.0,1.0,1.0,0.05373505862267251,0.0901003544110218,0.056767156387997196,0.016422993103543615,0.030001343462939097,1.0
0.08,1.3270538393494185,1.0,1.0,1.0,0.048739171313063934,0.09130581535114438,0.043774649312307665,0.015383888191781,0.03032597732588168,1.0
0.08,1.07472605963574,1.0,1.0,0.0,0.05719390856510363,0.10153883550974499,0.05637729016101698,0.0181668189360574,0.0323251610550157,1.0
0.08,1.2829653588310592,1.0,1.0,1.0,0.05427908803192187,0.09853183119957092,0.05714799592514062,0.01466965729051843,0.03216324482445463,1.0
0.08,1.1518116796249296,1.0,1.0,1.0,0.0499145256310843,0.1099368061301611,0.06446622926856038,0.016319473834894925,0.03259362585941938,1.0
0.08,1.36048934768724,0.0,1.0,0.0,0.044204556650731884,0.0936390924215821,0.05945958213769331,0.014099253740607968,0.033715289005771656,1.0
0.08,1.183054751140401,1.0,1.0,0.0,0.05171632572152999,0.08590155096723197,0.031793842127567175,0.017286369817071393,0.026900637231989655,1.0
0.08,0.9808085871929868,1.0,1.0,1.0,0.06629805931231207,0.10142168655467984,0.06480082776160304,0.01992115481646516,0.03236715071849373,1.0
0.08,1.3046368884670925,1.0,1.0,1.0,0.058787473638447565,0.09286666591979355,0.07259492816131155,0.0153079993916921,0.03090099605767482,1.0
0.08,1.1651219961687134,1.0,1.0,1.0,0.0600143078103927,0.10603444216921294,0.06767771068502071,0.01667948709610688,0.03153895865464359,1.0
0.08,1.5408269292194159,1.0,1.0,1.0,0.043173258816592695,0.09327356591525135,0.046500513110600175,0.012668027904377804,0.029778124140542782,1.0
0.08,1.203113669869375,1.0,1.0,1.0,0.04468315066884183,0.0965488374000442,0.060866753759555525,0.015985526490215517,0.03132174699077107,1.0
0.08,1.4829722213493897,1.0,1.0,1.0,0.03826852496800082,0.09152838158348889,0.05090024004024761,0.014162363857261044,0.029760995516092636,1.0
0.08,1.445449118640929,1.0,1.0,1.0,0.04389721376838705,0.0951830097871454,0.05680563972256798,0.013833967929582051,0.030762137026844927,1.0
0.08,1.4525419678219036,1.0,1.0,1.0,0.041979017069813364,0.08963878644658207,0.035413482690697766,0.014237047834493142,0.028643834480222705,1.0
0.08,1.4251236643327185,0.0,1.0,0.0,0.04501614958268633,0.09468164553202538,0.056056453157891414,0.014275997741233887,0.03207560423407783,1.0
0.08,1.3107176478258282,1.0,1.0,1.0,0.04597682664108016,0.09231936592624705,0.05947234742858065,0.015185335077009723,0.030922540928027882,1.0
0.08,1.1439123098690172,1.0,1.0,1.0,0.05741090739037143,0.08463756667291052,0.05090948259959995,0.017102415133271917,0.029478699686446487,1.0
0.08,1.2464691717670036,1.0,1.0,0.0,0.05902791244835308,0.09948351047277823,0.050786560853301875,0.015485985082483762,0.028865104536398293,1.0
0.08,1.3492864248054854,0.0,1.0,0.0,0.05516737694628463,0.09146917139302184,0.059087038812726034,0.013999274631728825,0.032469867621181085,1.0
0.08,1.5391844403884125,1.0,1.0,0.0,0.04529080293484113,0.0716587397797364,0.01018670062893229,0.012403425934226699,0.024005826820135155,1.0
0.08,1.1988547751155552,1.0,1.0,0.0,0.06537476512968551,0.07645709369593004,0.04118496131231254,0.01573786878319712,0.029396386126682817,1.0
0.08,1.4499931740019965,1.0,1.0,1.0,0.04206436842076967,0.09394112159472205,0.04777337347349851,0.013407262984251154,0.03111885380898668,1.0
0.08,1.184805089238989,0.0,1.0,0.0,0.060109666228291635,0.10796967314156014,0.08034547790403221,0.015124013435989783,0.03688295008292916,1.0
0.08,1.5864635687840405,1.0,1.0,1.0,0.03727903640320078,0.08963614460828565,0.06513443832986236,0.012410126928910041,0.032194786242828274,1.0
0.08,1.277082040767282,0.0,1.0,0.0,0.05350223569248369,0.08627134219173921,0.05293680003024396,0.015566460068133458,0.03149554467568331,1.0
0.08,1.1722019789349456,1.0,1.0,1.0,0.05632929043752569,0.1241696424948981,0.06998104006660502,0.016144138484370858,0.03322583001774877,1.0
0.08,1.1628904493079668,1.0,1.0,1.0,0.057563112501461476,0.1021934868439764,0.07890249904063654,0.01593058880735175,0.03671300344480605,1.0
0.08,1.1952308824836553,1.0,1.0,1.0,0.0565391302387118,0.07988988705605418,0.051890457577229564,0.014872745242090181,0.0306155686605322,1.0
0.08,1.4772589885259468,1.0,1.0,1.0,0.03940375878294165,0.09414948910909933,0.03975785525860097,0.013854451484360139,0.02921567295316043,1.0
0.08,1.4294874548363525,1.0,1.0,1.0,0.05082379332288811,0.08104530513408312,0.0438280716130972,0.013195903035672052,0.028495040217093825,1.0
0.08,1.2072322671917812,1.0,1.0,1.0,0.05469101233133202,0.09978621273404042,0.06720518410200167,0.015887018224010348,0.03290183338910093,1.0
0.08,1.5175023263172112,1.0,1.0,1.0,0.04864786283266052,0.09301684980714989,0.060187013190696616,0.013145214244978422,0.03211658915189395,1.0
0.08,1.1853134199498274,1.0,1.0,1.0,0.052040371487106316,0.0969110987152431,0.05515040002241817,0.016339926318406993,0.03298591304117306,1.0
0.08,1.2979550989687603,1.0,1.0,1.0,0.05050826700104714,0.08443286998866445,0.04158645607260776,0.01567079926921028,0.03191812378882742,1.0
0.08,1.2809281366861331,1.0,1.0,1.0,0.047158882777913955,0.08435482064244378,0.04153768045397922,0.01588245123211922,0.030042822430687476,1.0
0.08,1.5159207386117535,1.0,1.0,1.0,0.03818015753937313,0.09400001316227302,0.054269540565812666,0.013743223220226086,0.03146843137373038,1.0
0.08,1.3976370090708488,0.0,1.0,0.0,0.04192918304815687,0.1009842128764522,0.0634123305495609,0.01410919006847203,0.03105120107700472,1.0
0.08,1.247345771692039,1.0,1.0,1.0,0.05162716433724333,0.09299680168393251,0.05217119146529013,0.015651046511247393,0.03032138463875138,1.0
0.08,1.3252051464892447,1.0,1.0,1.0,0.052387977382826315,0.09531229195530384,0.06143972585852675,0.01429833257934091,0.030791917758514177,1.0
0.08,1.1735340034505939,1.0,1.0,1.0,0.05649009024270442,0.08673664002392852,0.05367403731542011,0.014892980207392065,0.030747138046638568,1.0
0.08,1.2328341447842581,1.0,1.0,1.0,0.05342475104390572,0.0861417944947415,0.0484034749372758,0.015361865214866295,0.03056039499197432,1.0
0.08,1.3140687508565032,1.0,1.0,1.0,0.05040116120968644,0.0971205929526713,0.05508556291073476,0.014485983711563928,0.030666195666886345,1.0
0.08,1.462435661351469,1.0,1.0,1.0,0.041338976031671824,0.09520037434957228,0.057217294191794735,0.01407183788993228,0.03210506001529228,1.0
0.08,1.1776050390142776,1.0,1.0,1.0,0.051953357294875546,0.09416482165758273,0.06933944159826101,0.017248196871809368,0.03204034662188988,1.0
0.08,1.2140538928584745,1.0,1.0,1.0,0.06068610123466158,0.11841193988033413,0.0796660252233041,0.01460555104720876,0.03298840897711611,1.0
0.08,1.4871908358978891,1.0,1.0,1.0,0.0399357914180613,0.09419233106093898,0.049342552693061224,0.012766319260005998,0.03083718398381656,1.0
0.08,1.3883911936524422,1.0,1.0,1.0,0.04432308846118253,0.0882363043264934,0.02986634378938797,0.014028401001111463,0.026980348583547406,1.0
0.08,1.1996628009599115,1.0,1.0,1.0,0.060103592368705036,0.09591925971360502,0.05830054481040812,0.016891457681383296,0.03305323252967101,1.0
0.08,1.3758666562020907,0.0,1.0,0.0,0.04831546165939795,0.07484055029040779,0.03817633556880268,0.014836404036001593,0.030563385999358293,1.0
0.08,1.3662121034488146,1.0,1.0,1.0,0.052420803218776665,0.10026503319401306,0.06396463863324126,0.013135127255008046,0.03174285005380011,1.0
0.08,1.2918081280711897,1.0,1.0,0.0,0.042109389175117654,0.07830564069358859,0.03309520195265384,0.015287697187111003,0.025721565498057847,1.0
0.08,1.4611191302023454,0.0,1.0,0.0,0.04386925637006916,0.08673821992235957,0.03387874723124592,0.013499171708682943,0.02909675923942566,1.0
0.08,1.0614639282372973,1.0,1.0,1.0,0.056487907353475905,0.0980976874142289,0.06229569403268677,0.01795565719613623,0.030767817135976584,1.0
0.08,1.3300075274015017,1.0,1.0,1.0,0.0473563093770723,0.07930927884216446,0.04030205219745196,0.014435896423018986,0.028307717890127135,1.0
0.08,1.3827470312743226,1.0,1.0,0.0,0.04792647471561058,0.09292555973642812,0.04436349415768605,0.013531272603469122,0.029803389558156347,1.0
0.08,1.1205309400901726,1.0,1.0,1.0,0.05986398658927825,0.10297944119331473,0.06398298249609372,0.01820366072120688,0.03309589236310064,1.0
0.08,1.2273560944597794,1.0,1.0,1.0,0.06023471312572644,0.10126191001628541,0.06642894791220293,0.01545862374857186,0.032255016284123,1.0
0.08,1.242169790001534,1.0,1.0,1.0,0.05221670405646735,0.09961892701748214,0.061800055062151395,0.015977738447661875,0.03184166088910387,1.0
0.08,1.3262490193288938,1.0,1.0,0.0,0.05327189090061377,0.0977702742882621,0.06613709277403845,0.014339887296168365,0.03357028739032279,1.0
0.08,1.4050126564805379,1.0,1.0,1.0,0.04423951429352671,0.10000653077131871,0.057321027166281326,0.013222091152641169,0.028793832878878753,1.0
0.08,1.0943539284504353,1.0,1.0,1.0,0.0641075446864073,0.10959325171744212,0.06540376500381603,0.017541557890091784,0.031435601139352676,1.0
0.08,1.4554652736456932,1.0,1.0,1.0,0.0486016576987907,0.10338224407336956,0.06849839291656346,0.012821328674817301,0.032694968553768924,1.0
0.08,1.9494797724522048,1.0,1.0,1.0,0.03713941232899854,0.08844785115384515,0.04964425778846572,0.009798017885414591,0.030908229072312273,1.0
0.08,1.289559265691139,1.0,1.0,1.0,0.05437454349416795,0.1040914766162837,0.05894126231714029,0.014582549898667842,0.03129593655912356,1.0
0.08,1.0073897208391922,1.0,1.0,1.0,0.059154361436532,0.09141643746933632,0.06889574990919342,0.017899797047713197,0.0320032911974678,1.0
0.08,1.0402134304542927,1.0,1.0,1.0,0.06836202554532081,0.13396573342979196,0.08429356868164165,0.016301785808212205,0.03428994773930809,1.0
0.08,1.310758054845675,1.0,1.0,1.0,0.05317875132982973,0.09803412266741236,0.05388998881760041,0.015181450988258214,0.03156121961108779,1.0
0.08,1.175507789891561,1.0,1.0,1.0,0.06343313719824975,0.08673254099543978,0.04881449027950918,0.01689962918508068,0.029066140471172855,1.0
0.08,1.370173802200904,1.0,1.0,1.0,0.04290340542874328,0.1006912659764797,0.0668928243457038,0.014343280509100047,0.03289144986509243,1.0
0.08,1.2624450435098784,1.0,1.0,1.0,0.06096839496051163,0.11467048169318765,0.06344480381846088,0.01586178742373635,0.03136586186050934,1.0
0.08,1.3385529133756855,1.0,1.0,1.0,0.04427209139151831,0.08389476230847903,0.05562290912737946,0.014368198039981194,0.03223972442810333,1.0
0.08,1.4053250294969633,1.0,1.0,1.0,0.047022731270447635,0.09703320495324737,0.06475932567215677,0.012997381022089326,0.032998628033614266,1.0
0.08,1.3548413156689827,0.0,1.0,0.0,0.05836358321008943,0.08642443097378608,0.04889304499750413,0.01364779851168645,0.029838287294333517,1.0
0.08,1.367797062052474,1.0,1.0,1.0,0.046691104945101654,0.09943394391924432,0.06246717618760641,0.014440554307482208,0.03156372243628846,1.0
0.08,1.1558318971064787,1.0,1.0,1.0,0.055076890528030366,0.08705034244322804,0.05653272172247653,0.016119049708014525,0.03120739352943729,1.0
0.08,1.1651356994816213,0.0,1.0,0.0,0.056613798843060024,0.10831059636199333,0.07345743324780798,0.016514414568811277,0.031873489456796265,1.0
0.08,1.3923655303557163,1.0,1.0,0.0,0.043790257097209864,0.07740929981993919,0.03092574376060787,0.015477549598078247,0.027779301610852923,1.0
0.08,1.2192773378847503,1.0,1.0,0.0,0.057334355987399964,0.0965358360601685,0.0532133382765535,0.016197759351523254,0.03178372367989138,1.0
0.08,1.289542801478422,1.0,1.0,1.0,0.04899034146481865,0.1018282358206005,0.06360750764287079,0.01595406987943896,0.031815333339121656,1.0
0.08,1.3388805336649192,1.0,1.0,0.0,0.04990947296852908,0.08638686500019946,0.03495655580533919,0.014198762465557336,0.02706814675101771,1.0
0.08,1.4559117915300752,1.0,1.0,1.0,0.045440001449135535,0.0913986601123107,0.05696645671880914,0.013373446064406007,0.03295523241480566,1.0
0.08,1.1769323209766147,1.0,1.0,1.0,0.06199799170969541,0.1071905546960032,0.06870888353566162,0.015264226524412448,0.030969872039359813,1.0
0.08,1.3197242417556974,1.0,1.0,1.0,0.050993448070652966,0.10383231327606919,0.07156538144235781,0.014924169158730191,0.03480973981551672,1.0
0.08,1.3025119996590118,1.0,1.0,1.0,0.04415669614365002,0.0786505537834308,0.04831942017182885,0.01599990467262705,0.02994592499034336,1.0
0.08,1.3670866982377832,0.0,1.0,0.0,0.04866004684348682,0.10263294088292638,0.0616549754651301,0.014404126030540683,0.0324731465801497,1.0
0.08,1.079856215622545,1.0,1.0,1.0,0.05282679641071399,0.08384619193213824,0.05353268752999128,0.018083040428062448,0.02947519538064336,1.0
0.08,1.1387530061265136,1.0,1.0,1.0,0.052678905617027684,0.13216484563168318,0.0926113136916679,0.016773778755075464,0.03957443040426539,1.0
0.08,1.2692476410239395,1.0,1.0,1.0,0.052009343879544624,0.08990966252069163,0.04978701500204381,0.01503555799074491,0.03005985219024775,1.0
0.08,1.1380391107219947,1.0,1.0,1.0,0.06145607654004137,0.10420202662731479,0.06083056717829546,0.01618354873984894,0.030913854421960544,1.0
0.08,1.3852022557893109,1.0,1.0,1.0,0.04414351851550161,0.08194111000678148,0.0353565014154112,0.013181434153571819,0.026593488581645418,1.0
0.08,1.2927761585811095,1.0,1.0,0.0,0.04934528339093136,0.08393607419620963,0.047213539988980334,0.014862878642159823,0.030140147082525645,1.0
0.08,1.5318732864006213,1.0,1.0,1.0,0.04232103263875968,0.08274361610536989,0.03840903479688086,0.011636164561196935,0.029142965644074613,1.0
0.08,1.1785299589741505,1.0,1.0,1.0,0.05501403394948201,0.10105242859392098,0.06905214546676111,0.017244252153861484,0.034706350714641634,1.0
0.08,1.6347666381938066,1.0,1.0,1.0,0.04282897996646644,0.09944077284456718,0.05813866427709764,0.012716986718322807,0.03073235952897304,1.0
0.08,1.184042429765449,1.0,1.0,1.0,0.057661141847631256,0.10249029236110956,0.04687545909156947,0.016942350772114746,0.027813326502385806,1.0
0.08,1.2273136456515334,1.0,1.0,0.0,0.053191902658527156,0.08613983573042668,0.03626267565967932,0.016605852151928013,0.027378512511218426,1.0
0.08,1.347952475273759,1.0,1.0,0.0,0.05073563177111071,0.08408691586026497,0.03180515985086708,0.014784806864273796,0.026941864117369273,1.0
0.08,1.4913441152117894,0.0,1.0,0.0,0.03829592893566616,0.09389619173014896,0.04710011202740877,0.013251863103073079,0.03147993083641516,1.0
0.08,1.4013710909329442,1.0,1.0,1.0,0.05280530708481988,0.10868067136201809,0.05455208618151038,0.013224734801567512,0.030061216080156813,1.0
0.08,1.6441438646967694,1.0,1.0,1.0,0.03763689768389182,0.09391990497929634,0.048136872897712915,0.012185575128633188,0.030839367800526554,1.0
0.08,1.2237063756833417,1.0,1.0,1.0,0.05189961912546509,0.09202345499164236,0.058175242952070785,0.014797559343725992,0.032154965153361345,1.0
0.08,1.1305793663179027,1.0,1.0,1.0,0.06646663892218307,0.10729768577989988,0.07377844839674512,0.017402474637299048,0.03381678920124774,1.0
0.08,1.1464614873786112,1.0,1.0,1.0,0.05459757155495486,0.08444469304913353,0.05486656661727627,0.016566476527879622,0.031691131326422935,1.0
0.08,1.3032214316966104,1.0,1.0,1.0,0.049228240294303977,0.10108633716178417,0.0665760165670416,0.014069787600924517,0.03088974294892663,1.0
0.08,1.3974489960987937,1.0,1.0,1.0,0.04528387650191197,0.09829171065373757,0.05792623892867803,0.014057795589859977,0.03077854279080749,1.0
0.08,1.2778219279771965,1.0,1.0,1.0,0.052068775835901006,0.09947161724973741,0.07044341126853294,0.01513277183629964,0.03525910270399553,1.0
0.08,1.155528999167578,1.0,1.0,1.0,0.060560338071460995,0.11603218683229326,0.08315822050476337,0.016578780808122553,0.035149505274465837,1.0
0.08,1.116250604100746,1.0,1.0,1.0,0.049576238505143796,0.0980719897905343,0.06590999693349116,0.017102974021650712,0.03222220839080406,1.0
0.08,1.087553190434558,1.0,1.0,1.0,0.055581330037535556,0.09373031158465486,0.0523851869114081,0.017433302596588707,0.031369881270207005,1.0
0.08,1.1965903614826032,1.0,1.0,1.0,0.04890685141178156,0.11387274286230031,0.06662569656051362,0.015797934430525355,0.03103675135781373,1.0
0.08,1.2239781109855499,1.0,1.0,1.0,0.052797447656238526,0.07511552401661327,0.035567391514540574,0.016121982522529624,0.02699890272659758,1.0
0.08,1.4901410991684674,0.0,1.0,0.0,0.041105213809616445,0.09014651850282882,0.04670887792927559,0.013107147407097371,0.028342474212976736,1.0
0.08,1.3103682893264221,1.0,1.0,1.0,0.04586483419562121,0.095938378887614,0.059852091601060996,0.015403977459622485,0.03159108173603898,1.0
0.08,1.3833930122584865,1.0,1.0,0.0,0.049821397569666095,0.07797087838207646,0.02006494584955986,0.014010456521770975,0.02682307136893241,1.0
0.08,1.267103976042526,1.0,1.0,0.0,0.05547801511070353,0.10621427845748885,0.05647072181376909,0.0162156441136181,0.02877737812468721,1.0
0.08,1.6118465069036847,1.0,1.0,1.0,0.04149668188433529,0.09452915938411108,0.05897975571071925,0.01312601707590205,0.031601939077459375,1.0
0.08,1.2888097207672986,1.0,1.0,1.0,0.053879592583189785,0.10569299815983088,0.060643829608302544,0.014680459928090363,0.0323078551150508,1.0
0.08,1.525478938736645,0.0,1.0,0.0,0.0422728227642304,0.08916518169068859,0.04846370262781717,0.012247115254011804,0.03181446087274969,1.0
0.08,1.260431341408542,1.0,1.0,1.0,0.0485862027659801,0.0972850613740251,0.06610291104887966,0.01537964463933716,0.032466068899520834,1.0
0.08,1.2359122509014349,1.0,1.0,1.0,0.05623084593981418,0.0969174708778127,0.05432653748617479,0.016061582861206507,0.02877765838404108,1.0
0.08,1.203179566028848,1.0,1.0,1.0,0.05044632110956208,0.09022494491058615,0.03923523124724228,0.01668829955300362,0.02811226347944798,1.0
0.08,1.3789971883163226,1.0,1.0,1.0,0.05233134185011985,0.08111145090028665,0.051491039747218456,0.014075900864852185,0.029079289209051843,1.0
0.08,1.181249185814613,0.0,1.0,0.0,0.06310645472914915,0.1038714736541955,0.06310385729650889,0.017023879560493987,0.03401522969299619,1.0
0.08,1.2084590611683987,1.0,1.0,1.0,0.052727797272884,0.10205477150812639,0.06504976051551695,0.016493756612712282,0.033874597001345756,1.0
0.08,1.1653829757935024,0.0,1.0,0.0,0.049970095799228204,0.1000410132334619,0.07259373048986781,0.016675827830092235,0.03171909454085476,1.0
0.08,1.3095559541593693,1.0,1.0,1.0,0.05057822371874734,0.10482738203763657,0.060520817272438035,0.014586587768340873,0.0314188405845869,1.0
0.08,1.1595631266484858,0.0,1.0,1.0,0.05042251924498311,0.09529230403645703,0.06118785111146154,0.016815570648115983,0.030384679984447334,1.0
0.08,1.250747071066462,1.0,1.0,1.0,0.047968501671370053,0.0919123842349782,0.06515382273333083,0.014389091998266025,0.028941103242318456,1.0
0.08,1.3733942187661128,1.0,1.0,1.0,0.045620487492033714,0.08274523680018653,0.03722760955911629,0.015001460461359573,0.027989863501073787,1.0
0.08,1.2240470640423478,1.0,1.0,1.0,0.0620412427589313,0.0857541842094326,0.04551983135456216,0.014586568702465394,0.027600211156401874,1.0
0.08,1.3865365978149615,1.0,1.0,0.0,0.0489108500441142,0.08466059236855913,0.05192328094404752,0.01411319343591248,0.03032406996311173,1.0
0.08,1.2197925947260206,1.0,1.0,1.0,0.04888664530071327,0.09556104144073485,0.06645719253524493,0.01629921528390267,0.03348080429364851,1.0
0.08,1.1676118556512076,1.0,1.0,1.0,0.07310540948850056,0.09771215164868906,0.045701579759230955,0.01594855435201691,0.03146008048787017,1.0
0.08,1.2907106747871802,1.0,1.0,0.0,0.043395308962055554,0.09277111199711859,0.0398680007025543,0.01554166031226877,0.02553123029978686,1.0
0.08,1.4462463434609214,1.0,1.0,1.0,0.05019540192002958,0.09032468285807113,0.05256961765430721,0.013580430830509048,0.029411640283544233,1.0
0.08,1.076130093480813,1.0,1.0,1.0,0.05728071872556421,0.10501814687968061,0.05825988813966421,0.01867036964429715,0.03442123129699613,1.0
0.08,1.2868794837522952,1.0,1.0,1.0,0.05292014061355925,0.10955906131087947,0.07907204663497315,0.01568533281148384,0.0348145661154539,1.0
0.08,1.4414676147721717,1.0,1.0,1.0,0.04634937995056889,0.09462806552502687,0.05674302097177937,0.01405078914626673,0.03191609981222937,1.0
0.08,1.2149815909628077,1.0,1.0,1.0,0.05549823501663127,0.10619195517613408,0.07227546285514296,0.016198476093328838,0.03608762608263367,1.0
0.08,1.2940865041862213,1.0,1.0,0.0,0.05474273278447821,0.0788322369409673,0.023138254058719054,0.014495476188350329,0.026229154847386544,1.0
0.08,1.204966512302393,1.0,1.0,1.0,0.05479296655301469,0.10956384178097796,0.057623215352136735,0.0160696274833447,0.029944443161875545,1.0
0.08,1.446282575222451,1.0,1.0,1.0,0.049847869605147456,0.0799507388479467,0.01665521922263143,0.013458888941669269,0.027271060959149752,1.0
0.08,1.1824500377977762,1.0,1.0,1.0,0.05122800357366738,0.11639765300544361,0.06548117041011786,0.01457111735984136,0.030302283460241136,1.0
0.08,1.3109887018509536,1.0,1.0,1.0,0.04857657159265948,0.09630398160752765,0.06566809127662485,0.015361573692600055,0.03416516069872672,1.0
0.08,1.198348887825863,1.0,1.0,1.0,0.05138539316367163,0.09910594286579828,0.06192885707028759,0.016240579259776775,0.034344080182921705,1.0
0.08,1.3528167494773886,1.0,1.0,1.0,0.0467837778929512,0.10341755367634994,0.05860904703291708,0.014852399943209096,0.03010293529482346,1.0
0.08,1.2987209956831922,1.0,1.0,0.0,0.054310628118715495,0.09661527385797057,0.061066205279753406,0.014025952407795677,0.03356874741873605,1.0
0.08,1.3858219184209248,1.0,1.0,1.0,0.04572886084920032,0.0966046479159537,0.04826800203530484,0.014514107973303223,0.0288707910605845,1.0
0.08,1.1662237945909724,1.0,1.0,1.0,0.058050987637772736,0.09994622690121778,0.06960553196192394,0.016252161821456643,0.029705809453869265,1.0
0.08,1.3844559587363838,1.0,1.0,1.0,0.04480022144874178,0.07987047459000299,0.048069974224598064,0.013416199518052367,0.028958909949704202,1.0
0.08,1.4075335680785799,1.0,1.0,1.0,0.04523299440434767,0.1204429251761496,0.07252235967775492,0.014097294963678796,0.03385980500692365,1.0
0.08,1.3565834768520952,1.0,1.0,0.0,0.04655586856209047,0.09039365479165684,0.03244428819520207,0.014002464082672259,0.02641242968557503,1.0
0.08,1.1957057583725255,0.0,1.0,0.0,0.058422374893780195,0.096032438153464,0.04273055476791214,0.016807160890215764,0.030566970171343976,1.0
0.08,1.394721531723163,1.0,1.0,1.0,0.04881140238901325,0.0825151679140286,0.041850245231629626,0.013574256287703042,0.0275306059567,1.0
0.08,1.3549350497441495,1.0,1.0,0.0,0.045910067925664266,0.09796972721284061,0.052511096886828146,0.015838797749637548,0.029971709358745602,1.0
0.08,1.159740158752218,1.0,1.0,1.0,0.05542325801825228,0.09374791164471008,0.0636049665972574,0.016733646198405196,0.03396623483677318,1.0
0.08,1.2076789207495178,1.0,1.0,1.0,0.04975743330486347,0.09626345388426658,0.045208337749439276,0.016850187410686824,0.029657705941294018,1.0
0.08,1.46662086882399,1.0,1.0,1.0,0.04374346130857351,0.07733859054699872,0.03266301287618499,0.01332600857858304,0.027284714622155065,1.0
0.08,1.3197636231739134,0.0,1.0,0.0,0.05444574987040716,0.08512609421005875,0.023645118546023226,0.015201495601028757,0.026673094732479433,1.0
0.08,1.1104982712588523,1.0,1.0,1.0,0.05614164676636768,0.10426448627087673,0.06487588325539251,0.01702668247967788,0.03357822783965274,1.0
0.08,1.2973712201687342,1.0,1.0,1.0,0.045769643621003074,0.08370813404336494,0.046294614265171015,0.015426170360099361,0.02821092938131625,1.0
0.08,1.0745422300206044,1.0,1.0,1.0,0.06062633832175459,0.09491183101748597,0.058137955760293646,0.018442998220802725,0.032314240337408595,1.0
0.08,1.262481940152129,1.0,1.0,1.0,0.046236549461083395,0.09884257282999795,0.071560887892598,0.015168930293045512,0.032738489765626294,1.0
0.08,1.173921669020113,1.0,1.0,0.0,0.059993085432942087,0.08155084209102528,0.037845560627786136,0.016498179467478696,0.027687950118198437,1.0
0.08,1.496047783154804,1.0,1.0,1.0,0.04387905152041655,0.08186423759569465,0.020362179897370287,0.013142651553213557,0.02556681142880657,1.0
0.08,1.423572813011549,0.0,1.0,1.0,0.04183641187941768,0.09737726899912005,0.050942524229518005,0.013374906223658825,0.03072033418661129,1.0
0.08,1.428267756232681,1.0,1.0,0.0,0.04599245919358451,0.09218191369859352,0.04343327560823391,0.014082937862280152,0.027271437525395036,1.0
0.08,1.132627444786828,1.0,1.0,1.0,0.052475583100323145,0.09586918039640674,0.07115681315446684,0.016845006890668934,0.032486412216362844,1.0
0.08,1.2625294756112135,1.0,1.0,1.0,0.045630917796557605,0.09147346689551197,0.053852022403016876,0.014846656781658273,0.031371629627811634,1.0
0.08,1.237550493791483,1.0,1.0,1.0,0.05367929781809731,0.09767109667462025,0.06465479640624568,0.01505270760867957,0.03306527353841713,1.0
0.08,1.3309434416446708,1.0,1.0,1.0,0.04793502578494582,0.0869817174751998,0.04816621494995995,0.0155197650002626,0.03098203292141525,1.0
0.08,1.4455639274119685,1.0,1.0,1.0,0.05036322713518141,0.10339211478512648,0.0601554802118258,0.012295599637860857,0.031800502656805237,1.0
0.08,1.3964115698771626,1.0,1.0,1.0,0.046459387871584525,0.08031951576723431,0.03464130180436326,0.015406473206203676,0.028882431079863425,1.0
0.08,1.3492156045871084,1.0,1.0,1.0,0.05236599385705807,0.09252010312003135,0.0511825030092357,0.014903195607063493,0.029495300984520703,1.0
0.08,1.211406393711481,1.0,1.0,1.0,0.04679335672197539,0.09173471471141524,0.05792021979751648,0.016749423994979855,0.03161919800831044,1.0
0.08,1.1907778133033244,1.0,1.0,1.0,0.05151487766250321,0.08868588069690705,0.05268107966938328,0.015859808447948546,0.03134686488367062,1.0
0.08,1.3982513518821305,1.0,1.0,0.0,0.040459934283961864,0.08542973364672657,0.05464034315136779,0.013612465410559209,0.031842434482443706,1.0
0.08,1.2287547282238498,1.0,1.0,1.0,0.059643320588335894,0.08618172656936054,0.038774897943748554,0.015430944781263625,0.027989314179912256,1.0
0.08,1.4426634707669304,1.0,1.0,1.0,0.039663288349047865,0.09457599594744573,0.04589106545326843,0.013471717206805144,0.02964583091846159,1.0
0.08,1.4087191479709236,1.0,1.0,1.0,0.047172961102894116,0.08449973206324754,0.04605805266683522,0.0140400427308778,0.029854390990398615,1.0
0.08,1.1536879816052428,1.0,1.0,1.0,0.05924437505183918,0.09567851384697088,0.06470597037805827,0.016609618854488403,0.033803578274534264,1.0
0.08,1.0335551560131204,1.0,1.0,0.0,0.053622349703577224,0.09173525022608427,0.06590864599223836,0.01829914683905833,0.03079919542555765,1.0
0.08,1.4776566326197638,1.0,1.0,1.0,0.048248028443373184,0.08897833713642282,0.04750067136121291,0.012307916902899136,0.02746087754324191,1.0
0.08,1.2677847318162705,0.0,1.0,1.0,0.049540160262302596,0.09485692576042944,0.055883354161092594,0.014297927687660517,0.030009193040218235,1.0
0.08,1.3914680845777254,1.0,1.0,1.0,0.05914237026517368,0.10087423775368727,0.05643400355172816,0.012960896667312467,0.029963557977760027,1.0
0.08,1.3022170587626987,1.0,1.0,1.0,0.049061737611434016,0.09934713290233171,0.061185931712689136,0.014226814384207136,0.03191597560471404,1.0
0.08,1.3346830702177694,0.0,1.0,0.0,0.046466162274717435,0.09245646722435838,0.05650964298943166,0.014462723625606515,0.029381340964807746,1.0
0.08,1.4146439117997895,1.0,1.0,0.0,0.042475505649996914,0.0823433010794552,0.03780448736499784,0.013628579784054264,0.028557965770517234,1.0
0.08,1.3799129419881284,1.0,1.0,1.0,0.061463106748029614,0.09868617054904996,0.04601884377096086,0.013956379141339167,0.02884428086556512,1.0
0.08,1.5205709369340772,1.0,1.0,1.0,0.04186748032298076,0.08032410176369482,0.03814928693948537,0.013310654607960581,0.030128006211736374,1.0
0.08,1.2907791481437532,1.0,1.0,1.0,0.04827319158510857,0.08657349139559092,0.05744586390063859,0.015376677442593568,0.03041314882278802,1.0
0.08,1.4353138661990539,1.0,1.0,1.0,0.044813925516994715,0.0902530981983385,0.04586480207710296,0.013071232103780396,0.030907562183735696,1.0
0.08,1.2017976825031518,1.0,1.0,1.0,0.05960939180001584,0.09638304671443061,0.06398520034917701,0.01631874600190654,0.03346664378603419,1.0
0.08,1.3623290985751673,0.0,0.0,0.0,0.049426232385931426,0.09280345918317515,0.057198133391391126,0.014786375853068303,0.030518945657426924,1.0
0.08,1.2821366634472677,1.0,1.0,1.0,0.06644562588118198,0.0951086725779066,0.04919389334455971,0.01509279030449862,0.029254782255713332,1.0
0.08,1.290121567008486,1.0,1.0,1.0,0.053295175268048424,0.09050392586844572,0.0547321544202124,0.015434198812169122,0.03175745794783631,1.0
0.08,1.4910139244595024,1.0,1.0,1.0,0.045642525188937806,0.09598416347799688,0.044349310883085094,0.01195050861732693,0.03007203978524525,1.0
0.08,1.2202296711068112,1.0,1.0,1.0,0.05245835948354714,0.10822729591753015,0.07293130124759972,0.016674801923475077,0.033858173209528865,1.0
0.08,1.489194138543499,1.0,1.0,1.0,0.04085749031629508,0.08767374207476863,0.05935183587576813,0.013751251804539639,0.02908950875386778,1.0
0.08,1.3044226360869104,1.0,1.0,1.0,0.04734084219325381,0.09897146058426567,0.0526064489837391,0.014856613037230425,0.031461109311800975,1.0
0.08,1.2099722701324387,1.0,1.0,1.0,0.05529328407458086,0.08451248289654985,0.043796883971333335,0.015761449882005684,0.028516955821518142,1.0
0.08,1.2351253861519547,1.0,1.0,1.0,0.047802565601478005,0.09835782776979773,0.0650058097325097,0.015619871297520209,0.031428821498987125,1.0
0.08,1.2435596782614868,1.0,1.0,0.0,0.06360382607236667,0.09985830859046511,0.049661033613706364,0.015526028724661734,0.031058823697259465,1.0
0.08,1.195231553812336,1.0,1.0,1.0,0.06262223473524685,0.09677560002851304,0.06842029157327381,0.014780539185852449,0.029981316269608003,1.0
0.08,1.2954776685523004,1.0,1.0,0.0,0.04780031910279475,0.07727777936911236,0.03245215621919358,0.015238132708124125,0.02784739236171571,1.0
0.08,1.5287040125466678,1.0,1.0,1.0,0.038811119551347244,0.09548911588799547,0.054320535947856664,0.013085072874922537,0.031647483182996136,1.0
0.08,1.22019600969821,1.0,1.0,1.0,0.05907742298675114,0.09181940260539359,0.05276867557019217,0.01522672132166768,0.03230621209600578,1.0
0.08,1.2149602357702645,1.0,1.0,1.0,0.053325859341131286,0.09529619769221857,0.056819591548133944,0.014963896604568665,0.03150639311075436,1.0
0.08,1.3967096938926262,1.0,1.0,0.0,0.04175532573957267,0.08315435631011939,0.06106799577424704,0.014337736271054774,0.0321559251189792,1.0
0.08,1.3058618517421834,1.0,1.0,1.0,0.04376413040979849,0.09924087178784632,0.06858524121853037,0.014489403748056231,0.03356753330425689,1.0
0.08,1.6537760433452877,1.0,1.0,1.0,0.040202928288196466,0.10245796181201978,0.046327151808916237,0.012154519133124573,0.02872154437116605,1.0
0.08,1.2100937111008743,1.0,1.0,1.0,0.05935370316118675,0.10330762666687936,0.0637950271768922,0.017148070876882894,0.032701443810839836,1.0
0.08,1.5655800518310463,1.0,1.0,1.0,0.03926394895248057,0.07875560783563593,0.028750613114357237,0.01310645389778282,0.027230240134624783,1.0
0.08,1.286509276143754,1.0,1.0,1.0,0.05990805330159545,0.08713152290413032,0.04279392336110742,0.014744221469500642,0.02992573413559956,1.0
0.08,1.315767305933912,1.0,1.0,1.0,0.04522748366843235,0.09040449600851293,0.05072301719404674,0.01458444640553443,0.03140880874095944,1.0
0.08,1.3684642870119497,1.0,1.0,1.0,0.04842380724759677,0.10154607816680468,0.06454972157864089,0.014322393645738974,0.033407622420443886,1.0
0.08,1.214394876790972,1.0,1.0,1.0,0.056085250866741806,0.10148761331205014,0.05191693793835197,0.01561277031259347,0.030758160398406717,1.0
0.08,1.3051608190463002,1.0,1.0,1.0,0.04639325093394442,0.0883221166882967,0.05192905056608728,0.0148205143254809,0.03344522231780723,1.0
0.08,1.2434454760800664,1.0,1.0,1.0,0.05077540767427282,0.09765549375454816,0.05627560834830736,0.015478457202892582,0.030788127772451535,1.0
0.08,1.1086533475172966,1.0,1.0,1.0,0.05990777446999886,0.07905497783538833,0.05756042765884132,0.01715065651484142,0.02989708289625662,1.0
0.08,1.3687412950210398,1.0,1.0,1.0,0.04730859879174006,0.0905117774752971,0.05641529774795373,0.01435557211641521,0.031155109359025684,1.0
0.08,1.5398670223391786,0.0,1.0,0.0,0.03638478506405981,0.08470316899940901,0.04193648636769009,0.01335394696153411,0.02888306218668979,1.0
0.08,1.4466339635554717,1.0,1.0,1.0,0.04166973889320112,0.09162184859985531,0.04607737083480743,0.014495522478075085,0.03045577717498382,1.0
0.08,1.260960903490176,1.0,1.0,1.0,0.042980665986386696,0.0933311530826259,0.060449727616489854,0.014075615472629905,0.030730271348554015,1.0
0.08,1.687596726489113,1.0,1.0,0.0,0.03576154610412825,0.07332565508552025,0.024067938762276562,0.012284389015795346,0.026236977694944093,1.0
0.08,1.2739817362671122,1.0,1.0,1.0,0.050359452257027607,0.0881538783124386,0.059437449156749554,0.01492893015515696,0.03155068433517951,1.0
0.08,1.2530047071986448,1.0,1.0,1.0,0.05839285254510239,0.09304169224832329,0.040135617578938805,0.014912231496277992,0.028786246621502906,1.0
0.08,1.3000612375796747,1.0,1.0,0.0,0.04907180214413169,0.08173515514846752,0.042622635100488325,0.015610716444783514,0.028384917010948345,1.0
0.08,1.326709681541233,1.0,1.0,1.0,0.057646875213650285,0.10009151236785455,0.06214918859315527,0.013643705458890664,0.030851374639241858,1.0
0.08,1.4010399825657924,1.0,1.0,0.0,0.04262718222486768,0.07893252824947858,0.012760274373433762,0.014231743414376942,0.026329596922487965,1.0
0.08,1.1930776372169325,1.0,1.0,0.0,0.05533981667386262,0.08985536603767372,0.0521439641033853,0.015954886397215418,0.02982891098494491,1.0
0.08,1.2923636923273867,1.0,1.0,1.0,0.05188631216026983,0.09840534768080997,0.045817630121758976,0.014058378726340304,0.029869911358057805,1.0
0.08,1.4259636181311668,1.0,1.0,1.0,0.04812956592249322,0.09504733856563109,0.05265333332844411,0.015077504173164826,0.03225021234810745,1.0
0.08,1.1736386193988502,1.0,1.0,1.0,0.057227401046430725,0.12071496727044968,0.06083017280958565,0.016882699374337753,0.0313987135281791,1.0
0.08,1.0686444216789988,1.0,1.0,1.0,0.0673117729689555,0.0913634821430959,0.064238245927774,0.017042602594539297,0.03218771224645398,1.0
0.08,1.6768543795950477,1.0,1.0,0.0,0.03717918517977219,0.08156788618280149,0.00851059787788671,0.012539415233192748,0.023623902932775862,1.0
0.08,1.303950176538782,1.0,1.0,1.0,0.044337241134852254,0.10783897562937475,0.07053187660993467,0.014982463570428732,0.033561173986144846,1.0
0.08,1.410481825586241,1.0,1.0,1.0,0.05350558718821961,0.08938253183551804,0.06744397900147445,0.013732875479975653,0.030995859996601878,1.0
0.08,1.554245040359311,1.0,1.0,1.0,0.04766422450207267,0.08784017934878849,0.05020314257354128,0.013011600772596449,0.030221165245225324,1.0
0.08,1.3634169539089354,1.0,1.0,1.0,0.052450845603186934,0.09595590887820167,0.06018509176465233,0.013923108387179892,0.03277643416652393,1.0
0.08,1.4844820643108958,0.0,1.0,1.0,0.0509205787038582,0.0964071019879593,0.060138193401647576,0.01385676802161535,0.03239607171376368,1.0
0.08,1.2081626652300779,1.0,1.0,1.0,0.048894166541549926,0.09327547156754197,0.051020401332811105,0.015761843617255956,0.033400685705682075,1.0
0.08,1.367119134367825,1.0,1.0,1.0,0.04635184565180768,0.08793378836447063,0.04567962552681448,0.013622656025619167,0.027562027701525403,1.0
0.08,1.11866948074519,1.0,1.0,1.0,0.05874398332246161,0.10475006963479142,0.06115462193721306,0.017445142578531976,0.03026671874105973,1.0
0.08,1.2042432366065323,1.0,1.0,1.0,0.06135104209813441,0.09946299874509588,0.05520481478591949,0.016381326833834163,0.03125835103605314,1.0
0.08,1.1385283785623945,1.0,1.0,1.0,0.05198014273754625,0.08328327518620432,0.050787463700199056,0.017252871021490826,0.030387943896500444,1.0
0.08,1.3143039814270705,1.0,1.0,1.0,0.051442275767720216,0.09985310486995871,0.06265208523466294,0.015367045447477412,0.03351513907924859,1.0
0.08,1.3324296855985167,1.0,1.0,0.0,0.045929401518169,0.08801717734096196,0.04860428469473958,0.01445241081982568,0.03142153604672819,1.0
0.08,1.1080726579768438,1.0,1.0,1.0,0.05330363522347895,0.1061728892095402,0.07075979230023784,0.017120914801897397,0.03162019129253269,1.0
0.08,1.2938887984700647,1.0,1.0,1.0,0.04448648662369026,0.0996563808958684,0.06938787470209651,0.014426524323904549,0.03403640735134064,1.0
0.08,1.048144276945354,1.0,1.0,1.0,0.05705053760993092,0.10837472573018458,0.08297011582619503,0.019156572401649096,0.036748300147178024,1.0
0.08,1.1340963761968819,1.0,1.0,1.0,0.061569643240377524,0.1068251381968874,0.05138047128405242,0.0171708023790461,0.03170711463248522,1.0
0.08,1.3565838017524636,1.0,1.0,1.0,0.04711122888140172,0.0865598101046465,0.05470402988570733,0.013706061740954513,0.029899964181255206,1.0
0.08,1.2007267620200404,1.0,1.0,1.0,0.047257345058187634,0.08773583632150488,0.0497676829661516,0.015086191126499206,0.02899757816811507,1.0
0.08,1.2666289176368393,1.0,1.0,0.0,0.050174561811426724,0.09387632576211088,0.05366791473483886,0.014774189664425244,0.0307244442806912,1.0
0.08,1.1981118717502093,1.0,1.0,0.0,0.05318804286330153,0.08087420330005275,0.03906481549838546,0.018025931931016825,0.03082327469080613,1.0
0.08,1.0565572276174335,0.0,1.0,0.0,0.058893615876122865,0.09340068185203995,0.05730856320034883,0.017793525180080608,0.0301391053825656,1.0
0.08,1.386016911211984,1.0,1.0,1.0,0.04424420675990149,0.08808588995269438,0.05183308431741958,0.01324127839392337,0.029805539452506236,1.0
0.08,1.42091117700623,1.0,1.0,1.0,0.04333212875767643,0.09031429497267196,0.044891975602402316,0.014410055458552633,0.03076800410455819,1.0
0.08,1.384521102317595,1.0,1.0,1.0,0.04950533463311006,0.10807791080902882,0.0668946063473032,0.014184816948877396,0.03030642248681695,1.0
0.08,1.2256520757663116,0.0,1.0,0.0,0.04759186866442934,0.089147689420253,0.04370792696725511,0.016694741224389024,0.029358031139643304,1.0
0.08,1.4600362558657707,1.0,1.0,0.0,0.04299041400615693,0.08990467446544062,0.04440780808944393,0.013302720065498201,0.030731214638060136,1.0
0.08,1.4341655569610439,1.0,1.0,1.0,0.041838239780261494,0.09268101991722891,0.05188418513028503,0.013552878330220883,0.027955643045271115,1.0
0.08,1.3952146864394428,1.0,1.0,1.0,0.04462337719737209,0.09654045527959464,0.05152937264045025,0.013768500079367247,0.03007155895339271,1.0
0.08,1.218543615214767,0.0,1.0,0.0,0.05345179382156211,0.08793535608804529,0.04472978680503938,0.014512093089463093,0.02767777337340168,1.0
0.08,1.385983038536535,1.0,1.0,1.0,0.04159891838774053,0.09558278355914966,0.06550580370933203,0.013832497956652711,0.03119854412774249,1.0
0.08,1.1939948784139307,0.0,1.0,1.0,0.05732629871860119,0.11729692489567878,0.08068407948688328,0.015252636652850933,0.03241675406987975,1.0
0.08,1.6293558115344289,1.0,1.0,1.0,0.0485747126643452,0.08360274251850783,0.03263361793859655,0.012019541432883623,0.030045843430536897,1.0
0.08,1.3485874825459554,1.0,1.0,1.0,0.05476717184390294,0.07752099262806975,0.03661694464087335,0.012666094207963911,0.02847597936510991,1.0
0.08,1.2751158224054213,1.0,1.0,1.0,0.05931804836495611,0.0956022361860561,0.05820397063479156,0.01419314547400759,0.030241175115964424,1.0
0.08,1.312435286129586,1.0,1.0,1.0,0.04399061027970823,0.10371578073732254,0.05938014541832527,0.014405975266921677,0.03071184376293278,1.0
0.08,1.2859562986220034,1.0,1.0,1.0,0.0478949420250609,0.09287069831902608,0.05088378154634323,0.014195085965847853,0.029876828174372972,1.0
0.08,1.1546543561573188,1.0,1.0,1.0,0.05892354975418117,0.08920441415379694,0.06014337957574245,0.016240442473978673,0.03146417855515648,1.0
0.08,1.17018964241502,1.0,1.0,1.0,0.04815459076709256,0.10491462971110446,0.06346896628262091,0.017510184835752503,0.032165054270168955,1.0
0.08,1.1537473584366065,1.0,1.0,1.0,0.05138763719765712,0.08665300430195004,0.05723251374951819,0.017155608140939364,0.03170289681622971,1.0
0.08,1.2501469567089714,0.0,1.0,0.0,0.047727380738671124,0.09034517271791298,0.05531912784054158,0.01483431463284108,0.027252336176601184,1.0
0.08,1.2017845746945979,1.0,1.0,1.0,0.051443148814256066,0.08340042469577953,0.05164006806693342,0.015376171185159411,0.030677355193259467,1.0
0.08,1.3050027093141006,1.0,1.0,0.0,0.05362731595190077,0.10304230405362028,0.043585386961033576,0.014246047377095566,0.0312077453653727,1.0
0.08,1.4072519830847334,1.0,1.0,0.0,0.04430746671924098,0.0922858047112122,0.04483236573096444,0.014786401396888972,0.029099232242913997,1.0
0.08,1.1273142938689833,1.0,1.0,1.0,0.06505442752374588,0.07527725298137034,0.03085360291176864,0.016801719487115098,0.026218869313283818,1.0
0.08,1.2546834271246867,1.0,1.0,0.0,0.05119593458363834,0.07531329021008752,0.03184389642322542,0.015329691367079134,0.027729244327069455,1.0
0.08,1.3378452954743405,1.0,1.0,0.0,0.04083241868898172,0.0914837910220577,0.048643208459080094,0.013941790859380809,0.029162556246305503,1.0
0.08,1.2498167930066053,1.0,1.0,0.0,0.052195926366725154,0.09417863496013432,0.053973424572403506,0.01574830962889872,0.03162258342339733,1.0
0.08,1.2268573988017504,1.0,1.0,1.0,0.04999743263257254,0.0804186324659297,0.036309159274340835,0.015258741393376445,0.028560796979450062,1.0
0.08,1.444630135693848,1.0,1.0,1.0,0.042269382728870805,0.09540812855628511,0.06822956774923493,0.012688513921322874,0.03361951454476492,1.0
0.08,1.3149778166920698,1.0,1.0,1.0,0.05766210024430727,0.11262524811422961,0.06187496250861826,0.014626921531598187,0.03357105249725792,1.0
0.08,1.286529086962549,1.0,1.0,1.0,0.05266342616653713,0.10196740896287078,0.05254938755805685,0.015394265068311059,0.02989414698045213,1.0
0.08,1.246482783432251,1.0,1.0,1.0,0.04896946361882717,0.08340087053264127,0.03716896559683001,0.015600548431987236,0.029978841868765184,1.0
0.08,0.9952025069446977,1.0,1.0,1.0,0.06200595801725002,0.09574063094043161,0.07385665652005956,0.019858373209602376,0.0337309279305278,1.0
0.08,1.227958026169072,1.0,1.0,1.0,0.04784831786050833,0.10055625300612694,0.05676965675867125,0.01602501019961526,0.03212834423030157,1.0
0.08,1.459306046930474,1.0,1.0,1.0,0.05128688302247457,0.10528552121049906,0.06155703369680714,0.013592952399740281,0.0334162560836508,1.0
0.08,1.3820002113335321,1.0,1.0,1.0,0.0506255858442947,0.08833218209076052,0.057259278758175915,0.013364380669928917,0.03190910407934991,1.0
0.08,1.1858242550286386,1.0,1.0,1.0,0.05386942931021218,0.10559569672426143,0.06315322242364951,0.017645333085600692,0.03332670772022224,1.0
0.08,1.4435946254143501,1.0,1.0,0.0,0.04638475552165809,0.08467804036823844,0.04437227696524821,0.013661496335942401,0.030025671288401886,1.0
0.08,1.3108010963576526,0.0,1.0,0.0,0.04376113853617549,0.09619760561920936,0.057545974255238906,0.015841026357454605,0.03023539338850083,1.0
0.08,1.3505425988222854,1.0,1.0,1.0,0.04655040965163221,0.10970181228769453,0.06378669327758475,0.014979307568887813,0.032986587859840565,1.0
0.08,1.13635744141224,1.0,1.0,1.0,0.07048701371189052,0.10379165506005199,0.05208651357405421,0.015273557210153867,0.029532915455374783,1.0
0.08,1.1441516208724805,1.0,1.0,1.0,0.055031272741625656,0.09346724398328413,0.067627811713206,0.016942892223654138,0.031035064212302593,1.0
0.08,1.1473466532653294,1.0,1.0,1.0,0.05607235880973181,0.09899653568402747,0.06639877786940143,0.01692476843450179,0.031002310206165423,1.0
0.08,1.408671637739645,1.0,1.0,1.0,0.04491054382968747,0.09837136720933087,0.05351673598044425,0.014581417969295705,0.031199446265432935,1.0
0.08,1.4546719674199418,1.0,1.0,1.0,0.04543225606889677,0.09029812792580047,0.05827822563166263,0.013632873281348833,0.030513211003482744,1.0
0.08,1.4534579755936523,1.0,1.0,1.0,0.03829548067857196,0.08195897395599536,0.05339293498686487,0.013170115094945277,0.03106502638310176,1.0
0.08,1.1671832964370386,1.0,1.0,1.0,0.05121786472633759,0.10134552325362982,0.07490988148615021,0.019201234921861175,0.035722101163433745,1.0
0.08,1.4941140121688534,1.0,1.0,0.0,0.03923641236656268,0.08775717110088749,0.0392565873034492,0.013362789501807217,0.028106944368817898,1.0
0.08,1.239220855287459,1.0,1.0,1.0,0.048384107749280154,0.1017090759848172,0.062090810469631684,0.016190275147637836,0.03077138430069098,1.0
0.08,1.2652741064810107,1.0,1.0,1.0,0.04875134523813983,0.10451746732629301,0.06839131767767934,0.015475469096832187,0.0334841901522366,1.0
0.08,1.1973860650645598,1.0,1.0,1.0,0.06396129628637855,0.10124025437016515,0.058348153870176736,0.015312627541102774,0.0326599335729863,1.0
0.08,1.3918187907473138,1.0,1.0,1.0,0.04544789967135868,0.1069909704625204,0.0694869223623592,0.014588340029546263,0.0342231681865157,1.0
0.08,1.3067035273459764,1.0,1.0,1.0,0.04348914966724475,0.10352480244334525,0.056663945595619915,0.014385227180499647,0.030821407562244975,1.0
0.08,1.2752550207619269,1.0,1.0,1.0,0.05140151181926461,0.0922922745179558,0.050274117479715906,0.01566008483223556,0.028493742655884384,1.0
0.08,1.2836850733626615,1.0,1.0,1.0,0.04996063230443197,0.0955347058581942,0.055221695529268686,0.01557021989840349,0.03091271217143218,1.0
0.08,1.2096924285893684,1.0,1.0,1.0,0.061021212652528724,0.09148355158640253,0.0472717106327407,0.016371513672219964,0.0297506123845553,1.0
0.08,1.0627491437260972,1.0,1.0,1.0,0.06307617663726414,0.10462049272451082,0.06751522643505911,0.01863960146969322,0.03389267188765609,1.0
0.08,1.179440450452973,1.0,1.0,1.0,0.05325595522391111,0.09586359600522162,0.06447808233331416,0.015808979262607895,0.03067675276839732,1.0
0.08,1.3183756800442954,1.0,1.0,1.0,0.051055959289307264,0.11190573935268991,0.06633187759492791,0.014062007415287044,0.03163098194810667,1.0
0.08,1.131679848371328,1.0,1.0,1.0,0.06216957497538135,0.11683107431901876,0.08316812262402824,0.016566028965771026,0.035637794566337255,1.0
0.08,1.2080175346723436,1.0,1.0,1.0,0.06513106870269628,0.09727158985345691,0.04612080619224289,0.015893396254323868,0.029681611845701728,1.0
0.08,1.2773699580077964,0.0,1.0,0.0,0.04701751990468807,0.08232810745536508,0.03761505156658851,0.015483860306601522,0.028461161166190744,1.0
0.08,1.4895015036012225,1.0,1.0,1.0,0.041415735211903414,0.09070565235590192,0.050487472824241396,0.012529651603481351,0.03068477478779462,1.0
0.08,1.0641854168846292,1.0,1.0,1.0,0.057830686870375604,0.10249397925922314,0.061554239573426275,0.018328627115227827,0.03160995725439171,1.0
0.08,1.2455400577021478,1.0,1.0,0.0,0.06476686371061094,0.10351890086399915,0.04789767811546478,0.015947799577684274,0.029124019250049895,1.0
0.08,1.0965872750444021,1.0,1.0,1.0,0.05684268808866901,0.09461246265626924,0.062460684747630627,0.01705053709097623,0.031206891621501337,1.0
0.08,1.4832471351659184,1.0,1.0,1.0,0.04310410882346259,0.08659162720730423,0.05112205359935516,0.012277407652543421,0.029332144645295016,1.0
0.08,1.130803041100119,1.0,1.0,1.0,0.0589884747667682,0.09941924718647112,0.06077846081258995,0.016563585319065197,0.030740077550537537,1.0
0.08,1.2048528497175734,0.0,1.0,0.0,0.053534678666965506,0.08731107626627208,0.03196927868253646,0.016257047451324332,0.02759082371711812,1.0
0.08,1.6408605816695152,1.0,1.0,1.0,0.0360304326633802,0.09361867043806178,0.06448522904458326,0.012704586378150206,0.031648547074370245,1.0
0.08,1.9409104548801175,0.0,1.0,0.0,0.03433247337482099,0.0845478942738977,0.02558438314360383,0.010101366871014223,0.025905887776211164,1.0
0.08,1.106493287639177,0.0,0.0,0.0,0.052010931734184265,0.09194338767531729,0.0567959426895942,0.017401959826219587,0.030530202506410954,1.0
0.08,1.2516564478564713,1.0,1.0,1.0,0.050261564191342936,0.09113435895649333,0.05217275678081294,0.015072528131649497,0.029016304439579713,1.0
0.08,1.2654496256502659,1.0,1.0,0.0,0.05696362935460634,0.08731789220156594,0.03994206389158779,0.016125113228863102,0.028650386203649153,1.0
0.08,1.4869547997489323,1.0,1.0,1.0,0.043488803043110376,0.09200269256241471,0.04888858659455876,0.013986262425702107,0.03030815085409426,1.0
0.08,1.453091744833446,1.0,1.0,1.0,0.04783900459573126,0.09739670323066094,0.04761068616823836,0.013906001840450958,0.030272212220195906,1.0
0.08,1.2666032877583988,1.0,1.0,1.0,0.045713275505878684,0.08802064699444503,0.0444408567335685,0.015145131791039124,0.03026139059069262,1.0
0.08,1.3419135008202783,1.0,1.0,1.0,0.04770090151991526,0.09021260956501209,0.048708467202299835,0.01493850267547565,0.0312946808870947,1.0
0.08,1.3209557793934334,1.0,1.0,1.0,0.04346099365351506,0.09456808798464975,0.05075747402127401,0.013853832833849788,0.031250930418735896,1.0
0.08,1.1454035310878232,1.0,1.0,1.0,0.053522767142422656,0.08761326267803887,0.044498888254749853,0.01664226310338837,0.030988817770400686,1.0
0.08,1.2014192077763595,1.0,1.0,1.0,0.05101581601371001,0.08461368240642628,0.054738205706981014,0.015362312378035821,0.030298695771540225,1.0
0.08,1.430487772303408,1.0,1.0,1.0,0.04047818844710026,0.09787315000062843,0.053152072072380575,0.014267481618997713,0.02999321517622311,1.0
0.08,1.3656242497499183,1.0,1.0,0.0,0.05157026430824344,0.09915631690152964,0.057570547737160374,0.013945279044832917,0.03011312236169681,1.0
0.08,1.1463160821897818,1.0,1.0,1.0,0.052617447965024655,0.09661080873907697,0.061147860910739336,0.01633326321336201,0.03248665308332076,1.0
0.08,1.3972498996555123,1.0,1.0,1.0,0.04848525266378857,0.09809698632370323,0.05419439640443606,0.014586358367432196,0.031466777560739914,1.0
0.08,1.199898060181107,0.0,1.0,0.0,0.05424465407469388,0.08301390097432641,0.04654511941453602,0.01609687351442931,0.030511901681049166,1.0
0.08,1.3186854176122664,1.0,1.0,1.0,0.05803528585901903,0.0839765845430643,0.030151048044786643,0.014664980294476524,0.028609410595781624,1.0
0.08,1.563062167433703,1.0,1.0,1.0,0.040323281927197405,0.10755243246810561,0.055267450456781345,0.01282012297545926,0.03221241491674735,1.0
0.08,1.1142283444503822,1.0,1.0,1.0,0.053825171853256436,0.09413533363671427,0.05026135280436526,0.017530117899279295,0.03075194911373125,1.0
0.08,1.2378713613764043,0.0,1.0,0.0,0.05070259411084334,0.09803170692893959,0.061381532829309096,0.01670731705098828,0.031895264428373746,1.0
0.08,1.0976478919514312,1.0,1.0,1.0,0.06383815623659875,0.11066233423852297,0.08383496566926388,0.01713808109017876,0.03809260231170089,1.0
0.08,1.206942002234692,1.0,1.0,1.0,0.05855469474076961,0.08407132723860114,0.04315265908975663,0.015967180732943943,0.029576016461817844,1.0
0.08,1.240544417890761,1.0,1.0,1.0,0.0515596824364282,0.11191641765506563,0.07397151449533948,0.015588892443783298,0.0361659218800751,1.0
0.08,1.1297129056869113,1.0,1.0,1.0,0.06434016545156714,0.1142726874036712,0.07277658227806112,0.016574553351021613,0.034047453799964565,1.0
0.08,1.1675059987598806,1.0,1.0,1.0,0.05590442339391847,0.09893977240100765,0.05730899690256556,0.01639520646252126,0.03029678143612937,1.0
0.08,1.1613633098076823,1.0,1.0,1.0,0.0514673170044506,0.10300622388675984,0.06305573364639092,0.01647948260172069,0.03405792157465338,1.0
0.08,1.3050895419356334,1.0,1.0,1.0,0.05822124821540733,0.09455976376687762,0.053802237857331445,0.01383063025189405,0.0308600294284494,1.0
0.08,1.3217270508234724,1.0,1.0,0.0,0.0502186104102307,0.09362113547204835,0.045894727449393526,0.015737308375772755,0.03146982074632803,1.0
0.08,1.2035894101345483,1.0,1.0,1.0,0.05291043263763937,0.09597370264527956,0.06707632557805199,0.016238480859814594,0.031243262145573887,1.0
0.08,1.142908635907503,1.0,1.0,1.0,0.05767995744257892,0.09192462979227436,0.06346567084096252,0.01611743443766133,0.031502031998351505,1.0
0.08,1.3232151184626992,1.0,1.0,1.0,0.043131693448651566,0.08651567818236941,0.028063837476099883,0.014559649221306053,0.02678186566319666,1.0
0.08,1.1743318755148113,1.0,1.0,1.0,0.0625771825334098,0.11407472877927378,0.06837882074839109,0.01689931161323263,0.035477933689690364,1.0
0.08,1.1102249496700414,1.0,1.0,1.0,0.06312508278992375,0.0935347058698981,0.04680890313568243,0.017632705183335203,0.02859152945061361,1.0
0.08,1.2473333888581872,1.0,1.0,1.0,0.04550759832756577,0.1124197205255941,0.07721833600323934,0.016223992746639708,0.03173816989284863,1.0
0.08,1.1323144160769416,1.0,1.0,1.0,0.05466422196256073,0.09713467376315313,0.0687694154049367,0.017388212332389553,0.032403115217277983,1.0
0.08,1.4799676549922485,1.0,1.0,0.0,0.048708912514926095,0.0675160731434598,0.014677832100930899,0.012874314588323782,0.025977427703478672,1.0
0.08,1.1936832019124088,1.0,1.0,0.0,0.05476987811280047,0.09683254339215917,0.05988996626283427,0.016597344759260522,0.032151334905919156,1.0
0.08,1.0035226807323043,1.0,1.0,1.0,0.05169063202059332,0.09306847079435679,0.0650624671815555,0.01965974339799609,0.035547056488754156,1.0
0.08,1.1867654498166478,1.0,1.0,1.0,0.05540041259304407,0.1013027975444973,0.06080263101658001,0.01602035856957505,0.03333291332840099,1.0
0.08,1.265502238249566,1.0,1.0,1.0,0.04901815843379652,0.08053581694925446,0.0538022703890205,0.015568583643438565,0.02945830730190583,1.0
0.08,1.257156145088851,0.0,1.0,0.0,0.04688679124241399,0.0964023708698801,0.058394157266521265,0.015910765982448324,0.030931789776867807,1.0
0.08,1.418349595935034,1.0,1.0,1.0,0.04916988281990764,0.09992009318952609,0.07031145662576113,0.014361388073463734,0.032345056513535086,1.0
0.08,1.1579901091216167,1.0,1.0,1.0,0.0531597050810827,0.09777540297802546,0.059137261767000536,0.017888704886556996,0.031546809102949436,1.0
0.08,1.632817058637563,0.0,1.0,0.0,0.04127660555483881,0.10154327664635665,0.052222376279498925,0.012175132689398844,0.029660465238715985,1.0
0.08,1.3891893429503184,1.0,1.0,1.0,0.04687098846081828,0.09016599128619728,0.05907950201694802,0.014186242646370226,0.03144655392776453,1.0
0.08,1.1265426444688802,1.0,1.0,1.0,0.049236641669241556,0.11914574028423888,0.07665198790386925,0.019219921830226094,0.03603268820118308,1.0
0.08,1.1253120293529926,1.0,1.0,1.0,0.06122563787534043,0.09645066721052956,0.058392068617321324,0.0170439011913856,0.02924526191082686,1.0
0.08,1.3587508507323698,1.0,1.0,1.0,0.04612505355615951,0.0907347850636261,0.04371529740648477,0.014881738279419236,0.02880117298434332,1.0
0.08,1.2128269583111597,1.0,1.0,1.0,0.05569132750695931,0.09446095388943831,0.06732407026250288,0.015719662463438422,0.0322087964026725,1.0
0.08,1.292646465882819,1.0,1.0,1.0,0.046984244905581535,0.0968321995710748,0.05062360834525472,0.015980387248775294,0.031657516018424064,1.0
0.08,1.4495374202357236,1.0,1.0,1.0,0.04525943759328112,0.09003524879351107,0.05947359945896826,0.013353376663477667,0.031667358079099574,1.0
0.08,1.2652963390729703,1.0,1.0,1.0,0.05708721613209592,0.08770415913109383,0.06150006360325065,0.01438257133598212,0.03224127530377196,1.0
0.08,1.4031172150848452,1.0,1.0,0.0,0.04758570116911074,0.07864740885426,0.030043294086267065,0.012840252078441725,0.02772981608827492,1.0
0.08,1.2144300027268056,1.0,1.0,1.0,0.05516285361756936,0.07738393235034663,0.04213781252056563,0.015591907967433236,0.02995275139722999,1.0
0.08,1.5371825739222746,1.0,1.0,1.0,0.04124427944243804,0.09962208596499726,0.05548726055773674,0.012454906099271152,0.03072002620923792,1.0
0.08,1.159331979925542,1.0,1.0,1.0,0.05746766050839376,0.09027226043189789,0.05428911605774881,0.01715855750687977,0.03390476474429456,1.0
0.08,1.2005982394439496,0.0,1.0,1.0,0.05658261262073313,0.09898932660956991,0.05264606181376774,0.016342102303194703,0.03079399572286472,1.0
0.08,1.2573085305728249,0.0,1.0,0.0,0.05444896655740926,0.10142231804311519,0.058346701064604246,0.015054995340523023,0.03231471343221081,1.0
0.08,1.3054339314077155,0.0,0.0,0.0,0.0481766293004232,0.07517945564977055,0.0388955792503622,0.016529452914712656,0.029849263342400408,1.0
0.08,1.2451775667899854,1.0,1.0,0.0,0.05419258458978171,0.11929847457966865,0.06873708430213399,0.015200948729004696,0.03259938872491025,1.0
0.08,1.5082082583194212,1.0,1.0,0.0,0.04693327051599015,0.07973156086935891,0.028514032956630936,0.01334840297808836,0.02787492902166309,1.0
0.08,1.3972806326087988,1.0,1.0,1.0,0.04547250810909346,0.10034705446753596,0.0569070054301297,0.013469483133097539,0.03210610099523314,1.0
0.08,1.2589840469595142,1.0,1.0,1.0,0.0521535237700501,0.08776246429651467,0.028653378355349656,0.01677497844831643,0.027901818198586056,1.0
0.08,1.3895680192457665,1.0,1.0,1.0,0.053842298232157235,0.0812658255365428,0.04454185825685577,0.01374148287933797,0.02788127557601684,1.0
0.08,1.4853219459351104,0.0,1.0,0.0,0.043003746625844975,0.07773261247780991,0.034990531921054294,0.012675197701285043,0.026612514775127966,1.0
0.08,1.346546756913358,1.0,1.0,1.0,0.04168007169751957,0.08128407869572227,0.03857671653303376,0.014959823666400286,0.028729926187327594,1.0
0.08,1.2749347647330187,1.0,1.0,1.0,0.04048544735405525,0.08003397387047062,0.04896584762843632,0.015478107218433505,0.02959780786433203,1.0
0.08,1.261860789017037,1.0,1.0,1.0,0.06670764035073844,0.09567997931012778,0.058647378555051886,0.015310668428923781,0.03264724207421464,1.0
0.08,1.1259335553152459,1.0,1.0,1.0,0.06567587521734711,0.1048901605727189,0.05835123248107553,0.01731240273683782,0.031007791244230712,1.0
0.08,1.2658918616876145,1.0,1.0,1.0,0.052117171400033954,0.09456349760414709,0.05147294762832157,0.014519386266273172,0.03032383064232093,1.0
0.08,1.1398992028395947,1.0,1.0,1.0,0.06403428610992201,0.10906535477716314,0.08504323916421838,0.016387950473947376,0.034585488879555266,1.0
0.08,1.1646534988362236,0.0,1.0,0.0,0.05016526878539694,0.08346063994546282,0.03793004294493284,0.016205296315366387,0.026728868565255262,1.0
0.08,1.1742591658383656,1.0,1.0,1.0,0.04867488679854035,0.09917901795037451,0.05510276858868984,0.01617174553011743,0.030328043188048236,1.0
0.08,1.2795876785794216,1.0,1.0,1.0,0.05684077256665852,0.10215030761307183,0.05947751600269422,0.015598789467964827,0.030161442886122748,1.0
0.08,1.469688860021381,1.0,1.0,0.0,0.0444231022570941,0.0746565997473952,0.030937943686165932,0.01367935037891832,0.026885547895393956,1.0
0.08,1.462332484662526,1.0,1.0,0.0,0.04569218697330199,0.08215053706989846,0.031824397086517554,0.013194714553206326,0.026761390653421993,1.0
0.08,1.3096035124327912,0.0,0.0,0.0,0.0452825798870552,0.08750331743980913,0.0594071134210166,0.014182591431948855,0.030638452162311643,1.0
0.08,1.4855972065987917,1.0,1.0,0.0,0.045614987437792125,0.08032122882762258,0.04450390943312946,0.012805836481170134,0.028553784369450077,1.0
0.08,1.3461909576043152,1.0,1.0,1.0,0.041782323856897764,0.08760681510626431,0.029553112104807877,0.01493101292509185,0.027201277456557427,1.0
0.08,1.2884932077032598,1.0,1.0,1.0,0.04519501823331022,0.08828081471781382,0.04505771194600405,0.014646491205666266,0.028408783222996892,1.0
0.08,1.2872709385807717,1.0,1.0,1.0,0.060584499475991635,0.09530731562812778,0.06291433229692744,0.01497895731265923,0.0312972025273996,1.0
0.08,1.4141769979055976,1.0,1.0,1.0,0.051643274384100525,0.0934613550662119,0.05785176317453877,0.01251453809155513,0.030494426460226754,1.0
0.08,1.4367314251979724,1.0,1.0,1.0,0.043480618117860206,0.09595543133511765,0.05101642860411713,0.013029795487476183,0.028043244647580193,1.0
0.08,1.2184751163614398,1.0,1.0,1.0,0.05148435938451108,0.10869166119576287,0.06754972828211253,0.016200425582972935,0.030886827622581894,1.0
0.08,1.5361323911417482,0.0,1.0,0.0,0.045094070601004774,0.08374503146428199,0.03620672810175178,0.012701916129046732,0.02707111501294062,1.0
0.08,1.3754382697270688,1.0,1.0,1.0,0.04619680675813363,0.07645555479073511,0.04854935995567139,0.014425061008035726,0.031165701498245702,1.0
0.08,2.1849673419003417,0.0,1.0,0.0,0.02722999109635932,0.07792570409255381,0.007764548972879625,0.009133976378547383,0.025160625313854452,1.0
0.08,1.301974188730639,1.0,1.0,1.0,0.051841650304234085,0.08125501878013358,0.04125614335869038,0.014004099521635123,0.028151904759674586,1.0
0.08,1.0235827386879255,1.0,1.0,0.0,0.0657346893947809,0.0916280945681414,0.049298964395468645,0.019855540966552256,0.030112591278516426,1.0
0.08,1.3644409325966695,0.0,1.0,0.0,0.053668804639639744,0.10266315294609649,0.06800848911202986,0.014182381354108091,0.03094059827334252,1.0
0.08,1.2524381923928591,1.0,1.0,1.0,0.05288503642923177,0.09315061969311866,0.05002469899216303,0.014850722025906062,0.03068792555311081,1.0
0.08,1.290001486430578,1.0,1.0,1.0,0.05380191397179453,0.09977312637693285,0.06413347214777596,0.015895139862150597,0.03321313328066757,1.0
0.08,1.2781882325148557,1.0,1.0,1.0,0.052465407056278765,0.09356114814992006,0.0597083664838308,0.014822561896912334,0.029496825060014397,1.0
0.08,1.175298993073795,1.0,1.0,1.0,0.05993287081659997,0.09752238334394878,0.0528965750606241,0.015957107467549844,0.032340228749685944,1.0
0.08,1.485253215403649,1.0,1.0,0.0,0.04412684079968571,0.08332800276850139,0.04131808336753619,0.01289063296873347,0.029128848183833416,1.0
0.08,1.1738644984770898,1.0,1.0,1.0,0.0472752409166734,0.10794200001663601,0.06500112215385276,0.015290794227750194,0.03319144646533149,1.0
0.08,1.1584758306561116,0.0,1.0,0.0,0.059105399227724634,0.09120090571506907,0.061245759750684726,0.016836394955722724,0.02933404254915282,1.0
0.08,1.5284539972164817,1.0,1.0,0.0,0.04602876126051918,0.08527369633989987,0.04347306414669017,0.012933071764997625,0.028248355434450933,1.0
0.08,1.3437205585517307,0.0,1.0,0.0,0.04471299653156722,0.08274345832610311,0.04115071878405886,0.015236445813276118,0.02870350781553184,1.0
0.08,1.31732539220372,0.0,1.0,1.0,0.045135222057900194,0.11419004626651197,0.07987433168432248,0.014017847473202956,0.03487877141521427,1.0
0.08,1.3117370293153736,1.0,1.0,1.0,0.04590583405831838,0.09179270034814264,0.05979913227047682,0.015239940584648042,0.030260907774308253,1.0
0.08,1.208239217763751,0.0,1.0,0.0,0.04711240404423502,0.091570040756908,0.05355390261577151,0.015840191300988727,0.030345986023498906,1.0
0.08,1.24677848470918,1.0,1.0,1.0,0.056448857821791196,0.09953317074328402,0.05028009613175076,0.015500750044442709,0.03037768532422294,1.0
0.08,1.1877754585870308,1.0,1.0,1.0,0.05608792770265003,0.10217176300033189,0.06928560712549908,0.01572657140293901,0.0307902811692873,1.0
0.08,1.2155844075970204,1.0,1.0,1.0,0.05183509228524737,0.09080484684376833,0.042968042077956334,0.015450931237141812,0.029113054378431844,1.0
0.08,1.4467571236785555,1.0,1.0,1.0,0.04419652826762694,0.0997426922856435,0.06653922664845723,0.014040515249246687,0.030107112034888788,1.0
0.08,1.2559155108298306,1.0,1.0,1.0,0.0550387894037885,0.09235138706562543,0.05560997967005259,0.015123956377755123,0.03052433466230862,1.0
0.08,1.122189707005063,1.0,1.0,0.0,0.057507595746776954,0.09403424013277194,0.053742089255133775,0.01729283129628606,0.02989571754087358,1.0
0.08,1.145063385043383,1.0,1.0,1.0,0.05515580185312392,0.11281639491556042,0.07109228696747627,0.0170182332595758,0.03216595633828838,1.0
0.08,1.281190349107141,1.0,1.0,1.0,0.05332641783602188,0.08790787770263395,0.06037910986562607,0.015097234470612014,0.031293711877627105,1.0
0.08,1.2684531900146438,1.0,1.0,1.0,0.0556079345585108,0.09357918308777971,0.06508009898982166,0.014741457163237222,0.033680740417086644,1.0
0.08,1.1585001028802446,1.0,1.0,1.0,0.055157586766534504,0.09723129233332553,0.06075158579674803,0.016387561029307485,0.0324273071601448,1.0
0.08,1.0829174859715134,1.0,1.0,1.0,0.06049367409453067,0.08930735904377522,0.06028618797836769,0.01875879853009106,0.033100308790483625,1.0
0.08,1.3095093927609402,1.0,1.0,1.0,0.047967731279059664,0.08704316608351272,0.05263552842547975,0.01450445509283614,0.03166736221788252,1.0
0.08,1.39203797859883,1.0,1.0,1.0,0.04466323036920849,0.08991128909909392,0.053429155457248814,0.015486494999561517,0.03084490807946423,1.0
0.08,1.1114625429403218,1.0,1.0,1.0,0.05751159040085689,0.11240774608179786,0.07238804423365983,0.01705808588937732,0.0338641479963133,1.0
0.08,1.3040228043307602,1.0,1.0,0.0,0.05422402407133133,0.08967197900188806,0.039300608143067496,0.014875636173234442,0.030957497451199325,1.0
0.08,1.2146834411800314,1.0,1.0,1.0,0.05369838260816608,0.1082794951584459,0.0740368345041841,0.016670325158894342,0.03399885830325494,1.0
